step,time_ps,strain,sigma_zz_GPa,sigma_xx_GPa,sigma_yy_GPa,temp_K,pe_eV_atom,lx_A,ly_A,lz_A,vol_A3,density_g_cm3,sigma_zz_smooth_GPa
0,0.0,4.54440998915162e-16,0.320131472904338,-0.0844027994690336,-0.0680984136548196,302.554025780221,-4.83378415289755,51.2118828062434,29.5671943238945,46.906599808752,71025.5836658708,4.47763182985177,0.3807715594407046
100,0.1,0.0001000000000005,0.437479411093893,0.0686152545962251,0.0634292846926807,302.825229460149,-4.83397089484641,51.1798502436342,29.5502369152902,46.9019091487711,70933.3545815772,4.48345374375824,0.3947796079626973
200,0.2,0.0002000000000005,0.376025255062686,-0.0613465401792656,-0.0810755428869157,295.733425685968,-4.83389173630412,51.2092800055627,29.5666044828807,46.8972184887902,71006.3529096813,4.47884451354129,0.4087444948686168
300,0.3,0.0003000000000005,0.49720303827753,0.0888306527562354,0.0970634935143406,288.432923972545,-4.83380483146649,51.1745707680849,29.5476678441568,46.8925278288093,70905.6857873523,4.4852032756565,0.42266889072693553
400,0.4,0.0004000000000004,0.391724103845163,-0.0641947236683877,-0.0975931452208062,297.278772988403,-4.83420487934706,51.2063914575923,29.5728186069417,46.8878371688285,71003.0642077106,4.47905196352873,0.43655546610612606
500,0.5,0.0005000000000005,0.490235494068801,0.0564369991561006,0.102253808518788,293.272029525513,-4.83287889329752,51.193588968793,29.5520114954459,46.8831465088476,70928.2713422311,4.48377506088673,0.4504068915746608
600,0.6,0.0006000000000005,0.426933872021474,-0.060704692585957,-0.0622418268164263,301.120276303986,-4.8335998702738,51.2126982373885,29.5725884334993,46.8784558488667,70997.0485842177,4.47943147635011,0.4642258377010122
700,0.7,0.0007000000000005,0.527595485174994,0.0656747807321619,0.0351372360899786,301.660079701178,-4.83362670956026,51.187296495042,29.560148198904,46.8737651888858,70924.8848973403,4.48398914734127,0.47801497505365276
800,0.8,0.0008000000000004,0.477481683880939,-0.0575954873118372,-0.0186147502014367,294.568648056899,-4.83306558694335,51.2282733423113,29.5630681191064,46.869074528905,70981.56988382,4.4804082901609,0.49177697420105493
900,0.9,0.0009000000000006,0.5305118662328,0.0481966752722391,0.0198113379892661,298.998449324935,-4.83436355830817,51.1998810203763,29.5574357099154,46.8643838689241,70921.615070969,4.48419588073204,0.5055145057116912
1000,1.0,0.0010000000000005,0.487506573175526,-0.039624889655286,-0.0385318310001614,291.037405152518,-4.8338834957362,51.2183326584594,29.5699233208186,46.8596932089432,70970.0442129856,4.48113591703121,0.5192302401540341
1100,1.1,0.0011000000000005,0.559842348671968,0.0576216946074323,0.0427216639632686,300.501972236072,-4.83420567789203,51.2044860661357,29.5570453866093,46.8550025489623,70912.8591033051,4.4847495669693,0.5329268480965559
1200,1.2,0.0012000000000005,0.538847982028269,-0.0761797650046492,-0.0450154826815619,305.322352207305,-4.83384254047109,51.2283075895893,29.5716686708885,46.8503118889815,70973.8438165217,4.48089601823243,0.5466070001077292
1300,1.3,0.0013000000000004,0.604347909223364,0.0801707095127401,0.0111466275464006,304.352758900431,-4.83366985219439,51.1892543159807,29.5723054969457,46.8456212290006,70914.1643846065,4.48466701844318,0.5602733667560265
1400,1.4,0.0014000000000005,0.540979337487383,-0.0584626328054133,-0.0041086626607084,299.838494975093,-4.83354286440523,51.2282187028067,29.5735786038546,46.8409305690197,70964.0919028056,4.48151178474432,0.5739286186099202
1500,1.5,0.0015000000000005,0.577013990076372,0.0203556882445229,0.0208948616375533,297.979546748867,-4.83422404061291,51.2185112242926,29.5651719604253,46.8362399090388,70923.3730188186,4.48408473285271,0.5875754262378827
1600,1.6,0.0016000000000005,0.568696220368473,-0.0214085667670541,-0.0155407103114855,297.054799595576,-4.83460006241463,51.2141348335827,29.5757773762633,46.831549249058,70935.646976388,4.48330885403727,0.6012164602083867
1700,1.7,0.0017000000000004,0.617357598120254,0.0436270820961515,-0.0235762106826844,298.201162449315,-4.83385414231933,51.2099045908696,29.5762940924991,46.8268585890771,70923.9224933006,4.48404999295045,0.6148543910899046
1800,1.8,0.0018000000000005,0.629584537615114,-0.0399450722410875,0.0431983284915044,298.482318628141,-4.83271909967053,51.2449251728717,29.5652097417936,46.8221679290962,70938.7196688865,4.48311466066095,0.6284918894509086
1900,1.9,0.0019000000000005,0.62235205708469,0.0237354001544368,-0.06754829232833,303.379962443681,-4.83328229366326,51.214601207666,29.5877211664164,46.8174772691153,70943.6160343136,4.48280524638442,0.6421316258598715
2000,2.0,0.0020000000000005,0.65487142498001,0.0206609961299468,0.008000500322933,302.943295486445,-4.83394901198967,51.215576227199,29.5777816333499,46.8127866091345,70914.0281851181,4.4846756318215,0.6557762708852655
2100,2.1,0.0021000000000004,0.657578509484349,-0.0336469945670971,-0.0120553397538918,292.076331748232,-4.8334305450327,51.2444455687936,29.5714991023572,46.8080959491536,70931.8219628408,4.48355061741834,0.6694284950955633
2200,2.2,0.0022000000000004,0.70835493267624,0.0360874815381513,0.0398132472607322,299.903500393778,-4.83427442405954,51.2131297218434,29.5726949600581,46.8034052891727,70884.2376638145,4.48656040662269,0.6830909690592373
2300,2.3,0.0023000000000005,0.668942368803276,-0.0076911463730857,-0.0870165005614534,296.067264360737,-4.83337126934442,51.2294549911777,29.5908142604961,46.7987146291918,70943.1677251558,4.48283357444911,0.6967663633447598
2400,2.4,0.0024000000000005,0.757618768549802,0.0167923601617559,0.127490662534002,297.586272742683,-4.83331654200861,51.2471961032177,29.5529385598679,46.794023969211,70869.7943992909,4.48747476766046,0.7104573485206034
2500,2.5,0.0025000000000005,0.664061114280745,-0.0643155416325964,-0.106902472735728,296.672631265347,-4.83319156867486,51.2453774519967,29.5949160478618,46.7893333092301,70960.8265859172,4.48171800494807,0.7241665951551568
2600,2.6,0.0026000000000004,0.778595002938299,0.106227570510959,0.0898665066941879,298.381404584502,-4.83344612719652,51.196889838382,29.5812158847659,46.7846426492492,70853.7623544712,4.48849014629685,0.7370666756203013
2700,2.7,0.0027000000000005,0.706848045857597,-0.0956395816240041,-0.0839058768755049,294.791893453381,-4.83270546217334,51.2662253374399,29.5899537826279,46.7799519892683,70963.561019151,4.48154531126583,0.7513386745453042
2800,2.8,0.0028000000000005,0.836938378585311,0.0807857468577376,0.137572464048035,303.70915586956,-4.83313119714051,51.2296578488723,29.563940640991,46.7752613292875,70843.4984135966,4.48914044729143,0.7650395718427913
2900,2.9,0.0029000000000005,0.706617384910478,-0.0844905500855857,-0.156782425516435,305.046635989525,-4.83330428089698,51.2543736744825,29.6054828846321,46.7705706693066,70970.1542099681,4.48112897169715,0.7799759251902857
3000,3.0,0.0030000000000004,0.883669261040842,0.102044567175245,0.172308621807216,297.086516506643,-4.8332570338617,51.2278309477437,29.5613553816132,46.7658800093257,70820.5705428135,4.49059378819668,0.7929681549644962
3100,3.1,0.0031000000000006,0.710166573850955,-0.122821569967741,-0.152155213996253,300.857286349801,-4.83433329940727,51.269951591563,29.5999222662762,46.7611893493448,70964.1535011797,4.48150789469807,0.8087091351390581
3200,3.2,0.0032000000000005,0.89950135373722,0.155563299896425,0.11347035156167,297.094893664203,-4.83369629621716,51.2069190998764,29.5740420576662,46.756498689364,70807.8349095199,4.49140147502724,0.8211486775142354
3300,3.3,0.0033000000000005,0.762571521321693,-0.122755404399602,-0.140535497908648,296.276905092079,-4.83319307014239,51.2801497148421,29.5999518934496,46.7518080293831,70964.1002369606,4.4815112584273,0.8371645498213668
3400,3.4,0.0034000000000005,0.940656429706458,0.13402063839353,0.164091580659924,301.964396306545,-4.83346971567035,51.2236111844817,29.5668913975336,46.7471173694022,70799.582049996,4.49192502197999,0.8490424018971569
3500,3.5,0.0035000000000004,0.772103514591381,-0.131708133194014,-0.186257309615187,309.328763786419,-4.83318625563272,51.2704293404523,29.6184387165185,46.7424267094213,70980.7153230385,4.48046223130805,0.8658990676757687
3600,3.6,0.0036000000000005,0.971705027303554,0.144721770609899,0.144350354910844,310.051679159003,-4.83275600812442,51.2242151408172,29.5750291278583,46.7377360494405,70805.6909980542,4.49153746928114,0.8774603213639751
3700,3.7,0.0037000000000005,0.811370312343994,-0.169730362515056,-0.115373264521581,301.440358143907,-4.83289961711443,51.302429391216,29.5997227470697,46.7330453894596,70965.8906162435,4.48139819559044,0.8945186898959603
3800,3.8,0.0038000000000005,0.996644983771508,0.167027413991595,0.13179432915203,301.028154932642,-4.83366247957696,51.2177852663142,29.5764959427723,46.7283547294787,70786.1032191673,4.49278035791054,0.9056894320694582
3900,3.9,0.0039000000000004,0.826510850584231,-0.152096590229708,-0.129201493211964,297.80004070491,-4.83375454303796,51.2829727870967,29.6101653008587,46.7236640694978,70949.7577985002,4.48241719244918,0.9235214681003412
4000,4.0,0.0040000000000006,1.02402427393421,0.159845802439678,0.158377818778973,294.767267155962,-4.83345257307077,51.2283573434401,29.5716152876131,46.718973409517,70774.8192689116,4.49349666224861,0.9339216817397987
4100,4.1,0.0041000000000005,0.861640958924345,-0.154314495260626,-0.150574190811284,303.659899321719,-4.83375048140184,51.28838191514,29.612303774764,46.7142827495361,70948.1178603253,4.48252080178078,0.9503759303467312
4200,4.2,0.0042000000000005,1.05964547180442,0.156093117824753,0.120086088733846,304.612142113428,-4.83297345044558,51.2308034504402,29.5817151489519,46.7095920895552,70788.1548763094,4.49265014340042,0.9605146378549239
4300,4.3,0.0043000000000004,0.894363801541606,-0.168898097599062,-0.0990810251237044,307.977517421497,-4.83352884832244,51.298152607445,29.6095028740832,46.7049014295743,70940.6724670541,4.48299125306148,0.9772349946189528
4400,4.4,0.0044000000000004,1.06623814702177,0.157893588535881,0.0917794471397856,299.215469155786,-4.83337032131909,51.2232443495401,29.5906258237087,46.7002107695935,70784.8103923482,4.49286241487879,0.9881138944486351
4500,4.5,0.0045000000000005,0.932940604628048,-0.116063293632223,-0.0986386842300725,296.385238816539,-4.83323941801624,51.2851352365406,29.6118936505611,46.6955201096126,70914.1502359686,4.48466791321424,1.0037303529894905
4600,4.6,0.0046000000000005,1.07589125863563,0.114063366774913,0.103109545416861,298.410574107354,-4.83343796884289,51.2491457191732,29.5818151507959,46.6908294496317,70785.2937260986,4.49283173686749,1.014284187648915
4700,4.7,0.0047000000000005,0.972834661623985,-0.112417685490234,-0.0759314171018382,298.991319766226,-4.8332471669322,51.2906010795618,29.6101835512064,46.6861387896508,70903.3646955142,4.4853501032261,1.0302251631012245
4800,4.8,0.0048000000000004,1.0921698382743,0.105952307244986,0.0594957185190714,306.675314050464,-4.83380810219363,51.2465665514251,29.5938814824122,46.68144812967,70796.3754645222,4.49212847507248,1.0422015922617172
4900,4.9,0.0049000000000005,1.01693579414279,-0.112532740765448,-0.0337458392902862,299.720262045162,-4.83272810989329,51.3040357801638,29.6043161217608,46.6767574696891,70893.6344885076,4.48596572105013,1.0577018757824526
5000,5.0,0.0050000000000005,1.11428499729904,0.090864724292114,0.0446901807594653,300.529639830283,-4.83332617430063,51.2562918766087,29.5955037187549,46.6720668097082,70799.4613642246,4.49193267897944,1.0707003942214313
5100,5.1,0.0051000000000005,1.05313974691894,-0.0613492020567424,-0.0330024807295537,295.296155523128,-4.83356313477935,51.2850907252525,29.6070450708707,46.6673761497273,70859.7435988321,4.4881112745283,1.0850714640096915
5200,5.2,0.0052000000000004,1.12093625350409,0.0630993225575772,0.0291550717782027,294.282042188678,-4.83365913420384,51.2596408269158,29.5998936847596,46.6626854897465,70800.3556506705,4.49187594092391,1.0978599578500166
5300,5.3,0.0053000000000004,1.0784384250561,-0.0674142713060562,-0.0084587694734714,300.971843587021,-4.83356695349609,51.289116426141,29.607726402646,46.6579948297656,70852.6905866254,4.48855804236932,1.112255009445149
5400,5.4,0.0054000000000005,1.16183915308258,0.0421769907161853,0.0188641910312679,295.909030667897,-4.83205538586974,51.2654260576445,29.6113070571706,46.6533041697847,70821.4079574907,4.4905406899986,1.1264389386429785
5500,5.5,0.0055000000000005,1.12751084799175,-0.0079361214930694,-0.0170511944591332,305.645870429011,-4.83351039384993,51.2741963374616,29.6125175609602,46.6486135098038,70829.297352609,4.49004050644289,1.139608113027053
5600,5.6,0.0056000000000005,1.12865511773154,-0.0501128235124905,0.0096336540980026,299.5452090096,-4.83341097222721,51.2993957959493,29.6038041929993,46.643922849823,70836.1324608212,4.48960725420745,1.154345550415902
5700,5.7,0.0057000000000004,1.17621378825744,0.0482286497266526,0.033996673203727,297.645262140669,-4.83369511594477,51.2716159475794,29.6041835408254,46.6392321898421,70791.5604781091,4.49243401343647,1.1665821223864015
5800,5.8,0.0058000000000005,1.15530100487278,-0.0471889957565918,-0.0571233507504344,292.75873866105,-4.83304897431136,51.2848333513071,29.6214251342167,46.6345415298612,70843.9241553953,4.48911346947009,1.1811915790618308
5900,5.9,0.0059000000000005,1.25248356475256,0.0801919673001796,0.0799988604068498,299.768506929303,-4.83247990475639,51.2735684335454,29.6025594659789,46.6298508698803,70776.133321911,4.49341323450977,1.1935372953118801
6000,6.0,0.0060000000000005,1.1365304561532,-0.112482617717188,-0.0850005889530676,307.889619380822,-4.83297719343479,51.3232034904032,29.6206327880981,46.6251602098995,70880.7698062892,4.48677991259463,1.208180472033354
6100,6.1,0.0061000000000004,1.27063219206272,0.093519913423222,0.094240859242424,306.142816353367,-4.83360491740892,51.273189079652,29.601935548396,46.6204695499186,70759.8791428335,4.49444541184342,1.2193895542598128
6200,6.2,0.0062000000000006,1.15300955231022,-0.116257690722173,-0.0982997800167534,299.092592751654,-4.83354744920832,51.3119956832862,29.628568341053,46.6157788899377,70870.0139018123,4.48746086880576,1.23480844521011
6300,6.3,0.0063000000000005,1.33435773187295,0.14658824374391,0.0963812326886888,299.143349999651,-4.83360884565394,51.2581664431577,29.6017891927213,46.6110882299568,70724.5627275147,4.49668971982739,1.246292798869225
6400,6.4,0.0064000000000005,1.17785402424909,-0.15766262454986,-0.126593640293693,298.183687046492,-4.83314343822815,51.3368474341878,29.6250447173724,46.606397569976,70881.6380665702,4.4867249520591,1.262247804718818
6500,6.5,0.0065000000000005,1.36900775041679,0.16654725932917,0.151321607131967,302.580365794036,-4.83280833887137,51.2780710264007,29.5920811775829,46.6017069099951,70714.587672276,4.49732402640858,1.2722991441967046
6600,6.6,0.0066000000000004,1.19550486750426,-0.153474208964501,-0.169666652308456,302.419996040002,-4.8321290817778,51.3309503038147,29.6436577896152,46.5970162500142,70903.7498319569,4.48532573960941,1.288459868704658
6700,6.7,0.0067000000000005,1.39733939099798,0.195441472608556,0.131978933171645,301.224530477222,-4.83283921885994,51.2604660038686,29.604613420113,46.5923255900333,70706.0103654244,4.49786959428868,1.2990048428547492
6800,6.8,0.0068000000000005,1.21924146853902,-0.18083022547129,-0.111258602364811,295.285000321023,-4.83316911782358,51.3548960540748,29.6235693338749,46.5876349300525,70874.4829229668,4.48717791002108,1.3155953916010987
6900,6.9,0.0069000000000005,1.43000823693064,0.170139029665985,0.146322390914623,299.145741171469,-4.83353573907342,51.2676125757449,29.600802299915,46.5829442700716,70692.5276981963,4.49872743996134,1.3263907843204719
7000,7.0,0.0070000000000004,1.26148909267566,-0.132879441720632,-0.188504362262383,299.146751738336,-4.83307289217793,51.3280662804771,29.6451870375105,46.5782536100907,70874.8738703858,4.48715315864549,1.3425491854482807
7100,7.1,0.0071000000000005,1.46571239884754,0.124871107646822,0.164135442840469,299.265063165877,-4.83254224478488,51.2926589383152,29.5955011448026,46.5735629501098,70700.1564126255,4.49824201660903,1.354028165601482
7200,7.2,0.0072000000000005,1.28579704346291,-0.137881660958292,-0.132078793079891,302.193563559785,-4.83242946923067,51.3426078593191,29.640971657825,46.568872290129,70870.5954099782,4.48742404824394,1.3699865109655263
7300,7.3,0.0073000000000005,1.47168488735563,0.13862445091636,0.119310148057942,304.970021326082,-4.83321318608712,51.2728557124731,29.6141191282875,46.5641816301481,70703.0746724806,4.49805635227751,1.3807557861407698
7400,7.4,0.0074000000000004,1.31152702349508,-0.142048222816914,-0.134970550128558,300.733821634846,-4.83385967415876,51.3483631792834,29.6341090021573,46.5594909701672,70847.854314116,4.48886444388391,1.3966793211597857
7500,7.5,0.0075000000000004,1.48470595730919,0.103498323122723,0.162525712644637,298.426918695316,-4.83380900353882,51.2908681359312,29.6051543283057,46.5548003101863,70692.2569559318,4.49874466950962,1.407350853192602
7600,7.6,0.0076000000000005,1.34128464517105,-0.0605256182729345,-0.180604677806574,299.838787942994,-4.83353132281822,51.3147415336168,29.6559331562238,46.5501096502055,70839.3305269675,4.4894045693308,1.4236361902573433
7700,7.7,0.0077000000000005,1.50487272183398,0.0907643818332522,0.153443562805409,305.463649097834,-4.83315743279052,51.3029586682251,29.6079780051938,46.5454189902246,70701.4149367272,4.4981619454252,1.4342685156247175
7800,7.8,0.0078000000000005,1.3761932558727,-0.107372814909208,-0.118272583885227,302.357709953386,-4.83247574743581,51.3537066613987,29.6401818136469,46.5407283302437,70841.1878482935,4.4892868656742,1.451186173303992
7900,7.9,0.0079000000000004,1.51220403887019,0.101767534967182,0.108453753670457,304.431402141293,-4.83305387874779,51.2951632500409,29.6223291107937,46.5360376702628,70710.6812514511,4.49757248166204,1.460427948793774
8000,8.0,0.0080000000000005,1.41346489616954,-0.0486406457335267,-0.113565242503836,298.182898622049,-4.83281561233339,51.3296937110137,29.6489987416495,46.531347010282,70814.8483281761,4.49095665194788,1.4784784143581398
8100,8.1,0.0081000000000005,1.53609829864969,0.0293257308507057,0.127087339525883,300.287812936896,-4.83353542273524,51.3277555816435,29.6083719514905,46.5266563503011,70708.0149487155,4.49774207898167,1.4873163286599551
8200,8.2,0.0082000000000005,1.44436080513566,-0.0643873432088785,-0.0855205168607269,299.815947511519,-4.83377645083453,51.3381268273902,29.6410627941928,46.5219656903202,70793.249364243,4.49232683924147,1.5042627980490246
8300,8.3,0.0083000000000004,1.54741160481969,0.0731632287399014,0.0455374833022708,298.597301609522,-4.83331207249586,51.2992173013252,29.6338718426864,46.5172750303393,70715.3024528175,4.49727856807649,1.5133147615175098
8400,8.4,0.0084000000000006,1.4854087675597,-0.0619070373553024,-0.0617742227516387,303.537318401718,-4.83284774718157,51.3560922411051,29.6347503693227,46.5125843703585,70788.6637356957,4.49261784829731,1.530536937293039
8500,8.5,0.0085000000000005,1.58620986946853,0.0207700445235506,0.0901223567913259,301.710561588428,-4.83233623150141,51.3415586166854,29.6210248619737,46.5078937103776,70728.7203395587,4.49642539309778,1.5407414647082276
8600,8.6,0.0086000000000005,1.53536479196608,0.0074932961629881,-0.073074830024747,304.034657085938,-4.83341742631442,51.3186056901878,29.6523145981368,46.5032030503967,70764.642122084,4.49414290271461,1.556799817754968
8700,8.7,0.0087000000000005,1.5914748183075,0.0277831485731793,0.0485964249169847,296.619003848476,-4.83332337498921,51.3248782388965,29.632269638951,46.4985123904158,70718.3148842985,4.49708699473994,1.5673558057294368
8800,8.8,0.0088000000000004,1.56553104785261,-0.0399729331221491,-0.0004150493049876,300.093494000072,-4.83361192320113,51.3563850416322,29.6301537738705,46.493821730435,70749.5362936122,4.49510245319892,1.5817847506411815
8900,8.9,0.0089000000000005,1.59778770287246,-0.006182172387096,-0.0049402280441242,302.575428150223,-4.83353707834119,51.3292997122625,29.641458841497,46.4891310704541,70732.0657943401,4.49621272310628,1.5938034311313705
9000,9.0,0.0090000000000005,1.62909610266375,0.0154719019814072,-0.0271380128016809,299.892740976446,-4.83232739172848,51.3215877355847,29.6547067127716,46.4844404104732,70745.907849774,4.49533299977461,1.6078546675389647
9100,9.1,0.0091000000000005,1.61985436004953,-0.0169594092985214,-0.0003999066296768,314.893887961629,-4.83312801249091,51.3480320428212,29.6419788444372,46.4797497504923,70744.8414578556,4.49540076141889,1.6207067761186675
9200,9.2,0.0092000000000004,1.6486158039789,-0.0255345548651356,0.0358608143577366,305.145043736114,-4.83264283955631,51.3542993332422,29.6373529761618,46.4750590905115,70735.2953711776,4.4960074385395,1.6341929431536624
9300,9.3,0.0093000000000006,1.64245872812501,0.0442745046948276,-0.0559070673176262,300.082706436366,-4.83337851192697,51.326477801609,29.6532247538571,46.4703684305306,70727.6954486637,4.49649054926349,1.6477524190674495
9400,9.4,0.0094000000000005,1.67540611833087,-0.0189919948131043,0.0379839994162597,292.756375287948,-4.83275971911095,51.3492610870612,29.638805857994,46.4656777705497,70717.5452270052,4.49713593897001,1.6613516754720279
9500,9.5,0.0095000000000005,1.66438479449481,0.0042417072383852,-0.0332539460978804,297.791476593695,-4.83317804179935,51.3502535083223,29.645952698206,46.4609871105688,70728.8237923034,4.49641881632294,1.6751255751026553
9600,9.6,0.0096000000000004,1.68882120648275,-0.0149636157461584,0.0407688427588299,309.658794815637,-4.83391689257923,51.3436628287848,29.6433210741555,46.456296450588,70706.3290723814,4.49784932025734,1.6884528571010342
9700,9.7,0.0097000000000004,1.67553782550875,0.0085157298568629,-0.0753488059042928,305.532671087893,-4.83288105579138,51.3489258497842,29.657928706798,46.4516057906071,70741.2796879771,4.49562710144404,1.7031486699198835
9800,9.8,0.0098000000000005,1.7488905561038,-0.0213681725291044,0.105260502395261,302.236569690678,-4.83277011181144,51.3602292806771,29.633681107175,46.4469151306262,70691.8637270798,4.49876969411795,1.7166687635998927
9900,9.9,0.0099000000000005,1.69151191392771,-0.0328823554327682,-0.0924247923192258,295.802844332417,-4.83335644477455,51.3508996194449,29.6623840682403,46.4422244706453,70740.3368496897,4.49568701986606,1.7312352111076845
10000,10.0,0.0100000000000005,1.79638075327891,0.0687112625737088,0.100676186796046,299.770858348535,-4.83382805729608,51.3321496846877,29.6382029636525,46.4375338106645,70649.7235949294,4.50145305563414,1.7443085048791973
10100,10.1,0.0101000000000005,1.70313266394488,-0.0999994763504318,-0.0843502210250563,298.047489464083,-4.83293222212387,51.3854601622341,29.6564567515998,46.4328431506836,70759.5054390449,4.49446914846039,1.759028349904864
10200,10.2,0.0102000000000006,1.83587984342827,0.0849645527076511,0.135922385126365,306.433248531549,-4.83330304733274,51.341874352635,29.6345179629927,46.4281524907027,70640.0485567944,4.50206958592916,1.772393881341814
10300,10.3,0.0103000000000006,1.68621273337793,-0.117820595388673,-0.159892013728185,299.740961130056,-4.83247302088388,51.3750508041739,29.6824438083215,46.4234618307218,70792.8573362387,4.49235171629816,1.7874499245089328
10400,10.4,0.0104000000000005,1.90390335879292,0.15992028007315,0.169478682568392,306.958874235022,-4.83346788302223,51.3258443982127,29.6338969786136,46.418771170741,70602.2447000942,4.50448021174146,1.8000257138077136
10500,10.5,0.0105000000000005,1.68690262988602,-0.209804285447545,-0.180884977237212,301.55596051117,-4.8330672568037,51.4097371782621,29.6743448984744,46.4140805107601,70807.0131556024,4.49145360018536,1.8139621477115457
10600,10.6,0.0106000000000005,1.96975811051124,0.244716832953395,0.18400120508595,300.287690443208,-4.83296065857743,51.3118057151397,29.6337126371466,46.4093898507792,70568.2295981165,4.50665144877875,1.826451511791877
10700,10.7,0.0107000000000006,1.69224257708976,-0.246472531297975,-0.205115197239783,299.17134578192,-4.8328342344103,51.4213874236191,29.6812830514694,46.4046991907983,70825.2999858166,4.49029392349613,1.8413743658078299
10800,10.8,0.0108000000000005,2.00726752081765,0.253833457193909,0.227533768431668,302.895243618526,-4.83303263883998,51.3155285241449,29.6289367957544,46.4000085308175,70547.7121499779,4.5079621218617,1.8546440928312111
10900,10.9,0.0109000000000005,1.70743225088183,-0.257922946666961,-0.257151888558595,306.381952010924,-4.83233854042301,51.4171137605133,29.6955417756717,46.3953178708366,70839.1109529292,4.48941848476081,1.8689592137724627
11000,11.0,0.0110000000000005,2.04723238125131,0.280140441281219,0.202713452408315,300.979684389587,-4.83145746683437,51.3186991404131,29.6371513564955,46.3906272108557,70557.3630478836,4.50734551885499,1.8810963903121443
11100,11.1,0.0111000000000006,1.73246044613335,-0.276958637445418,-0.193133986714052,303.08572301739,-4.83278476400922,51.4470493193916,29.6764223428744,46.3859365508748,70820.394911861,4.4906049246393,1.8954447533420795
11200,11.2,0.0112000000000005,2.04983031358996,0.230572883072259,0.208497974696745,297.964069141157,-4.83275039827895,51.3312416760773,29.6325763041986,46.381245890894,70549.4433762488,4.50785150011786,1.9084461184263684
11300,11.3,0.0113000000000005,1.80019729386217,-0.207590815723478,-0.214755342490873,295.376257513206,-4.83257254822248,51.4099121306186,29.6910041720102,46.3765552309131,70789.7265067618,4.49255040031445,1.9230147569893266
11400,11.4,0.0114000000000005,2.06510773640327,0.19851889107164,0.196729923328787,297.44368370904,-4.8325704604602,51.3324073661869,29.6409551249995,46.3718645709322,70556.7202351615,4.5073865833919,1.936328614023599
11500,11.5,0.0115000000000006,1.84266811336809,-0.188989269511032,-0.169901808282398,300.614560326481,-4.83188279890244,51.4204663421427,29.6864234573959,46.3671739109513,70779.015164848,4.4932302804073,1.9503477953915744
11600,11.6,0.0116000000000006,2.07677160531393,0.183719266634548,0.129703979193846,306.440101183567,-4.83188189357326,51.3444379279174,29.6517681017323,46.3624832509704,70584.7187164414,4.50559866128679,1.9633385119367455
11700,11.7,0.0117000000000005,1.88451965785489,-0.182962044877388,-0.129880544137279,304.262501506308,-4.83230938095538,51.4280315519519,29.6798264355324,46.3577925909896,70759.3780017172,4.49447724297951,1.978592012296165
11800,11.8,0.0118000000000005,2.08487547567814,0.151783963158101,0.127924014728138,305.435599352666,-4.83301723420523,51.3512728722837,29.6516744496907,46.3531019310087,70579.6074742427,4.50592494825312,1.991980194469249
11900,11.9,0.0119000000000005,1.90553749318896,-0.143363625532662,-0.150675142093997,302.649740918978,-4.83304902141727,51.4148974560748,29.6861580239105,46.3484112710278,70742.0793261433,4.49557628480074,2.007345276241629
12000,12.0,0.0120000000000006,2.11098029445832,0.103692910697609,0.170792514834839,299.284033100554,-4.83283316321873,51.3715552733924,29.6434572074749,46.3437206110469,70573.6312498271,4.50630651312677,2.0202707490666536
12100,12.1,0.0121000000000005,1.96267617763578,-0.101079453773192,-0.140707341052033,296.309204409415,-4.83266269312267,51.4069915787687,29.6865194926203,46.3390299510661,70717.7460448387,4.49712316841175,2.0354306970989735
12200,12.2,0.0122000000000005,2.12513367229064,0.115629796331641,0.125663997247141,300.070088118258,-4.83278521855005,51.3645039062598,29.6559120381022,46.3343392910852,70579.3017203376,4.50594446819899,2.0477993314576137
12300,12.3,0.0123000000000005,1.98957506000893,-0.103301380601504,-0.117061033804757,300.853650387274,-4.83205379001287,51.4271485209344,29.6814887700106,46.3296486311043,70719.1662274808,4.49703285716229,2.0623544639226763
12400,12.4,0.0124000000000006,2.14132804368139,0.0782591512166047,0.13817797800074,303.464889922611,-4.83200091849401,51.3832714428679,29.6562360360453,46.3249579711234,70591.5657493089,4.50516164049267,2.074460042485661
12500,12.5,0.0125000000000006,2.03485593476599,-0.0333205705164503,-0.14473990142342,298.872790882419,-4.83214520353303,51.396289075623,29.6966061548776,46.3202673111426,70698.408816242,4.49835320880716,2.0890660879948824
12600,12.6,0.0126000000000005,2.15216459938738,0.0378851670166323,0.134355205474042,300.359493931209,-4.8334084806242,51.3979557127686,29.6477325049628,46.3155766511617,70577.1968099031,4.50607885451578,2.1026547867725216
12700,12.7,0.0127000000000005,2.05419263575234,-0.0704223346653744,-0.078768613782276,295.838649192942,-4.83271495926792,51.4260437034552,29.6785216767469,46.3108859911808,70681.9412473877,4.49940124087716,2.1175572505790026
12800,12.8,0.0128000000000005,2.15708808465381,0.100204838801052,0.0488737569823317,302.840639568272,-4.83304223267999,51.3637794336339,29.6801545985661,46.3061953312,70593.0962236784,4.50506396756444,2.131328084964149
12900,12.9,0.0129000000000006,2.11315651170489,-0.0313894488232705,-0.0776548529767337,298.860930452014,-4.83211112794862,51.4088177545698,29.6885798785284,46.3015046712191,70667.893398263,4.50029566275312,2.1453923721556953
13000,13.0,0.0130000000000005,2.20342091841404,0.0187130926384864,0.0706418090671878,303.139936521478,-4.83245507236439,51.4051509135601,29.665888450433,46.2968140112382,70601.6910222215,4.50451553711377,2.1594429534450694
13100,13.1,0.0131000000000005,2.15662634996325,0.0068194278325208,-0.0720199497804183,300.118382170043,-4.83243739437714,51.3971899744574,29.6913539738376,46.2921233512573,70644.1948678448,4.50180534651205,2.172895341031633
13200,13.2,0.0132000000000005,2.19564689075279,0.0187576160765974,0.0320362493083594,296.716396063895,-4.83275595596577,51.4043917371714,29.6749388216781,46.2874326912765,70607.8764809628,4.50412092823453,2.187848237503225
13300,13.3,0.0133000000000006,2.15667556777354,-0.0560488406310325,0.002951810969194,300.500870679619,-4.83336478613624,51.4282637076044,29.6743734136679,46.2827420312956,70632.1620971317,4.50257226614075,2.199857806407157
13400,13.4,0.0134000000000006,2.21902325164729,0.0470408086641315,-0.0047392488801059,300.8566722744,-4.83260780928465,51.3903062671936,29.690062709414,46.2780513713147,70610.1907385025,4.50397330512646,2.214748769832896
13500,13.5,0.0135000000000005,2.23169058334166,-0.010230067176525,-0.0156549728634882,306.223377574842,-4.83245531761647,51.4108854208799,29.6868268925247,46.2733607113338,70623.6088108217,4.50311757655991,2.2266007477013536
13600,13.6,0.0136000000000005,2.26064475613333,-0.0392660091672384,0.0368322710823951,306.360332271689,-4.83241678360015,51.4419526054116,29.6691249470426,46.2686700513529,70616.9894574506,4.50353968074107,2.2426879394203634
13700,13.7,0.0137000000000004,2.26105118071494,0.0151922179692162,-0.007141181745242,300.434418006352,-4.83224292580799,51.3974134787583,29.6942424071849,46.2639793913721,70608.4209895328,4.50408619395763,2.254252201564742
13800,13.8,0.0138000000000006,2.26509014280178,0.0639219442163103,-0.0671743292502788,296.915509063928,-4.8319785224377,51.3843973489784,29.7081534238648,46.2592887313912,70616.4492304544,4.50357413353133,2.2697634301079246
13900,13.9,0.0139000000000005,2.28254216790606,-0.0519693819174042,0.0703441297119689,302.067764090592,-4.83257003841167,51.4512982030032,29.6667034867652,46.2545980714103,70602.5748127356,4.5044591503869,2.281778875561986
14000,14.0,0.0140000000000005,2.28929061211812,-0.0159523425572041,-0.0268304599202652,298.929875972436,-4.83214428210949,51.4337824708104,29.6860038064292,46.2499074114294,70617.293756993,4.50352027437485,2.2972117055171073
14100,14.1,0.0141000000000005,2.36255213069268,0.0839515134623488,0.0154344581741104,298.940583766212,-4.83203283891568,51.3869477689678,29.699000731963,46.2452167514486,70576.7213107066,4.50610921349017,2.309320844193142
14200,14.2,0.0142000000000006,2.27934951580077,-0.0785104149392584,-0.0606158290586113,310.117158992974,-4.8332936145709,51.4462519735449,29.6918988236424,46.2405260914677,70634.110271052,4.50244807976918,2.3250486158248767
14300,14.3,0.0143000000000005,2.37171311897531,0.0030179480346113,0.104071333108802,304.422181648975,-4.83253826573067,51.4379733177428,29.6730027162466,46.2358354314868,70570.6397395954,4.50649753678889,2.337840551673699
14400,14.4,0.0144000000000005,2.29745889819899,0.0192768648282151,-0.145178683672164,300.67173612695,-4.83224698254786,51.407992035059,29.7220407883854,46.2311447715059,70638.897815719,4.50214292677332,2.35283690265189
14500,14.5,0.0145000000000005,2.41358566757249,0.0562562615266664,0.127337992328235,293.463846355267,-4.83190336688368,51.4215088113972,29.6781168726621,46.2264541115251,70545.8933791487,4.50807834336821,2.3656956011208923
14600,14.6,0.0146000000000006,2.32678449822376,-0.103308757017687,-0.0542870460990515,293.800951424977,-4.83237218676178,51.4630344093987,29.6929602093888,46.2217634515442,70631.006792373,4.50264591429333,2.38137004660567
14700,14.7,0.0147000000000006,2.44496193471765,0.123093253381564,0.0803435761157272,299.752533634906,-4.83254061935888,51.3885219830838,29.6958124488555,46.2170727915633,70528.35816866,4.5091991705745,2.3944030240827465
14800,14.8,0.0148000000000005,2.35485934406207,-0.0642149231936512,-0.114132443586294,296.724639046777,-4.83104722747384,51.453535386451,29.7120793699314,46.2123821315824,70649.098257533,4.5014928994114,2.408943349630357
14900,14.9,0.0149000000000005,2.51602945564079,0.0433149536234851,0.153038543074068,300.971343662067,-4.83144578404543,51.4484751537275,29.6657729209134,46.2076914716016,70524.8948600143,4.50942060654407,2.42135668954439
15000,15.0,0.0150000000000005,2.37661867512015,-0.0860598263299332,-0.139706378230928,298.155115098009,-4.83170885085725,51.4461306418325,29.7204049968147,46.2030008116207,70644.3807650592,4.50179350023263,2.4363248275556346
15100,15.1,0.0151000000000006,2.51820426511656,0.126305986606096,0.107046134029993,298.819633921981,-4.8323127015229,51.4018633228738,29.6909061789706,46.1983101516398,70506.3780497542,4.51060489778217,2.4496601812178698
15200,15.2,0.0152000000000005,2.37850249652937,-0.163174695136617,-0.0784975757935564,295.092850602537,-4.83187202475401,51.4979428668586,29.6975654153467,46.1936194916589,70646.8368327068,4.50163699344666,2.4638280643488923
15300,15.3,0.0153000000000005,2.54934922893102,0.120487558700567,0.128149468066303,302.053226032523,-4.83251155743379,51.4142847903385,29.6854239307041,46.1889288316781,70496.076188159,4.51126404975034,2.476441757101318
15400,15.4,0.0154000000000005,2.38280731344201,-0.0750309117968586,-0.187838269981246,301.787547942802,-4.83207652549497,51.443254915024,29.7386000864195,46.1842381716972,70654.9745507491,4.50111851540864,2.489254727306714
15500,15.5,0.0155000000000006,2.6003218792136,0.0991809696703575,0.191713419784723,305.773919884983,-4.83217899584987,51.441739478588,29.6709398807391,46.1795475117163,70484.9867463988,4.51197380940632,2.502977629571841
15600,15.6,0.0156000000000006,2.39927722935945,-0.177759745210229,-0.143261937882882,305.246461538093,-4.83212385383846,51.5017673368051,29.7133625818248,46.1748568517354,70660.953389909,4.50073766201858,2.517354966164009
15700,15.7,0.0157000000000005,2.63098198232094,0.196938997127271,0.112698639672827,300.965047229524,-4.83235618998115,51.3888828371001,29.7011696579839,46.1701661917546,70469.983021063,4.51293445126909,2.5314598511133646
15800,15.8,0.0158000000000005,2.45358863604385,-0.141246145540009,-0.128601500372488,293.860814602765,-4.83203210110529,51.477476717194,29.7227343601159,46.1654755317737,70635.5488991627,4.50235637879884,2.5446866992968395
15900,15.9,0.0159000000000006,2.67343554687571,0.100260642004772,0.181103109658299,296.123318054917,-4.8318561365878,51.4437019127597,29.6741272505438,46.1607848717928,70466.6056694551,4.5131507489931,2.5582207060479947
16000,16.0,0.0160000000000006,2.47767407081225,-0.160581675085732,-0.150256473969844,303.7141752735,-4.83159182506668,51.4790876144713,29.7315783923649,46.1560942118119,70644.4190357812,4.50179106144285,2.5714076358316436
16100,16.1,0.0161000000000005,2.67314562174823,0.16731649674973,0.0954798808058525,302.845394209623,-4.83122187992261,51.412577183972,29.7057583707229,46.1514035518311,70484.7123852098,4.51199137222891,2.5859096692321675
16200,16.2,0.0162000000000005,2.51164931102927,-0.178674828756537,-0.0680519391835465,300.408692389282,-4.83132981057663,51.5028065751119,29.7176497921742,46.1467128918502,70629.499276282,4.50274201877145,2.5992368785215376
16300,16.3,0.0163000000000005,2.69149414896307,0.125852845500033,0.0896366547515017,300.697083172991,-4.83196041425133,51.422604121655,29.7045783227186,46.1420222318693,70481.3285781994,4.51220799283388,2.6133903420132225
16400,16.4,0.0164000000000006,2.56316035348051,-0.115808796719124,-0.0848034343777734,300.187459600374,-4.83216658381218,51.478896164311,29.7247932126418,46.1373315718884,70599.3237003476,4.50466658159414,2.6268532522166184
16500,16.5,0.0165000000000005,2.71296524004988,0.089244018167561,0.118178201225631,301.354069702238,-4.83211679233068,51.4532087916336,29.6911276219498,46.1326409119076,70477.0103080661,4.51248446501858,2.640576414470791
16600,16.6,0.0166000000000005,2.60723240949739,-0.0985462426858787,-0.102669773006839,303.357448336967,-4.83087671558289,51.4818399304745,29.7316291447442,46.1279502519267,70605.2383772301,4.50428922082168,2.654340107698063
16700,16.7,0.0167000000000005,2.71875034958276,0.117343930229088,0.046842257413356,306.421136067319,-4.83074605788025,51.4319528940743,29.721478091268,46.1232595919458,70505.5671733942,4.51065677372655,2.669469026255595
16800,16.8,0.0168000000000004,2.62701342936024,-0.101620268431089,-0.0482942690202695,299.522051226733,-4.83082855423276,51.5018031549485,29.720224783281,46.1185689319649,70591.1646220409,4.50518724062536,2.6829409633172316
16900,16.9,0.0169000000000006,2.75214953262306,0.0526312042796255,0.102322173052111,301.671463664385,-4.8318607180473,51.4609109213026,29.7023779820143,46.1138782719841,70485.5899043014,4.51193519963284,2.6968300934066987
17000,17.0,0.0170000000000005,2.64317323387488,-0.0628370222945741,-0.115072670917523,303.196812594875,-4.83242204581824,51.464837650877,29.7402708108748,46.1091876120032,70573.7177924622,4.50630098716537,2.7096160060722494
17100,17.1,0.0171000000000005,2.74766391370535,0.0751085200132463,0.0511874990035335,301.101408486107,-4.83205823582238,51.4535462618935,29.7157787573404,46.1044969520223,70492.955041237,4.51146379053146,2.723065411485395
17200,17.2,0.0172000000000005,2.68836628381639,-0.0989957790407845,-0.0385780142726033,303.323828267273,-4.83152485137428,51.5067497915379,29.719992290115,46.0998062920414,70568.6710042564,4.50662325973123,2.736885947194134
17300,17.3,0.0173000000000006,2.80027480912546,0.067968910025847,0.0361619256393403,304.192653748157,-4.83061094632868,51.4586052851801,29.7226363200511,46.0951156320606,70501.8068512498,4.510897356533,2.7513813874117363
17400,17.4,0.0174000000000005,2.73973696827723,-0.0147749624401309,-0.0610992043500767,303.867805994041,-4.83103654326856,51.4712314798667,29.7392357278074,46.0904249720797,70551.3088332233,4.50773230738904,2.7651379962504796
17500,17.5,0.0175000000000005,2.80414862508976,0.0176996932865132,0.074635968047461,304.020364054585,-4.83177695225267,51.4780592788227,29.7144189858527,46.0857343120988,70494.6112980017,4.51135779459383,2.7791657415108904
17600,17.6,0.0176000000000005,2.75278753312214,-0.0475294036083354,-0.0635815621562045,303.599797774587,-4.83195969013124,51.4900548729649,29.7322774839026,46.0810436521179,70546.2346329234,4.50805653641055,2.7927728449808775
17700,17.7,0.0177000000000006,2.84085022089987,0.0520177099890488,0.0645606999588818,299.407896217123,-4.83157317952232,51.471581338399,29.7183529639237,46.0763529921371,70480.7220058898,4.51224682587001,2.807309689379946
17800,17.8,0.0178000000000006,2.7952288560873,-0.055472970584758,-0.0526449881527977,297.598688531043,-4.83120184291078,51.5002603843011,29.7311955683008,46.0716623321562,70543.2852175929,4.50824501829112,2.82080864684543
17900,17.9,0.0179000000000005,2.8907645959401,0.03619329293509,0.0614360509539379,302.702039043406,-4.83095373315953,51.4742311375201,29.7234325905783,46.0669716721753,70482.04465585,4.51216215007614,2.8350086742623515
18000,18.0,0.0180000000000005,2.81774508878405,-0.0214477665437991,-0.100738140856438,304.249540337706,-4.83064531317615,51.4882086731724,29.7464701340842,46.0622810121944,70548.6423602598,4.50790268269213,2.846084937402361
18100,18.1,0.0181000000000005,2.88626130024515,-0.0031551068259999,0.0681474216599397,305.9222427092,-4.83146170992167,51.5056384437295,29.7128717888952,46.0575903522136,70485.6349963214,4.51193231319687,2.860878362084598
18200,18.2,0.0182000000000006,2.85141896497512,-0.0295198224833195,-0.0490288267887469,298.484610304597,-4.83153350373327,51.5088869825337,29.7302638851271,46.0528996922327,70524.1580612575,4.50946771856339,2.8731697998895194
18300,18.3,0.0183000000000005,2.92012430174795,0.0577441620580882,0.0203707173157068,301.970778923424,-4.83196784138743,51.465856745429,29.7342490959677,46.0482090322518,70467.5100174495,4.51309282926772,2.888371490901057
18400,18.4,0.0184000000000005,2.86663047086252,-0.0485796718028211,-0.0500816490820361,302.308259063368,-4.83157065723704,51.5090615152547,29.7367864644282,46.0435183722709,70525.5000085282,4.50938191317532,2.901183789531191
18500,18.5,0.0185000000000005,2.93489954829624,0.0029257041508562,0.0977704586193135,300.319604838026,-4.83073138003733,51.5080098000061,29.719311535224,46.0388277122901,70475.4359170401,4.51258527198705,2.916876650935795
18600,18.6,0.0186000000000006,2.90254984731003,0.0169814218000308,-0.0853534041323604,302.716872894744,-4.82978603754844,51.4820617531013,29.7601275383354,46.0341370523092,70529.4871027956,4.50912699382862,2.9297199552104303
18700,18.7,0.0187000000000006,2.97352216338679,0.0243539157080643,0.0241627693198053,308.27269538171,-4.83030194739605,51.4990782168007,29.735096864172,46.0294463923283,70486.2757891345,4.51189129508707,2.9448152699966865
18800,18.8,0.0188000000000005,2.95023856657148,-0.0838311317427834,0.0613566946532331,301.837090270879,-4.83047907203255,51.5518761984182,29.7145912919595,46.0247557323474,70502.6967458182,4.51084041937681,2.9573730513169405
18900,18.9,0.0189000000000005,2.97749760776172,0.0613242922326418,-0.0198261418305674,301.066822536303,-4.8307964615925,51.4797139871412,29.7507120730592,46.0200650723666,70482.4056530862,4.51213903965517,2.9715244029194796
19000,19.0,0.0190000000000006,2.98611200987845,0.0724935203634197,-0.0636204743794838,300.746827269607,-4.8313647920731,51.4701443654263,29.7571944153077,46.0153744123857,70477.4738124858,4.5124547880682,2.985399366819105
19100,19.1,0.0191000000000006,2.98962001924287,-0.130339265380742,0.0824713169279565,297.604882260047,-4.83145192703323,51.5710687211064,29.7058074249831,46.0106837524048,70486.5379458257,4.51187451425874,3.0001664476130174
19200,19.2,0.0192000000000005,3.02060114070694,0.036921897284874,0.0169674285519383,301.09302937305,-4.8317387171204,51.5022332209231,29.7365459186319,46.0059930924239,70458.1104741553,4.5136949034811,3.0144061087613836
19300,19.3,0.0193000000000005,2.99165761700698,0.0312049751293293,-0.138057952727244,305.607253332626,-4.83087877346677,51.4781447058199,29.7765508433474,46.0013024324431,70512.7097077068,4.51019986998661,3.0282335086141514
19400,19.4,0.0194000000000005,3.06810710406571,-0.0396872589154956,0.128915171108188,308.551885179954,-4.83096588940284,51.5552320562497,29.7101160303776,45.9966117724622,70453.5588242254,4.51398651059696,3.0421667425011605
19500,19.5,0.0195000000000006,3.02957180636164,-0.0802612162683851,-0.0191796469086065,302.548754895081,-4.83086359350623,51.5427146905133,29.7400962811369,45.9919211124813,70500.3396765061,4.51099123231719,3.056404077631839
19600,19.6,0.0196000000000005,3.12569148590953,0.171194597543398,-0.0255939857014567,297.862242445723,-4.83084182276028,51.445985514987,29.7671615069604,45.9872304525004,70424.8888493349,4.51582415467463,3.0699439632124212
19700,19.7,0.0197000000000005,3.02582427419338,-0.111733405562624,-0.0272290611186274,299.942551806527,-4.83119766705108,51.5678721459649,29.7346621950232,45.9825397925196,70507.4772192829,4.51053458014133,3.0827487270446046
19800,19.8,0.0198000000000005,3.11755759163353,-0.0103657418400727,0.153107997949479,301.964374769513,-4.83127537267678,51.5530818014164,29.7121740587298,45.9778491325387,70426.7607454577,4.51570412709368,3.096838929770741
19900,19.9,0.0199000000000006,3.04871913402291,0.0195365073331146,-0.172021451164308,299.206441863674,-4.83069836307119,51.4845298430959,29.7891964912166,45.9731584725578,70508.2412963658,4.51048570080409,3.1102240301126516
20000,20.0,0.0200000000000006,3.20735823020842,0.093713487860477,0.0994667652493225,299.915959325926,-4.83054089138979,51.5029408515333,29.7381962417581,45.9684678125769,70405.5150131364,4.5170667964969,3.1251418423157364
20100,20.1,0.0201000000000005,3.08967770048039,-0.15685421858986,-0.0068139051759644,304.137519303045,-4.83101021240612,51.5912011971445,29.730757626593,45.9637771525961,70501.3326775948,4.51092769565718,3.1379993433811224
20200,20.2,0.0202000000000005,3.20141799146619,0.149430440839279,0.0505276141755298,293.088142673759,-4.83022290227932,51.4845020468206,29.7543234263758,45.9590864926152,70404.1053152948,4.51715724149702,3.152965210374968
20300,20.3,0.0203000000000005,3.09386623718217,-0.0246520275009449,-0.110924822372814,292.534348523349,-4.83083132618986,51.5307511125297,29.7682682416841,45.9543958326343,70493.1802670339,4.51144937639914,3.166047580550226
20400,20.4,0.0204000000000006,3.23922129553371,-0.0039047735846931,0.157909293600262,295.873092611967,-4.8309617036557,51.553659419541,29.7168265071224,45.9497051726534,70395.4607913557,4.51771194592642,3.1815255809106358
20500,20.5,0.0205000000000005,3.1803180096608,-0.0381494102249858,-0.103460824747435,295.298783662642,-4.82984394175728,51.5338552655057,29.7697553959628,45.9450145126726,70486.5562297904,4.51187334389437,3.194621176512716
20600,20.6,0.0206000000000005,3.2762626467344,0.121094760466318,0.0389545183327995,302.748936011227,-4.83023974683981,51.5000804234145,29.7555284160743,45.9403238526917,70399.5084469722,4.51745219777569,3.210141963949794
20700,20.7,0.0207000000000005,3.15858792586956,-0.12994513268808,-0.0186851332031421,299.35934500603,-4.83007546943454,51.5875661395338,29.7477609727067,45.9356331927108,70493.492746033,4.5114293783379,3.2220995689930403
20800,20.8,0.0208000000000006,3.28874727087649,0.0993840842242221,0.0646216045597454,295.816106751056,-4.83037699993408,51.5133331448918,29.7521007965456,45.9309425327299,70395.1349464895,4.51773285750285,3.2375869980855936
20900,20.9,0.0209000000000006,3.19293073591016,-0.0370306584087947,-0.12688096252633,297.718632070481,-4.83160329519952,51.5198118865089,29.7825014337447,45.9262518727491,70468.7297775668,4.51301471106329,3.2497965522754786
21000,21.0,0.0210000000000005,3.31711897733036,0.0520119989255891,0.123403803709888,291.759422417338,-4.83193443564542,51.5426504907282,29.728059896088,45.9215612127682,70363.9091940911,4.51973771495359,3.2649623538709944
21100,21.1,0.0211000000000005,3.21982387821784,-0.0849612591277589,-0.0528234618039518,294.327807064724,-4.83129612390559,51.5711172239764,29.7553158619364,45.9168705527873,70460.1212142992,4.5135660949099,3.2772952205813493
21200,21.2,0.0212000000000005,3.33721791778203,0.129838947625437,0.0194426294146115,297.883454571255,-4.83040174567581,51.5042059984667,29.7675965101628,45.9121798928064,70390.553484589,4.51802690009719,3.2933422092515015
21300,21.3,0.0213000000000006,3.26224169344912,-0.0721391050412421,-0.0640939565298376,300.516211958255,-4.83012866861465,51.5680857008302,29.7670241072839,45.9074892328256,70469.3020506977,4.51297806138771,3.306039943881497
21400,21.4,0.0214000000000005,3.38987487734458,0.0430347202193939,0.107163146056108,303.970092210187,-4.83011112668878,51.5550804867342,29.7404617277073,45.9027985728447,70381.4710951802,4.51860992967909,3.322567109635279
21500,21.5,0.0215000000000005,3.27344023721993,-0.0261206428150869,-0.134504207162047,304.146035318806,-4.83024902913019,51.5500234923685,29.7845721153777,45.8981079128638,70471.7434027654,4.51282171832325,3.3342677201146875
21600,21.6,0.0216000000000005,3.39247276940588,0.0543210982761486,0.0840644367320974,302.270026658412,-4.83075768356177,51.5388728187395,29.7544967662087,45.8934172528829,70378.1622802641,4.51882237120144,3.350712676153778
21700,21.7,0.0217000000000006,3.30636509069458,-0.0888032025583859,-0.0507728234875233,299.147049644719,-4.83104369687637,51.5836065622986,29.7636447271055,45.8887265929021,70453.7025574895,4.51397730157044,3.3622666632892355
21800,21.8,0.0218000000000005,3.43274981854501,0.0640664843654128,0.0789642682759095,301.960119217533,-4.8313398115265,51.5270281113106,29.7597266427091,45.8840359329212,70359.9696691322,4.51999077958137,3.3792168851447073
21900,21.9,0.0219000000000005,3.33787101732773,-0.0351149404671754,-0.116879018759981,307.249720816713,-4.83033141688965,51.55511985182,29.7883456455668,45.8793452729403,70458.8250781925,4.5136491249062,3.390114426478569
22000,22.0,0.0220000000000005,3.45293814530405,0.0143053572445063,0.132507576779999,308.768829645888,-4.83028684739346,51.5729519788242,29.743546529722,45.8746546129594,70369.9997325604,4.51934653069142,3.4071579602193434
22100,22.1,0.0221000000000006,3.36685438599751,-0.0645825084056814,-0.101003665547047,298.958759284842,-4.82966140572639,51.5847169856105,29.7780706424048,45.8699639529786,70460.5464308043,4.5135388563644,3.418297146953321
22200,22.2,0.0222000000000006,3.49348942762952,0.105394324570595,0.0552885649485252,298.362757530078,-4.83036573016208,51.5234587149515,29.7694433414527,45.8652732929977,70349.2883597146,4.52067706115162,3.4355709043044613
22300,22.3,0.0223000000000005,3.38874011622239,-0.108839097517785,-0.0806134517795074,295.461289219075,-4.83016008652615,51.5918433083858,29.7769303799971,45.8605826330168,70453.1699393711,4.51401142673612,3.445810321296256
22400,22.4,0.0224000000000005,3.52552201793107,0.0682681909759724,0.114324475404565,304.117174140988,-4.83040910743442,51.558391128029,29.7530991945927,45.8558919730359,70343.9437020992,4.52102053736024,3.4614553133369004
22500,22.5,0.0225000000000005,3.41621172211436,-0.0644347510774478,-0.122845993491226,300.665994020247,-4.82881856839686,51.5664515176142,29.8028587573301,45.8512013130551,70465.3949354889,4.51322829379238,3.472294525764527
22600,22.6,0.0226000000000006,3.55125098509182,0.113069192148949,0.103910364983793,302.799122487647,-4.82928165679687,51.5490560320207,29.7644566609481,45.8465106530742,70343.660377128,4.521038746791,3.490029009256983
22700,22.7,0.0227000000000005,3.42581000457281,-0.146051331743671,-0.0261808604872547,294.680733477895,-4.82903441686159,51.6243397382028,29.7711461662331,45.8418199930933,70455.0158015629,4.51389316343107,3.5011617175100045
22800,22.8,0.0228000000000005,3.57582601728201,0.14072556715573,0.0468397363443619,303.455361173995,-4.83054864448411,51.5347929199793,29.7724583607469,45.8371293331124,70328.708601042,4.52199991272683,3.5177442830453756
22900,22.9,0.0229000000000005,3.44789921818473,-0.119143731462527,-0.102238210681834,293.534466014174,-4.82948198984414,51.5982110006997,29.7908871031684,45.8324386731316,70451.6300386095,4.5141100920137,3.5289727035127747
23000,23.0,0.0230000000000006,3.62793142935772,0.112415565639452,0.144824482986665,299.541520490727,-4.82964232869689,51.5636352607087,29.7556290582799,45.8277480131507,70313.8988998686,4.52295234842534,3.545415506136455
23100,23.1,0.0231000000000006,3.47585906460299,-0.129885073923273,-0.119948024464653,310.012283179179,-4.82972388184187,51.5927207927967,29.8036953387751,45.8230573531698,70459.9951602369,4.51357416975209,3.5586061733402152
23200,23.2,0.0232000000000005,3.66642171691826,0.158897965664915,0.0754279817814536,306.827838921233,-4.82839671279689,51.5438443020737,29.7804540607441,45.8183666931889,70331.1510580067,4.52184287292278,3.5746014238221284
23300,23.3,0.0233000000000005,3.51447440687449,-0.172816572872284,-0.0554843811880206,305.058611804692,-4.82893401434531,51.6429761860782,29.7778328101819,45.8136760332081,70452.9999310298,4.51402231938223,3.5865966168078374
23400,23.4,0.0234000000000005,3.69795898947542,0.111301799733152,0.125776784312281,298.613740214853,-4.82903132116755,51.5591217726563,29.7683975479614,45.8089853732272,70309.1165264321,4.52325999625587,3.6027832324261544
23500,23.5,0.0235000000000006,3.5467775923611,-0.042160294399164,-0.175366496478102,296.95655349521,-4.82945006179802,51.5660765506719,29.8208906556528,45.8042947132463,70435.3861099587,4.51515114376775,3.6156920983696987
23600,23.6,0.0236000000000005,3.71093265477576,0.0807332425074079,0.15658533631076,300.115561327284,-4.83007016708216,51.5784213308645,29.7586128850424,45.7996040532654,70297.9163916489,4.52398065945925,3.6313871100558086
23700,23.7,0.0237000000000005,3.55066283626308,-0.136237265568221,-0.100330900968077,301.281603401601,-4.8298424712788,51.6398768900665,29.7865022570454,45.7949133932846,70440.4219043972,4.51482835505632,3.6435572307547597
23800,23.8,0.0238000000000005,3.73401179842844,0.151146967875596,0.0888320397098432,314.135232919284,-4.83018509650703,51.536034686188,29.7901132525959,45.7902227333037,70300.094704412,4.5238404797788,3.6584507555117027
23900,23.9,0.0239000000000006,3.58184634473482,-0.0892348515635072,-0.160626034484423,306.583849394878,-4.829185808741,51.6084392633785,29.8133492669853,45.7855320733228,70446.5548121547,4.51443530495023,3.6711974500376
24000,24.0,0.0240000000000006,3.77272857200799,0.0145380569125575,0.209696841489661,306.77825591,-4.829815659057,51.6097702831072,29.7496123677337,45.7808414133419,70290.5607103603,4.52445407949674,3.687390017141354
24100,24.1,0.0241000000000005,3.62215462103173,-0.0510925949998513,-0.182051391889904,299.663650928603,-4.82936980499706,51.5964445522631,29.8181278116919,45.7761507533611,70427.037235983,4.51568639882546,3.7003074420633104
24200,24.2,0.0242000000000005,3.79090221694473,0.120625697234008,0.103779625213779,303.273241454234,-4.8299023785905,51.5575204696432,29.7847883126726,45.7714600933802,70288.0196246094,4.52461764970192,3.714883493335015
24300,24.3,0.0243000000000004,3.63741905435673,-0.166812061480587,-0.0764322244184435,301.646429472657,-4.82958621917,51.6472318144947,29.7936447923483,45.7667694333993,70424.0411441523,4.51587851235529,3.727621953677671
24400,24.4,0.0244000000000006,3.8090207490389,0.142396221345663,0.065135713149575,303.870881754341,-4.82928559024109,51.560431380935,29.7910165069159,45.7620787734184,70292.276504457,4.5243436401713,3.7421218575660786
24500,24.5,0.0245000000000005,3.67489318313808,-0.092625396821323,-0.114095244027188,308.498069752584,-4.82887660628826,51.6183689834015,29.8138073118657,45.7573881134375,70417.8797421254,4.51627364130722,3.7557485324567637
24600,24.6,0.0246000000000005,3.83557126084686,0.0453748121936009,0.122370424345069,307.193483241798,-4.82854888699395,51.6250170992886,29.7656014979874,45.7526974534567,70305.8681894257,4.52346898411441,3.770043161858537
24700,24.7,0.0247000000000005,3.72777273364377,-0.123418826177532,-0.0577857919280536,303.20062024167,-4.82936000980699,51.6216095292523,29.8084625376605,45.7480067934758,70395.2401626371,4.51772610507973,3.7834489927966755
24800,24.8,0.0248000000000006,3.86822088218365,0.176712752494726,-0.0266553242829349,297.635558580192,-4.82911211772583,51.5387972013362,29.8165633468474,45.7433161334949,70294.202716271,4.52421966345866,3.797630049647744
24900,24.9,0.0249000000000005,3.77643663674077,-0.165472275559331,0.0225650169679592,296.726059535386,-4.8290038536686,51.6630218007407,29.7818320211739,45.738625473514,70374.3381741098,4.51906792173716,3.8109788477684767
25000,25.0,0.0250000000000005,3.86700027376176,0.0348274773062711,0.0763952052204094,303.353661940918,-4.82930041238182,51.6168458534379,29.7809513959337,45.7339348135332,70302.1486889498,4.52370830887692,3.8252676493587003
25100,25.1,0.0251000000000005,3.79284265436951,-0.0123634576247485,-0.126934841636038,307.449917960902,-4.82873774546947,51.5864617567355,29.8361614196303,45.7292441535523,70383.8003068868,4.51846039528197,3.838948963063638
25200,25.2,0.0252000000000006,3.90249085550918,0.0295428190358735,0.0804945728907291,303.693744764236,-4.828230226621,51.6180788161615,29.789484322816,45.7245534935714,70309.5462163691,4.52323235279339,3.853016924579446
25300,25.3,0.0253000000000006,3.83021498768355,-0.116084867803621,-0.0032902118996394,305.243560223883,-4.82955928980176,51.6646717279582,29.7855345541792,45.7198628335905,70356.4619471599,4.52021613018221,3.865532286763
25400,25.4,0.0254000000000005,3.89990718187064,0.0778258118637051,-0.0050917762241869,299.118804643219,-4.82925001670322,51.5856786373911,29.8116184853188,45.7151721736097,70303.1950537691,4.5236409798,3.8783893260032114
25500,25.5,0.0255000000000005,3.86552211686245,0.0031963163437923,-0.0310664035614769,297.040473537723,-4.82878388103237,51.6199563287569,29.8104248495857,45.7104815136288,70339.8753673308,4.52128202524239,3.8906818326221018
25600,25.6,0.0256000000000005,3.91917185965675,-0.0353308452517046,0.0849503037448041,297.763744528956,-4.82835361523555,51.6508991255525,29.7851155412702,45.7057908536479,70315.0683320996,4.52287712576851,3.9041281361514404
25700,25.7,0.0257000000000006,3.92644499696657,0.0228888848229197,-0.0339481879979768,302.985880112585,-4.82819999077276,51.620522795521,29.8125265576051,45.701100193667,70331.1691789523,4.52184170786226,3.916652753693117
25800,25.8,0.0258000000000005,3.94608845171064,-0.0065897742358224,0.0008809523587301,305.434353834173,-4.82849399801765,51.6233337153503,29.8114945036105,45.6964095336862,70325.3453142332,4.52221617590461,3.929103090347627
25900,25.9,0.0259000000000005,3.93183047272709,-0.0194511558947519,0.0007451248207577,303.659465228042,-4.8296338735593,51.6416034484678,29.8001518988036,45.6917188737053,70316.2485027008,4.52280121491247,3.942554126430074
26000,26.0,0.0260000000000005,3.94266519805838,-0.0264073675389538,0.0102998281317033,298.536561898644,-4.82922738899137,51.6358382889953,29.8056631062088,45.6870282137244,70314.1821882137,4.52293412593244,3.9566566837552517
26100,26.1,0.0261000000000006,3.96875860549056,0.0168071731728126,-0.0411911923570136,298.47068977885,-4.82867338569419,51.6221482939723,29.8169767717324,45.6823375537435,70315.0029972034,4.52288132830985,3.9720268947785797
26200,26.2,0.0262000000000006,3.98931521398917,-0.0219775449590797,0.0146415606195705,298.407567789695,-4.82790731954209,51.6421790556976,29.8088575818689,45.6776468937627,70315.9120377862,4.52282285672697,3.9847770074240296
26300,26.3,0.0263000000000005,4.01335902574768,-0.0008380252595619,0.0311039565994591,299.773921380986,-4.82778459884276,51.6390262846852,29.8091818353984,45.6729562337818,70305.1636491197,4.52351431458597,3.9985249431751084
26400,26.4,0.0264000000000005,4.01107576862665,0.0201489299141594,-0.0201554325906782,296.437297949656,-4.82789902981757,51.6267213278313,29.8221696307931,45.6682655738009,70311.8134461055,4.52308649953784,4.010287942546924
26500,26.5,0.0265000000000005,4.02225536723861,-0.0020845644944203,0.0388910054645525,298.761397087971,-4.82949084532152,51.6336983261989,29.8077618883123,45.66357491382,70280.1225167759,4.5251260636347,4.024418445815648
26600,26.6,0.0266000000000006,4.01348469296936,-0.0249365084103653,-0.0193991878080946,294.961084400283,-4.8288771995935,51.6564888834827,29.8106031727809,45.6588842538392,70310.6222836489,4.52316312708928,4.036828897508469
26700,26.7,0.0267000000000005,4.07257522358899,0.0182809550335417,0.0192725794965022,301.282724100196,-4.82862161448855,51.6346032197047,29.814682716097,45.6541935938583,70283.2300094787,4.52492599035662,4.051957957864095
26800,26.8,0.0268000000000005,4.046137872679,-0.007013675688443,-0.0602651673367908,302.003454551984,-4.82812534651327,51.6460307377474,29.8266031123245,45.6495029338774,70319.6657377084,4.52258142611681,4.063640024647207
26900,26.9,0.0269000000000005,4.11246085373214,0.0199258968728401,0.0648501194552829,301.659950745479,-4.82809362928001,51.6555123255863,29.8037185857129,45.6448122738965,70271.391362109,4.52568830631672,4.078183420991023
27000,27.0,0.0270000000000006,4.04445849757822,-0.0503035031863359,-0.0508358687661356,300.508846997067,-4.82834814871819,51.6590179208614,29.8261885237539,45.6401216139157,70321.9163461565,4.52243668375918,4.088871105838828
27100,27.1,0.0271000000000005,4.13274044755814,0.0714533206942942,0.0138557257272985,297.985858126499,-4.82904542288864,51.6181018855355,29.8236181610754,45.6354309539348,70252.9421507508,4.52687680287713,4.103195345041291
27200,27.2,0.0272000000000005,4.07301062818053,-0.0994151500697843,-0.0272749678388738,294.16781869829,-4.8292019705591,51.6632781664039,29.8227860113861,45.6307402939539,70305.2386461219,4.52350948919857,4.114505451892154
27300,27.3,0.0273000000000005,4.17203214124833,0.0571174124935197,0.0334622846234497,296.798237475894,-4.82841415707986,51.6401310911562,29.8159456722923,45.626049633973,70250.3986507696,4.52704070388387,4.1300279905059485
27400,27.4,0.0274000000000004,4.09300503580326,-0.0822236078599973,-0.0474078028888018,301.898717876066,-4.82834391004079,51.6625947807305,29.8348310035366,45.6213589739922,70318.2437157851,4.5226728847426,4.1413965348286075
27500,27.5,0.0275000000000006,4.19551018088149,0.0579475649938586,0.0482741659409022,303.32006061585,-4.82818535438396,51.6443290708823,29.818442879157,45.6166683140113,70247.5469534296,4.52722447898341,4.157145787283589
27600,27.6,0.0276000000000005,4.10284574812331,-0.0947352272037202,-0.0421233382455065,303.521271774966,-4.82802672666068,51.6873069186716,29.8298142674372,45.6119776540304,70325.5855204404,4.5222007296856,4.167796897871731
27700,27.7,0.0277000000000005,4.22055905833977,0.0799149292854719,0.0515042277959643,303.494684026752,-4.82819038086957,51.6412389158487,29.8222358775054,45.6072869940495,70237.8310704608,4.52785072245563,4.18324104062744
27800,27.8,0.0278000000000005,4.14322765691537,-0.0920198612787021,-0.0709531615970116,296.97980656507,-4.8278474659744,51.6780055954484,29.8375064418309,45.6025963340687,70316.5962120837,4.52277885005831,4.194326324926026
27900,27.9,0.0279000000000006,4.27989915948457,0.073740276376249,0.106846680317843,291.789787090682,-4.82777596464841,51.6466350264438,29.8137405985187,45.5979056740878,70210.71490374,4.52959942926264,4.209864649033458
28000,28.0,0.0280000000000005,4.16855762833946,-0.0518459043570096,-0.0933901815019701,286.724647335891,-4.82720805029685,51.6741757271855,29.8441217420242,45.5932150141069,70312.5062398822,4.52304193326726,4.22026620206754
28100,28.1,0.0281000000000005,4.30943276801519,0.0759159792143029,0.0929109823313091,297.432405168766,-4.82734288275414,51.6508194073129,29.8210590008059,45.588524354126,70219.1895318322,4.52905276002841,4.235755601961349
28200,28.2,0.0282000000000005,4.18789736976232,-0.108935062099296,-0.117906730022373,303.273636726371,-4.8274115390869,51.6991826441206,29.8442499391031,45.5838336941452,70332.3604081797,4.5217651207838,4.2469596433271875
28300,28.3,0.0283000000000006,4.38609688564797,0.0814847669174692,0.151348738774601,297.947491328096,-4.82684647839557,51.6555850649166,29.8132796947462,45.5791430341643,70192.9014886325,4.53074894200813,4.263618522717809
28400,28.4,0.0284000000000006,4.2053393769899,-0.0891564783207509,-0.197683468707619,300.996054555056,-4.82794545359926,51.6883073479871,29.8570279874695,45.5744523741834,70333.1946940092,4.5217114840255,4.274907248657719
28500,28.5,0.0285000000000005,4.36783911969502,0.0993607075791134,0.17346532187426,295.334956345929,-4.82810668977319,51.6630331164165,29.8092491707834,45.5697617142025,70179.0838995346,4.53164100305692,4.290673481744308
28600,28.6,0.0286000000000005,4.16930021691036,-0.115837136518098,-0.150137785946614,297.991457845252,-4.82822589560192,51.7126271942553,29.8509968795452,45.5650710542217,70337.5914821631,4.52142883278497,4.301669800360157
28700,28.7,0.0287000000000005,4.41930122677103,0.157152372004536,0.124123536215999,301.357083455408,-4.8281852938762,51.6375411927189,29.8233201066624,45.5603803942408,70163.1188667421,4.53267214018974,4.3177625598016816
28800,28.8,0.0288000000000006,4.22248802959748,-0.170744444533204,-0.129728274433527,301.856127431168,-4.82777326513317,51.7169379626664,29.8538279681272,45.5556897342599,70335.6419739138,4.52155415420894,4.329467721921887
28900,28.9,0.0289000000000005,4.47263903541331,0.157533473471782,0.163658462917207,300.826715648201,-4.82694895681877,51.6560550228234,29.8167308735741,45.550999074279,70158.3179459876,4.53298231010812,4.345875761974568
29000,29.0,0.0290000000000005,4.23884378665294,-0.138337265755244,-0.176258515251915,299.578138106788,-4.82652933024027,51.7152365835032,29.8671641675998,45.5463084142982,70350.2568718257,4.5206148249825,4.357063729977699
29100,29.1,0.0291000000000005,4.48665803150462,0.192083062392096,0.163602890778281,299.877057054063,-4.82688538874493,51.6573869465747,29.8190788354983,45.5416177543173,70151.2010448873,4.53344218515388,4.373175930980192
29200,29.2,0.0292000000000006,4.24139583404602,-0.209829880912457,-0.151277723817846,296.254691058257,-4.82762299914318,51.7461595261098,29.8539636881609,45.5369270943364,70346.7185290781,4.5208422056623,4.385113414956576
29300,29.3,0.0293000000000006,4.52506533446556,0.216725597599075,0.162619399011048,295.444437562894,-4.82759451178568,51.6406610066962,29.8240148464158,45.5322364343555,70125.6471036572,4.535094181534,4.402346486464298
29400,29.4,0.0294000000000005,4.27166540883595,-0.159776084008454,-0.191679506559856,293.171965973299,-4.82654826311092,51.725021228289,29.8736517785031,45.5275457743747,70349.8590458903,4.52064038889757,4.413845144675213
29500,29.5,0.0295000000000005,4.57238914419803,0.171511308106894,0.206983386172686,302.554918249172,-4.82690587148989,51.6670220500147,29.8156122335861,45.5228551143938,70127.2251448212,4.53499213036505,4.430915585056903
29600,29.6,0.0296000000000006,4.31574441338173,-0.185583892524121,-0.185523402721365,297.563946785114,-4.82624964181878,51.7357019595512,29.8741487846559,45.5181644544129,70351.0568859428,4.5205634177139,4.442232183590758
29700,29.7,0.0297000000000006,4.57732467868327,0.218771917144241,0.163025581592972,300.432033820567,-4.82690833125035,51.636119681261,29.8384575620545,45.513473794432,70124.528186135,4.53516654417908,4.45875909301468
29800,29.8,0.0298000000000005,4.3261691808624,-0.202114446901602,-0.16892373321587,297.924477182355,-4.8268463416564,51.7478898098017,29.8701131673619,45.5087831344512,70343.6235035092,4.52104111668682,4.469270603402945
29900,29.9,0.0299000000000005,4.60825611160943,0.148843769147086,0.192433550232843,303.346125019162,-4.82803426621599,51.6721673691841,29.8195350245803,45.5040924744703,70114.5260604739,4.53581350434865,4.486005556522622
30000,30.0,0.0300000000000005,4.37267549120111,-0.137861356320156,-0.19177378939998,290.990372114044,-4.82735828628354,51.7214655103149,29.8796614854872,45.4994018144894,70315.6801368781,4.52283777298357,4.497458895723921
30100,30.1,0.0301000000000006,4.63877951286946,0.181188660673048,0.165503408887203,297.34514767573,-4.82773233473698,51.660568898856,29.8303810634737,45.4947111545085,70109.8273585837,4.53611749076952,4.514858268320426
30200,30.2,0.0302000000000005,4.40388940205674,-0.194229868820541,-0.140101292177574,296.954257822929,-4.8264433731954,51.7709431522139,29.8606040138322,45.4900204945277,70323.5518629347,4.52233150532495,4.525017029357455
30300,30.3,0.0303000000000005,4.66402931649199,0.174392183013209,0.15771367894624,302.03316200499,-4.82663276387299,51.6751019037114,29.8341820578179,45.4853298345468,70124.0233461527,4.53519919395143,4.5414133313805864
30400,30.4,0.0304000000000005,4.44569197380827,-0.138302952785699,-0.177741274549275,297.823533571204,-4.82611697880008,51.7346340606704,29.8831857768452,45.4806391745659,70312.8717208148,4.52301842284102,4.551643522261015
30500,30.5,0.0305000000000004,4.69187480020373,0.141549647624314,0.168283250652787,295.179549526207,-4.82609089327644,51.6939440117481,29.8306117494291,45.475948514585,70126.7309182416,4.53502409126812,4.568863420193943
30600,30.6,0.0306000000000006,4.4893222856378,-0.158765831058904,-0.121913233093149,297.04860261947,-4.82716186429077,51.7523825908044,29.8683557061171,45.4712578546042,70287.5866020657,4.52464552463032,4.580216678391512
30700,30.7,0.0307000000000005,4.68909831711581,0.157410070620734,0.107131788210298,298.219771332929,-4.82772232517939,51.6733619480638,29.8474097925545,45.4665671946233,70123.8144777674,4.53521270233998,4.597436886655501
30800,30.8,0.0308000000000005,4.5151834028532,-0.138648612728374,-0.0964209312759369,300.216571604834,-4.82702133140297,51.7489896934846,29.8712468112115,45.4618765346424,70275.2798594613,4.52543788928485,4.6079984276937385
30900,30.9,0.0309000000000005,4.72156902916721,0.109860531150579,0.0965332347432294,305.262459968731,-4.82655737712276,51.7012359208145,29.8458969449493,45.4571858746615,70143.6088623936,4.53393287448327,4.626520044719645
31000,31.0,0.0310000000000006,4.55942173925413,-0.09136537306419,-0.118919193475721,302.758585450884,-4.82618387444155,51.74560941853,29.877878897392,45.4524952146807,70271.7871230825,4.52566281826692,4.637553238193055
31100,31.1,0.0311000000000005,4.73138399069151,0.119696793279804,0.107413384907473,301.786351409799,-4.82648751831551,51.7071340850031,29.8459559410421,45.4478045546998,70137.2719203921,4.53434251787084,4.65476919221861
31200,31.2,0.0312000000000005,4.58444445237917,-0.120472539424097,-0.103939894177865,298.223002310056,-4.82678864069814,51.7587077238534,29.8718225808153,45.4431138947189,70260.8223637812,4.52636908388994,4.663568544213897
31300,31.3,0.0313000000000005,4.75537482821195,0.122660360887435,0.087324617357003,298.745650316118,-4.82713366591722,51.698276645092,29.8522609715625,45.438423234738,70125.5932365428,4.53509766517565,4.681514619540458
31400,31.4,0.0314000000000006,4.62428426930598,-0.122469611616052,-0.113220829897347,300.176587953311,-4.82610379033956,51.7604996787962,29.8763933285393,45.4337325747572,70259.4985754127,4.52645436708818,4.691324562591353
31500,31.5,0.0315000000000006,4.80527543678756,0.0863671880979914,0.112312106834738,301.50887009946,-4.82540989392934,51.7264384627446,29.8468136444218,45.4290419147763,70136.506288287,4.53439201617623,4.708938235847329
31600,31.6,0.0316000000000005,4.65381162417538,-0.0698371827836052,-0.122928906391801,301.376036754002,-4.82559772027336,51.7511254935082,29.8855885092716,45.4243512547954,70253.8849625067,4.52681605189276,4.7182206787575485
31700,31.7,0.0317000000000005,4.78387218829974,0.0927781124239811,0.0946373220733214,299.594667518884,-4.82629368086743,51.7130740739155,29.8596244006304,45.4196605948145,70133.9953402212,4.53455435717516,4.735618663308772
31800,31.8,0.0318000000000005,4.66072693205753,-0.0845710215982249,-0.079394412142665,295.564512045494,-4.82606726756905,51.7672229733564,29.8755471156744,45.4149699348337,70237.6166616883,4.52786454426454,4.744591503535567
31900,31.9,0.0319000000000006,4.82870211456917,0.0949124114115288,0.084982160507455,298.681858848822,-4.82614336782755,51.7226740734769,29.8575133999211,45.4102792748528,70127.5681053894,4.53496995187634,4.761991164036249
32000,32.0,0.0320000000000005,4.70913419842471,-0.0519841288215862,-0.089415137974278,298.061350699629,-4.8254795556375,51.7521752699959,29.8886875056189,45.4055886148719,70233.5730800543,4.52812522856565,4.770447621434256
32100,32.1,0.0321000000000005,4.83467786846999,0.0644035989547632,0.0924969498770013,299.144296507751,-4.82537302397478,51.7279678682631,29.866426722,45.400897954891,70141.1893834777,4.53408926982091,4.788463503136261
32200,32.2,0.0322000000000005,4.74453897404692,-0.0766761492511689,-0.0743893832448996,295.206910426992,-4.82497369771997,51.7662292423193,29.8845761544909,45.3962072949102,70228.4692694371,4.52845430726917,4.798451899258115
32300,32.3,0.0323000000000006,4.89012075943877,0.0865352942524805,0.0714901803983735,297.43611669918,-4.82535325776222,51.726319814614,29.8676539548151,45.3915166349293,70127.3431318423,4.53498450038524,4.815197599785524
32400,32.4,0.0324000000000005,4.78107812440208,-0.0596219967123176,-0.103566786609138,296.147013230316,-4.82547646836383,51.7614665967089,29.8872739551733,45.3868259749484,70213.8342783151,4.52939819374488,4.824438846318024
32500,32.5,0.0325000000000005,4.87994648171754,0.0530072328873227,0.0972581338380414,296.065394714592,-4.82574106495463,51.7526395976727,29.8568123970111,45.3821353149675,70123.0619040555,4.53526137508422,4.8408489673686255
32600,32.6,0.0326000000000005,4.77581599040983,-0.0741492118098612,-0.0583407511272612,296.236599203426,-4.82579603983189,51.7724231592575,29.8843388700809,45.3774446549867,70207.2852735628,4.52982070047165,4.8512097658187905
32700,32.7,0.0327000000000006,4.92395760865702,0.125310039512555,0.0349409650916957,295.592088866871,-4.82498050283199,51.7210160549919,29.8829289308243,45.3727539950058,70127.0145375132,4.53500574997358,4.867786618676175
32800,32.8,0.0328000000000006,4.8271495306086,-0.0953072476314427,-0.0506052009568232,308.426657875437,-4.82568783656672,51.7850857240744,29.8828057548219,45.3680633350249,70206.336591965,4.52988191086587,4.87792651429993
32900,32.9,0.0329000000000005,4.95803259623081,0.0322188166242501,0.0884509543315442,301.141351532145,-4.82474837442464,51.7645216877372,29.8661412051566,45.363372675044,70132.0696591306,4.53467886662744,4.893941166671587
33000,33.0,0.0330000000000005,4.86011426992468,-0.0345372808305749,-0.0659797168483126,300.90454669213,-4.82575837696954,51.7538839828511,29.8984693923579,45.3586820150632,70186.2971189946,4.53117527509561,4.904568075863888
33100,33.1,0.0331000000000005,4.94652256941318,0.0623660403241975,0.0227640700499369,296.927635488819,-4.82584788742029,51.7395975334913,29.8850528068328,45.3539913550823,70128.1830090375,4.53493018798332,4.920407532702834
33200,33.2,0.0332000000000006,4.88731707324083,-0.0990748964673861,0.001316727764219,298.068458116432,-4.82573933674729,51.7870124262742,29.8827536547588,45.3493006951014,70179.7903541821,4.53159538595218,4.931697752847622
33300,33.3,0.0333000000000005,4.9918283407567,0.0907707142886197,0.0303051928353663,299.878034837889,-4.82524451669626,51.7407639364794,29.8870447219184,45.3446100351205,70119.9312152666,4.53546386375892,4.946912403403475
33400,33.4,0.0334000000000005,4.92606520772402,-0.0558432375895011,-0.0245070647799202,300.718601596285,-4.82483786949608,51.7778781346099,29.8942916238857,45.3399193751397,70179.9831078861,4.5315829396426,4.958456165586
33500,33.5,0.0335000000000005,5.00326117204136,0.0532654731968748,0.040758735975148,297.431566777434,-4.82432800487064,51.7645967312598,29.8846312139239,45.3352287151588,70132.0521317404,4.53467999993358,4.9741960756695764
33600,33.6,0.0336000000000004,4.95566513628001,-0.0253851444446777,-0.0569111733471194,294.209689760728,-4.82487107890312,51.7762446610009,29.8958566729284,45.3305380551779,70166.9217906884,4.53242647731921,4.986403425647477
33700,33.7,0.0337000000000006,5.03674524172608,0.0459489181750712,0.0667989669694216,290.361478161786,-4.82518402437643,51.7670233524713,29.8788713595704,45.325847395197,70107.3116891901,4.53628026083818,5.001673238618575
33800,33.8,0.0338000000000005,4.97142306829377,-0.0411346708080134,-0.0278006280390932,293.381580820175,-4.8250450771262,51.7938037849553,29.8892428916222,45.3211567352162,70160.6667144007,4.53283055947396,5.01395594710551
33900,33.9,0.0339000000000005,5.04657840064303,0.012814316140491,0.0225239789110435,300.200367073251,-4.82484893851791,51.7710506362946,29.8917374951495,45.3164660752353,70128.4391830476,4.53491362221819,5.028938793080158
34000,34.0,0.0340000000000005,5.03381972497741,-0.0062695479552234,-0.0486626579046356,300.516841566857,-4.82459933291011,51.7692625570606,29.9074384753693,45.3117754152544,70155.5890892688,4.53315863047537,5.042117011921829
34100,34.1,0.0341000000000006,5.08461421287734,0.0077296648735123,0.0201593752067265,302.288092381235,-4.82484973492922,51.7746364140907,29.8938129300924,45.3070847552735,70123.646053838,4.53522359507569,5.057896494746691
34200,34.2,0.0342000000000005,5.05713637988751,-0.0371627008030274,-0.0144501882576338,298.119529154454,-4.82492964936058,51.7965733275901,29.8937653035303,45.3023940952927,70145.9826824068,4.53377944102659,5.07129377313268
34300,34.3,0.0343000000000005,5.09355595955317,0.0402433229676769,-0.0023250659049024,296.486602798501,-4.82576188788578,51.776313764538,29.8941218176086,45.2977034353118,70112.1219818653,4.53596903312043,5.085691657864355
34400,34.4,0.0344000000000005,5.08841721083477,-0.0377165157902096,0.006217989883349,296.251810967623,-4.82549526381051,51.7906674819585,29.8965684860178,45.2930127753309,70130.0358883774,4.53481037229597,5.098388135514443
34500,34.5,0.0345000000000006,5.13745757461257,0.0498577825534248,0.016893102363284,296.120687363923,-4.82440791507071,51.7778541371668,29.8994709382051,45.28832211535,70112.2302705029,4.53596202729698,5.112959472533732
34600,34.6,0.0346000000000005,5.11448165571348,-0.023019682743388,-0.0138191086536441,302.74511950263,-4.82481265796602,51.7950818304707,29.90179438307,45.2836314553692,70133.7436352472,4.53457063136541,5.12648091684615
34700,34.7,0.0347000000000005,5.1291375203662,0.0046206006419847,-0.0014094152565405,296.225145605715,-4.82384255267814,51.8058057369287,29.8980120661011,45.2789407953883,70132.126003088,4.53467522347889,5.14059293349379
34800,34.8,0.0348000000000005,5.15995425612784,-0.0103347695438297,0.0436624867802236,299.171547405626,-4.82412512956493,51.8012664175086,29.8971741428798,45.2742501354074,70116.7510646623,4.53566957006915,5.1541602284736365
34900,34.9,0.0349000000000004,5.16071353788489,0.0291740654280169,-0.0515142122991781,297.536069491564,-4.8240421750355,51.7785452901947,29.9186419348417,45.2695594754265,70129.0554183417,4.5348737732025,5.16878188487859
35000,35.0,0.0350000000000006,5.19808902380295,0.007553342695622,0.0223577731269686,298.437862688887,-4.82444601386667,51.7998539823648,29.8988403402094,45.2648688154457,70104.2174255355,4.53648048341613,5.183040320295775
35100,35.1,0.0351000000000005,5.16603636857357,-0.0442375783305334,-0.0130537309122358,300.047910221973,-4.82484897347229,51.8226227940465,29.8991956896528,45.2601781554648,70128.5975794092,4.53490337940937,5.1962533794284855
35200,35.2,0.0352000000000005,5.21921032834366,0.0505567310066998,-0.0092931798149768,299.573151726335,-4.8246501941115,51.7787429677991,29.9127046516336,45.2554874954839,70093.6108795234,4.53716694240114,5.209323176994506
35300,35.3,0.0353000000000005,5.20206692796375,-0.0392866908846208,-0.0496207775384108,300.781467190617,-4.82386047519323,51.8047485883047,29.9195331985722,45.250796835503,70137.5538334524,4.53432429239382,5.222878801244634
35400,35.4,0.0354000000000006,5.26365463723164,0.0146033524506838,0.0506510901626653,301.348634185207,-4.8232424051345,51.808948591936,29.9033290241422,45.2461061755222,70097.9840886625,4.53688388176543,5.237491444087679
35500,35.5,0.0355000000000005,5.23049017404057,-0.0174957456346037,-0.0524783734178089,300.049408973119,-4.82328588234757,51.8087131467772,29.9228004503702,45.2414155155413,70136.0375767362,4.53442231902748,5.25104350798551
35600,35.6,0.0356000000000005,5.30341004739277,0.0466715885301042,0.0330857539743187,296.415448640997,-4.82425416944002,51.7997412791968,29.9038240064105,45.2367248555604,70072.154856187,4.53855621835529,5.266386913793018
35700,35.7,0.0357000000000005,5.26075898529432,-0.0621929677014304,-0.0382281596579404,295.161882883586,-4.82418070719467,51.8335009071483,29.9079532968452,45.2320341955795,70120.2338770289,4.53544428722002,5.278796883765586
35800,35.8,0.0358000000000006,5.3298315127489,0.0186411778613039,0.0465023050117004,299.558636944083,-4.82406870807766,51.8027153154958,29.9084300279012,45.2273435355986,70072.4368349968,4.5385379547307,5.294516658528325
35900,35.9,0.0359000000000006,5.28217192815331,-0.0030836434898909,-0.065012108445093,296.706191042135,-4.82298533994753,51.8120737670305,29.9284194518315,45.2226528756178,70124.6638922018,4.53515776767193,5.306682215457425
36000,36.0,0.0360000000000005,5.3473668559944,0.0168353087233385,0.0654982324612903,303.215346922073,-4.82357141582513,51.8092247037286,29.9126790145875,45.2179622156369,70076.6594191235,4.53826447767736,5.322442057812488
36100,36.1,0.0361000000000005,5.30783320365637,-0.0255592313957135,-0.080590676988895,298.909088899898,-4.82338155695384,51.8174599937979,29.9312941656153,45.213271555656,70124.1401373616,4.53519164061252,5.334435375703536
36200,36.2,0.0362000000000005,5.37717227577613,0.0245279481534178,0.0691070814118469,294.769436442452,-4.82437998160732,51.8171538201728,29.9043544943087,45.2085808956752,70053.3424600969,4.53977501983227,5.3507495966662555
36300,36.3,0.0363000000000006,5.33240237517681,-0.0506135337850986,-0.0165187582957602,288.445580271022,-4.82350575916376,51.8393430227126,29.9156433094032,45.2038902356943,70102.5227517042,4.5365901492949,5.3624672276807175
36400,36.4,0.0364000000000005,5.41298988544042,0.0632973465978146,0.0498643881939067,293.915862351921,-4.82309105286118,51.8026734284491,29.9207061147846,45.1991995757134,70057.5194204112,4.53950434995627,5.377611456603604
36500,36.5,0.0365000000000005,5.34412995183494,-0.0290189505901127,-0.0681917347885006,297.313228880716,-4.82288690753953,51.8296980058647,29.9352829255364,45.1945089157325,70120.9380349108,4.53539874206715,5.388670587870922
36600,36.6,0.0366000000000005,5.44014028281893,0.0465801382079758,0.0777885117635487,296.046874292106,-4.82252010346828,51.8312838713691,29.9090133714987,45.1898182557517,70054.2758494987,4.53971453276222,5.404868808510497
36700,36.7,0.0367000000000006,5.37336048157505,-0.0464876804703644,-0.0653353872665033,297.312695988083,-4.82301839320907,51.8397122534821,29.9337130568154,45.1851275957708,70116.2509050824,4.53570192431738,5.416235870195603
36800,36.8,0.0368000000000006,5.46871168345625,0.073749181730722,0.0372360311647366,297.599488319953,-4.8241895646626,51.8049841917596,29.921463513171,45.1804369357899,70033.3343490508,4.5410720068109,5.432914915155262
36900,36.9,0.0369000000000005,5.40044491530005,-0.0986737035049651,-0.033622745682542,294.1187738361,-4.82378490237161,51.8572036262055,29.925829858664,45.175746275809,70106.8787170224,4.53630827639291,5.44411785173643
37000,37.0,0.0370000000000005,5.50436991097631,0.0740491525186325,0.0397770235490685,302.142036994708,-4.82381507248939,51.8209843056664,29.9214746865094,45.1710556158282,70040.4441978261,4.54061103978512,5.459924080909754
37100,37.1,0.0371000000000006,5.42141444126415,-0.0692007492964973,-0.0743194382253426,304.55890771607,-4.82365280717538,51.8466996352128,29.9411303316118,45.1663649558473,70113.9520349638,4.53585063922102,5.471708487835845
37200,37.2,0.0372000000000006,5.5251626474641,0.0587185688392536,0.0654502775974143,306.542861609265,-4.8236857970057,51.8332156955553,29.918235423614,45.1616742958664,70034.8435117022,4.54097415242976,5.487732038325148
37300,37.3,0.0373000000000005,5.45292864774334,-0.0790463520142875,-0.0468611690132825,303.627803170922,-4.82337234299803,51.8592954076258,29.9366631209003,45.1569836358855,70105.9577267869,4.53636787040979,5.498411172122728
37400,37.4,0.0374000000000005,5.56626385601847,0.0975768664237741,0.0405497695524033,299.830544606793,-4.82328730033924,51.8155929959367,29.9302264686768,45.1522929759047,70024.5434161798,4.54164209634275,5.515197653105036
37500,37.5,0.0375000000000005,5.47337432171884,-0.0853202715873226,-0.0334002648191764,292.99175397377,-4.82305807215587,51.8742495347859,29.932479892093,45.1476023159238,70101.8076961082,4.53663642362475,5.526173884201502
37600,37.6,0.0376000000000006,5.6094145825691,0.057404904704841,0.110625110897351,294.767758041521,-4.82315605640182,51.8345364332836,29.9180977448111,45.1429116559429,70007.2088114555,4.54276666011091,5.542935525736437
37700,37.7,0.0377000000000005,5.50930535495725,-0.0284385155260056,-0.140437145554003,297.337572256311,-4.82212319615461,51.8372346525357,29.9649343055719,45.138220995962,70113.1684731091,4.53590133040524,5.553463768466993
37800,37.8,0.0378000000000005,5.64202924776929,0.0555310420278145,0.106705155597147,305.137279085332,-4.82270193851682,51.8443301105862,29.9202958735745,45.1335303359811,70011.0282819772,4.54251882825112,5.5701512246668505
37900,37.9,0.0379000000000005,5.51004176468681,-0.145246313697543,-0.0563204709697521,300.270853161898,-4.82241253227162,51.9021209234208,29.9371305998289,45.1288396760003,70121.2169244941,4.53538070365422,5.580987438644334
38000,38.0,0.0380000000000004,5.67919718115748,0.156985794206493,0.0602429520685653,297.656338798991,-4.82274286959953,51.7980203586916,29.9432989086847,45.1241490160194,69987.7178631167,4.54403177966318,5.596965986117205
38100,38.1,0.0381000000000006,5.5217998097134,-0.0930437166853936,-0.129752005273931,293.134797353108,-4.82287881936,51.8648475364627,29.9603631764632,45.1194583560385,70110.6601780328,4.53606360785271,5.607747498940971
38200,38.2,0.0382000000000005,5.70508547894542,0.0527382949615016,0.208074511625545,291.600344665084,-4.82216448165828,51.8730764450006,29.9020026586448,45.1147676960576,69977.9163309904,4.54466824436242,5.624136773106464
38300,38.3,0.0383000000000005,5.52883046873842,-0.0838602646505092,-0.156706901511679,297.249376489303,-4.82147844710219,51.8744113091452,29.9702489223508,45.1100770360768,70132.1414428996,4.53467422515587,5.635047705203311
38400,38.4,0.0384000000000005,5.75296734677528,0.176097638400662,0.078748373357925,301.140510331562,-4.82156468755465,51.8105858531113,29.9453543567012,45.1053863760959,69980.3914002705,4.54450750835431,5.651354466864573
38500,38.5,0.0385000000000006,5.56633207299447,-0.210138946999106,-0.0762152644272149,302.068734037284,-4.82229935303992,51.9313786313923,29.9398355790874,45.100695716115,70123.3255978263,4.53524432055688,5.662233228673767
38600,38.6,0.0386000000000005,5.76981805920561,0.14115697579382,0.113264512647741,297.34449968494,-4.82246225786756,51.8352142343828,29.9308436638307,45.0960050561341,69965.1753358998,4.54549585031798,5.678592524791155
38700,38.7,0.0387000000000005,5.57218086355236,-0.0724254776215996,-0.182653167933373,296.386919477781,-4.82233825812601,51.8621529664539,29.9842332329154,45.0913143961533,70119.1082406246,4.53551709563598,5.689795577775713
38800,38.8,0.0388000000000005,5.80748102004299,0.103398595119076,0.154442606815467,299.93295470005,-4.82205555990165,51.8675247668083,29.9177188545297,45.0866237361724,69963.530142062,4.54560273774558,5.705845327089286
38900,38.9,0.0389000000000006,5.62547864868584,-0.175874484555266,-0.0820040204773923,304.061772485243,-4.82119711416539,51.931390341736,29.9521294529726,45.0819330761915,70122.9509510101,4.53526855106661,5.71680101576739
39000,39.0,0.0390000000000006,5.83722529391292,0.212275934647546,0.0437800010748651,304.922918616075,-4.82107025790735,51.8153702681695,29.9574047501253,45.0772424162106,69971.3307240835,4.54509598238412,5.7328729703463885
39100,39.1,0.0391000000000005,5.6511912901505,-0.169733610606428,-0.0883018724841718,302.54820571164,-4.82139063423682,51.9227120360955,29.9605265690168,45.0725517562298,70116.2945258429,4.53569910256577,5.743586253101388
39200,39.2,0.0392000000000005,5.86843553599116,0.117163389709598,0.143898278130049,295.939122509289,-4.82141617395049,51.8664041838818,29.9276052052607,45.0678610962489,69956.0135750599,4.54609114933162,5.760468802285391
39300,39.3,0.0393000000000005,5.66110017843909,-0.09608656738351,-0.176823218525271,298.612262158873,-4.82217227218403,51.8788472344899,29.9879942853598,45.063170436268,70106.6927850978,4.53632030726322,5.770630740690994
39400,39.4,0.0394000000000006,5.88046860857985,0.129133916231249,0.113285918000368,297.521635778797,-4.82194658988896,51.844480007096,29.9469525140565,45.0584797762871,69957.0829155457,4.54602165930838,5.78718286893026
39500,39.5,0.0395000000000005,5.71964262940056,-0.125567505313584,-0.0952250495845737,300.219557844678,-4.82110095226149,51.9390450091049,29.9565407390618,45.0537891163063,70099.8265447877,4.53676463739766,5.798175995570485
39600,39.6,0.0396000000000005,5.90719015806698,0.0995690817955386,0.124939210105499,305.154738538701,-4.82095478271005,51.8678050230058,29.9432772149558,45.0490984563254,69965.3973179713,4.54548142863779,5.814292342199781
39700,39.7,0.0397000000000005,5.74173080464397,-0.0550921308548966,-0.173018454455968,303.740188094105,-4.82123386840812,51.8899964685552,29.9898055667261,45.0444077963445,70096.7968433777,4.53696072399274,5.824311301300359
39800,39.8,0.0398000000000006,5.93565257199184,0.0664924557092774,0.189791407262786,297.493943352841,-4.82101362848537,51.8886926034689,29.930435621443,45.0397171363636,69948.9855504393,4.54654791136003,5.8405546671535
39900,39.9,0.0399000000000005,5.7576903502401,-0.122339546859808,-0.122841845297991,300.251956183279,-4.82152588946076,51.915036914131,29.9783362997504,45.0350264763828,70089.2022343012,4.53745233242878,5.851929746849069
40000,40.0,0.0400000000000005,5.95357023437258,0.153010552946549,0.0621395199113724,297.584969074901,-4.82128151783628,51.8355929211681,29.9677618511583,45.0303358164019,69949.9752405961,4.54648358433632,5.8691968151888005
40100,40.1,0.0401000000000005,5.79458226207062,-0.148918285674595,-0.0882656616495446,299.744066494562,-4.82141415890839,51.938811080354,29.9680648371428,45.025645156421,70082.6714419773,4.53787516389701,5.87967471683263
40200,40.2,0.0402000000000004,5.9708754316651,0.0542877285392912,0.144738780453552,303.635704125474,-4.82119708980667,51.8969466111428,29.9407806368083,45.0209544964401,69955.1390711471,4.54614797967391,5.897158530017749
40300,40.3,0.0403000000000006,5.8100689306179,-0.052959367225225,-0.148159458288999,304.934608045074,-4.82072288133517,51.8990388305031,29.9979056384907,45.0162638364593,70084.1316870553,4.53778061453593,5.9079713741847115
40400,40.4,0.0404000000000005,5.98622721010555,0.0863452112669435,0.106176692041217,303.981994777265,-4.82080390945448,51.8837482304666,29.9570738011254,45.0115731764784,69960.8253846426,4.54577847541967,5.9255327194675385
40500,40.5,0.0405000000000005,5.87328347844813,-0.103552412750042,-0.0660861056408245,294.214653062277,-4.82066858515835,51.9425645931017,29.9684701883413,45.0068825164975,70059.4775281107,4.53937747435381,5.935457503640385
40600,40.6,0.0406000000000005,6.0168791441556,0.0914498971437795,0.094760369588432,294.611492788637,-4.82090482542897,51.8796244503113,29.9611492370177,45.0021918565166,69950.1996361924,4.54646899951884,5.954391075941444
40700,40.7,0.0407000000000006,5.90119063837887,-0.0767942859794732,-0.0989069236896469,300.037730332384,-4.82116330689843,51.9118649682944,29.9881838894742,44.9975011965358,70049.5248784807,4.54002242995656,5.963606300846243
40800,40.8,0.0408000000000005,6.04670499285444,0.0472991379600618,0.103836107212495,304.08649952681,-4.82104664083337,51.9062483150608,29.9532765438537,44.9928105365549,69953.1215499975,4.54627909533387,5.98246227201919
40900,40.9,0.0409000000000005,5.93555551459425,-0.0727709207149762,-0.0786241787604242,303.085070840674,-4.82005408022574,51.9397909772126,29.9807571491975,44.988119876574,70055.242025052,4.53965192272657,5.990187388116468
41000,41.0,0.0410000000000005,6.07443216736365,0.0924478136270939,0.0660347825700154,309.862034528633,-4.81962817724269,51.8971693053598,29.9713430775445,44.9834292165931,69968.4793119233,4.54528120781822,6.010604019798977
41100,41.1,0.0411000000000004,5.95415208769049,-0.075638939219064,-0.0643535848357607,306.776971440873,-4.81996338863706,51.9425572575686,29.9830096082844,44.9787385566123,70049.6262514904,4.54001585981819,6.018749548927534
41200,41.2,0.0412000000000006,6.08865255476346,0.0444461452293008,0.0932081402343062,303.932831140498,-4.82046130343782,51.9214782674659,29.9592077610901,44.9740478966314,69958.3167797579,4.54594148051489,6.03850147520729
41300,41.3,0.0413000000000005,5.9940590070782,-0.0639570655042237,-0.0946766095379351,301.024180121414,-4.82070740726728,51.922770908832,29.9934133076398,44.9693572366505,70032.6295219543,4.54111770937297,6.045244559817929
41400,41.4,0.0414000000000005,6.12308432051705,0.0903426312901444,0.0592363174011731,296.384842137971,-4.82050332289901,51.8994845228103,29.9712582789499,44.9646665766696,69942.2175954487,4.54698785782848,6.06607484616509
41500,41.5,0.0415000000000005,6.03288264374454,-0.123982767722098,-0.039700933324692,299.543135008173,-4.82073866797091,51.9701108585432,29.9679650459206,44.9599759166888,70022.3959069639,4.5417813834684,6.07435196032093
41600,41.6,0.0416000000000006,6.14671854639114,0.0784140617490211,0.0582082078001339,306.894755293602,-4.82045711417315,51.9104246462513,29.9731189979409,44.9552852567079,69946.7076377828,4.54669597607073,6.094571123116821
41700,41.7,0.0417000000000005,6.03132433752053,-0.0489176153272097,-0.119580041877492,305.371951154029,-4.81976984640114,51.9324314759665,30.0045985475459,44.950594596727,70042.5450312536,4.54047485016709,6.102588015723959
41800,41.8,0.0418000000000005,6.19251837712223,0.0397138618536059,0.118573048626053,298.858459437182,-4.81947332510175,51.9406246547506,29.9580822245191,44.9459039367461,69937.6919693587,4.54728209068491,6.122605418113005
41900,41.9,0.0419000000000005,6.0723049176386,-0.0982121728791319,-0.0433501771305769,298.813443737758,-4.82004023288869,51.966273678203,29.9827845078748,44.9412132767653,70022.6161253092,4.54176709974642,6.131369082674139
42000,42.0,0.0420000000000006,6.1910640171759,0.14135278079224,-0.0026382124908305,303.638668952027,-4.82067588442779,51.8873589363354,29.9924879114392,44.9365226167844,69931.608883806,4.54767764151566,6.150381120841844
42100,42.1,0.0421000000000006,6.12254961895307,-0.111975221827268,-0.0561250694018381,298.174341296355,-4.81981312675366,51.9682350596809,29.9865553143617,44.9318319568035,70019.4464263164,4.54197270026651,6.159028264040823
42200,42.2,0.0422000000000005,6.25029420083477,0.0276757927838253,0.10208972016449,300.2380348583,-4.81960748643528,51.9527614408211,29.9600446513323,44.9271412968226,69929.4122783821,4.54782049204233,6.177131069394757
42300,42.3,0.0423000000000005,6.145309607983,-0.0507152392195278,-0.12126210755229,304.953667008052,-4.81928380551323,51.9343563697075,30.0154873964722,44.9224506368418,70026.6891946516,4.54150293000561,6.186206865063342
42400,42.4,0.0424000000000005,6.23708012943022,0.0678079942997579,0.0509880937679839,309.578739854263,-4.819679406676,51.9289502152333,29.9865481276789,44.9177599768609,69944.5867242614,4.54683384448092,6.205393193616916
42500,42.5,0.0425000000000006,6.14826771094858,-0.154894082722881,0.0009196881484489,300.593467435353,-4.81981189096445,52.0109182130376,29.9727951010581,44.91306931688,70015.5494210026,4.54222550256392,6.215445122760563
42600,42.6,0.0426000000000005,6.28495358611679,0.095331700850365,0.0535559982304247,298.182988176555,-4.81989832404119,51.9171825545931,29.9884329680514,44.9083786568991,69918.526063068,4.54852858124092,6.232585554714404
42700,42.7,0.0427000000000005,6.18491488819243,-0.005339758103254,-0.13206894333786,295.776210608342,-4.81937923476003,51.9270821452253,30.0223519827847,44.9036879969183,70003.6433664986,4.54299803356091,6.242166355123933
42800,42.8,0.0428000000000005,6.31388646009757,-0.0006847936076624,0.160665191462875,305.616498186963,-4.81979973091037,51.9815488660255,29.9559787628711,44.8989973369374,69914.8407027585,4.54876834387974,6.2588367844534405
42900,42.9,0.0429000000000006,6.22180539180131,-0.0876905152697174,-0.0634043321673406,298.404055040424,-4.81814284165689,51.993115798813,29.9959286481079,44.8943066769565,70016.343244108,4.542174004251,6.268556103696775
43000,43.0,0.0430000000000005,6.35153579639207,0.156332896856094,0.0245509519763362,306.658824529507,-4.81835001734204,51.8964857178423,30.0137799805471,44.8896160169756,69920.5015213158,4.54840007203252,6.284407043887323
43100,43.1,0.0431000000000005,6.21516881187646,-0.109719802055437,-0.0671186097555291,299.52999577745,-4.81789859711158,52.0001851511796,30.0016550180908,44.8849253569948,70024.5957244726,4.54163870374131,6.294137803004744
43200,43.2,0.0432000000000005,6.38704043331781,0.0245779854797338,0.177516923857085,303.173246236607,-4.81963877609443,51.9867469048716,29.9554273282657,44.8802346970139,69891.3261162996,4.55029875419598,6.31000694013367
43300,43.3,0.0433000000000006,6.24247611303356,-0.0204679957452488,-0.196364275376894,295.917255816792,-4.81903500929592,51.9431799364395,30.0388489950487,44.875544037033,70019.9099304358,4.54194263420304,6.319592032979245
43400,43.4,0.0434000000000006,6.44403658279345,0.157971839284801,0.106210635403241,300.792522331156,-4.81950242017049,51.922943532455,29.9880998144195,44.8708533770521,69867.0782133667,4.5518779701204,6.335550539869916
43500,43.5,0.0435000000000005,6.23618190018451,-0.215876328276533,-0.0645499566335383,300.825210307287,-4.81901827440032,52.0604400914831,29.9825993597834,44.8661627170713,70031.9217047503,4.54116360674608,6.345183071429862
43600,43.6,0.0436000000000005,6.46504447376241,0.173320444427668,0.0977487952271424,307.35053430847,-4.8188435738958,51.9172311398365,30.000585889758,44.8614720570904,69873.8670079561,4.55143571944989,6.361020881543063
43700,43.7,0.0437000000000005,6.27373411027077,-0.061847332473481,-0.248552089157069,305.140990419083,-4.81827567120296,51.9597771115664,30.0528518097614,44.8567813971095,70045.6351691828,4.54027454227471,6.370662733057078
43800,43.8,0.0438000000000006,6.51677453650131,0.0365205865725325,0.254942001977982,298.115860297712,-4.81868033577883,52.0015605458151,29.9507587263399,44.8520907371286,69856.5120637555,4.55256646461037,6.386226325416947
43900,43.9,0.0439000000000005,6.2712112362606,-0.162845850905012,-0.137092413086528,299.449677345833,-4.81932386840842,52.0142702550222,30.0182480691747,44.8474000771478,70023.7109937688,4.5416960861215,6.396089617437915
44000,44.0,0.0440000000000005,6.51181421779874,0.249429864035304,0.0157788423933387,300.676947614269,-4.81909301751407,51.8783367912958,30.0284562488276,44.8427094171669,69857.1550798164,4.55252455947765,6.41209456516755
44100,44.1,0.0441000000000005,6.31712394946665,-0.183288162935204,-0.0881630053371495,301.719580458428,-4.81844643208926,52.0398580701095,30.0083382557536,44.838018757186,70020.3801549673,4.54191213261417,6.42258302714624
44200,44.2,0.0442000000000004,6.5444352226496,0.0456088411869559,0.233877606449845,298.251013268695,-4.81730649119905,52.0040568450913,29.9660114841104,44.8333280972051,69866.2035549661,4.55193495530211,6.438101936808212
44300,44.3,0.0443000000000006,6.35521240283469,0.0010965580801076,-0.216907751449816,300.922663759791,-4.81780904592746,51.9427447065023,30.0657037672777,44.8286374372243,70008.6667967286,4.54267205344015,6.447614539311347
44400,44.4,0.0444000000000005,6.52428555261085,0.105763672394404,0.0931051312626184,299.586823623459,-4.81917134854267,51.9584572101007,29.9993513950109,44.8239467772434,69867.9830283253,4.55181902169941,6.464188773794017
44500,44.5,0.0445000000000005,6.3897257821003,-0.198402189872591,0.0158650040212293,291.245828256376,-4.81809869718398,52.0720801516808,29.9876977930456,44.8192561172625,69986.2456233119,4.54412736850926,6.473498367162212
44600,44.6,0.0446000000000006,6.580447160454,0.163154307948527,0.0582738228921095,296.129552493023,-4.81783138481292,51.9332147779508,30.0188541533891,44.8145654572816,69864.8140785969,4.5520254845068,6.489566868782778
44700,44.7,0.0447000000000006,6.4501481261825,-0.0458004637376236,-0.127234130866043,302.100784106844,-4.81782751044036,51.9817073599453,30.0420858159055,44.8098747973008,69976.8441864678,4.54473787512703,6.499053064189007
44800,44.8,0.0448000000000005,6.59196424258876,0.0111150418813708,0.156005574943418,299.26785365244,-4.81744382993784,52.0174490940983,29.983655192211,44.8051841373199,69881.447501531,4.55094199571546,6.516282558346766
44900,44.9,0.0449000000000005,6.44027666602448,-0.0694422233047144,-0.0728950586159402,300.052234081387,-4.81827828228529,52.0076444561601,30.0312657625261,44.800493477339,69971.8923173397,4.54505950351857,6.526184115964503
45000,45.0,0.0450000000000005,6.56342072653181,0.126896695090964,0.0007430895114613,295.324543506342,-4.81898523966081,51.9520452877379,30.0267401974068,44.7958028173581,69879.2379852908,4.55108589225094,6.542362127722169
45100,45.1,0.0451000000000006,6.5136967670765,-0.100473978625412,-0.0061125591481821,296.928876249219,-4.81907154706914,52.0367569265273,30.0066015142653,44.7911121573773,69938.9131793177,4.54720269016347,6.551846925640988
45200,45.2,0.0452000000000005,6.60900093391799,0.020018424328044,0.062995539049717,303.058966855601,-4.81899118446176,51.9994531306819,30.0062598585315,44.7864214973964,69880.6611594869,4.55099320583529,6.569029762214582
45300,45.3,0.0453000000000005,6.54159554013441,0.0083712804419025,-0.0997347831040396,298.915983424415,-4.8175252199779,51.9828073327871,30.0484477217753,44.7817308374155,69949.183071243,4.5465350729285,6.578500238323997
45400,45.4,0.0454000000000005,6.60986543499147,-0.0029823423906139,0.0778812857850105,304.079524399199,-4.81761789060494,52.0128633606882,30.0132477381003,44.7770401774346,69900.3159178848,4.54971354535369,6.59554700343025
45500,45.5,0.0455000000000004,6.57015259934713,-0.0575604347077733,-0.0255290159312505,302.868771145468,-4.8175268867696,52.0422174727844,30.0173906216504,44.7723495174538,69942.0915694961,4.54699605087023,6.605819482763487
45600,45.6,0.0456000000000006,6.66322391653854,0.0714583704711892,0.0411313506924424,293.726784529258,-4.81747744242814,51.9894168814615,30.0243838888344,44.7676588574729,69880.086521894,4.55103062954083,6.624432102043463
45700,45.7,0.0457000000000005,6.59722880731159,-0.0223037919689716,-0.0766385802086192,293.358119745267,-4.81778412029426,52.0079669948557,30.0386900314454,44.762968197492,69931.0007697441,4.5477171877354,6.63292062328532
45800,45.8,0.0458000000000005,6.69397733564654,0.0073979639305579,0.0853304616329205,292.654454078942,-4.81711692228045,52.0227529140489,30.0122127833057,44.7582775375111,69881.9012365648,4.5509124469799,6.6506995299609635
45900,45.9,0.0459000000000005,6.62253675178601,-0.0191340662270504,-0.0620507301921144,303.250506845285,-4.81776872084789,52.0244088861366,30.0351759237992,44.7535868775303,69930.2664464056,4.54776494237781,6.6601722591212145
46000,46.0,0.0460000000000006,6.7266998165868,0.0601366012218502,0.0367055268125048,301.174882558051,-4.81709402941638,52.006374667753,30.025579630217,44.7488962175494,69876.3655079055,4.55127297827364,6.6793112136817685
46100,46.1,0.0461000000000005,6.65641737741423,-0.0987869403614245,-0.0057154533747886,301.469476963057,-4.81701803910087,52.0463438637311,30.0299805761026,44.7442055575685,69932.9871861767,4.54758801178402,6.687541835035794
46200,46.2,0.0462000000000005,6.74627150906199,0.0951777060284899,0.0095852311958905,299.211305136986,-4.81687676290165,51.9944840751518,30.038266583021,44.7395148975876,69875.2558775392,4.55134525322475,6.706142864177889
46300,46.3,0.0463000000000005,6.67790016335799,-0.0300468083148417,-0.0528631540409742,293.099272162646,-4.81736265887101,52.0212493657507,30.0439178267939,44.7348242376068,69917.0472832776,4.54862478484795,6.714883890383403
46400,46.4,0.0464000000000004,6.77639821477128,0.0451355102694364,0.0729005236741618,293.62124759332,-4.81742372038968,52.0305811817087,30.0143435238465,44.7301335776259,69853.427574248,4.55276749044374,6.734595876159448
46500,46.5,0.0465000000000006,6.6966312399074,-0.0520183326159858,-0.0310882586950988,297.433558598809,-4.81679454269921,52.0442229391345,30.038980403349,44.725442917645,69921.7623885489,4.54831805280964,6.742752849880462
46600,46.6,0.0466000000000005,6.79357078838613,0.0926339902968717,-0.0037616173632859,301.69513557061,-4.8165961709487,51.9984845080957,30.0469309684631,44.7207522576641,69871.4741102398,4.55159159307755,6.761326082771555
46700,46.7,0.0467000000000005,6.73783388091214,-0.0766514720250383,-0.0575924799067822,303.609184170362,-4.81675698936096,52.0601534485638,30.039841796403,44.7160615976833,69930.4995667473,4.54774978194676,6.769407151041925
46800,46.8,0.0468000000000005,6.825071029873,0.0046010189374844,0.0942976064173676,304.404355032945,-4.81731585843936,52.0431398809678,30.0215767601606,44.7113709377024,69857.8113570212,4.55248179091627,6.78768888857918
46900,46.9,0.0469000000000006,6.74542367317351,-0.0151459466723943,-0.124652500696626,297.178412975644,-4.81749157814344,52.0224320811285,30.0642886017342,44.7066802777215,69922.0263804195,4.54830088055286,6.795895514142716
47000,47.0,0.0470000000000005,6.87416224403861,0.0616661095403717,0.0976061602148398,295.167443289374,-4.81719308206114,52.0220873632151,30.0287261126459,44.7019896177406,69831.5265870512,4.55419535701621,6.812999294402916
47100,47.1,0.0471000000000005,6.76225403012496,-0.128133539948151,-0.0477475530787797,297.168316694928,-4.81653770568199,52.0782092640807,30.0426955841319,44.6972989577598,69932.0435316071,4.54764937638873,6.822245515854274
47200,47.2,0.0472000000000005,6.91994443687508,0.137623977216547,0.0350508948913593,297.143430567287,-4.81615580058208,51.9944228232452,30.0510552783328,44.6926082977789,69831.6317262011,4.5541885001776,6.8405685706344865
47300,47.3,0.0473000000000004,6.79119896002543,-0.0921171615873092,-0.0809091005273978,298.437047251839,-4.81599816925944,52.0625879970954,30.0591084291837,44.687917637798,69934.5791507044,4.5474844921963,6.850465850766066
47400,47.4,0.0474000000000006,6.94024280463367,0.0324093662316964,0.137966717921837,305.359263423164,-4.81635965799485,52.0664120923656,30.014446424899,44.6832269778171,69828.4688230778,4.55439478362151,6.868137099503123
47500,47.5,0.0475000000000005,6.8207680282079,-0.0773501142074356,-0.0882882678166313,301.895711079738,-4.81581473233517,52.0571253797335,30.0670811145294,44.6785363178363,69931.1046887044,4.5477104297406,6.877446992942475
47600,47.6,0.0476000000000005,6.957485616195,0.155635974331535,0.0183968886345296,301.167916259725,-4.81641121500369,51.9906392748198,30.0624307569683,44.6738456578554,69823.6568752851,4.55470865303063,6.893684543203048
47700,47.7,0.0477000000000005,6.83183270336875,-0.132920917174422,-0.026136918502098,296.738561227299,-4.8165608015204,52.0969832061049,30.0426129769951,44.6691549978745,69913.0123938628,4.54888729961263,6.904014290181094
47800,47.8,0.0478000000000006,6.99439871982124,0.0614978054484751,0.109914894014479,298.153686050565,-4.81635184569551,52.0488680860641,30.0311218539326,44.6644643378936,69814.3944309975,4.55531293722573,6.920828576291422
47900,47.9,0.0479000000000005,6.86834631703911,0.0005299078728674,-0.157835768504565,302.153427619598,-4.81561293936417,52.0338547204675,30.0892905647727,44.6597736779128,69922.1004780563,4.54829606064121,6.931325428445153
48000,48.0,0.0480000000000005,7.00797162424244,0.0540974068118197,0.135243734538648,300.398644157813,-4.81496721739856,52.0654323281118,30.0331993390387,44.6550830179319,69826.7740945033,4.55450532092012,6.947256625442972
48100,48.1,0.0481000000000005,6.85370879810971,-0.135348086121466,-0.0601864878859795,305.037597269602,-4.81583973150564,52.1171106015344,30.0504469637011,44.650392357951,69928.8756861123,4.54785538929038,6.958246628733354
48200,48.2,0.0482000000000006,7.05923745282056,0.16300609475325,0.026966100309191,297.005087828946,-4.81539667879638,51.9987160553892,30.0692760164155,44.6457016979701,69806.4005704217,4.5558345876217,6.974178689751177
48300,48.3,0.0483000000000005,6.91880943560396,-0.0767561523517923,-0.0978613579281362,298.852217414845,-4.81601533622445,52.0764630918894,30.0716601581545,44.6410110379893,69908.9705745622,4.54915029562491,6.985411874962335
48400,48.4,0.0484000000000005,7.05623112424517,0.0097220793702426,0.156504305547849,297.670469532965,-4.81564898705061,52.0965015396794,30.0202461918994,44.6363203780084,69808.9644153129,4.55566726737379,7.001162442470502
48500,48.5,0.0485000000000005,6.93164774234776,-0.0558905014386573,-0.121177011743327,300.883200438761,-4.81450569766503,52.0686911898892,30.0884118853789,44.6316297180275,69922.7776654269,4.54825201135209,7.01185287209919
48600,48.6,0.0486000000000004,7.0938212913202,0.158104192483986,0.0157930565214328,304.169474309871,-4.81466281488677,52.0260355863191,30.0703469558532,44.6269390580466,69816.2105258062,4.55519444210669,7.026890150801446
48700,48.7,0.0487000000000006,6.97137083896954,-0.180976992991967,0.013412341891163,300.700089274777,-4.81499225408815,52.144456874647,30.0446937214073,44.6222483980658,69908.0806981877,4.54920820282722,7.038537763258514
48800,48.8,0.0488000000000005,7.11589041841919,0.121672830803826,0.0563529357832441,301.069238195832,-4.81562738133823,52.0443484468592,30.0571993183409,44.6175577380849,69795.5737166727,4.55654129941098,7.053780887187443
48900,48.9,0.0489000000000005,6.98960778983606,-0.0471973971574218,-0.13442360911586,299.934087317217,-4.81542608525182,52.0608873389226,30.0980367302604,44.612867078104,69905.2620875416,4.54939162888541,7.065722085404314
49000,49.0,0.0490000000000005,7.13573340494644,0.020189532520114,0.145253001864743,302.290460969069,-4.81541670153775,52.093041327423,30.0380405063296,44.6081764181231,69801.6649302796,4.55614367470688,7.080998743787055
49100,49.1,0.0491000000000006,7.01969274838408,-0.101341149597792,-0.0634370958219389,301.602602044775,-4.81488359656643,52.1145003475791,30.0709223880432,44.6034857581422,69899.5094878444,4.54976603535977,7.09228307351448
49200,49.2,0.0492000000000005,7.18159934432093,0.139127265218342,0.0401536173363778,304.92100395309,-4.81377637306511,52.0303623015366,30.0832178406666,44.5987950981614,69807.8503042631,4.55573997437193,7.107533415074995
49300,49.3,0.0493000000000005,7.06570976015094,-0.0954010469057064,-0.0704719529669246,302.366254630671,-4.81322514307944,52.1198326332032,30.0794969926919,44.5941044381805,69911.8876648188,4.54896048123931,7.119399330051152
49400,49.4,0.0494000000000005,7.22388051971825,0.0299661619109787,0.145245186302644,299.040581820392,-4.81388447981097,52.1021347010055,30.04277293558,44.5894137781996,69795.4795270762,4.55654744850243,7.134506108053544
49500,49.5,0.0495000000000006,7.09166860472937,-0.0201381646466712,-0.147369293524113,296.151084494999,-4.81414099853458,52.0750337317886,30.1024225609811,44.5847231182187,69890.3284884256,4.55036370602794,7.145643852009541
49600,49.6,0.0496000000000006,7.22215305196324,0.0985770525718018,0.0658826927818194,299.887013699894,-4.81481580740666,52.0599991189377,30.0707634461687,44.5800324582379,69789.3239001735,4.55694934960263,7.161174655969942
49700,49.7,0.0497000000000005,7.10474410243127,-0.14215981325804,-0.0190216339448298,302.842579588636,-4.81516911573086,52.1507527087019,30.0611544037998,44.575341798257,69881.2906389344,4.55095221121909,7.172893736137335
49800,49.8,0.0498000000000005,7.26522131706704,0.0921271460211256,0.0743889681799623,301.891700779541,-4.81426613710557,52.0718505970394,30.071004889102,44.5706511382761,69791.0821759361,4.55683454448221,7.188688470809787
49900,49.9,0.0499000000000005,7.14826572539167,-0.0314998530913856,-0.147252433527754,309.006190688683,-4.81421348759273,52.0795194254803,30.1108567099809,44.5659604782953,69886.5096532495,4.55061235328578,7.1996096524817945
50000,50.0,0.0500000000000006,7.28057123009308,0.0428662822662055,0.120796529538155,298.970851744093,-4.81317422482401,52.1205858187163,30.0523794553816,44.5612698183144,69798.4390337527,4.55635424743974,7.2151982616085535
50100,50.1,0.0501000000000005,7.16197886289439,-0.122318212278272,-0.0265982989514629,296.914029318097,-4.8139797412803,52.1500090933407,30.0716662263221,44.5565791583335,69875.3057556544,4.55134200440143,7.226852300582974
50200,50.2,0.0502000000000005,7.31079609772268,0.16017439186165,0.0019169093016538,297.966312286242,-4.8143042670259,52.0457250380075,30.0932067128208,44.5518884983526,69778.1818600994,4.55767699413155,7.242753347477912
50300,50.3,0.0503000000000005,7.18556870276607,-0.0999498175333247,-0.0745241724656574,301.811300530736,-4.81446226074104,52.1261008410328,30.0903987155585,44.5471978383718,69872.0641027811,4.55155315990506,7.254015600647797
50400,50.4,0.0504000000000004,7.33156650150732,0.0183796331351899,0.138600540722703,301.078521482625,-4.81362275811549,52.1207001464623,30.0587016494619,44.5425071783909,69783.8807788319,4.55730479025712,7.2696925245698525
50500,50.5,0.0505000000000006,7.21180189329606,-0.0195579862333804,-0.122134688505097,306.157870763689,-4.81374031472355,52.0975003667127,30.1138176635983,44.53781651841,69873.3595112492,4.55146877695071,7.281420732873718
50600,50.6,0.0506000000000005,7.33387048889032,0.053524313806784,0.0647757166419275,299.168328770865,-4.81279026243195,52.0976919624938,30.0860029710213,44.5331258584291,69801.7253702553,4.55613972962943,7.2962135275944675
50700,50.7,0.0507000000000005,7.257845542819,-0.0965324202167083,-0.0178403123272873,300.849538636136,-4.8140462323447,52.1560395021902,30.0766543083527,44.5284351984482,69850.8287774135,4.55293687594638,7.30639182934404
50800,50.8,0.0508000000000006,7.34883941202459,0.0633087250141842,0.0371664389722917,298.511255050802,-4.81424479120896,52.1007721689455,30.0837911895685,44.5237445384674,69786.0163306751,4.5571653302169,7.322081411636105
50900,50.9,0.0509000000000006,7.29090143095739,-0.0175149705151856,-0.0848541879438796,304.568900593284,-4.81453110668472,52.1095801876541,30.1049270178356,44.5190538784865,69839.4931965444,4.55367585874518,7.333840830746336
51000,51.0,0.0510000000000005,7.39120049693109,0.0260893356813583,0.0565473116791784,301.114780935939,-4.81305633072993,52.1298074661029,30.0776887341756,44.5143632185056,69796.0341858781,4.55651123829109,7.348063449419202
51100,51.1,0.0511000000000005,7.35174788750686,-0.0661365628259861,-0.0056852583352271,302.962246386999,-4.81297514614867,52.1360135245571,30.0960041091047,44.5096725585247,69839.4897114433,4.55367608598082,7.35933707467638
51200,51.2,0.0512000000000005,7.39918182913141,0.0957580466752001,-0.0341684833293902,305.055900499165,-4.81337523984396,52.0997671150094,30.1026310246418,44.5049818985439,69798.9462451046,4.5563211375617,7.373984501272064
51300,51.3,0.0513000000000006,7.36797020138695,-0.0690479384506054,0.0143916638549127,304.232016391414,-4.8134736222952,52.161122800683,30.0824180363745,44.500291238563,69826.8622014413,4.55449957408423,7.385209238744591
51400,51.4,0.0514000000000005,7.41059458360403,-0.0132510987072332,0.0399941908642949,301.842848470132,-4.81328157673725,52.143806003057,30.0841613659322,44.4956005785821,69800.3676101851,4.55622835587613,7.400089205389488
51500,51.5,0.0515000000000005,7.39527996774144,0.0124665401695783,-0.0760062097794676,298.068734654323,-4.81286659681914,52.1081828641195,30.1179716568906,44.4909099186012,69823.7125613485,4.55470502054268,7.41172451306457
51600,51.6,0.0516000000000005,7.45091794932768,0.0154289136998377,0.0239554766887266,299.335912171346,-4.81291590766091,52.1220701114121,30.1004684768322,44.4862192586204,69794.3728233169,4.55661970000333,7.426191216134486
51700,51.7,0.0517000000000004,7.41116349919677,-0.0263766025985406,-0.0385990508536262,302.900822308565,-4.81310854550473,52.165864429655,30.0911027927905,44.4815285986395,69823.9182197278,4.55469160517905,7.4374360500650845
51800,51.8,0.0518000000000006,7.46872262916276,0.0090765892944292,0.0481292252040838,302.789052356052,-4.81266934752146,52.139617559687,30.0937901398058,44.4768379386586,69787.6594447844,4.55705803413171,7.452631879158563
51900,51.9,0.0519000000000005,7.44571351337489,0.013195050497795,-0.0450008425014576,301.49732595872,-4.81230029128864,52.130085327102,30.1153026834539,44.4721472786777,69817.4154274237,4.55511582903976,7.464406494929643
52000,52.0,0.0520000000000005,7.49895417810016,0.0149318564506972,0.030672570838501,297.707413063153,-4.8120612127012,52.1478789482646,30.0971599582935,44.4674566186969,69791.8089751794,4.55678709043356,7.479486431456234
52100,52.1,0.0521000000000005,7.47970603380625,-0.0582990865741038,0.0209883877679002,301.137126927945,-4.81328896149328,52.1589221478642,30.0970935307065,44.462765958716,69799.0709584113,4.55631299656687,7.491576775149638
52200,52.2,0.0522000000000006,7.4942436647945,0.0627072845250249,-0.0505715552951472,299.764514755323,-4.81348861770085,52.1182421038978,30.1164051978013,44.4580752987351,69782.0217320806,4.55742620036326,7.506332263151948
52300,52.3,0.0523000000000005,7.51339555317693,-0.0086167845244164,0.0202925266726473,294.470780386992,-4.81189635494325,52.1490056499846,30.1079493673953,44.4533846387542,69796.2424032479,4.55649764522716,7.517657087347635
52400,52.4,0.0524000000000005,7.55326945416575,-0.0279076664929814,0.0668811276168437,301.992555092954,-4.81177184764341,52.1734423647961,30.0927298591261,44.4486939787734,69786.2855846313,4.55714774746716,7.532413487554489
52500,52.5,0.0525000000000005,7.54723248449461,0.0301009279872301,-0.0398660690847753,300.084699599347,-4.81158300938803,52.1379195550399,30.1222014010211,44.4440033187925,69799.7033623271,4.55627171515675,7.544273960410531
52600,52.6,0.0526000000000006,7.56323318656329,0.0135875683764554,0.0125675451267939,300.242532871171,-4.81216931608203,52.1416780204823,30.1160968694357,44.4393126588116,69783.2227018198,4.55734776702723,7.559420633586047
52700,52.7,0.0527000000000006,7.55507763233239,-0.0110990284078775,-0.0015508196927851,299.86034473195,-4.81265367882904,52.1804989759456,30.0986731208236,44.4346219988307,69787.4079763781,4.5570744548035,7.571141167750061
52800,52.8,0.0528000000000005,7.58404322489816,-0.0295870569696815,0.0314750313624838,297.239677464823,-4.81236766076859,52.1666821535701,30.1068963642378,44.4299313388499,69780.6235300889,4.55751751801089,7.586755257469868
52900,52.9,0.0529000000000005,7.59648034187817,0.0685568532320189,-0.0783639877982853,303.582564474264,-4.8118441810969,52.1300355502148,30.1346158222409,44.425240678869,69788.4366300465,4.55700728534705,7.597666343636088
53000,53.0,0.0530000000000004,7.60451879367556,-0.0534676885450752,0.0177928412809613,302.387786236789,-4.81091077263787,52.1845033095573,30.1125753138454,44.4205500188881,69802.8870047207,4.55606390799559,7.61313714259492
53100,53.1,0.0531000000000006,7.64070286551962,-0.0231489307755162,0.0377521454150817,300.638222770515,-4.81108628703082,52.1896967633129,30.1029447927055,44.4158593589072,69780.1381432545,4.55754921985413,7.624497449636346
53200,53.2,0.0532000000000005,7.64030006350679,0.0213694856522373,-0.0555328939610069,296.797854765548,-4.81136257130108,52.1550589007755,30.1290507306797,44.4111686989264,69786.9295445444,4.55710569631967,7.639594733001149
53300,53.3,0.0533000000000005,7.65734044720893,-0.0054334952370161,0.0098672738671875,300.052639205702,-4.81195311649258,52.1547584944293,30.1251256704313,44.4064780389455,69770.0663273622,4.55820713519059,7.650900996759896
53400,53.4,0.0534000000000005,7.65103081076532,-0.0109444516370397,-0.0260029031353936,300.759100062593,-4.81175753155483,52.1824972362418,30.1190141894735,44.4017873789646,69785.6398340814,4.55718991632412,7.666083126088862
53500,53.5,0.0535000000000004,7.70475692418739,-0.0085874973179639,0.0206084370917676,298.188754805295,-4.81110867104117,52.1837112133488,30.1147965621073,44.3970967189837,69770.119497352,4.55820366149972,7.677607816928063
53600,53.6,0.0536000000000005,7.67878157790366,0.017954923769107,-0.0515374931285503,297.89312463777,-4.81083602841689,52.1729116198271,30.1303758539543,44.3924060590029,69784.3933855947,4.55727131421553,7.693165096314588
53700,53.7,0.0537000000000005,7.72537450409436,0.0274967171892857,0.0093137075634408,300.954571428008,-4.81106858504052,52.1787138805599,30.1193854648986,44.387715399022,69759.3249957121,4.5589089942549,7.705188807702211
53800,53.8,0.0538000000000005,7.72067595965382,-0.0322586735544485,0.0127329374685297,299.002671218252,-4.81079815460856,52.1849412143357,30.1254286325497,44.3830247390411,69774.2745665475,4.55793221974359,7.72070729204402
53900,53.9,0.0539000000000006,7.7411772921591,0.0451928500760278,-0.0124105710560208,295.820867181613,-4.81046975636271,52.1638921578161,30.134394475436,44.3783340790602,69759.5150297194,4.55889657519286,7.73284740995505
54000,54.0,0.0540000000000006,7.72165538121674,-0.0370827291499605,0.0035042718997692,301.748144355201,-4.81115190321676,52.190267035507,30.1302976025589,44.3736434190794,69777.9215898455,4.55769399417572,7.747805739001604
54100,54.1,0.0541000000000005,7.76766394568909,0.0350124532176773,0.0090801208610247,300.654293726636,-4.81108227655863,52.1810136198901,30.1261360621837,44.3689527590985,69748.5401931105,4.55961391128178,7.759853759571099
54200,54.2,0.0542000000000005,7.75819678868258,0.0159687226962417,-0.0224202554729315,296.79754623596,-4.81050626443146,52.1889251297966,30.1329099665327,44.3642620991176,69767.4241166805,4.55837976222583,7.774994778517568
54300,54.3,0.0543000000000005,7.78417027741186,-0.0088505988473038,0.0332274705189142,301.244218316883,-4.81074520483397,52.1959787574867,30.1256819458532,44.3595714391367,69752.7403333784,4.55933935550227,7.787219887967414
54400,54.4,0.0544000000000006,7.784491564562,0.0058765453925937,-0.0425695509939003,298.231915380101,-4.80983585394345,52.1921040181682,30.1415197620479,44.3548807791559,69776.851187827,4.55776391084246,7.802506347094026
54500,54.5,0.0545000000000005,7.8346027029861,-0.0027452540334576,0.0527232742132724,301.332621068358,-4.80965010163651,52.1907358105636,30.1340057807664,44.350190119175,69750.2507037633,4.55950209421891,7.8141015695874705
54600,54.6,0.0546000000000005,7.80765703434613,0.0076507456017355,-0.0342146971001734,300.623790338775,-4.80962644319585,52.1970000955499,30.1435028323217,44.3454994591941,69773.2274839131,4.55800062035867,7.829284890182065
54700,54.7,0.0547000000000005,7.84748214473083,0.0258544756369211,0.0259723683555254,297.764750238651,-4.81042192420913,52.1943698120644,30.1336224538344,44.3408087992132,69739.4650332355,4.56020725143994,7.841715868776971
54800,54.8,0.0548000000000004,7.84612020408282,-0.014531526906928,-0.0004844946703781,296.953759022285,-4.81051622325584,52.2040898967702,30.1384253530742,44.3361181392324,69756.1900856631,4.55911387599516,7.856453790616976
54900,54.9,0.0549000000000006,7.89322232567624,0.0324217486804724,-0.0170480805851882,299.483167316126,-4.81031819773723,52.1972885716468,30.1391458005199,44.3314274792515,69741.3900308552,4.56008138087584,7.868530897930268
55000,55.0,0.0550000000000005,7.87994972001585,-0.0401414819612627,0.0023470952948739,301.368219331645,-4.8096400416973,52.213923070473,30.1421530527963,44.3267368192706,69763.1941652599,4.55865615044431,7.883447899298552
55100,55.1,0.0551000000000005,7.90343973691712,0.0302666353836856,-0.0270999326111103,310.056919661273,-4.80985032188285,52.1936669762525,30.1506117947442,44.3220461592897,69748.3183090704,4.55962841637065,7.895914064457017
55200,55.2,0.0552000000000005,7.90210610362675,-0.0023559872250239,-0.0260220561563807,313.433412102754,-4.80913986083842,52.2101320802568,30.1518865037516,44.3173554993089,69765.8867902563,4.55848020841783,7.91099093943401
55300,55.3,0.0553000000000006,7.91907480240889,-0.0316506770606448,0.0164283491145846,306.022865547852,-4.80846059687825,52.2328643688908,30.1415973846749,44.312664839328,69765.0604795221,4.55853419993023,7.923170109527906
55400,55.4,0.0554000000000005,7.95608112782499,0.0381630071210047,-0.0052008416711861,297.760704820581,-4.80870715915245,52.2056730835954,30.1524257682517,44.3079741793471,69746.4087038826,4.55975325563105,7.937816404709556
55500,55.5,0.0555000000000005,7.94970487775627,-0.0094298814161773,-0.021182339116098,299.068874486875,-4.8094577654759,52.200304630563,30.1586838908213,44.3032835193662,69746.3263655143,4.55975863860479,7.950025130010092
55600,55.6,0.0556000000000005,7.97045190535985,0.0167150015724982,0.0049771711879129,299.392801524401,-4.80987013341028,52.224947652184,30.1391683512521,44.2985928593854,69726.7156189751,4.56104107776957,7.964525816529834
55700,55.7,0.0557000000000006,7.96294166774884,-0.0632864921553023,0.038830731566195,296.926243941106,-4.80975305667504,52.2421803614712,30.13965082628,44.2939021994045,69743.4542408162,4.55994641530076,7.976470901749207
55800,55.8,0.0558000000000006,8.01648866114327,0.045929629043444,-0.0281116406965337,302.162190645983,-4.80957129474965,52.1989224015754,30.1600703144897,44.2892115394236,69725.5319063104,4.56111850940674,7.991745863777654
55900,55.9,0.0559000000000005,7.97411754390666,-0.0126605404073439,-0.052271084963792,307.985392656524,-4.80921094394274,52.2292972812965,30.1593984540586,44.2845208794427,69757.1627387935,4.55905030637436,8.002946214346185
56000,56.0,0.0560000000000005,8.03855967806226,-0.0268859471785542,0.0788458680572475,302.13983460965,-4.80860832750411,52.2409649743209,30.1398063200937,44.2798302194619,69720.0347108144,4.56147813860415,8.01899568727453
56100,56.1,0.0561000000000004,8.00190673332457,0.01951533020324,-0.0872364752637013,300.912142248431,-4.80894758617994,52.220190373662,30.1698875892815,44.275139559481,69754.4761554207,4.55922589752527,8.029800055631577
56200,56.2,0.0562000000000006,8.08785268009727,0.0143737490212032,0.0610036472134272,296.871807969548,-4.80864559890901,52.2153615244466,30.1547424542774,44.2704488995001,69705.6270936522,4.56242096106275,8.045862217044355
56300,56.3,0.0563000000000005,8.01949180961728,-0.0418531623871524,-0.0448905252253507,299.481915292719,-4.80892924485813,52.2538325958675,30.155198821849,44.2657582395192,69750.6491150052,4.55947605063487,8.055958178506708
56400,56.4,0.0564000000000005,8.10364875739995,0.034686483098378,0.040281520839355,298.904957080362,-4.80866007441002,52.2332866956178,30.1505885579001,44.2610675795384,69705.1768125515,4.56245043336347,8.07363069587365
56500,56.5,0.0565000000000005,8.05024694525884,-0.0306177046640639,-0.0489883421718258,302.724822387836,-4.80883131870656,52.2340512290394,30.1715769737521,44.2563769195575,69747.328527135,4.55969312190037,8.08328508264715
56600,56.6,0.0566000000000004,8.1336248421968,0.0595352300920068,0.0016606363132326,310.507511718646,-4.80899255080351,52.2239265627955,30.1605599102979,44.2516862595766,69700.9578460742,4.56272659636075,8.100238543757909
56700,56.7,0.0567000000000005,8.08644649813142,-0.093865341632679,-0.0119621754184682,308.831861587443,-4.80795438627743,52.2683424144533,30.163075104914,44.2469955995957,69758.6600907746,4.55895244751355,8.10921065308487
56800,56.8,0.0568000000000005,8.14520576121236,0.0606067058715564,0.0101790739323524,303.740455600717,-4.80799637416195,52.2367071713054,30.1632319748529,44.2423049396149,69709.4107315086,4.56217332522013,8.126877720052757
56900,56.9,0.0569000000000005,8.09586257748606,-0.0442272856502142,-0.0150715668356475,298.289723268548,-4.80818134167945,52.2425158181376,30.1766467499316,44.237614279634,69740.7734368249,4.56012169759185,8.135481357183643
57000,57.0,0.0570000000000006,8.19843303332734,0.0523860561170164,0.0433945320750909,298.402796140073,-4.80831533380209,52.2218073502395,30.168531048914,44.2329236196531,69686.9902565716,4.5636411184527,8.15271691364228
57100,57.1,0.0571000000000006,8.13135980995357,-0.0395303137699251,-0.0425960276150506,299.667653292197,-4.8083590820798,52.2647573378573,30.1686090883166,44.2282329596722,69737.0889296581,4.56036262822624,8.16184271124945
57200,57.2,0.0572000000000005,8.20573322393636,0.0087329585383767,0.0629238052650297,304.17612577978,-4.80809765357219,52.2575385207973,30.1573327388962,44.2235422996914,69694.002035681,4.56318197932275,8.178165710254063
57300,57.3,0.0573000000000005,8.13706389304354,-0.0284863791311825,-0.0894634496568019,309.048665450104,-4.80768966150112,52.2690895891323,30.1793689394294,44.2188516397105,69752.9452206375,4.55932596322842,8.1874436638454
57400,57.4,0.0574000000000005,8.24330336694703,0.0092460487853488,0.0699774498960248,302.535710327306,-4.80712353092437,52.2573441146607,30.1626105372618,44.2141609797296,69691.152776294,4.56336854086709,8.203799691988216
57500,57.5,0.0575000000000006,8.1892351334622,-0.0086716636920929,-0.0578803066384505,293.671713581358,-4.8070315584625,52.2637542236896,30.180674899767,44.2094703197487,69734.0456465405,4.56056164829554,8.213755931016559
57600,57.6,0.0576000000000005,8.26943797392912,0.0178076719889323,0.0395819181941342,297.095795155444,-4.80752205473558,52.2624368768222,30.1641552083647,44.2047796597679,69686.7246878077,4.56365851000807,8.229850524592146
57700,57.7,0.0577000000000005,8.19637887120967,-0.0660709609536849,-0.0291097231941514,301.342673206103,-4.80789848975212,52.278283429207,30.1771248372404,44.200088999787,69730.4266179373,4.56079834271793,8.239918479215348
57800,57.8,0.0578000000000005,8.28296436788221,0.0595688371635103,0.0113230073374292,305.154736697376,-4.80795609392673,52.2451017910916,30.1782148878533,44.1953983398061,69681.2894925206,4.56401447895477,8.254587673834651
57900,57.9,0.0579000000000004,8.22413256068548,-0.0752563327841602,-0.0327402903858176,304.512962471057,-4.8072691138379,52.2887431727725,30.181334090525,44.1907076798252,69739.3013681232,4.56021795339447,8.264346792664774
58000,58.0,0.0580000000000006,8.31739969186371,0.0573944453138659,0.0489253588218295,303.563551418312,-4.80649940583203,52.2688557059714,30.1713652321802,44.1860170198444,69682.3534435467,4.56394479290589,8.279889440420524
58100,58.1,0.0581000000000005,8.24455018303849,-0.0619384977496599,-0.0844383247968306,305.574576061242,-4.80681399440291,52.2852427652364,30.1938136006431,44.1813263598635,69748.656730742,4.55960629297583,8.29021045302464
58200,58.2,0.0582000000000005,8.36843901309744,0.0519071402305926,0.0645637575295599,303.530577339173,-4.80776763842684,52.2561142000343,30.1733936134285,44.1766356998826,69655.2586419019,4.56572009575154,8.30528407262943
58300,58.3,0.0583000000000006,8.25537838649521,-0.0941341716499045,-0.0545257780925649,297.202754262819,-4.80721587765377,52.2972838439218,30.1880016879536,44.1719450399017,69736.4800065568,4.56040244827673,8.314534057270997
58400,58.4,0.0584000000000006,8.4116868022562,0.0891428512407296,0.0949191584885776,294.828244493569,-4.80651970925778,52.2491837026383,30.1789628407178,44.1672543799209,69644.0827143478,4.56645276613837,8.329883666463502
58500,58.5,0.0585000000000005,8.23574409308248,-0.0696163588139764,-0.135518915612896,302.277465057802,-4.80654874374504,52.2941365643613,30.2090872697342,44.16256371994,69766.1693064588,4.55846174897638,8.339254359020284
58600,58.6,0.0586000000000005,8.46731813721131,0.0637698656839545,0.143564699034374,301.670937242651,-4.80557262058778,52.293526645031,30.1573581017953,44.1578730599591,69638.4940948125,4.56681923252262,8.354367673280011
58700,58.7,0.0587000000000005,8.26299142612802,-0.13799902871273,-0.110463712172925,301.499252171885,-4.80605925515762,52.323584917129,30.2012884873243,44.1531823999782,69772.6109491698,4.55804089641692,8.362816606929133
58800,58.8,0.0588000000000006,8.51343014194,0.230597459572398,0.0904474586321191,292.966685096424,-4.80633331418363,52.2155018517772,30.1900259639353,44.1484917399974,69595.124192998,4.56966515749245,8.37877020608571
58900,58.9,0.0589000000000005,8.25074410402406,-0.196393330527194,-0.130370375186334,297.205858434306,-4.80665188052166,52.3348018384882,30.2060792685172,44.1438010800165,69783.808547138,4.55730950742364,8.387570413400114
59000,59.0,0.0590000000000005,8.54168654244023,0.150874539240851,0.194704498461686,301.166567530192,-4.80628659405287,52.2763445995915,30.1580875336321,44.1391104200356,69587.7165297314,4.57015160168714,8.403449978910395
59100,59.1,0.0591000000000005,8.26961922509343,-0.164547400164103,-0.203122169586943,303.334522387961,-4.80592610359965,52.318162884576,30.2280008978133,44.1344197600547,69797.4141694588,4.55642115027323,8.411589613055432
59200,59.2,0.0592000000000004,8.58305764880495,0.216039869019268,0.141172248798466,300.807198037104,-4.80575124823095,52.2411810304072,30.1821493567457,44.1297291000739,69581.6001559638,4.57055332793816,8.42762688102461
59300,59.3,0.0593000000000006,8.27394241837312,-0.219538372722469,-0.145418508213329,295.744680181361,-4.80635495673531,52.368475848499,30.202459199104,44.125038440093,69790.6651193008,4.55686177531716,8.435440174586443
59400,59.4,0.0594000000000005,8.60116617409563,0.174974371443303,0.211667696503011,299.850644964799,-4.80691371477924,52.2505230477764,30.1734978255495,44.1203477801121,69559.3039456598,4.57201835148533,8.45093288463471
59500,59.5,0.0595000000000005,8.3025013818874,-0.113328367758273,-0.264700056017473,299.280189221926,-4.80617119622489,52.3026011778343,30.2476930872407,44.1156571201312,69792.426620007,4.5567467640527,8.457633603039925
59600,59.6,0.0596000000000005,8.62383653453008,0.167620186356688,0.205716646727264,301.591908507562,-4.80575684133584,52.2878577355814,30.1646026062828,44.1109664601504,69573.6887994622,4.57107305425152,8.474824197522462
59700,59.7,0.0597000000000006,8.35058936316641,-0.215267836368376,-0.113143749787176,299.17411053797,-4.80526232050316,52.3802552195618,30.2043362983685,44.1062758001695,69781.0172339326,4.55749180453986,8.482340865231661
59800,59.8,0.0598000000000005,8.62355940416812,0.215536997803963,0.0847197048022872,305.981110008142,-4.80609757740915,52.2368943338622,30.2063801487467,44.1015851401886,69587.3393953706,4.57017637000301,8.4992775651051
59900,59.9,0.0599000000000005,8.37743224930027,-0.15963698241931,-0.159850045331,304.75823555626,-4.8062154650947,52.3339552270613,30.229890998027,44.0968944802077,69763.4814177788,4.55863738008716,8.505753496379421
60000,60.0,0.0600000000000005,8.63807672389422,0.109624095269041,0.168933607729089,292.30270603109,-4.80564004772576,52.3127678959034,30.1685825325963,44.0922038202269,69586.4067127815,4.57023762512641,8.523546893359615
60100,60.1,0.0601000000000006,8.41494917367842,-0.100132847017916,-0.138642187288913,293.719357663389,-4.80639763110011,52.3302810592801,30.2252967117722,44.087513160246,69733.1433835365,4.56062065647806,8.530378406349731
60200,60.2,0.0602000000000006,8.63744031106165,0.143308054841359,0.087278344928751,296.929270672122,-4.80575417636942,52.2728315270366,30.2030792959376,44.0828225002651,69597.9811307198,4.56947757663805,8.548312468426715
60300,60.3,0.0603000000000005,8.47783307895475,-0.111473063309244,-0.0783447652426935,297.496388210349,-4.80497184086516,52.3555035405011,30.2155281904249,44.0781318402842,69729.3651003808,4.56086777354532,8.554600565743282
60400,60.4,0.0604000000000005,8.65777391434011,0.0681717995819622,0.113510155422122,305.45472552871,-4.80537694056955,52.3130120056429,30.1916969139793,44.0734411803034,69610.4129042032,4.56866151036578,8.573267028276584
60500,60.5,0.0605000000000004,8.49705729160673,-0.0820793383023912,-0.123983582259956,304.20468731072,-4.80495362422312,52.3330560955273,30.2352080420825,44.0687505203225,69730.0209011102,4.56082487924565,8.578929543527117
60600,60.6,0.0606000000000006,8.66527828441308,0.100964864420103,0.0864383133526567,305.313851195691,-4.80524364334511,52.302517908899,30.205369178705,44.0640598603416,69613.1447937929,4.56848221838212,8.597403004565486
60700,60.7,0.0607000000000005,8.52106328138447,-0.12478202957291,-0.0682815966738994,298.84443541477,-4.80544095004299,52.3666079591977,30.2152462571992,44.0593692003607,69713.8161282118,4.56188502966493,8.602413438792333
60800,60.8,0.0608000000000005,8.70805908826112,0.105864704208669,0.0639841617189679,296.949893671461,-4.80526328920482,52.3043177091127,30.2047864510709,44.0546785403799,69599.3762484711,4.56938598157464,8.622173935187949
60900,60.9,0.0609000000000005,8.55431557475976,-0.103896177081132,-0.0715557072404878,298.375108681763,-4.8044618884479,52.3497546814229,30.2311296431433,44.049987880399,69713.1681353189,4.56192743297489,8.626137941372807
61000,61.0,0.0610000000000004,8.711004303413,0.0824050279417021,0.0884637745290882,304.639206046485,-4.80445640003728,52.3130836776824,30.2120161019408,44.0452972204181,69612.8754818646,4.56849989250845,8.647587842633458
61100,61.1,0.0611000000000005,8.57614344868548,-0.0939881688215821,-0.0840579678068145,301.062338358541,-4.8040517788079,52.3580727674288,30.2339114783967,44.0406065604372,69715.8105903092,4.56175452115176,8.650524410541902
61200,61.2,0.0612000000000005,8.76420527745527,0.114399225972,0.0870471991047194,293.372704512475,-4.80338992091272,52.3222844736175,30.2067330415643,44.0359159004564,69598.1168376125,4.56946866677624,8.67323042503165
61300,61.3,0.0613000000000005,8.59586921223847,-0.137443234497294,-0.0682962214810227,295.25299735465,-4.80408640412613,52.377227836832,30.2288359810216,44.0312252404755,69714.7546998377,4.56182361288353,8.676522301202661
61400,61.4,0.0614000000000004,8.76786977365054,0.118773335548301,0.0805901794720924,291.233509673157,-4.80456149826573,52.3130178751186,30.2141529363873,44.0265345804946,69588.0553823388,4.57012934775609,8.699319834498125
61500,61.5,0.0615000000000006,8.60724759531055,-0.0889901824935764,-0.0934376666242338,293.080786009359,-4.80477637700912,52.3671870910453,30.2340603132074,44.0218439205137,69698.5833723781,4.56288203817552,8.703327753819618
61600,61.6,0.0616000000000005,8.81471691970127,0.077093200375674,0.131619705428329,301.313572612313,-4.80440477345904,52.3339506932146,30.2052491135959,44.0171532605329,69580.5559710615,4.57062191754216,8.725803280649227
61700,61.7,0.0617000000000005,8.62847146010013,-0.076662339477275,-0.145253940734514,298.31264352489,-4.80354371137866,52.3617999671387,30.2523954780835,44.012462600552,69718.8163743757,4.56155785044264,8.730355616971757
61800,61.8,0.0618000000000005,8.8620790670618,0.136987348468568,0.139237999440599,295.174508131774,-4.80272116362831,52.3244284819077,30.2148538543551,44.0077719405711,69575.1854655444,4.57097472364768,8.751285017826488
61900,61.9,0.0619000000000006,8.66138484375664,-0.148246923814721,-0.114601479639005,300.064994642276,-4.80293181222322,52.4005780935925,30.2417105864289,44.0030812805902,69730.9400131224,4.56076476376562,8.75704374429957
62000,62.0,0.0620000000000005,8.91234571436724,0.150992848034843,0.118805265521827,300.157497021109,-4.80305561110165,52.3210058349309,30.2187289321938,43.9983906206093,69564.7243341805,4.57166210604591,8.777349584031997
62100,62.1,0.0621000000000005,8.66106246849895,-0.155917376481136,-0.151625785622236,302.705756257897,-4.80421665475216,52.3891352093857,30.2527397393242,43.9936999606285,69726.2693708453,4.56107026843285,8.78401996241086
62200,62.2,0.0622000000000005,8.92415300774019,0.145537611540063,0.172926285451347,293.670192563423,-4.8035589668317,52.3356535316155,30.2096318973702,43.9890093006476,69548.4197007222,4.57273386691776,8.803500292251599
62300,62.3,0.0623000000000004,8.67830428549353,-0.133192607228893,-0.16064864729547,297.41784656244,-4.80335727394124,52.3927432559098,30.258220928074,43.9843186406667,69728.8329858784,4.5609025784285,8.81118166671953
62400,62.4,0.0624000000000006,8.96355368464283,0.140883154990202,0.171741324269339,300.584570992143,-4.80245701873673,52.3358619593949,30.2172110557931,43.9796279806858,69551.3094076461,4.57254387968634,8.82905700848553
62500,62.5,0.0625000000000005,8.68398187020539,-0.149368910230614,-0.157862591106659,301.780465180659,-4.80247303679906,52.4083925046227,30.2624238835307,43.974937320705,69744.4699828908,4.55988000531252,8.836958143670401
62600,62.6,0.0626000000000005,9.00441358347634,0.171192174254552,0.168483613884244,297.270035963077,-4.80236038289571,52.3236880882993,30.2257494380415,43.9702466607241,69539.9425955275,4.57329129541958,8.854705382895814
62700,62.7,0.0627000000000004,8.71072127783245,-0.179547540137709,-0.178241594360818,296.972848633009,-4.80291833424221,52.4124057126127,30.2641341745614,43.9655560007432,69738.8718460718,4.56024603979905,8.863120773559737
62800,62.8,0.0628000000000004,9.03450656613838,0.17145388141832,0.193278148399995,299.408337083851,-4.80334546726043,52.3403188859428,30.2130417792142,43.9608653407624,69517.9646203161,4.57473713295631,8.88037414596869
62900,62.9,0.0629000000000005,8.69787959079113,-0.205428874123165,-0.17302095309838,300.288245085805,-4.80252256714875,52.4156352749176,30.2744589480651,43.9561746807815,69752.0755013018,4.55938281220273,8.890048580760196
63000,63.0,0.0630000000000005,9.07945144487637,0.219929127158632,0.170269726087732,309.501221210701,-4.80249022788852,52.3222853722503,30.2298722409632,43.9514840208006,69517.8865646267,4.57474226953738,8.906077844839693
63100,63.1,0.0631000000000005,8.73967754195039,-0.232634482840102,-0.167928416501099,296.388469138115,-4.80114038472593,52.4489938696922,30.2671662550341,43.9467933608197,69764.7617597969,4.55855371872524,8.91546830573695
63200,63.2,0.0632000000000006,9.12709300904829,0.195220383528973,0.217066949002727,302.392275432011,-4.80261369212274,52.3363946490532,30.2192685797991,43.9421027008388,69497.4044309811,4.57609052827202,8.931246565475627
63300,63.3,0.0633000000000006,8.75544537125796,-0.16505007155012,-0.283464664438926,297.100591103231,-4.80228933051084,52.4088566646804,30.293281329819,43.937412040858,69756.6276090959,4.55908528058821,8.94034635906309
63400,63.4,0.0634000000000005,9.1852233363321,0.176665980086267,0.276041023127498,296.413972676356,-4.80199707830152,52.3547846361773,30.208102942998,43.9327213808771,69481.3001078879,4.57715117106737,8.956725904449755
63500,63.5,0.0635000000000005,8.75407234172733,-0.252073033072507,-0.219730855315234,299.581515666485,-4.80182341274983,52.4604086068102,30.2754016069984,43.9280307208962,69769.1313948482,4.55826821687487,8.96638199993326
63600,63.6,0.0636000000000004,9.20758959804659,0.303074379328036,0.208871304856039,303.566486331932,-4.8010723015611,52.3087412641637,30.2413660155012,43.9233400609154,69481.7953550586,4.57711854638985,8.981654821454637
63700,63.7,0.0637000000000006,8.77171321249816,-0.263627631546827,-0.255857822251048,311.551799739285,-4.80071088348331,52.4622663832534,30.2910887210782,43.9186494009345,69792.8458599406,4.55671939204649,8.99121316522208
63800,63.8,0.0638000000000005,9.22954521234817,0.210577680609789,0.259640974901676,306.601946481691,-4.80083752165832,52.3790575484589,30.209523325397,43.9139587409536,69487.0928008608,4.57676960334946,9.007550040184936
63900,63.9,0.0639000000000005,8.826388766313,-0.222788983498221,-0.2256563901017,299.262479838025,-4.80091533274377,52.4397559623035,30.2974998446663,43.9092680809727,69762.7596343554,4.55868454491997,9.01765387173521
64000,64.0,0.0640000000000005,9.20073554620395,0.270190558737796,0.158795767268778,297.729160901593,-4.80134065272191,52.3340833605859,30.2455094620225,43.9045774209918,69495.2829582881,4.57623022194162,9.032961072358077
64100,64.1,0.0641000000000004,8.86619359582295,-0.203246440752318,-0.159472068518754,298.150234561889,-4.80163847713267,52.4718022209435,30.2690294795147,43.899886761011,69724.8963368603,4.56116008576949,9.041963105398604
64200,64.2,0.0642000000000005,9.20051851193142,0.154388165755698,0.19572034739801,293.795799839636,-4.80084482238549,52.3848319328144,30.2302894457769,43.8951961010301,69512.8114444185,4.57507627080214,9.057101282059016
64300,64.3,0.0643000000000005,8.96520350503024,-0.0719348576652145,-0.178544915038496,297.42328183049,-4.80008917024236,52.4212268175447,30.2927716691362,43.8905054410492,69697.4315668166,4.56295744343493,9.06673910406137
64400,64.4,0.0644000000000005,9.17038752785105,0.0702831411631991,0.135216426517827,308.497351574793,-4.80079743238624,52.3964234948236,30.2487103431223,43.8858147810683,69555.691520634,4.57225580255727,9.082995476533506
64500,64.5,0.0645000000000006,9.0040779907986,-0.0841194099531408,-0.0907213363677871,299.934034534507,-4.8003120998093,52.4471043745724,30.2723765413787,43.8811241210875,69669.9946001097,4.56475439651608,9.092611657773123
64600,64.6,0.0646000000000006,9.16565109157802,0.0779738456640441,0.0643302132495461,300.57979834129,-4.80085516158223,52.3937361879615,30.2611083842311,43.8764334611066,69565.7574709994,4.57159421125662,9.108628919305653
64700,64.7,0.0647000000000005,9.05179180484145,-0.0845996746841983,-0.0621551652786574,301.381860179796,-4.8010011120699,52.4385596647124,30.2751878636963,43.8717428011257,69650.2192936044,4.56605043575656,9.118432475132362
64800,64.8,0.0648000000000005,9.17963159573649,0.0441030775343586,0.0604141147120574,300.012416016493,-4.80065752669033,52.4238927129634,30.2531896604102,43.8670521411448,69572.7046646784,4.57113771397711,9.134125326581701
64900,64.9,0.0649000000000005,9.10789824339416,-0.0426071462261698,-0.0393104894500008,296.058217924532,-4.79960653091479,52.4355280581258,30.2779372329984,43.862361481164,69637.6232354645,4.56687634327733,9.143656067327168
65000,65.0,0.0650000000000006,9.20117219421454,0.0628516955416547,0.0153430006899718,303.576191128665,-4.79931007003535,52.4163826257682,30.2713531782359,43.8576708211831,69589.6167358849,4.5700268096477,9.15857058067443
65100,65.1,0.0651000000000005,9.12686820425467,-0.0544796027559046,-0.0376020837210526,304.221536959227,-4.79949268346024,52.4592174284839,30.2706019556622,43.8529801612022,69637.3085454191,4.5668969809291,9.167595144607985
65200,65.2,0.0652000000000005,9.22011401931382,0.0298000929014697,0.0766231070853622,301.186324980251,-4.80015541619766,52.4193506206905,30.2691358412437,43.8482895012213,69573.5742691446,4.57108057904027,9.182795714035374
65300,65.3,0.0653000000000005,9.13846953916085,0.0328271127983071,-0.100460869136863,299.687341440044,-4.80028510896033,52.4161067328566,30.2958858373001,43.8435988412405,69623.3011178206,4.56781578939959,9.191963705480545
65400,65.4,0.0654000000000004,9.2344725177716,-0.0253601480224745,0.0957942934255618,297.105101814398,-4.79985084489654,52.451111469983,30.2592930105252,43.8389081812596,69578.2020004433,4.57077655088122,9.207685313975697
65500,65.5,0.0655000000000006,9.2003274780521,-0.0427876253810243,-0.0236257196319191,298.020190442701,-4.79960028093867,52.4523650494101,30.2777078531484,43.8342175212787,69614.7595953362,4.56837624671491,9.215863046047089
65600,65.6,0.0656000000000005,9.2664608818854,0.103338297329794,-0.0198005222877789,299.58907636351,-4.79867997414952,52.4065371386647,30.292990470744,43.8295268612978,69581.5973706184,4.57055351089702,9.231996995082545
65700,65.7,0.0657000000000005,9.21676564487884,-0.0710388340791844,-0.0053244340401432,299.41511251813,-4.79823584591381,52.4666501319912,30.2816420588432,43.824836201317,69627.8619548843,4.56751658355056,9.240560894934521
65800,65.8,0.0658000000000005,9.29842739532497,0.0022109572626255,0.0590946880447421,301.596483677075,-4.7994433759826,52.454869524983,30.2673513507253,43.8201455413361,69571.9289803747,4.57118867935678,9.257265979451319
65900,65.9,0.0659000000000006,9.2389297785377,0.0109777183077066,-0.0772762612273099,299.097944540317,-4.7999569052304,52.4206664672234,30.3049771291698,43.8154548813552,69605.5426434904,4.56898117704489,9.266405850375103
66000,66.0,0.0660000000000005,9.31364365500435,0.0067605284872676,0.0475785289811957,299.486850406862,-4.79974612581302,52.4452066850737,30.276884767927,43.8107642213743,69566.1258639172,4.57157000201815,9.284500837697824
66100,66.1,0.0661000000000005,9.27923871570276,-0.0886367767013012,0.0303230032651285,299.234511958134,-4.79898650525374,52.5000384892505,30.2656548858985,43.8060735613935,69605.5750063584,4.56897905271311,9.292536923536604
66200,66.2,0.0662000000000005,9.33714150135706,0.0420204431924458,0.0151559569158088,297.350803237522,-4.79793606188316,52.4284367405573,30.3010947194788,43.8013829014126,69584.5863430939,4.57035718496681,9.310956503745246
66300,66.3,0.0663000000000006,9.29582168483407,0.0672016394380609,-0.0968919743981556,300.768312864117,-4.79835121391438,52.4106839810251,30.3235535244956,43.7966922414317,69605.1273772665,4.5690084357201,9.318482694622002
66400,66.4,0.0664000000000005,9.33659852657891,-0.0629049979397509,0.0708513470285393,303.348935918074,-4.80010331953257,52.4947757566839,30.2631483149953,43.7920015814508,69570.4779354356,4.57128402152483,9.337229461484995
66500,66.5,0.0665000000000005,9.32820924822925,-0.061376693664915,0.0393527906260876,298.459421314489,-4.79957119914628,52.487491392197,30.2763213354715,43.78731092147,69583.648638194,4.57041877481458,9.346844997658263
66600,66.6,0.0666000000000005,9.37783419320328,0.140115226711581,-0.0971571058308429,294.082385031502,-4.79822453059672,52.3897225072586,30.3313071678246,43.7826202614891,69572.7186902174,4.57113679245685,9.363662227082925
66700,66.7,0.0667000000000004,9.37767795761062,-0.0294886747983476,0.0100151507477061,301.725942986625,-4.79847307425338,52.4780563263362,30.2884653433661,43.7779296015082,69584.1343639751,4.57038687141807,9.372036723629735
66800,66.8,0.0668000000000006,9.37545465896085,-0.118047018968115,0.10201338517252,304.038830329919,-4.79842023760042,52.5414701117,30.257286236886,43.7732389415273,69589.0450389899,4.57006435392117,9.387906417957952
66900,66.9,0.0669000000000005,9.38194125012364,0.0866311837155201,-0.0871122444607969,304.733743511724,-4.79885077374771,52.4266383268495,30.3239792728846,43.7685482815465,69582.5506278879,4.57049089586896,9.398733998565383
67000,67.0,0.0670000000000005,9.40534932682588,0.0587450859292711,-0.0765995685814944,294.442384342724,-4.79873771566935,52.425370937178,30.3227194114951,43.7638576215656,69570.5209987662,4.57128119195403,9.413511678824719
67100,67.1,0.0671000000000005,9.44398846696583,-0.0639206374126514,0.112548875568486,293.399423382992,-4.79853706091244,52.5281068822133,30.2594935682062,43.7591669615847,69554.0543117112,4.57236342731145,9.424740852191823
67200,67.2,0.0672000000000004,9.40333375641883,-0.0397024218152369,-0.0172293826140543,298.862872090376,-4.7980972422371,52.4955901507305,30.2995177256113,43.7544763016038,69595.4790279532,4.56964185889671,9.438109029723446
67300,67.3,0.0673000000000005,9.46460641753588,0.128771026826833,-0.0745895688499266,301.14898484573,-4.79775354785652,52.4149373005302,30.3347675386744,43.749785641623,69561.9377335183,4.57184524350681,9.45007169269606
67400,67.4,0.0674000000000005,9.4247511336808,-0.101916044403195,0.0003355981089025,304.095765727773,-4.79807354482787,52.5165113025346,30.295666555528,43.7450949816421,69599.4397891773,4.56938180996043,9.46312142002892
67500,67.5,0.0675000000000005,9.52940539031731,-0.0168039187682296,0.117874041911925,298.667459461074,-4.7975067575248,52.5113559214406,30.2776148804322,43.7404043216612,69543.682902862,4.5730453275004,9.476143312926716
67600,67.6,0.0676000000000004,9.44973253112758,0.0172504431039974,-0.127544798007963,300.058347048294,-4.79854528889703,52.4506344283727,30.3363839816024,43.7357136616803,69590.6312547507,4.5699601860472,9.488549977722835
67700,67.7,0.0677000000000006,9.56278102104793,0.0791935361844387,0.0403456096137991,290.463203563683,-4.79778420620046,52.457035881588,30.3066124635953,43.7310230016995,69523.3642254303,4.57438183119129,9.502328345418631
67800,67.8,0.0678000000000005,9.47611782581114,-0.113899616237078,-0.007437012702003,300.136553705432,-4.79785142159279,52.5391102162526,30.2929591026496,43.7263323417186,69593.3052525128,4.56978459353488,9.514702468012224
67900,67.9,0.0679000000000005,9.57933379236113,0.0637108081575463,0.0313645629004045,300.766740092219,-4.79706284197194,52.4626599464618,30.3146328686366,43.7216416817377,69534.2988768606,4.57366248445678,9.528017010727119
68000,68.0,0.0680000000000004,9.49613593051886,0.0010945088725329,-0.092806975210353,300.585202281957,-4.79691968642049,52.4771470300231,30.3357884752387,43.7169510217568,69594.5720577274,4.56970141137309,9.539446280122137
68100,68.1,0.0681000000000006,9.60714810699118,0.0039564912399958,0.10733077488771,300.72833475882,-4.79713290324114,52.5162832904034,30.2870217637317,43.712260361776,69527.0521773253,4.57413919038293,9.554798110844796
68200,68.2,0.0682000000000005,9.52560527243977,-0.0671277004339229,-0.0464581543660194,295.084134034968,-4.79707424700612,52.521807091931,30.3141499922348,43.7075697017951,69589.1792232213,4.57005554176705,9.565994010958573
68300,68.3,0.0683000000000005,9.64106726779809,0.0959635209228103,0.0212081590488531,289.828572023398,-4.79685058095603,52.4686901013135,30.3175871565301,43.7028790418142,69519.2222815791,4.57465437210986,9.581168546881285
68400,68.4,0.0684000000000005,9.5271895386063,-0.0765547659226972,-0.0438524072192695,300.184007240098,-4.79747340627116,52.5180504459239,30.3213114330217,43.6981883818333,69585.7014916658,4.57028394251644,9.591428738164751
68500,68.5,0.0685000000000004,9.65647301573267,0.0444029118304663,0.067753794942364,301.669588655942,-4.79634491620465,52.5062529303348,30.3052287327625,43.6934977218525,69525.7055004406,4.57422778908856,9.607096907799022
68600,68.6,0.0686000000000005,9.56918226256819,-0.0268543129880697,-0.0640688623312335,301.986398359795,-4.79609712818168,52.5086236452129,30.335699814201,43.6888070618716,69591.2823344823,4.56991743057048,9.61682165508795
68700,68.7,0.0687000000000005,9.67159830160891,0.0413720957567738,0.0544020985068116,297.608052313565,-4.79584772598732,52.4959492339301,30.3193117587001,43.6841164018907,69529.4329372122,4.5739825671136,9.63234911629733
68800,68.8,0.0688000000000005,9.60713826949042,-0.0491921158053579,-0.0284153657243633,292.483986030973,-4.79616804843113,52.5330649388134,30.3201226307493,43.6794257419098,69572.9811748191,4.5711195464944,9.641568030186352
68900,68.9,0.0689000000000004,9.68438504655614,0.0373831853581049,0.0571823622174605,294.974098756646,-4.79661344432777,52.5009242658131,30.3175888239279,43.674735081929,69517.1384929793,4.57479149818891,9.657108045749865
69000,69.0,0.0690000000000006,9.59014724594016,-0.0231568636049294,-0.0884807658918146,300.490597072874,-4.79671313033704,52.5149019612819,30.3410358341387,43.6700444219481,69581.9501059392,4.5705303411575,9.665622620138702
69100,69.1,0.0691000000000005,9.71449085649098,0.0336791986785847,0.042174529598948,301.189415418655,-4.79627229804182,52.516204675492,30.318704188157,43.6653537619672,69524.9925552348,4.57427469558438,9.680807548965753
69200,69.2,0.0692000000000005,9.66731617845346,-0.0712598724199292,-0.0210102680161162,296.952555041837,-4.79547114714033,52.5426474896022,30.3281684770396,43.6606631019863,69574.238770531,4.5710369207921,9.689458150341203
69300,69.3,0.0693000000000005,9.74612433987012,0.0673116890733639,0.0005205960194445,303.534889733371,-4.79580434238573,52.5053711289138,30.331703977057,43.6559724420055,69525.5139636664,4.57424039069026,9.704972501604415
69400,69.4,0.0694000000000006,9.68738820891678,-0.0560701508928866,-0.0202512107607676,301.353379472652,-4.79471574706448,52.5400893325712,30.3389800188237,43.6512817820246,69580.6984244112,4.57061256005629,9.714053754526155
69500,69.5,0.0695000000000005,9.75718268693415,0.0418054348921708,0.0527673951296215,311.07928123713,-4.79520844135212,52.5331666131423,30.3245142077683,43.6465911220437,69530.8858695211,4.57388698819253,9.728555056435946
69600,69.6,0.0696000000000005,9.71107602741858,-0.0074079115614869,-0.0712937446696317,301.022490800884,-4.79490936134291,52.5360888860538,30.3461473924749,43.6419004620628,69576.8808602775,4.5708633417292,9.737876244923122
69700,69.7,0.0697000000000005,9.79835883950332,0.0086215421250102,0.0654037308671313,301.701165836622,-4.79572559892073,52.5250166929346,30.3296552685782,43.637209802082,69516.9399658167,4.57480456292358,9.752625452028084
69800,69.8,0.0698000000000004,9.73213348057676,-0.0311937159232012,-0.0661832845919298,300.908645661895,-4.79558189424844,52.5525306580538,30.3382021130042,43.6325191421011,69565.476205446,4.5716126950225,9.7616333533356
69900,69.9,0.0699000000000006,9.82160668626177,0.0246327459385515,0.0697562214992185,300.982242218748,-4.79525134766461,52.529737719697,30.3308251646119,43.6278284821202,69510.9229691486,4.57520056663978,9.775981795962377
70000,70.0,0.0700000000000005,9.75174958766459,-0.01185463104841,-0.0818026134890666,300.607824691796,-4.79441942730952,52.5327432237792,30.3597465842636,43.6231378221393,69573.7037115734,4.57107207450851,9.785379814193487
70100,70.1,0.0701000000000005,9.86855423684024,0.0718126415705903,0.0549329099153351,299.951943608282,-4.79345246070476,52.5447530097269,30.3290722514464,43.6184471621585,69511.823433969,4.57514129892167,9.80097362396052
70200,70.2,0.0702000000000005,9.74672893069053,-0.108293720693945,0.0099702297335247,298.982812827045,-4.79372450382886,52.5874787799774,30.3382840415045,43.6137565021776,69581.9919702074,4.57052759128066,9.810467009359897
70300,70.3,0.0703000000000004,9.88519913605858,0.155068889456527,-0.0041917316081358,295.962085585303,-4.79446378324088,52.5062032229154,30.3502611131942,43.6090658421967,69494.4033528872,4.57628814425802,9.825218959764431
70400,70.4,0.0704000000000005,9.76742282496458,-0.0769796259934201,-0.0572179737555126,298.188750133679,-4.79470050611933,52.5724316410386,30.3506502383499,43.6043751822158,69575.4674158606,4.57095620005284,9.835312968173955
70500,70.5,0.0705000000000005,9.9233057133597,0.0344203632858,0.148319067705097,303.956713269564,-4.79480270408775,52.5672830553337,30.3141006466986,43.599684522235,69477.4013206071,4.57740802204954,9.849819979946256
70600,70.6,0.0706000000000005,9.75154460349541,-0.0463855532136043,-0.153249048369752,305.700269178944,-4.79426032544086,52.5545719316964,30.379244929702,43.5949938622541,69602.3814415504,4.56918869109629,9.859226125273404
70700,70.7,0.0707000000000006,9.95575080131071,0.148175565849326,0.0722474457815402,305.289262368219,-4.79406061177819,52.502771642653,30.3557043270608,43.5903032022732,69472.4211429415,4.57773615665063,9.874186282867155
70800,70.8,0.0708000000000006,9.76638552072827,-0.16872992644542,-0.0458856969083081,294.707086209805,-4.79372386645716,52.636439719638,30.3359688048391,43.5856125422923,69596.5207820921,4.56957345830331,9.883680832560742
70900,70.9,0.0709000000000005,10.0142068150674,0.107449801432771,0.196901478358277,291.74991543284,-4.79394810877329,52.545403171365,30.3225073764554,43.5809218823115,69437.8478367491,4.58001542478382,9.898628453817427
71000,71.0,0.0710000000000005,9.76810046486912,-0.0170249318809434,-0.229114820062399,292.950242971993,-4.79357021922208,52.5194168966262,30.4164185190771,43.5762312223306,69610.9623263193,4.56862545104996,9.907163512294323
71100,71.1,0.0711000000000005,10.0406921739702,0.146356672957366,0.172747035279748,299.202752013392,-4.7932515173648,52.5596277899005,30.3213204932919,43.5715405623497,69438.9759579396,4.57994101682514,9.922269518390273
71200,71.2,0.0712000000000006,9.8086607910365,-0.259696516187151,-0.0334521930290119,297.182794906651,-4.7926253010973,52.6805066984417,30.3340577693166,43.5668499023688,69620.4157562708,4.56800509881266,9.931941749681055
71300,71.3,0.0713000000000005,10.0813547006275,0.24270500045848,0.0522453955023607,301.247344557018,-4.79328739967546,52.4852673769134,30.370018306921,43.562159242388,69437.1465998766,4.58006167777447,9.946193196509228
71400,71.4,0.0714000000000005,9.82452999466213,-0.0833786492385957,-0.223779635589561,299.367128438664,-4.79345455249982,52.571304522854,30.4005750790641,43.5574685824071,69613.4543887373,4.56846190077239,9.956502534750308
71500,71.5,0.0715000000000005,10.099510477384,0.0148600675730526,0.25325046089481,297.664367944486,-4.7935105855938,52.6209531306754,30.2975387601199,43.5527779224262,69435.5565370211,4.58016656043565,9.970411014521739
71600,71.6,0.0716000000000004,9.86248126611128,-0.119394652738366,-0.156324445805549,296.774952976315,-4.79427237548948,52.6084487059823,30.3746224001411,43.5480872624453,69588.1783625582,4.57012127116143,9.979591827124027
71700,71.7,0.0717000000000005,10.1340127855333,0.213218257682723,0.0251561767197682,290.355876982042,-4.79358666363775,52.4894838094422,30.3774774902534,43.5433966024645,69429.863711727,4.58054210615405,9.993090210977998
71800,71.8,0.0718000000000005,9.90519101129136,-0.184992494831583,-0.0602434131756565,298.258282188127,-4.79325904332199,52.6461414023074,30.3579622764984,43.5387059424836,69584.8474812022,4.57034003332428,10.004058717351223
71900,71.9,0.0719000000000005,10.1189033035402,0.0505159551627479,0.159158755943114,300.980094922923,-4.79275630153466,52.6081501712247,30.3267426471177,43.5340152825027,69455.6407976777,4.57884212864013,10.01782494725319
72000,72.0,0.0720000000000006,9.93776394425224,-0.0341887294816402,-0.18650123527106,299.673908308689,-4.79217922546273,52.5735216679445,30.4070673961068,43.5293246225218,69586.2663580352,4.57024684324625,10.029481452804987
72100,72.1,0.0721000000000006,10.132565514609,0.0954439617145416,0.0922232594995419,299.513762033206,-4.79216369715076,52.5697216047861,30.3577597222998,43.524633962541,69460.9188214857,4.57849420295504,10.041923296467555
72200,72.2,0.0722000000000005,9.98878590167471,-0.138612527823681,-0.0107776878853204,294.688302407491,-4.79233035860827,52.6411870124541,30.3614213872989,43.5199433025601,69556.239470656,4.57221978324849,10.053721187730824
72300,72.3,0.0723000000000005,10.1404027244255,0.113693173187109,0.0394928649233903,292.443772321062,-4.79263917186567,52.5479104445559,30.3760110647675,43.5152526425792,69458.8682512873,4.57862936962277,10.066670607004562
72400,72.4,0.0724000000000005,10.0178105756011,-0.0358450609406375,-0.101336094465037,296.259294339151,-4.79239788411039,52.6046522905765,30.3849727126502,43.5105619825983,69546.8873888604,4.57283461699599,10.078235560065036
72500,72.5,0.0725000000000006,10.1405017985005,-0.0079395530371537,0.136445202652312,298.621877889179,-4.79183493546611,52.6331432075625,30.3405791245611,43.5058713226175,69475.3980365427,4.57754000903783,10.09166569202964
72600,72.6,0.0726000000000005,10.032465575046,-0.0340497506233514,-0.0929231391902335,300.554594096179,-4.79187205265255,52.6076346540541,30.3923708402826,43.5011806626366,69552.7649794162,4.57244818736137,10.103205905199518
72700,72.7,0.0727000000000005,10.1567427272666,0.104115031139291,-0.0210027248241249,305.127854317804,-4.79243193874487,52.5678645548491,30.387131507599,43.4964900026557,69480.7108558602,4.57718998897202,10.117723562757698
72800,72.8,0.0728000000000005,10.09275476173,-0.111252955150556,0.0364614153253279,299.712075254678,-4.7919909144853,52.651363024679,30.36309485528,43.4917993426748,69528.5272962054,4.57404214533765,10.129210432789918
72900,72.9,0.0729000000000004,10.164164026127,0.0607251087163802,0.0205210141996519,301.283771582876,-4.79270243131621,52.6022127788643,30.3701158365881,43.487108682694,69472.191013541,4.57775132058402,10.143279253421316
73000,73.0,0.0730000000000006,10.1169284772145,-0.0107686295432631,-0.0833207583714042,296.104356920614,-4.79196072358766,52.6002771476739,30.3986250436599,43.4824180227131,69527.3472843946,4.57411977556468,10.154837518046634
73100,73.1,0.0731000000000005,10.2075914906921,-0.0021487312600726,0.0962924066864358,300.268575194329,-4.79134742070886,52.6316132550257,30.3594884847245,43.4777273627322,69471.7065064131,4.577783246576,10.169585687347274
73200,73.2,0.0732000000000005,10.1301434349923,-0.0399310861316314,-0.0569566121441318,303.520933699207,-4.79095819580445,52.6410126651925,30.3870455360023,43.4730367027513,69539.6803069321,4.57330854488268,10.179583458278236
73300,73.3,0.0733000000000006,10.2349129706915,0.0612534788157473,0.0268953791590292,299.671721286118,-4.79062013052803,52.5854722606034,30.3968021702671,43.4683460427704,69481.1169429989,4.57716323727216,10.193944925880439
73400,73.4,0.0734000000000006,10.168504669475,-0.0097782205677933,-0.07801909884365,300.094349503403,-4.79113934858034,52.6354864884089,30.3909378915574,43.4636553827896,69526.2799641872,4.57418999434339,10.203668842168783
73500,73.5,0.0735000000000005,10.274634686934,-0.0320681468360164,0.140472277389983,293.951316937131,-4.79118652152484,52.654738398559,30.3529324498135,43.4589647228087,69457.2350878287,4.57873702795624,10.219430375794603
73600,73.6,0.0736000000000005,10.1811937585321,-0.0155940459903365,-0.0794886200200119,292.679308145119,-4.79148447713459,52.6023102205583,30.4123338037284,43.4542740628278,69516.3667711433,4.57484228430818,10.228349385166307
73700,73.7,0.0737000000000005,10.2782047087506,0.147046961336422,-0.0467526019338252,290.499734670818,-4.79129715976676,52.5754018545985,30.4042526217493,43.449583402847,69454.8455588431,4.57889455512022,10.244359371889955
73800,73.8,0.0738000000000006,10.2262321001246,-0.148908370146576,0.0760410778377546,297.779329090925,-4.79087246999787,52.7076070063275,30.3543853291722,43.4448927428661,69507.7885717684,4.57540688160052,10.25373650600417
73900,73.9,0.0739000000000005,10.2973249827517,0.0128880562041667,0.0329177737727478,298.657617273005,-4.78995483235455,52.6438205855096,30.3828865473979,43.4402020828852,69481.3533818575,4.57714766159324,10.270419012252146
74000,74.0,0.0740000000000005,10.2533101292009,0.0893453990951409,-0.150553006721444,303.843812071646,-4.79017288959685,52.5737565389287,30.4418390814348,43.4355114229043,69516.0096694519,4.57486578513807,10.280298908457631
74100,74.1,0.0741000000000005,10.3155969221476,-0.0572776709741081,0.0693108220014761,302.871978747908,-4.79020208320985,52.6686057309786,30.3783780694955,43.4308207629235,69488.7406847131,4.57666106800041,10.296331067246076
74200,74.2,0.0742000000000004,10.2911913380713,-0.0892062114490487,0.0354357766550219,303.159344074916,-4.79113533584911,52.6999979050274,30.3655808326009,43.4261301029426,69493.3615243388,4.57635675092102,10.305494329648852
74300,74.3,0.0743000000000006,10.3319069572718,0.0648532008483919,-0.104331776317007,299.496764926204,-4.79096875267687,52.5847504456653,30.4319595730384,43.4214394429617,69485.4624065523,4.57687699184274,10.32237609841501
74400,74.4,0.0744000000000005,10.3188642588695,0.0248779642823608,-0.020027889110907,298.301925051193,-4.79020433121583,52.621271705986,30.4150354171877,43.4167487829808,69487.5444264117,4.57673985721135,10.33239520649128
74500,74.5,0.0745000000000005,10.3320765161675,-0.0959553896172891,0.0741410753321257,301.979283209375,-4.78969333971294,52.7269380751295,30.3607505726161,43.412058123,69495.2996244765,4.57622912448158,10.346732547066715
74600,74.6,0.0746000000000005,10.3776507785627,-0.0016628495652824,0.0443154546253707,295.658463774638,-4.78884439758419,52.6487367164441,30.4018123309639,43.4073674630191,69478.5708558716,4.57733097037684,10.357069251651644
74700,74.7,0.0747000000000004,10.3555903188561,0.0889537131007414,-0.116360427440263,299.936585767356,-4.78940435258842,52.588064443616,30.4468226951751,43.4026768030382,69493.739106488,4.57633188608226,10.372326376553984
74800,74.8,0.0748000000000005,10.4081760419157,-0.022432284938043,0.052093773189038,295.608952356757,-4.78903351070691,52.6727320537294,30.3923951164907,43.3979861430573,69473.6871409201,4.57765273794983,10.384515232207233
74900,74.9,0.0749000000000005,10.3943159492478,-0.078000096319473,0.0702046210600531,299.290084991291,-4.78961050470613,52.6979998643915,30.3836166033383,43.3932954830765,69479.4277697653,4.57727451656554,10.398605917940724
75000,75.0,0.0750000000000005,10.4249222246308,0.0768148181611173,-0.0695676264888666,299.243818335731,-4.78962569743861,52.6246769860713,30.4255513996074,43.3886048230956,69471.0057360319,4.57782942375275,10.410430054887843
75100,75.1,0.0751000000000004,10.4235295673331,0.0142212020172649,-0.0117136880859191,296.870979942388,-4.78883779151404,52.6608802385347,30.4130524276057,43.3839141631147,69482.7273182417,4.57705715406784,10.423543928505069
75200,75.2,0.0752000000000006,10.4453828763157,-0.0514889247221627,0.0927899390588799,300.924808029014,-4.78831452394312,52.7158082409346,30.3814136927383,43.3792235031338,69475.3305408451,4.57754445614523,10.435088080636463
75300,75.3,0.0753000000000005,10.4275826628899,-0.00420761879965,-0.0306469175255011,305.636366738412,-4.78839906992709,52.6779571032095,30.416645355322,43.3745328431529,69498.4387957992,4.5760224210292,10.447692590518994
75400,75.4,0.0754000000000005,10.4797425316765,0.0705125528016008,-0.0346884600154741,301.9936403819,-4.78863599406311,52.6328790167795,30.4319791352045,43.3698421831721,69466.4596821202,4.57812900803348,10.459918443839548
75500,75.5,0.0755000000000005,10.4475533732616,-0.0297375526790758,-0.0129435024085321,298.581366086324,-4.78906450394025,52.6998823326815,30.4041108193614,43.3651515231912,69483.6814446475,4.57699430346751,10.472209065694106
75600,75.6,0.0756000000000006,10.4960565410698,-0.0322000865606918,0.0771557933958512,297.813495864415,-4.78866749098663,52.7041215282066,30.3941092467412,43.3604608632103,69458.8979740052,4.57862741034451,10.483979675014664
75700,75.7,0.0757000000000005,10.4834107409181,0.0347699755251702,-0.057456005303942,302.907946796242,-4.78855622733338,52.6474750063441,30.4409651954925,43.3557702032294,69483.6895770878,4.57699376777153,10.49664925008907
75800,75.8,0.0758000000000005,10.5398879100687,0.0513049541065089,-0.0162852620388803,300.125156364524,-4.78742503231491,52.6659374432823,30.4270192850613,43.3510795432486,69468.695808814,4.57798164271499,10.50797443254947
75900,75.9,0.0759000000000005,10.5069332758146,-0.104210400321024,0.0683087081271117,305.38820899504,-4.78762183083806,52.7380357663995,30.3967842363667,43.3463888832677,69487.1523343863,4.57676568217525,10.520596600041618
76000,76.0,0.0760000000000004,10.5506954035421,0.0076815001344506,0.0015539881697059,300.918425834708,-4.78757961321261,52.6748675906943,30.4275861321282,43.3416982232868,69466.733380183,4.57811097026231,10.532535455731916
76100,76.1,0.0761000000000006,10.5356342307056,0.0892773129571732,-0.123127034883788,300.66065858569,-4.78841624998185,52.6366477057924,30.4551983952877,43.3370075633059,69471.8037882953,4.57777683627216,10.54577696165945
76200,76.2,0.0762000000000005,10.5654996772731,-0.0763034662343288,0.1285749312431,297.309730512613,-4.78819555099729,52.7293162892142,30.395409029724,43.3323169033251,69449.9668516391,4.57921621237746,10.556330161948207
76300,76.3,0.0763000000000005,10.5576578312603,-0.0237954396185264,0.0025108968829686,298.596423821168,-4.78774231750152,52.7152266881886,30.4174738594794,43.3276262433442,69474.2901771498,4.5776130039642,10.568382265632073
76400,76.4,0.0764000000000005,10.5823377247303,0.088353078493216,-0.0938579647368016,307.193068401307,-4.78760604752051,52.6496259794772,30.4555096914531,43.3229355833633,69467.0792591097,4.57808817569364,10.579493230471673
76500,76.5,0.0765000000000006,10.5525385839979,-0.0591635927462617,0.0218460925265466,305.563713836469,-4.78713420487347,52.7320999714522,30.4183339193259,43.3182449233824,69483.4449410132,4.57700988236962,10.591866717702052
76600,76.6,0.0766000000000005,10.6151708945146,-0.0375980662449094,0.0701850073288486,296.504278713739,-4.78634334762106,52.7506477223936,30.4023384726664,43.3135542634016,69463.8114781658,4.57830354235696,10.602660654533636
76700,76.7,0.0767000000000005,10.6124289986576,0.0532478427272732,-0.0633578852108467,297.07892442696,-4.78671497094108,52.6686323808747,30.4540608002109,43.3088636034207,69466.2796169199,4.57814087511088,10.615234638784315
76800,76.8,0.0768000000000005,10.6225187796818,0.0652845379651103,-0.0327705424739628,301.330264109791,-4.78733087297153,52.6759924798745,30.4454486078823,43.3041729434398,69448.8171428587,4.57929202022133,10.625763118336327
76900,76.9,0.0769000000000006,10.6280734864496,-0.0783636093723655,0.0522125052176543,293.852742448298,-4.78619227876912,52.7656984653405,30.4062964795796,43.2994822834589,69470.0994861621,4.57788914235614,10.637693695168268
77000,77.0,0.0770000000000005,10.697811074839,0.0066708983218848,0.0221642132766609,296.723847054884,-4.78629486212948,52.7080927926532,30.4318679990208,43.2947916234781,69445.0935118434,4.579537560877,10.648606522212932
77100,77.1,0.0771000000000005,10.655922518204,0.0675900471346585,-0.114893718304745,298.450112539996,-4.78620859286064,52.6685859107828,30.4704219485478,43.2901009634972,69473.4274539362,4.57766984890687,10.660209479066507
77200,77.2,0.0772000000000005,10.68211393698,-0.0251576104257078,0.0555433244179508,310.735693199748,-4.78735199990529,52.7457683040496,30.4171185242518,43.2854103035163,69445.9992567169,4.57947783255984,10.67091467895173
77300,77.3,0.0773000000000004,10.6394624224118,-0.118548090746151,0.0455952146347826,309.044658139336,-4.78647204393227,52.7740669706604,30.4221574654514,43.2807196435354,69487.2376069003,4.57676006571488,10.681691396824851
77400,77.4,0.0774000000000006,10.7237162492162,0.116335992684117,-0.0459153053771715,305.14505857182,-4.78615821762943,52.652887016925,30.4741849941469,43.2760289835546,69438.7175953123,4.57995805754299,10.69285494289533
77500,77.5,0.0775000000000005,10.6769756888153,-0.0018251433242365,-0.0553149439187068,297.732095215727,-4.78599161272325,52.7106000014633,30.4599729466492,43.2713383235737,69474.8792469143,4.57757419089329,10.705126404444998
77600,77.6,0.0776000000000005,10.7528733650932,-0.054130021687393,0.11831994702898,299.737849570562,-4.78664988561685,52.7792325434731,30.4024407736639,43.2666476635928,69426.419638806,4.58076933551592,10.71571941688269
77700,77.7,0.0777000000000004,10.6932163611145,-0.0185269758346525,-0.0521962340783216,300.433500187727,-4.78644323917327,52.7427524989412,30.4446816685862,43.2619570036119,69467.2952090767,4.57807394398953,10.727954007015489
77800,77.8,0.0778000000000004,10.7755285675967,0.0750778696030876,-0.0128405127444943,298.683152076787,-4.78491930295873,52.6905635059587,30.4650007129997,43.2572663436311,69437.3449351108,4.58004859565552,10.738345199966028
77900,77.9,0.0779000000000005,10.7223102362089,-0.0520784585647768,-0.0029648049617957,302.155584842547,-4.78477178579486,52.7586785388102,30.4469242187217,43.2525756836502,69478.3202502872,4.57734748063066,10.750402095943723
78000,78.0,0.0780000000000005,10.7864333172467,-0.0167090099342326,0.0778401430640641,304.116431715103,-4.78540229050444,52.7564990747258,30.4325629639403,43.2478850236693,69435.1488762157,4.58019345105832,10.761355672929065
78100,78.1,0.0781000000000005,10.7522356726888,0.0179755462881443,-0.076887741370982,298.21387930958,-4.78519259918999,52.7148962050053,30.4739637598297,43.2431943636884,69467.2441401438,4.57807730956641,10.773097415937615
78200,78.2,0.0782000000000006,10.8095072747812,0.0412583514027487,-0.0038800911140261,300.386672163631,-4.78547459822356,52.7361059259261,30.4499805938048,43.2385037037076,69432.9687314523,4.5803372658044,10.784152114176585
78300,78.3,0.0783000000000005,10.7733938919407,-0.118631579572608,0.0560246927543286,297.461894795301,-4.78493300314036,52.8078115903687,30.4269128808937,43.2338130437267,69467.1691700994,4.57808225029832,10.796543622859115
78400,78.4,0.0784000000000005,10.8297537405731,0.0779562981187151,-0.012886672094633,300.73572128018,-4.7850350121048,52.7146994052137,30.4675646277165,43.2291223837458,69429.7967993745,4.58054652061099,10.808850753268077
78500,78.5,0.0785000000000005,10.782042352459,0.0523341644825421,-0.118668662661887,305.060362567692,-4.78471967667734,52.7107487758667,30.4905985169116,43.2244317237649,69469.540662539,4.57792596759743,10.821525574480345
78600,78.6,0.0786000000000004,10.8397631058004,-0.1059151454149,0.134237882270126,306.815865980088,-4.78393806853468,52.8232624069501,30.4192528406233,43.2197410637841,69447.3891743699,4.57938617904837,10.833293918535245
78700,78.7,0.0787000000000006,10.8351890885712,-0.0317968889291204,0.0043875867949561,300.030275349265,-4.78373220054514,52.7834058959364,30.4527484623304,43.2150504038032,69463.8626299139,4.57830017098917,10.84553672516127
78800,78.8,0.0788000000000005,10.8783546820835,0.143724169823178,-0.113722712686174,301.085767973037,-4.7846761696942,52.6562055061235,30.5137780008448,43.2103597438223,69427.8032681632,4.58067804518794,10.856998910000582
78900,78.9,0.0789000000000005,10.8571269686552,-0.053235342183637,0.0322755135849768,294.930119627868,-4.78414572552888,52.7857510995103,30.4507306213471,43.2056690838414,69447.2667798484,4.57939424980199,10.869669538700057
79000,79.0,0.0790000000000005,10.8816834791284,-0.114058412955305,0.130463121374551,298.927462520966,-4.78431529747691,52.8574425235544,30.4084714874804,43.2009784238606,69437.5388979593,4.58003580200981,10.881044692680499
79100,79.1,0.0791000000000004,10.8886400843236,0.113993631799193,-0.0938798237983368,305.265156235203,-4.78403628910378,52.692786194309,30.5077711464972,43.1962877638797,69439.7372047539,4.57989080831847,10.892330899760468
79200,79.2,0.0792000000000005,10.8853854813503,0.083067815584072,-0.115760397449751,306.936818628089,-4.78329000769497,52.718884665512,30.5051702327629,43.1915971038988,69460.6638866267,4.57851100696624,10.904215184749756
79300,79.3,0.0793000000000005,10.9282132183248,-0.141250255522031,0.151408181744119,302.736937885777,-4.78318148618352,52.8704107535304,30.4122027945646,43.1869064439179,69440.4710356194,4.57984240908981,10.917200687199072
79400,79.4,0.0794000000000005,10.9194318501312,-0.00703412928325,0.0026702065329511,302.281859373182,-4.78368485697971,52.7799489640495,30.4685178954014,43.1822157839371,69442.4793288599,4.57970995894343,10.928243441969311
79500,79.5,0.0795000000000006,10.9380090370047,0.151026278264845,-0.0967717151711746,300.857890136548,-4.78366875470917,52.6927002113938,30.5165005293077,43.1775251239562,69429.3228310482,4.58057779030914,10.941038232515082
79600,79.6,0.0796000000000006,10.9203528157944,-0.0513988403322019,0.0424619051778247,298.082986358827,-4.78333766862245,52.8132269481452,30.4571843797103,43.1728344639753,69445.3257337638,4.57952224711764,10.953416421406914
79700,79.7,0.0797000000000005,10.9957218231809,-0.0679081245632431,0.110189148800647,297.584650448562,-4.78325595758403,52.8311667234465,30.439142597946,43.1681438039944,69420.220959405,4.58117836216735,10.966339072012476
79800,79.8,0.0798000000000005,10.9733714563983,0.105658856995366,-0.138689458433647,297.753386258256,-4.78333614213567,52.7243052839046,30.5118104951416,43.1634531440136,69437.6518493185,4.58002835185482,10.977362646378795
79900,79.9,0.0799000000000005,11.0151328965633,0.0379654503576015,0.0271267686794849,295.601741298709,-4.78261480457302,52.7662858059898,30.4824303179117,43.1587624840327,69418.4797642142,4.58129326998094,10.988928957707014
80000,80.0,0.0800000000000006,10.9642665419704,-0.117890080616155,0.0341316674083856,306.448063502129,-4.78302911752419,52.8611806576933,30.4496376664374,43.1540718240518,69460.9578919188,4.57849162764141,10.999591214932185
80100,80.1,0.0801000000000005,11.0532316780552,0.0261796401204087,0.0319272508143941,307.085589071721,-4.78273042289551,52.772544752204,30.4854614876388,43.1493811640709,69418.5250945776,4.58129027839205,11.012368810940428
80200,80.2,0.0802000000000005,10.9992047046317,0.0341492722378503,-0.0937594027680303,300.220040992529,-4.78273952723329,52.7419484492533,30.5196941397942,43.1446905040901,69448.6334992162,4.57930412928415,11.023512258139103
80300,80.3,0.0803000000000005,11.0873838335902,0.0096151313072334,0.0722459202376006,296.450000155982,-4.78296239224955,52.8142302049085,30.4589298534394,43.1399998441092,69397.8049620667,4.58265811620321,11.036634352739474
80400,80.4,0.0804000000000004,11.0139735122002,-0.127631921150036,0.0206288384285729,297.981707038199,-4.78279249587891,52.8456015657965,30.4677034683621,43.1353091841283,69451.4762472977,4.57911669182809,11.047382128324912
80500,80.5,0.0805000000000006,11.1048827791725,0.103060246683907,-0.0252471259391748,297.136236443781,-4.78199074158471,52.7478122573703,30.5052915859835,43.1306185241474,69400.9345382077,4.58245146513147,11.059668067422633
80600,80.6,0.0806000000000005,11.0478503771537,-0.0032618019472873,-0.0860182129357024,300.535581080853,-4.78179017089694,52.7984278369269,30.5011222670362,43.1259278641666,69450.4816831516,4.5791822669713,11.068716378342224
80700,80.7,0.0807000000000005,11.1199381555483,-0.0348588953949636,0.137878374570403,300.576884920384,-4.78164655107,52.8431500438509,30.4567509966455,43.1212372041857,69400.6413727338,4.58247082253982,11.082044285861222
80800,80.8,0.0808000000000005,11.0624821568865,0.0254557837346911,-0.0688216835410614,295.553748528276,-4.78108016305293,52.7980519573262,30.5088013568321,43.1165465442048,69452.3607940089,4.57905837210269,11.091567435079618
80900,80.9,0.0809000000000004,11.1223665977544,0.0937194843557788,-0.0328945575219399,301.182170441041,-4.7818317161862,52.7681477264883,30.5089528381008,43.1118558842239,69405.8168967551,4.58212911216338,11.10448037590213
81000,81.0,0.0810000000000005,11.0767341298899,-0.0962166343562381,0.0454717618388843,300.762231027287,-4.78191541471546,52.8596024502208,30.4736451918717,43.1071652242431,69438.08950991,4.57999948444312,11.113694727479816
81100,81.1,0.0811000000000005,11.1504020090581,0.0428921953628693,0.0348164449967584,296.304259104801,-4.78143519102983,52.8176222894968,30.48617465156,43.1024745642622,69403.9173724168,4.5822545210178,11.125752112141322
81200,81.2,0.0812000000000005,11.1210123495555,0.0257692997302949,-0.0798208249432099,298.243953349495,-4.78148204086762,52.7804980398407,30.5241542080592,43.0977839042813,69433.9803363975,4.58027053346663,11.135541474910271
81300,81.3,0.0813000000000006,11.1787927310786,0.0096310661002573,0.037575321294772,302.450040811642,-4.78128385267861,52.814711729853,30.4940653480816,43.0930932443004,69402.9465991216,4.58231861527516,11.148414500634273
81400,81.4,0.0814000000000006,11.1298064125154,-0.0564577274653255,0.0028994577392986,304.712794396907,-4.78086563852789,52.8553257789717,30.4908471166765,43.0884025843196,69441.4272062698,4.579779347153,11.158026368330498
81500,81.5,0.0815000000000005,11.1972073752225,0.0456911350758378,0.0079476434156705,300.464153342682,-4.78035077275952,52.808997034171,30.5063997416129,43.0837119243387,69408.3930054744,4.58195904537106,11.171056288021136
81600,81.6,0.0816000000000005,11.1677592114113,-0.0095019097026884,-0.045805959697217,297.471715458066,-4.7810785228337,52.821221433341,30.5108214152822,43.0790212643578,69426.9628853719,4.58073349227711,11.181263544713895
81700,81.7,0.0817000000000005,11.2069145165436,-0.0040878968124494,0.0421903517465672,296.095572874869,-4.78114980290339,52.8476586559892,30.4868111903562,43.0743306043769,69399.4916689711,4.58254673785016,11.193619813461034
81800,81.8,0.0818000000000006,11.1646708492481,-0.0289878696070177,-0.0084036136053826,296.979808306984,-4.78065394743013,52.8410668446727,30.5074998370274,43.0696399443961,69430.3630319975,4.58050916440604,11.20275835286141
81900,81.9,0.0819000000000005,11.2378663056207,0.060414698762016,0.0064587389849108,300.784165108347,-4.78035404568975,52.8076602889973,30.5168949140543,43.0649492844152,69400.2776957516,4.5824948359763,11.214650630898024
82000,82.0,0.0820000000000005,11.1796617401213,-0.0297169466642861,-0.0385840049721172,303.047080307649,-4.78039728432195,52.8581522123964,30.507939539218,43.0602586244343,69438.6850643188,4.57996020318538,11.225113770525272
82100,82.1,0.0821000000000005,11.2648647264592,0.0064124917563195,0.0701070073150507,302.545529546691,-4.78039047538293,52.8582243252038,30.4903169529739,43.0555679644534,69391.1094582139,4.58310029395931,11.23676353339132
82200,82.2,0.0822000000000004,11.2069319218874,0.0142173230119246,-0.0960017438073594,298.925463337044,-4.77995992583667,52.8278301353282,30.5334370016339,43.0508773044726,69441.720471551,4.57976000589433,11.24649295081078
82300,82.3,0.0823000000000005,11.297245427481,0.0438382819252018,0.0288469464925342,298.473983928245,-4.77988835607568,52.8376523089306,30.5085073634153,43.0461866444917,69390.3626690392,4.58314961795121,11.258928473174592
82400,82.4,0.0824000000000005,11.2321504230206,-0.111348728872481,0.0100983747578917,297.086462532232,-4.78014871222638,52.8944124173544,30.4983037581644,43.0414959845108,69434.1047529257,4.58026232624108,11.269697741400565
82500,82.5,0.0825000000000005,11.3473901803559,0.100463422483294,0.0202556137984044,294.971785407372,-4.77999358330774,52.8090483874797,30.520523711267,43.0368053245299,69364.9933226188,4.58482584546576,11.283000356009781
82600,82.6,0.0826000000000006,11.2278323016577,-0.0454414608272392,-0.0977167446333149,300.304932516937,-4.77971485195859,52.8542462138466,30.5356037290679,43.0321146645491,69451.0926881872,4.57914198101875,11.293129847601294
82700,82.7,0.0827000000000006,11.3575233824118,-0.0019528149442094,0.126472186588329,305.094366320367,-4.77937071895587,52.8915711388273,30.485526541469,43.0274240045682,69378.5972344944,4.58392684246984,11.305812235876866
82800,82.8,0.0828000000000005,11.2260737705568,-0.0728035232008433,-0.0704118480651502,305.902247542729,-4.77943707021802,52.8743882718565,30.5336812071444,43.0227333445873,69458.0396088743,4.57868399319854,11.316571780517718
82900,82.9,0.0829000000000005,11.3848250884343,0.158259536021974,-0.0024316812711937,299.954397561978,-4.7791120791464,52.8011307205923,30.5390866780624,43.0180426846064,69366.5210327581,4.58472487045899,11.330275345066333
83000,83.0,0.0830000000000004,11.2788670888945,-0.148890949778793,0.0092716553973043,288.970453194266,-4.77877310756781,52.914889570306,30.5118750420862,43.0133520246256,69446.4547103814,4.57944779877383,11.341544537255503
83100,83.1,0.0831000000000006,11.4557377080686,0.0736405207756324,0.114412233363948,292.98673688447,-4.77954539968203,52.8578390215297,30.4988239112181,43.0086613646447,69334.3457623551,4.58685245615708,11.354054560763107
83200,83.2,0.0832000000000005,11.2773238328677,-0.0006832544514234,-0.195320484609857,302.546109503774,-4.77881600919113,52.8342891819228,30.5719074754124,43.0039707046638,69461.9486780101,4.57842632129873,11.365743987094772
83300,83.3,0.0833000000000005,11.4631462308785,0.0450912919879674,0.116695265923504,301.942378210749,-4.77798884174077,52.8623135133155,30.5150699879679,42.9992800446829,69362.0180952395,4.58502250784323,11.37875553910702
83400,83.4,0.0834000000000005,11.3123925092318,-0.119138060304441,-0.012499371976228,299.865785794718,-4.77775232746102,52.9453164459461,30.5126666034173,42.9945893847021,69457.8790597824,4.5786945766423,11.39073787692258
83500,83.5,0.0835000000000004,11.4951702693201,0.102483683470587,0.0706275384989033,299.339587234442,-4.77839610847679,52.8382741364137,30.5292128937995,42.9898987247212,69347.4750847564,4.5859840429289,11.40260802545713
83600,83.6,0.0836000000000005,11.3519224349908,-0.0194140209002706,-0.13266002519123,295.231468559735,-4.77837533273902,52.8523304389487,30.5654638891981,42.9852080647403,69440.7121716112,4.57982650538136,11.415100075053052
83700,83.7,0.0837000000000005,11.4825929323167,0.0189887903225383,0.0963929585606253,297.941205992469,-4.77835988291982,52.9094801844841,30.4994104541366,42.9805174047594,69358.0027627623,4.58528794786531,11.426631888759564
83800,83.8,0.0838000000000005,11.3719335993971,-0.14284333644324,-0.008899508396516,302.041854031994,-4.77756232474299,52.9531939339924,30.515646075935,42.9758267447786,69444.6781757778,4.57956495026324,11.438691167571182
83900,83.9,0.0839000000000004,11.5280097555469,0.128661367165203,-0.0069336955169895,301.215399626111,-4.7769987370713,52.8237164364997,30.5602502980649,42.9711360847977,69368.5626354794,4.58458993632721,11.45062843615576
84000,84.0,0.0840000000000006,11.3926597466694,0.0007323317342109,-0.110808435141524,303.189355163521,-4.77757250956473,52.8627175059327,30.5701503268337,42.9664454248168,69434.6875906238,4.58022387932581,11.462932183951839
84100,84.1,0.0841000000000005,11.5088028531231,-0.0541921166743351,0.133797026688291,301.650344841518,-4.77769105600393,52.9494102148154,30.4959030725363,42.9617547648359,69372.067397184,4.58435831723551,11.47395061275203
84200,84.2,0.0842000000000005,11.4420609784897,-0.0686557274650712,-0.0222601857492428,299.542749037984,-4.77768145054318,52.9211806744958,30.5365604633742,42.9570641048551,69419.9401083588,4.5811968961611,11.48688882853578
84300,84.3,0.0843000000000005,11.5467005448265,0.155974625670002,-0.0753580231599029,299.908310656534,-4.77754263610219,52.8136499099894,30.5770297457818,42.9523734448742,69363.1240163152,4.58494940454669,11.497659388027056
84400,84.4,0.0844000000000006,11.4995964916968,-0.0928016352802665,0.0302769863103089,294.803763103146,-4.77604399135286,52.9318956556519,30.5356082196597,42.9476827848933,69416.6672929343,4.58141288768661,11.509290873853978
84500,84.5,0.0845000000000005,11.5409387955714,-0.0516416052777317,0.0878046943816515,302.703260290076,-4.7761900172123,52.9509519710479,30.5173482922324,42.9429921249124,69392.5533631232,4.58300492982161,11.520682800117541
84600,84.6,0.0846000000000005,11.5191474263514,0.0787426167047563,-0.105519158058556,300.870339800477,-4.77626200660078,52.8490806761396,30.5850494513177,42.9383014649316,69405.1160724446,4.58217538061818,11.532811525727233
84700,84.7,0.0847000000000005,11.564268092107,0.0402398523828708,-0.0043778597751539,298.634392312805,-4.77685488768531,52.8742182274864,30.5615486623012,42.9336108049507,69377.1942187961,4.5840195432686,11.543479305553525
84800,84.8,0.0848000000000004,11.5493804452846,-0.0796681648372722,0.0615160686160523,295.390335707772,-4.77656661768067,52.9661594148575,30.5184343832622,42.9289201449698,69392.2065836262,4.58302783285672,11.555627658892815
84900,84.9,0.0849000000000006,11.5881365207468,0.0165270075719963,0.0110662682872005,297.42863244038,-4.77635965551398,52.9056538268788,30.5509405753185,42.9242294849889,69379.182696676,4.58388816061017,11.566195810427008
85000,85.0,0.0850000000000005,11.5455759613503,0.0696299879942679,-0.102031991274962,308.586140132413,-4.77725361196401,52.8690189061696,30.5826553753284,42.9195388250081,69395.5287041541,4.58280843297423,11.578589666453432
85100,85.1,0.0851000000000005,11.5998490220492,-0.0012320310190092,0.0402164522073858,296.529021243924,-4.77561283519379,52.9417546204278,30.5381476515789,42.9148481650272,69382.2854965803,4.58368316753961,11.589812129924411
85200,85.2,0.0852000000000005,11.6046439404038,-0.0763523577965306,0.0636950944160049,295.309329231936,-4.77535570578268,52.9559909372489,30.5395129027945,42.9101575050463,69396.4594557573,4.58274696793221,11.60239436814759
85300,85.3,0.0853000000000004,11.6191093025386,0.0809340581406223,-0.0755634752121797,302.862678250517,-4.77610548564285,52.8758612927367,30.5825564175901,42.9054668450654,69381.5298971937,4.58373308613026,11.613393211262672
85400,85.4,0.0854000000000005,11.6100563969135,0.0204724665036943,-0.0272245093634343,298.188961485045,-4.77562748465235,52.9228573393337,30.5627490152162,42.9007761850846,69390.6329132345,4.58313176871813,11.624287245189766
85500,85.5,0.0855000000000005,11.6190022991733,-0.0932219303628658,0.0749822157611706,296.094861524881,-4.77585912044506,52.9811055555873,30.5311573199045,42.8960855251037,69387.6127525839,4.58333125380884,11.634809107444644
85600,85.6,0.0856000000000005,11.6708019846168,0.0640244144123824,-0.0463618093944988,293.732559649026,-4.77620096718264,52.8968457773659,30.5714421844483,42.8913948651228,69361.0841515262,4.58508424495416,11.646928553690445
85700,85.7,0.0857000000000006,11.6461025791448,0.0194755198601285,-0.040001630969319,292.532618159005,-4.77538581326085,52.9098681342428,30.578136632697,42.8867042051419,69385.7630250346,4.58345343901973,11.659035312329427
85800,85.8,0.0858000000000006,11.6752703283062,-0.0517179979217994,0.0725430506011873,302.427725726153,-4.77537284036302,52.9770081082569,30.5395048037289,42.8820135451611,69378.449231756,4.58393662120852,11.669026132925495
85900,85.9,0.0859000000000005,11.6523113742985,-0.0025946441123564,-0.0415197398942488,303.208450566701,-4.77517172625938,52.9455852315719,30.568591407325,42.8773228851802,69395.7448852356,4.58279415664526,11.6806683657092
86000,86.0,0.0860000000000005,11.7152574635392,0.0780222677087686,-0.0308743420411681,299.081224150698,-4.77451582535918,52.8981243199972,30.5878713807953,42.8726322251993,69369.6777037381,4.58451624230287,11.690374610136436
86100,86.1,0.0861000000000005,11.6438403092404,-0.0474878304126471,-0.0452508520499762,307.991619686995,-4.77585290639164,52.9616876878874,30.569645382267,42.8679415652184,69404.0552444048,4.58224541831424,11.70343868760891
86200,86.2,0.0862000000000006,11.7467852683762,-0.020006423099954,0.089175540921208,292.623995412434,-4.77476469201341,52.9656289965129,30.5491283564587,42.8632509052375,69355.0459516383,4.58548343227779,11.71372314562657
86300,86.3,0.0863000000000005,11.7017001187784,0.0390019230188989,-0.0747356764834512,288.919528855016,-4.77429908711047,52.9151945251304,30.5957174951711,42.8585602452567,69387.0808446418,4.5833663887398,11.725509541233418
86400,86.4,0.0864000000000005,11.7659823681041,0.0643013080585557,0.0205932227820274,302.01336281335,-4.77464699396347,52.9343728852327,30.5742657522134,42.8538695852758,69355.9703265393,4.5854223170519,11.734682329612898
86500,86.5,0.0865000000000005,11.7034828201938,-0.120819640693858,0.0334569899242167,303.629882637878,-4.77421037880669,53.008670560731,30.5584038955278,42.8491789252949,69409.6866121557,4.58187365018886,11.748198386349106
86600,86.6,0.0866000000000004,11.8155664172905,0.0983153234865773,0.018838462858967,296.370867427067,-4.77329609604788,52.9283005984463,30.5819359517201,42.8444882653141,69350.2266005755,4.58580209099798,11.756935404279076
86700,86.7,0.0867000000000006,11.7231361099612,-0.0052830085179974,-0.0918397995475524,299.564735232551,-4.77406207471709,52.9389930675461,30.6031804192613,42.8397976053332,69404.8227617017,4.58219474528495,11.769309679826536
86800,86.8,0.0868000000000005,11.8364841343712,-0.0317713228562726,0.11383902514159,293.6345838409,-4.77394914270974,52.992625043164,30.5486771884385,42.8351069453523,69343.8097405642,4.5862264468297,11.778867226380909
86900,86.9,0.0869000000000005,11.7647997003306,-0.0468884207324684,-0.0262612798747086,291.70704465248,-4.77416894425497,52.9865339860471,30.5743529151104,42.8304162853714,69386.5160291269,4.58340369795484,11.791832790469595
87000,87.0,0.0870000000000005,11.8450929734095,0.0972129093116438,-0.0279611739487884,298.345654775591,-4.77450573701533,52.9154060943199,30.5985590417669,42.8257256253906,69340.6388661494,4.58643617013682,11.801433921438955
87100,87.1,0.0871000000000004,11.7569582350414,-0.0809472915102838,-0.0385711581776282,300.324735174142,-4.7733210566548,53.0045988394411,30.5833364389141,42.8210349654097,69415.3589941781,4.58149923538933,11.813707201113733
87200,87.2,0.0872000000000005,11.8891933682444,0.0091679066920338,0.10404111814148,303.934054223861,-4.77314883080293,53.0031340728221,30.5546837293045,42.8163443054288,69340.8126299474,4.58642467681077,11.823532468876001
87300,87.3,0.0873000000000005,11.7786657309172,-0.0100261312068905,-0.119409241560874,299.048352936332,-4.77257960583524,52.9532727475743,30.6193520796965,42.8116536454479,69414.5969682108,4.58154953059436,11.836039318338097
87400,87.4,0.0874000000000005,11.9220461621196,0.112988889198166,0.0192536637475772,298.788192768497,-4.7733051397809,52.9339307956261,30.5938779931065,42.8069629854671,69323.9168717583,4.58754248904339,11.845416228784742
87500,87.5,0.0875000000000006,11.7938169092475,-0.156291620184125,0.0233766715207622,291.562720284058,-4.77292904406246,53.0609865741548,30.5621091905414,42.8022723254862,69410.5474102093,4.58181682787486,11.85775958834475
87600,87.6,0.0876000000000005,11.9508457611421,0.0797605543955074,0.0875489117259138,295.125206385579,-4.77282621966418,52.9584884243567,30.5828316045813,42.7975816655053,69315.8420502489,4.58807690636661,11.8664439506049
87700,87.7,0.0877000000000005,11.781046396129,0.0323782540373161,-0.18918097103356,296.528649619313,-4.7721588750875,52.9343131494953,30.6468488016985,42.7928910055244,69421.6186491171,4.5810861277022,11.878788913915574
87800,87.8,0.0878000000000005,11.9575863415301,0.0346985816259978,0.159871569005321,298.434117559405,-4.77222299834937,53.0075037689469,30.5607907990465,42.7882003455436,69314.7979274019,4.58814601882261,11.888794032529182
87900,87.9,0.0879000000000004,11.8221516790811,-0.193048632965565,0.0309182095318519,298.073304802264,-4.77196786904905,53.0779288034531,30.5688584322843,42.7835096855627,69417.6003372087,4.58135130876364,11.90159842335869
88000,88.0,0.0880000000000006,11.9869423973554,0.224331447333764,-0.0547660546651864,299.99986173412,-4.77176788183363,52.9015919167419,30.6329915738662,42.7788190255818,69324.5315419802,4.5875018133158,11.910591579140135
88100,88.1,0.0881000000000005,11.8207129371715,-0.0283790175164878,-0.120164669896683,303.169676275342,-4.7721724687088,52.9881602562602,30.6291978538885,42.7741283656009,69421.7620698994,4.58107666348037,11.9227693010558
88200,88.2,0.0882000000000005,11.9954642367123,-0.0987633559226835,0.218660827629938,300.910875696805,-4.77248042104231,53.0967265512298,30.5281033069838,42.76943770562,69326.7930089387,4.58735216722195,11.932676687562193
88300,88.3,0.0883000000000005,11.8885068764217,-0.0139502605208954,-0.08933563630309,294.080123581767,-4.77207215106026,52.9996465886889,30.6175902573166,42.7647470456392,69395.2728922241,4.58282532658991,11.944630637070988
88400,88.4,0.0884000000000004,12.0162568853076,0.177954824491192,-0.0609578399486312,296.644282795245,-4.7717678151679,52.8956200766787,30.6502703213884,42.7600563856583,69325.3851323066,4.58744532827554,11.953198815255554
88500,88.5,0.0885000000000005,11.9324163981102,-0.124637307101505,0.0284729663776834,304.036844768433,-4.77126387435058,53.0742532046111,30.5815681295007,42.7553657256774,69395.9728868542,4.58277909979913,11.965390383113034
88600,88.6,0.0886000000000005,11.9995494374051,-0.0513259635831386,0.0976112527978361,302.367384424435,-4.77089082028829,53.0699918507115,30.5711200260212,42.7506750656965,69359.0838579278,4.58521647730432,11.974764044036899
88700,88.7,0.0887000000000005,11.9502736561006,0.0469378905823361,-0.114836750618466,302.54693971773,-4.77138129926809,52.9462506779812,30.6564834278629,42.7459844057157,69382.9674691681,4.58363811402885,11.985384489328455
88800,88.8,0.0888000000000006,12.0267407629467,0.0965719233880183,-0.0444800421490236,296.022337018556,-4.77123108661317,52.9774017746522,30.623824072282,42.7412937457348,69342.2197362319,4.58633160815778,11.993709671046219
88900,88.9,0.0889000000000005,12.004341213145,-0.123149816471715,0.126673138960658,294.953613676821,-4.77131938267312,53.0987098879621,30.5624149596992,42.7366030857539,69354.0195869751,4.58555129248528,12.005459535300046
89000,89.0,0.0890000000000005,12.0111128312559,0.0026300175371257,0.0138577003018753,298.488819458177,-4.77053736068055,53.0186696200842,30.6145617920791,42.731912425773,69360.0189404719,4.58515466134818,12.014211618909359
89100,89.1,0.0891000000000005,12.0369363613248,0.129996503576277,-0.105768238603118,302.115648389317,-4.76995436791347,52.9604357316308,30.6520082187074,42.7272217657922,69360.9667553435,4.5850920053908,12.025989054686404
89200,89.2,0.0892000000000004,12.0235962510751,-0.0921042867652187,0.0531267762798703,299.056685909646,-4.76966368116943,53.0658734968919,30.6024969975861,42.7225311058113,69379.1789567971,4.58388840770427,12.03518226154383
89300,89.3,0.0893000000000006,12.0479223627532,-0.0374242928816568,0.0680371540231203,297.729278077277,-4.77026443626828,53.0528312243656,30.6019697107688,42.7178404458304,69353.3167711281,4.58559776175691,12.046686615037554
89400,89.4,0.0894000000000005,12.0327551701744,0.0700114109936843,-0.105779160487511,297.365143427248,-4.77055493415159,52.9938624982843,30.6441152436646,42.7131497858495,69364.0208592249,4.58489012339036,12.056221234927486
89500,89.5,0.0895000000000005,12.1024576319373,-0.016388186829354,0.0734410656460927,298.308562149569,-4.77016430112757,53.0443668144415,30.6088332073937,42.7084591258687,69342.5721911127,4.58630829672139,12.06717199408785
89600,89.6,0.0896000000000005,12.0529353221795,-0.0811046394792926,0.0102254679670625,305.880222866255,-4.76974241145262,53.0704986371784,30.6148506378619,42.7037684658878,69382.7509101837,4.58365242058202,12.077771890042742
89700,89.7,0.0897000000000004,12.1126815652755,0.0946242439319581,-0.0389066862114175,307.87214937523,-4.76923960199853,52.9999161261031,30.6451354429568,42.6990778059069,69351.398449933,4.58572460345837,12.087148729095096
89800,89.8,0.0898000000000005,12.0644582889056,-0.0494739051041272,-0.0367991636537665,305.354909687634,-4.7692614868898,53.049773898488,30.6367978079875,42.694387145926,69390.1284660443,4.58316508682827,12.098874175291218
89900,89.9,0.0899000000000005,12.1564627889688,-0.0062922889248168,0.0859639872807087,301.985546776529,-4.76951071717286,53.0698409239566,30.6041695059614,42.6896964859452,69334.8294523563,4.58682045759752,12.107445669619025
90000,90.0,0.0900000000000005,12.0964338717103,0.0112321046953461,-0.060565269324451,295.045035545867,-4.76914525824438,53.0390870353628,30.6403116293818,42.6850058259643,69368.8608870148,4.58457022487498,12.121189398468019
90100,90.1,0.0901000000000004,12.1772511968385,0.0692500816078529,0.02635786660309,295.261732981029,-4.7691620353605,53.020548907259,30.6342215773844,42.6803151659834,69323.2135336568,4.58758903324208,12.128985936290757
90200,90.2,0.0902000000000004,12.1040333907526,-0.0861645662984151,-0.0213772753196227,297.215417891908,-4.76870455107302,53.0868058936368,30.627042652271,42.6756245060025,69385.9508622302,4.58344103098857,12.143448205219729
90300,90.3,0.0903000000000005,12.1874802988292,0.050793015572201,0.0297146799923417,306.801629096281,-4.76851197906756,53.0503680040669,30.6299144870544,42.6709338460217,69337.20524033,4.58666329359238,12.149688580565257
90400,90.4,0.0904000000000005,12.1039415220541,-0.0514150620100548,-0.0392595669280345,304.262792381451,-4.76822155814379,53.0556241328956,30.6553005771068,42.6662431860408,69393.9183867501,4.58291477912603,12.1652079149246
90500,90.5,0.0905000000000005,12.2208539366939,0.0679308770863921,0.0212585710593881,299.128932351488,-4.76839435325762,53.047027830695,30.6343815241961,42.6615525260599,69327.705809603,4.58729176801998,12.17105339520049
90600,90.6,0.0906000000000006,12.1152279730071,-0.0650082930434631,-0.0214562460232802,294.731410654662,-4.76808500160142,53.1085398499234,30.6285270754301,42.656861866079,69387.2021194299,4.58335837794285,12.186791671684718
90700,90.7,0.0907000000000005,12.2413507674637,0.0432358410383192,0.0871073103589222,299.983162437629,-4.76855832155339,53.0584256749073,30.6287367431246,42.6521712060982,69314.5787971418,4.58816052373121,12.191372865169958
90800,90.8,0.0908000000000005,12.146051620993,0.0228590010577934,-0.125052027506496,296.510514536246,-4.7676645911089,53.0444221396744,30.6738559069693,42.6474805461173,69390.7330575244,4.58312515436984,12.20712672316075
90900,90.9,0.0909000000000005,12.289967530052,0.0364419009664403,0.0913990105245515,303.183342283096,-4.76728118570149,53.0789050873811,30.6261908747554,42.6427898861364,69320.3187487036,4.58778060887163,12.212160463383158
91000,91.0,0.0910000000000004,12.1396220443242,-0.131628999126241,-0.0129976217168861,302.806651779693,-4.76646733309501,53.1354986850895,30.6394281651778,42.6380992261555,69416.5862797511,4.58141823446123,12.228945835850492
91100,91.1,0.0911000000000006,12.2939034139853,0.130956725259151,0.0123213256783808,305.877280648867,-4.76769672847635,53.0286312368067,30.6596395583019,42.6334085661747,69315.0464120658,4.58812957096633,12.234783174135117
91200,91.2,0.0912000000000005,12.1742738012903,-0.0761562623671161,-0.0907573731704546,302.046339315308,-4.7677921546474,53.0832022969456,30.6678734933861,42.6287179061938,69397.3758163315,4.58268645485671,12.249998853262099
91300,91.3,0.0913000000000005,12.3538523504911,0.013771656223554,0.146171166450338,295.54794046621,-4.76690996434108,53.1062975213697,30.6150280839638,42.6240272462129,69300.3083734563,4.58910532464405,12.255757078938295
91400,91.4,0.0914000000000005,12.1946654553065,-0.0263657793618808,-0.115710420490211,296.808237718953,-4.76698315720917,53.0917720544843,30.6703957672549,42.619336586232,69399.0118004535,4.5825784244672,12.271230844646363
91500,91.5,0.0915000000000004,12.361185235321,0.149481032042153,0.044584942447799,301.998032816213,-4.76741096975745,53.038479076461,30.6576429860432,42.6146459262512,69292.8953928007,4.58959626890038,12.277528254110877
91600,91.6,0.0916000000000005,12.1922989323738,-0.150809782931209,-0.0295596709139367,303.450387771998,-4.76710592624342,53.1675237325204,30.6363151779751,42.6099552662703,69405.5245145574,4.58214841513658,12.291682359291086
91700,91.7,0.0917000000000005,12.3921152849028,0.075771314732161,0.0876766472489769,301.90223320088,-4.76635697317759,53.0980913605144,30.6319616728308,42.6052646062894,69297.4074720976,4.58929743200213,12.2988432744155
91800,91.8,0.0918000000000005,12.222019788645,-0.0287830633883102,-0.117431133132646,302.528647235188,-4.76620528452621,53.0758749769159,30.6961910393661,42.6005739463085,69406.0137183225,4.58211611816206,12.312757609280677
91900,91.9,0.0919000000000006,12.4018668584901,0.0987425648799269,0.0477852940066142,296.690357923215,-4.76618487336561,53.079342861532,30.6514409232628,42.5958832863277,69301.727646095,4.58901134153793,12.321140374938677
92000,92.0,0.0920000000000006,12.288216115603,-0.126426112531754,0.0163927696300166,298.296672360971,-4.76711235543415,53.1683978253534,30.6331932738838,42.5911926263468,69369.0338368547,4.58455879469292,12.333996952982002
92100,92.1,0.0921000000000005,12.3811953530964,0.060774824457744,0.0316213722699419,295.086184823957,-4.76649371132991,53.087047751696,30.6618290327348,42.5865019663659,69320.0074638317,4.58780121052404,12.342886761167994
92200,92.2,0.0922000000000005,12.3349819558534,0.0655467140299076,-0.0768466697977471,296.305821608907,-4.76577136766748,53.0599864253097,30.6962912248904,42.581811306385,69354.9035567555,4.5854928468879,12.355092929240394
92300,92.3,0.0923000000000005,12.3887897137543,-0.034136627169652,0.0442466895395193,303.708368138447,-4.76618777339107,53.1339079443558,30.6498713441491,42.5771206464042,69338.8609379866,4.58655377163652,12.364265352694394
92400,92.4,0.0924000000000006,12.3898627156789,-0.0488570484653153,0.0756342906939675,299.346960249687,-4.76563268889938,53.1468508331038,30.6471785594934,42.5724299864233,69342.0176989658,4.58634497104987,12.374812194132124
92500,92.5,0.0925000000000005,12.358390429577,0.0810676418911354,-0.119457128970255,301.77355008885,-4.76589559932926,53.0676888045777,30.7034691886872,42.5677393264424,69358.2631898079,4.58527073098388,12.386003466197373
92600,92.6,0.0926000000000005,12.4344106561527,0.0380099842901885,0.043087147745055,299.74503206764,-4.76548853842791,53.1048705310957,30.6697265082171,42.5630486664615,69322.9419668626,4.58760700473624,12.396258651896549
92700,92.7,0.0927000000000005,12.367265244565,-0.127608273167395,0.0244362758533837,299.292139009861,-4.76534725934983,53.1759735781349,30.6529561311136,42.5583580064807,69370.1569724858,4.58448456851901,12.407598134369149
92800,92.8,0.0928000000000004,12.4772785459648,0.1144395625764,0.0120678854528644,300.304674627735,-4.76544604531711,53.0880263836604,30.6784546998935,42.5536673464998,69305.3968180976,4.58876838972311,12.417385159799531
92900,92.9,0.0929000000000005,12.3328349121322,-0.0653489517826609,-0.08851076870332,302.119642344685,-4.76548149739122,53.1274266969115,30.6971899701076,42.5489766865189,69391.5394240675,4.58307189602137,12.429257074829342
93000,93.0,0.0930000000000005,12.5240580770598,0.0421435660020494,0.144581680725524,300.018504903746,-4.76464424567078,53.1387542076142,30.6468471089601,42.544286026538,69284.8705762985,4.59012785202338,12.43773038650638
93100,93.1,0.0931000000000005,12.3521702557923,-0.11985349106069,-0.110283824985352,303.871837089565,-4.76454274563746,53.1568033538755,30.6949279185098,42.5395953665572,69409.486063402,4.58188688885553,12.449629327504319
93200,93.2,0.0932000000000006,12.5630878783202,0.131590257461587,0.0732967677555152,304.227114414776,-4.76428839499098,53.083159035108,30.6867465410703,42.5349047065763,69287.2094961335,4.58997290364031,12.458161960935149
93300,93.3,0.0933000000000004,12.3540048006558,-0.106613242837472,-0.105511602811071,297.269902579586,-4.76415812736743,53.1741703936211,30.6913886598243,42.5302140465954,69408.8470297333,4.58192907339128,12.469690036929725
93400,93.4,0.0934000000000005,12.6135266067778,0.102549945055462,0.182897273391579,293.823056408702,-4.76438373006312,53.1245124771815,30.6526990373602,42.5255233866145,69248.9744601029,4.59250720513313,12.477840117604162
93500,93.5,0.0935000000000005,12.3419384557034,-0.0986578052055716,-0.155378220753724,297.630874259138,-4.76453226142296,53.1463455413418,30.7191602387653,42.5208327266337,69419.9836943891,4.58119401981086,12.4903368549403
93600,93.6,0.0936000000000005,12.6311037325683,0.175568693236343,0.09656644979825,304.490344745594,-4.76445553817448,53.101775724752,30.6758157437371,42.5161420666528,69256.2566941032,4.59202430707147,12.497612270071347
93700,93.7,0.0937000000000006,12.3794738848152,-0.212931749482707,-0.0767254165622746,303.991376248449,-4.76362532924585,53.222359563209,30.6856261720444,42.5114514066719,69428.0627515982,4.58066092516433,12.510733662939103
93800,93.8,0.0938000000000005,12.6500842830992,0.113931777330281,0.119165416082098,304.443587633917,-4.7635956020988,53.1226639802425,30.6734678532272,42.506760746691,69262.9101911832,4.59158319045892,12.51818025202749
93900,93.9,0.0939000000000005,12.3959598214658,-0.0755900491137912,-0.184424418209142,297.963252472954,-4.76301741563415,53.1570820832951,30.7260371504094,42.5020700867102,69418.9064392298,4.58126511160914,12.531710896269942
94000,94.0,0.0940000000000005,12.6891017943095,0.0981663357126864,0.158889066232826,300.179757989052,-4.76350376094034,53.124816569568,30.6750938047211,42.4973794267293,69254.1005851954,4.59216727195628,12.539157359716848
94100,94.1,0.0941000000000004,12.4311752657909,-0.147479917712477,-0.103235282361669,297.082644562327,-4.76346499356976,53.207090144909,30.7021025947457,42.4926887667484,69414.7620589249,4.58153863419046,12.552992547463443
94200,94.2,0.0942000000000005,12.6958896951279,0.147417222472424,0.121303158943079,291.956469959778,-4.76296089699134,53.1220369928082,30.6809142770201,42.4879981067675,69248.3271082636,4.5925501371159,12.558604491696517
94300,94.3,0.0943000000000005,12.4542736832286,-0.090682792661973,-0.108520809572899,298.360060617915,-4.76278374778888,53.1732558119494,30.7224297812726,42.4833074467867,69401.224612919,4.58243231196388,12.572753057859238
94400,94.4,0.0944000000000005,12.6607441978362,0.0861592484557806,0.11264232433686,300.754548395723,-4.76204488529061,53.1607990797981,30.6820858227874,42.4786167868058,69286.2006692273,4.59003973495909,12.579232569232872
94500,94.5,0.0945000000000006,12.4883732252267,-0.1035002164715,-0.0868113953180806,301.483378284719,-4.76225266162702,53.2034732209893,30.7090925279661,42.4739261268249,69395.1909468137,4.58283073822574,12.593350469116736
94600,94.6,0.0946000000000004,12.6916088241485,0.110948616633888,0.0682843247651582,300.22971767898,-4.76259244128653,53.1273607620819,30.70498396206,42.469235466844,69278.9918997727,4.59051734783032,12.60123904080827
94700,94.7,0.0947000000000005,12.5305197210719,-0.0791876948224729,-0.0745407976201278,296.334322579334,-4.76259181534934,53.1968847357821,30.7118910830487,42.4645448068632,69377.5936468261,4.58399315166579,12.613961380115363
94800,94.8,0.0948000000000005,12.6910567307969,0.0310112226946334,0.0784390724438779,301.441566087503,-4.76305426057595,53.1851377515286,30.6812934369073,42.4598541468823,69285.5152038717,4.59008514579583,12.623788489807257
94900,94.9,0.0949000000000005,12.5975700370671,-0.0320993031896264,-0.0593596802392472,305.085654108406,-4.76158625431573,53.1757917679334,30.7250933991706,42.4551634869014,69364.5693748018,4.58485386736406,12.635687875746658
95000,95.0,0.0950000000000006,12.6668614045687,0.0543360782502013,-0.015308183655969,306.970559594229,-4.76135612023644,53.1645024283262,30.7179531610003,42.4504728269205,69326.0664964945,4.58740024103608,12.64701922784425
95100,95.1,0.0951000000000005,12.6411229120665,-0.0487685731113563,0.007259318564239,305.768952569225,-4.76203036827844,53.2100296014909,30.7011593026435,42.4457821669397,69339.837027661,4.58648920719609,12.657411089689422
95200,95.2,0.0952000000000005,12.68769351628,-0.0075889072674597,0.0348518461998983,298.665814322468,-4.76187606442791,53.1885355275671,30.7071186656025,42.4410915069588,69317.6202856337,4.58795920641284,12.66960552584314
95300,95.3,0.0953000000000005,12.6690985339514,0.0179900789925987,-0.0414416066828166,299.708793561849,-4.7619681302563,53.1779040136087,30.7209403633185,42.4364008469779,69327.2963983865,4.58731885819659,12.679740181193896
95400,95.4,0.0954000000000004,12.679873514724,-0.004770455156392,0.0016309372493103,298.744660595232,-4.76130504691695,53.2015182776135,30.7130706214835,42.431710186997,69332.650166883,4.586964631968,12.693297973921355
95500,95.5,0.0955000000000006,12.7095573941547,-0.0393683153505737,0.0184989467827224,308.286578648659,-4.76136067138741,53.2058483855256,30.7154768452924,42.4270195270162,69336.0598476781,4.58673906268633,12.699449465386236
95600,95.6,0.0956000000000005,12.7101370636029,0.0072248279850001,-0.0399996798702788,306.199711115736,-4.76074187353545,53.2037807892993,30.7223033965228,42.4223288670353,69341.1077651457,4.58640515570129,12.715805458489278
95700,95.7,0.0957000000000005,12.7162205191537,0.0235749320265396,-0.0179856418115985,302.031884370002,-4.76110435323759,53.2044257943108,30.7188017590565,42.4176382070544,69326.3787139999,4.58737958127157,12.721914407302233
95800,95.8,0.0958000000000005,12.7387787207418,-0.0487753260524945,0.0495697000360292,296.4494777493,-4.76108683040717,53.2128318685465,30.7156458648001,42.4129475470735,69322.5418953645,4.58763348055142,12.73907231286411
95900,95.9,0.0959000000000004,12.7591817234589,0.0525499706417327,-0.0498927827818996,302.67701575747,-4.76146567331392,53.1941781972532,30.726119593784,42.4082568870927,69314.2043483622,4.58818530986451,12.743459547816773
96000,96.0,0.0960000000000005,12.7592201568176,-0.0106038154004819,0.0083372404168673,295.577561957984,-4.75960298471182,53.2160710725035,30.724959507643,42.4035662271118,69332.4440647116,4.58697826747997,12.763091472203666
96100,96.1,0.0961000000000005,12.7876127348185,-0.0048772311329031,0.0416153313610864,300.286811608996,-4.75954018319602,53.2298312272563,30.7151670502393,42.3988755671309,69320.5995014168,4.58776202807655,12.765196032602397
96200,96.2,0.0962000000000005,12.7392475802985,0.0119558117010721,-0.057464900005468,302.099169887511,-4.7598096623323,53.2271137037527,30.7325271787508,42.39418490715,69348.5653158868,4.58591194651935,12.785050217722453
96300,96.3,0.0963000000000004,12.8092664058804,0.0390617467016358,0.0278565203342488,298.9152909397,-4.76067054726073,53.1957639111035,30.7338446763738,42.3894942471692,69303.0226845698,4.58892558847813,12.788258517217377
96400,96.4,0.0964000000000004,12.7857685136568,-0.0394682815933401,-0.0172736362947293,300.047441263373,-4.7610529085844,53.2144646070342,30.7357617262852,42.3848035871883,69324.0381762442,4.58753446167658,12.808247120093558
96500,96.5,0.0965000000000005,12.8370355057204,0.0493687035377302,-0.0095958055685675,300.728938953417,-4.76020296167832,53.2193491050129,30.7272024920674,42.3801129272074,69303.4238107687,4.58889902791045,12.811032559933116
96600,96.6,0.0966000000000005,12.7875173696887,-0.0716807079191444,0.0058636315883593,301.293996866089,-4.75930010155146,53.2477040142535,30.7341334061994,42.3754222672265,69348.3124415642,4.58592866876299,12.831539010637968
96700,96.7,0.0967000000000005,12.900167397041,0.05775566698495,0.0279798675868074,302.568268367794,-4.75907447948402,53.201454951028,30.7408939401732,42.3707316072457,69295.6487524386,4.58941390811224,12.83504381831773
96800,96.8,0.0968000000000006,12.8140616978732,-0.0132384996929455,-0.0680307592843221,295.983588631883,-4.75858267041264,53.2330204638891,30.7506386964199,42.3660409472648,69351.0644194907,4.58574669066973,12.854328369226979
96900,96.9,0.0969000000000005,12.9072904530584,-0.02243578725849,0.113322674679691,297.63120467255,-4.75983278552092,53.2425207441645,30.7182816910344,42.3613502872839,69282.782676948,4.59026617967984,12.85908061469828
97000,97.0,0.0970000000000005,12.8291805792077,-0.0314449960422028,-0.0389072313183313,298.199051727736,-4.76002783995483,53.2373452165454,30.7444741618769,42.356659627303,69327.4398846092,4.58730936387434,12.87571101614385
97100,97.1,0.0971000000000005,12.9329757244497,0.0934485384381311,-0.0198177201991136,291.354317712164,-4.75845077469771,53.2077995604145,30.7501286123649,42.3519689673222,69294.0334031032,4.5895208943323,12.881827105276455
97200,97.2,0.0972000000000004,12.8652590598399,-0.078756646241234,0.0255096135571439,298.259680943306,-4.75865204634919,53.2676486596185,30.7353526857968,42.3472783073413,69330.9627022217,4.58707627531489,12.897442426295003
97300,97.3,0.0973000000000006,12.9196887876198,0.0214925411929441,0.0294162445052629,300.298603993578,-4.75825875585411,53.2563350926465,30.7342650552033,42.3425876473604,69306.1068962814,4.58872137533332,12.904458614617736
97400,97.4,0.0974000000000005,12.9061490873795,0.0463978260862808,-0.0537240840149302,295.505885429049,-4.75735249113006,53.225343575723,30.7659713212794,42.3378969873795,69329.5507976528,4.5871696916702,12.918961679110993
97500,97.5,0.0975000000000005,12.9318937198754,-0.0201501374348575,0.021144468981734,303.210879646202,-4.75824851884347,53.2524900620004,30.7479309704759,42.3332063273987,69316.5566502912,4.58802960684526,12.928161898626335
97600,97.6,0.0976000000000005,12.9331870842095,-0.0591116819586965,0.0529908941360622,296.897255202838,-4.75775616560766,53.2850135812037,30.7343718232643,42.3285156674178,69320.6236452341,4.58776043019583,12.939783704525677
97700,97.7,0.0977000000000004,12.9509079874401,0.0468930295883525,-0.0478917096238393,300.771175500326,-4.75869963572452,53.2286706655527,30.7635356094061,42.3238250074369,69305.3525608442,4.58877132003481,12.949964078903681
97800,97.8,0.0978000000000005,12.9553534675363,0.0446215406042654,-0.0126270659135646,298.375522090195,-4.7581935866194,53.240963060174,30.7600628358073,42.319134347456,69305.8503481052,4.58873836131782,12.961251935514408
97900,97.9,0.0979000000000005,12.9509378921997,-0.0747281680990231,0.0254823774554188,302.785061416725,-4.75746204603816,53.3138662160367,30.7337329677196,42.3144436874752,69333.6600791238,4.58689781836369,12.972777849335934
98000,98.0,0.0980000000000005,13.0623146968393,0.0295033010369189,0.0583630009278802,299.977062713042,-4.75658448987961,53.2654589882006,30.7446518129587,42.3097530274943,69287.6358183749,4.58994466184056,12.982677818632318
98100,98.1,0.0981000000000006,12.9076311379325,-0.005451875688506,-0.134242780595775,307.428329150997,-4.75764547909692,53.2354818194734,30.7973746825624,42.3050623675134,69359.7031017988,4.58517554046241,12.995145261711814
98200,98.2,0.0982000000000005,13.0835473654779,0.0569890905324963,0.101168800258945,301.243150809152,-4.75736437234429,53.2594911697346,30.7441985865368,42.3003717075325,69263.4904253181,4.5915447258467,13.004417832052024
98300,98.3,0.0983000000000005,12.9204422602887,-0.141410113235982,-0.0505292252944936,293.304303051946,-4.75679795495527,53.3286105329631,30.7539964036957,42.2956810475517,69367.7886485892,4.5846410899329,13.01595245000082
98400,98.4,0.0984000000000005,13.1478221673111,0.154433874285746,0.0717630260162222,300.289583416507,-4.75748395929604,53.2156049098333,30.763515908727,42.2909903875708,69234.5426499172,4.59346450462156,13.025251290406235
98500,98.5,0.0985000000000004,12.8908916797416,-0.0735144170580426,-0.175732770024965,302.338868084761,-4.75669770285444,53.2934251629214,30.7926732406924,42.2862997275899,69393.8064473727,4.58292217184093,13.038203599181115
98600,98.6,0.0986000000000006,13.2162079381742,0.0559387352896236,0.218393191402281,303.887565290443,-4.75598471420095,53.2978747367701,30.7192679031073,42.281609067609,69226.4816484194,4.59399938554242,13.047324960054423
98700,98.7,0.0987000000000005,12.9037285787476,-0.153747986896311,-0.161644043140618,305.146036295398,-4.75616697419131,53.3047911932057,30.8002070948773,42.2769184076282,69410.1857879428,4.58184069882358,13.060945775533565
98800,98.8,0.0988000000000005,13.2170810419761,0.237422451133932,0.0674925446886901,306.453493037279,-4.75705235705182,53.1981039158053,30.7788677091175,42.2722277476473,69215.5904800322,4.59472225766605,13.067810033366369
98900,98.9,0.0989000000000005,12.91730099586,-0.215341045660508,-0.0812736329657299,298.890875706103,-4.75649340491375,53.3714170673394,30.7649295013882,42.2675370876664,69401.9384111513,4.58238518169405,13.079876815471678
99000,99.0,0.0990000000000004,13.2462029625129,0.0906648989959174,0.207074116585519,302.896037093637,-4.75663195514876,53.2915087167076,30.727819603179,42.2628464276855,69206.7577828452,4.59530867135831,13.087586234422316
99100,99.1,0.0991000000000005,12.9389116864025,-0.0601230906528277,-0.258525282329226,301.389500522697,-4.75530681991625,53.2871289554237,30.8258365564401,42.2581557677047,69414.1056769127,4.5815819573669,13.09986837931786
99200,99.2,0.0992000000000005,13.2594139901416,0.117805366012334,0.162832946103866,307.27780563596,-4.75484342808002,53.2755696887955,30.7548013598646,42.2534651077238,69231.4390496938,4.59367042663703,13.107701692423877
99300,99.3,0.0993000000000005,12.991743015289,-0.20106353894289,-0.0450524583265974,306.850727972117,-4.75514390514982,53.3858095140021,30.7653393248299,42.2487744477429,69390.7621321131,4.58312323404969,13.120872277876797
99400,99.4,0.0994000000000006,13.242758539502,0.147867026639558,0.0776529956657722,300.587598469797,-4.75507211385093,53.2568675479173,30.7773543391652,42.244083787762,69242.5093826402,4.59293600118766,13.128573295799661
99500,99.5,0.0995000000000005,13.0428628269981,-0.0208072114805827,-0.142153289971844,295.847981422098,-4.75482039024674,53.2900017684712,30.8148132820721,42.2393931277811,69362.2136716034,4.58500957973753,13.141113512292117
99600,99.6,0.0996000000000005,13.2208058070536,0.0138138681175845,0.126857276064568,301.780644407585,-4.75544322726983,53.3356929366885,30.7444985512041,42.2347024678003,69255.5838466672,4.59206892053957,13.149451634091708
99700,99.7,0.0997000000000005,13.0994389036944,-0.0983444515320647,-0.0536203731285423,300.548966164321,-4.75438368416873,53.3564400968112,30.7808124799124,42.2300118078194,69356.653188442,4.58537717055096,13.161109907616774
99800,99.8,0.0998000000000004,13.2284752876936,0.0878413894459013,-0.0046086223828778,308.940277978903,-4.75398934501836,53.2679576206943,30.8066909551304,42.2253211478385,69292.1534917406,4.58964540904347,13.169496947140628
99900,99.9,0.0999000000000006,13.1320973544716,-0.0246811318340749,-0.0392692605900907,305.954507381401,-4.75387642669951,53.3242495054471,30.7986858329157,42.2206304878576,69339.6510858801,4.58650150636341,13.180834325421245
100000,100.0,0.100000000000001,13.2169231947278,-0.0391592778839358,0.0979051135908489,301.86358442401,-4.75404098507846,53.3649058251721,30.7581524572387,42.2159398278768,69293.4930974633,4.58955668043447,13.190296838894282
100100,100.1,0.1001,13.2026907324435,-0.0029076558882577,-0.0079413770065932,294.540070053152,-4.75357812716115,53.3199619484728,30.7971694727753,42.2112491678959,69315.257068585,4.58811562714724,13.199872722643498
100200,100.2,0.1002,13.225228997531,0.0724263025922355,-0.0574416228198768,295.211066748102,-4.75367815441364,53.2841742911181,30.8163982339812,42.206558507915,69304.2805596228,4.58884229932238,13.209882490566772
100300,100.3,0.1003,13.2344043418928,-0.0117530599899083,0.0156930725759414,301.046214576266,-4.75405033030044,53.3439013943258,30.7825030185613,42.2018678479342,69297.9487163786,4.58926158778113,13.219970313583552
100400,100.4,0.100400000000001,13.2043623389601,-0.0856318365866051,0.0285474199718748,304.745819975475,-4.75295032837667,53.3761283675458,30.7828333999578,42.1971771879533,69332.851237015,4.58695132944881,13.22984480551591
100500,100.5,0.100500000000001,13.2649386698254,0.0869975375239372,-0.0312452902466335,306.167226823106,-4.75290365182717,53.3003082760187,30.8139670003777,42.1924865279724,69296.6842008789,4.58934533193825,13.238422496394474
100600,100.6,0.1006,13.2015926724636,-0.0206819150153598,-0.0513460216102631,299.439846312374,-4.75272935876441,53.3446359373158,30.8076763674516,42.1877958679915,69332.4480447684,4.58697800416265,13.251321895488772
100700,100.7,0.100700000000001,13.3076765384328,-0.0401885921753741,0.0890179937358959,298.98770712019,-4.75307467576389,53.3763504463295,30.7726642712995,42.1831052080106,69287.1217744403,4.58997871482404,13.258081333324713
100800,100.8,0.1008,13.2336431835324,-0.0240528800029908,-0.0759000443715619,301.144870673418,-4.75335167155942,53.3418210422871,30.816374654639,42.1784145480298,69332.9428731592,4.58694526695505,13.270883666585723
100900,100.9,0.100900000000001,13.3293788704992,0.0871775718797926,0.0023058499460979,302.650572133368,-4.75327537328193,53.3063584510263,30.8128273975583,42.1737238880489,69271.1690249971,4.59103576036576,13.277840443135002
101000,101.0,0.101,13.2220282757427,-0.0921752908205442,-0.005438430444021,300.301425334033,-4.75189515951281,53.4043106963362,30.7934959919421,42.169033228068,69347.204010928,4.58600196925008,13.291983706581991
101100,101.1,0.1011,13.3480855837966,0.066186773002325,0.052358374528202,306.790930092416,-4.75178791023651,53.3591677702375,30.793343489538,42.1643425680872,69280.5340753663,4.59041516351678,13.297150856098515
101200,101.2,0.101200000000001,13.2182428922537,-0.0279460649747604,-0.0901252749302789,303.622613400758,-4.75203784383067,53.3459454743805,30.8368369714404,42.1596519081063,69353.4800121784,4.58558696838656,13.313308574808872
101300,101.3,0.101300000000001,13.3919080996531,0.0602051056700604,0.0620459431662212,298.524776186848,-4.75208113899455,53.3432890981238,30.8019148422594,42.1549612481254,69263.7818468886,4.5915254073062,13.31713493473253
101400,101.4,0.101400000000001,13.282283235778,-0.0853004607302863,-0.0299678993990194,293.46415289502,-4.75145686388688,53.4073283361945,30.8026063631693,42.1502705881445,69340.7741664511,4.58642722091171,13.333189163031387
101500,101.5,0.1015,13.405147605559,0.0649954475753779,0.0451961646961817,301.969057829803,-4.75211361897415,53.3500906854171,30.8067134664652,42.1455799281636,69267.9867750112,4.59124667776302,13.33672894525527
101600,101.6,0.1016,13.3000176782441,-0.0241217044133809,-0.0824510727538016,302.753543165517,-4.75134446778209,53.3644398322988,30.8333732968973,42.1408892681828,69338.8591575312,4.58655388940821,13.353554649992573
101700,101.7,0.101700000000001,13.3953166317959,0.0364252708628954,0.0346200787169742,308.764901942713,-4.75097395143897,53.3717977704002,30.8118409343696,42.1361986082019,69292.2767604487,4.58963724421347,13.356339217797927
101800,101.8,0.101800000000001,13.3253197062063,-0.0684343779107292,-0.0075294990762313,305.550758751269,-4.7510440264849,53.4017941128469,30.8164660634119,42.131507948221,69333.9088489329,4.58688136059125,13.373692377089798
101900,101.9,0.1019,13.4248098103236,0.0492321231607478,0.0226904405019022,296.801280092126,-4.75067495757858,53.3550312753588,30.8235239021228,42.1268172882401,69281.3458906527,4.59036137459059,13.377070979139399
102000,102.0,0.102,13.3532211999711,-0.0032773408234702,-0.0406870648288347,297.165362671647,-4.75077839759214,53.3733516176605,30.832984961421,42.1221266282593,69318.6882825112,4.58788851947072,13.393007664197537
102100,102.1,0.1021,13.4134671198543,-0.0085778312735269,0.0913400892692819,295.886125147217,-4.75055514353967,53.3939997383521,30.8086054257927,42.1174359682784,69282.9576837276,4.59025458479809,13.397678372019726
102200,102.2,0.102200000000001,13.4038220971608,0.0006109328299491,-0.0486412637729016,299.455598751491,-4.75046903733207,53.3865827130379,30.8316836043414,42.1127453082975,69317.5041084181,4.58796689590387,13.411689890242528
102300,102.3,0.102300000000001,13.4493382190869,0.0157060088089545,0.0112343365387954,303.248324102542,-4.7501358682335,53.3853216788061,30.8263596654104,42.1080546483166,69296.1781779127,4.58937884481297,13.417919663041543
102400,102.4,0.1024,13.4001377949593,-0.0542387094832151,0.0042666887021949,309.692822639225,-4.75036472851954,53.4240409855221,30.8211176737975,42.1033639883358,69326.9214310391,4.58734366955051,13.43156280236726
102500,102.5,0.1025,13.4464243121779,0.0308150766521639,-0.0195749027951986,303.887745151493,-4.75007694122505,53.3942517621696,30.8310583551929,42.0986733283549,69302.8904208901,4.5889343463839,13.438642067044013
102600,102.6,0.1026,13.4683783255824,0.0403881839328491,-0.0121439897638559,297.406951915897,-4.7502395120799,53.3899319307766,30.8313074490305,42.093982668374,69290.122176605,4.58977995948001,13.4504260546232
102700,102.7,0.102700000000001,13.4543273864614,-0.0547435443146087,0.0348696295116904,301.266868735254,-4.75072822142141,53.4358241075022,30.811108841872,42.0892920083931,69296.5255704425,4.58935583765764,13.459086684739926
102800,102.8,0.1028,13.4664267208481,-0.0012049270925711,0.0252486592074499,297.805026000609,-4.74959722153738,53.4104102942575,30.8286751338964,42.0846013484123,69295.3341119908,4.58943474667614,13.470246166724376
102900,102.9,0.1029,13.4753936157133,0.0577427092706284,-0.0612293396506154,300.595587933725,-4.74910811324827,53.3767825281608,30.8570031493504,42.0799106884314,69307.6136594192,4.58862161549666,13.481330317806153
103000,103.0,0.103000000000001,13.5127395067404,-0.0112482954402615,0.0494093377508674,307.332763917405,-4.74933840500609,53.430183107178,30.8233024928439,42.0752200284505,69293.4567046447,4.58955909086269,13.490637699479002
103100,103.1,0.103100000000001,13.4824208946736,-0.0837611290898785,0.0351053073179592,303.168220356818,-4.7484919084308,53.4599520621177,30.8220633951008,42.0705293684696,69321.547812425,4.58769926800596,13.50137597176065
103200,103.2,0.1032,13.5351028289539,0.0779706240691219,-0.0604633500377624,303.630462803711,-4.74908655766123,53.3756951280092,30.8611154306497,42.0658387084888,69292.2582440045,4.58963847066739,13.509503930016734
103300,103.3,0.1033,13.5052526403657,0.0317499297115412,-0.078049785151409,296.723777212601,-4.74899209506617,53.3944425223171,30.8612402360007,42.0611480485079,69309.1470527369,4.58852009698112,13.521160119556297
103400,103.4,0.1034,13.5372677012926,-0.0810711607846148,0.101310943983689,298.664066150834,-4.7492949800024,53.4718506085447,30.8098022995834,42.056457388527,69286.2112535336,4.59003903377504,13.529346217763006
103500,103.5,0.103500000000001,13.5215243808116,-0.0379298413665628,0.0107254351096595,298.017046245225,-4.74842584742557,53.4467179011779,30.8378627315333,42.0517667285461,69308.9881223403,4.58853061878123,13.541756991362192
103600,103.6,0.103600000000001,13.5659382004118,0.142451159614761,-0.0869504317502775,303.184942910976,-4.74789552325662,53.3547341279702,30.8868184093747,42.0470760685653,69291.8147232867,4.58966784787099,13.54849081060829
103700,103.7,0.1037,13.5174470750592,-0.0733700728495482,-0.0082266323315026,304.053640448618,-4.74786368949835,53.4588941832711,30.8478551688774,42.0423854085844,69331.7709084241,4.58702280338639,13.56005652304246
103800,103.8,0.1038,13.6258711595894,-0.0377455790244855,0.140104105031872,300.132207915647,-4.7476306790909,53.5087878809114,30.7970790558385,42.0376947486035,69274.5212810399,4.59081359603917,13.565916757367546
103900,103.9,0.103900000000001,13.523448728254,-0.0004785479965092,-0.106414211087554,296.628840365069,-4.74738301398325,53.4217288965478,30.8773522788334,42.0330040886226,69334.3457394608,4.58685245767166,13.578815859843553
104000,104.0,0.104000000000001,13.6469440699277,0.149277209214366,-0.039698333692338,306.510256177709,-4.74869107180295,53.3490842163496,30.8875404304521,42.0283134286418,69255.1793082125,4.5920957440708,13.58558570802491
104100,104.1,0.1041,13.5224244941605,-0.158493699546234,0.0060144555261375,298.546718615934,-4.74771612124967,53.523787171387,30.8310172557109,42.0236227686609,69347.0799695244,4.58601017225043,13.598150816543424
104200,104.2,0.1042,13.691633754634,0.0124463385779311,0.120464753627498,301.878466018316,-4.74810183121206,53.4838896110293,30.8122607037726,42.01893210868,69245.5004554705,4.59273760842576,13.605781004109236
104300,104.3,0.104300000000001,13.5143664659135,0.0204775375124458,-0.1750827036218,300.785107093315,-4.74750375965996,53.3927816879249,30.9131007766181,42.0142414486991,69346.0365546886,4.58607917563243,13.61647847173452
104400,104.4,0.104400000000001,13.7218363503518,0.114043316311034,0.0708509141147099,302.308169111688,-4.74691078446956,53.4209458791989,30.8546755997003,42.0095507887183,69243.7525548435,4.59285354161322,13.624264487939936
104500,104.5,0.1045,13.5451214000312,-0.160623102067772,-0.0038377552474477,306.126675047,-4.74690241000166,53.5696153283123,30.8218307975912,42.0048601287374,69354.7966454851,4.58549991548141,13.635640526102746
104600,104.6,0.1046,13.7276560022014,0.0432250726649193,0.0941588498230102,302.670256556767,-4.74674258657151,53.4411995242201,30.8556541361422,42.0001694687565,69256.7325516138,4.59199275563704,13.643262750774833
104700,104.7,0.1047,13.5867578550508,0.0485352879533318,-0.156216801598431,294.567445221142,-4.74675483261857,53.3888301536868,30.9226677705416,41.9954788087756,69331.3882671318,4.58704811925525,13.653188343015355
104800,104.8,0.104800000000001,13.729378573407,0.0395236197510014,0.0814656093733546,298.682606340788,-4.74715721949166,53.4845038190862,30.8368056081097,41.9907881487948,69255.0393616809,4.59210502350921,13.661807910959954
104900,104.9,0.104900000000001,13.6055013605002,-0.194786543593497,0.0886177581918687,300.553219096183,-4.74658854807656,53.5603251390848,30.8296064756735,41.9860974888139,69329.2809287183,4.58718754753976,13.670908608172459
105000,105.0,0.105,13.7299733488021,0.13756719080293,-0.0383775112146562,302.479030930534,-4.74612202110636,53.3981396015817,30.8996882525916,41.981406828833,69268.7279425566,4.59119755194345,13.67994731379958
105100,105.1,0.1051,13.6529066556862,0.0555686328446527,-0.141412360336809,299.668366188801,-4.74572364437208,53.4385009168622,30.9038655794771,41.9767161688521,69322.7102338936,4.58762234025599,13.687901019332823
105200,105.2,0.1052,13.7471564906364,-0.0945167646730126,0.168659730118602,299.01943261025,-4.74548436505571,53.5498498264169,30.8213051897197,41.9720255088713,69273.8318696578,4.59085928369727,13.69746259933974
105300,105.3,0.105300000000001,13.6878040837485,-0.0388547866845634,0.0086228395905456,297.891340736131,-4.74534638839962,53.4969615273446,30.8703910218535,41.9673348488904,69307.8834884874,4.5886037511004,13.705067761267237
105400,105.4,0.1054,13.6969141756279,0.134183995618088,-0.136088339023393,302.097857930599,-4.74655736707739,53.4103468957718,30.9166392171859,41.9626441889095,69291.5893971751,4.58968277279938,13.71421705123147
105500,105.5,0.1055,13.7222100434755,-0.0595662588052241,0.0634663469963693,297.846777024421,-4.74647560602946,53.5042106726477,30.8615925138085,41.9579535289286,69282.0280067941,4.590316180192,13.722866232775463
105600,105.6,0.105600000000001,13.7319201222503,-0.0866458626715928,0.0656011965109538,298.809819448462,-4.74567423922985,53.5396427814449,30.8490866113699,41.9532628689478,69292.0679074989,4.58965107782106,13.732131765307471
105700,105.7,0.105700000000001,13.7538202619463,0.0897414530685013,-0.097195278859759,300.435206915363,-4.74487499867388,53.4582459108025,30.9014835937637,41.9485722089669,69296.4869971949,4.58935839228006,13.740628221029572
105800,105.8,0.105800000000001,13.7377548642091,-0.0154712233942182,-0.012719257464115,301.031275393022,-4.74462411148679,53.4791026534316,30.8965301650535,41.943881548986,69304.6601834402,4.58881716343936,13.749513169222709
105900,105.9,0.1059,13.7811070925476,-0.062884578933498,0.0839286252450482,305.648443177038,-4.74509800888866,53.5399151934084,30.8564837593598,41.9391908890051,69285.7880869135,4.59006706768152,13.75828536773927
106000,106.0,0.106,13.7308580593148,-0.0098231241648675,-0.0452657361978715,296.978538756216,-4.74464715460776,53.5106694865488,30.8902214062577,41.9345002290243,69315.9017100667,4.5880729574339,13.76806799638558
106100,106.1,0.106100000000001,13.8116591003209,0.0643672413649648,-0.0001542325162441,295.957708549919,-4.74518408954659,53.4503300356181,30.9056014977112,41.9298095690434,69264.4646024045,4.59148014760028,13.776029543045235
106200,106.2,0.106200000000001,13.7711890140945,-0.050771288935501,0.0112762009215461,292.185174175931,-4.74418253697233,53.5264600263128,30.8818794940177,41.9251189090625,69302.1246372907,4.58898505378544,13.785358977582026
106300,106.3,0.1063,13.8298815241592,0.0182081326951548,0.0343346020774006,298.919225547188,-4.74346046108994,53.5424778578778,30.8703993302322,41.9204282490816,69289.3398788549,4.58983177949362,13.792391926031279
106400,106.4,0.1064,13.7588206139497,0.0198946230652258,-0.0645666409231332,305.136557921674,-4.74396563358983,53.4870029966509,30.9180140728208,41.9157375891008,69316.554524681,4.58802974753838,13.803054752392995
106500,106.5,0.1065,13.8565235783119,0.049194740958203,0.0179918222635325,299.480589622338,-4.74350535671022,53.4884841700038,30.9009455717276,41.9110469291199,69272.4533830254,4.5909506394649,13.809389713742839
106600,106.6,0.106600000000001,13.7819937272664,-0.0731244062132849,0.0200854164025528,295.778509659216,-4.74357744868394,53.5680600899227,30.8765187155059,41.906356269139,69312.9125343503,4.58827082181107,13.819844854675049
106700,106.7,0.106700000000001,13.8401371548627,0.0120348057806616,0.0356993487236895,298.384912078521,-4.74410586460899,53.5041764901103,30.9000935795772,41.9016656091581,69275.355857618,4.59075828942321,13.825986356510676
106800,106.8,0.1068,13.8269725925263,0.0601219644481561,-0.0808443060640712,299.916939424885,-4.74316122717197,53.4657436380195,30.9373254410078,41.8969749491773,69301.2462480826,4.58904321890029,13.837988601373644
106900,106.9,0.106900000000001,13.8512606859574,-0.0140640746203431,0.0195084814348276,302.001190110428,-4.74230914390553,53.5501125908864,30.8942122327675,41.8922842891964,69306.1151878951,4.58872082634995,13.842979260838986
107000,107.0,0.107,13.8233270356641,-0.108170627430273,0.0901570999048778,306.037520745609,-4.7428290127351,53.5802457932665,30.8808577767502,41.8875936292155,69307.3778742741,4.58863722608311,13.855881704472802
107100,107.1,0.107100000000001,13.8750456594051,0.0673911839180951,-0.0477545472773554,298.958300606364,-4.74253891600342,53.4919673723157,30.9280614799432,41.8829029692346,69291.1942720346,4.58970894494246,13.862063844448182
107200,107.2,0.1072,13.8510428843416,0.0418685456222374,-0.0262332617652229,291.958439504817,-4.74237061145945,53.5226894957624,30.9162138753542,41.8782123092538,69296.6700611075,4.58934626837998,13.874064208449614
107300,107.3,0.1073,13.8816347919965,-0.0780738353310521,0.0964456691912242,293.514103792801,-4.74221443448187,53.5862525157194,30.8800506138012,41.8735216492729,69290.0504063834,4.58978471354676,13.8806868117412
107400,107.4,0.107400000000001,13.9127351043945,0.0087359935101584,-0.0073021701814414,301.590171624182,-4.74263390751496,53.5161685156956,30.9222325238072,41.868830989292,69286.1914304271,4.59004034700688,13.891989809239291
107500,107.5,0.107500000000001,13.8616433139425,0.0926675519135512,-0.116638868534134,300.202521055253,-4.74182617526513,53.4838841561163,30.9559407865681,41.8641403293111,69312.1106988839,4.58832390111046,13.898643836044624
107600,107.6,0.107600000000001,13.9394775828447,-0.0573998393417251,0.121046949304021,295.854003509296,-4.74078236424995,53.5966234752373,30.8830648976751,41.8594496693303,69286.9332025585,4.5899912069475,13.910978528104726
107700,107.7,0.1077,13.9093294839859,-0.100511875519018,0.0478587776419373,301.950987896496,-4.74131860290837,53.6022896896034,30.8942365196539,41.8547590093494,69311.5569137292,4.5883605608794,13.919679711528628
107800,107.8,0.1078,13.9636523557802,0.160053568354405,-0.113428840870569,297.321359943488,-4.74099721009206,53.4643716097927,30.964237135309,41.8500683493685,69282.0968233961,4.59031162071739,13.931558823612557
107900,107.9,0.107900000000001,13.9227809453002,0.0007891317301616,-0.0098175357666469,296.585256135414,-4.74143140720054,53.5348418133856,30.9354498440957,41.8453776893876,69301.1515973149,4.58904948656618,13.939737258650268
108000,108.0,0.108000000000001,13.9447225048337,-0.125264925416964,0.118013829346573,298.576252743548,-4.74167113599327,53.6335491010819,30.8773960917271,41.8406870294068,69290.8697253632,4.58973044236003,13.949836545584619
108100,108.1,0.1081,13.9619941188507,0.0527135089810298,-0.0438319915140571,295.451940057899,-4.74032391944236,53.5498493127048,30.9309273686295,41.8359963694259,69294.9061476394,4.58946309095963,13.958468408333712
108200,108.2,0.108200000000001,13.9569632376198,0.0947594190590052,-0.0944256518052518,301.524626740102,-4.7400036041496,53.4997113495673,30.968225871794,41.831305709445,69305.7368894369,4.58874587342529,13.967912547686183
108300,108.3,0.1083,13.9977730973907,-0.0699925483264365,0.0792801437807301,300.148894414378,-4.7399194570209,53.6057126680926,30.9055304245221,41.8266150494641,69294.6962205139,4.58947699466146,13.978129658962166
108400,108.4,0.108400000000001,13.9733104882405,-0.0649801097163423,0.0506065188554033,307.986550435595,-4.74115487679265,53.6253603529343,30.8986520461953,41.8219243894833,69296.894093362,4.58933143132842,13.987211644788175
108500,108.5,0.1085,13.9662046519512,0.0573430459964444,-0.0764055091806372,306.059257168233,-4.74107578723682,53.5157747556924,30.9679316284251,41.8172337295024,69302.5662757488,4.58895580995808,13.99695445827853
108600,108.6,0.1086,14.0090381586964,0.0679828341889993,-0.061619397043863,298.073567769911,-4.74000749577411,53.5279716403838,30.9599075440898,41.8125430695215,69292.6266546542,4.58961406876819,14.00504876948652
108700,108.7,0.108700000000001,14.0070824619195,-0.124884270807687,0.0952725023118403,299.276447644212,-4.73986836742421,53.6576959835394,30.8933265369462,41.8078524095406,69303.4020937062,4.58890046589768,14.014307510335836
108800,108.8,0.108800000000001,14.035098575214,-0.0074821808448197,0.0436184359133666,301.938584650393,-4.73930362511338,53.5978720395117,30.9251885429515,41.8031617495598,69289.7563466173,4.5898041921983,14.023326980056899
108900,108.9,0.108900000000001,14.0227277650645,0.0799017429576182,-0.104588073503656,307.854807517767,-4.73892205383587,53.5163356931674,30.986605566585,41.7984710895789,69313.9692973845,4.58820086888464,14.033215337569702
109000,109.0,0.109,14.0699913486865,-0.0090475573978236,0.0136093236966752,305.259923826593,-4.73910925066507,53.5926379973831,30.9391540195795,41.793780429598,69298.7221016735,4.5892103708565,14.041617474406316
109100,109.1,0.1091,14.0583983676941,-0.10776494406595,0.0902837476642388,295.983828091503,-4.73878003413097,53.6565529735091,30.9058044595344,41.7890897696171,69298.8030249709,4.58920501183125,14.05181565764632
109200,109.2,0.109200000000001,14.0823971154391,0.0950848449884509,-0.0492551526115787,297.861050331989,-4.73919071634492,53.5506973060498,30.9620572005223,41.7843991096363,69280.1947839157,4.59043764452488,14.059464071907183
109300,109.3,0.109300000000001,14.0552943588582,0.0513876826812294,-0.0826646326382191,295.477248854323,-4.7386765584861,53.5622965082389,30.9717748115246,41.7797084496554,69309.1682819302,4.58851869153098,14.068124221169999
109400,109.4,0.1094,14.1175564306685,-0.0618570330584315,0.121871503277652,296.231584720864,-4.73785099250321,53.6539038355568,30.9096287907077,41.7750177896745,69280.6190270122,4.59040953476622,14.076139153149724
109500,109.5,0.1095,14.0576661401118,-0.0251736722423761,0.008563088245551,300.902997106112,-4.73739531780407,53.6317962694978,30.9409213544933,41.7703271296936,69314.398890767,4.58817243235828,14.085935702722209
109600,109.6,0.1096,14.1087435752971,0.10548189061599,-0.0716643553297672,298.566619586159,-4.73732930243082,53.5429069583219,30.9878714710657,41.7656364697128,69296.7387477995,4.58934171943556,14.093792799135478
109700,109.7,0.109700000000001,14.0942163019448,-0.0067768756293292,-0.0294143048182786,300.383767564861,-4.73825225623962,53.614502761658,30.9548748634809,41.7609458097319,69307.7278425967,4.5886140558289,14.103791222099488
109800,109.8,0.1098,14.1397532562101,-0.0857232353243358,0.157020315497682,296.779356488108,-4.73788620370134,53.6930696425498,30.8984089508551,41.756255149751,69274.8976708052,4.59078865287346,14.110668670979333
109900,109.9,0.1099,14.1273063303228,0.0221179619816694,-0.0767808466385577,297.009974079604,-4.73760023629698,53.5938755333056,30.9748910773184,41.7515644897701,69310.288235928,4.5884445477064,14.12043608674011
110000,110.0,0.11,14.1656575598871,0.0999742177817726,-0.0647934501871442,303.533096875678,-4.7379389734569,53.5460144726484,30.9935678136293,41.7468738297893,69282.3616461357,4.59029407485333,14.12869840096856
110100,110.1,0.110100000000001,14.0951090630362,-0.0805453381335996,0.0460214001149359,306.267963629871,-4.73745050527724,53.6825544386749,30.9333636054147,41.7421831698084,69316.3169989449,4.58804546930766,14.137892054573484
110200,110.2,0.110200000000001,14.137578204945,-0.0289704593070881,0.0919392596814088,307.953002930958,-4.73676717318445,53.6743381609201,30.9331841864286,41.7374925098275,69297.5179529598,4.58929011529654,14.146189810952633
110300,110.3,0.1103,14.1211755062254,0.0545443400164089,-0.080754675305592,300.63899716576,-4.73628010537872,53.5806064476737,30.9996398295725,41.7328018498466,69317.3284222698,4.58797852419727,14.156171013911937
110400,110.4,0.1104,14.1897979646805,0.0321691683372177,0.0064951436452914,297.711972175067,-4.73689906647511,53.6088040601596,30.9692470094985,41.7281111898658,69278.0239744859,4.59058148473212,14.163887025657933
110500,110.5,0.110500000000001,14.1284279731174,-0.0976876009754747,0.0572907135459575,299.848263246503,-4.73707020292844,53.7071033281406,30.9307213291752,41.7234205298849,69310.9230878253,4.58840251994804,14.174148404629731
110600,110.6,0.110600000000001,14.198953758557,0.0300280860341655,0.0388441610724148,296.401257032225,-4.73629057594524,53.6380600694825,30.9612839655081,41.718729869904,69282.4285774555,4.59028964033152,14.180326682992721
110700,110.7,0.1107,14.1816541274637,0.088530288418743,-0.103774575563052,297.939926416273,-4.73567046026093,53.5810486433504,31.0094492969587,41.7140392099231,69308.6608377481,4.58855228642498,14.190328032225413
110800,110.8,0.1108,14.175193410993,-0.0335322072119054,0.0494036271993131,302.666968303195,-4.73529811982713,53.6783366036664,30.9579249395344,41.7093485499423,69311.3406135359,4.58837487979557,14.197778787337763
110900,110.9,0.1109,14.193932718593,-0.102209169683048,0.0862115271308628,307.266854050487,-4.73553790779142,53.71229605043,30.9412209925984,41.7046578899614,69309.9727814657,4.58846543135776,14.208195275784101
111000,111.0,0.111000000000001,14.2142512416191,0.0980743268971913,-0.0728509871145056,299.663296832262,-4.73592923303366,53.5889803313347,31.0089400694777,41.6999672299805,69294.3984390955,4.58949671719315,14.215960127876812
111100,111.1,0.111100000000001,14.2174913655096,0.0385318205001062,-0.0467715948465071,296.99953432998,-4.73582070155195,53.6085920608476,31.0042830991959,41.6952765699996,69301.5509383758,4.58902304277285,14.223621083412397
111200,111.2,0.1112,14.2602645844615,-0.0698787778075655,0.0629301525768904,299.312780200507,-4.73578915951688,53.7089863485,30.9447350007425,41.6905859100188,69290.185268043,4.58977578030489,14.23351830600148
111300,111.3,0.1113,14.2311486738681,-0.0313582074506434,0.0064924908276855,302.78778719004,-4.73537005227989,53.6850739289901,30.9690117438376,41.6858952500379,69305.8724773658,4.58873689614058,14.24117041800483
111400,111.4,0.1114,14.2620952984333,0.0841384538759402,-0.0548764987363743,301.513173807202,-4.7343347712385,53.6135777233068,31.0106472018953,41.681204590057,69298.826631773,4.58920344850817,14.251109991186757
111500,111.5,0.111500000000001,14.2393296618815,-0.0082467277920602,-0.013096969494505,301.428726384651,-4.73437413329052,53.6752795060682,30.9834413130036,41.6765139300761,69309.9127965603,4.58846940248763,14.258856842709486
111600,111.6,0.1116,14.274269327466,-0.0472708614252051,0.073763265569408,298.471961104724,-4.73530995647748,53.7159586205467,30.9517759126049,41.6718232700953,69283.75314752,4.59020188295741,14.269943792566778
111700,111.7,0.1117,14.2879884638157,0.0449078678186226,-0.0200565626721121,293.396794995154,-4.73474583356299,53.6426777947437,30.9999598721886,41.6671326101144,69289.1439551532,4.58984475781578,14.27738380149501
111800,111.8,0.111800000000001,14.3119558508984,0.0429096064981222,-0.0393499958242007,295.00142734383,-4.73412603677348,53.6414536749362,31.006818386072,41.6624419501335,69295.0904061139,4.5894508873899,14.288939955423139
111900,111.9,0.111900000000001,14.3251503839178,-0.0635110066342521,0.0431965967516339,305.276948053738,-4.73447951409647,53.7264976746426,30.9622205532676,41.6577512901526,69297.3222853,4.58930307359893,14.295570202315345
112000,112.0,0.112000000000001,14.2885815513587,-0.0439083364605552,0.0103162870819185,308.546150824259,-4.73469624437404,53.7115026611663,30.9793674353489,41.6530606301718,69308.5426095391,4.58856011368982,14.308434822706968
112100,112.1,0.1121,14.3217809502856,0.0740626223630503,-0.0461787699634831,302.819207628616,-4.73427651277721,53.6472674367576,31.0109016741591,41.6483699701909,69288.3163471194,4.58989958080175,14.313951507792671
112200,112.2,0.1122,14.2956081446918,-0.0147832630277209,-0.0321571239482661,295.641207914678,-4.73419534498354,53.6989731227804,30.9937736759706,41.64367931021,69308.9838485378,4.58853090172396,14.32488537387008
112300,112.3,0.112300000000001,14.3768133559484,-0.019034933868261,0.101043248182699,293.209472274363,-4.73503756869166,53.7244465912399,30.9594624155924,41.6389886502291,69257.2964192335,4.59195536930869,14.331948286362602
112400,112.4,0.112400000000001,14.3067233927278,-0.0225306964995967,-0.0406368814670103,294.031353452738,-4.73432291003558,53.6833853671042,31.0085812137943,41.6342979902482,69306.35158254,4.5887051748403,14.343369352393749
112500,112.5,0.1125,14.3900709400412,0.127728776567948,-0.0605035571647929,296.902441487408,-4.73350568080111,53.6383208312887,31.0237419462258,41.6296073302674,69274.2236503513,4.59083332007128,14.35142065002902
112600,112.6,0.1126,14.3026935868518,-0.118374418801234,0.0236709014829216,304.098145324486,-4.73341159180801,53.7560460368447,30.9845646798907,41.6249166702865,69330.7811086569,4.58708828994273,14.36203669417672
112700,112.7,0.1127,14.4070200817333,-0.0180585478055982,0.116721656498666,305.98976844209,-4.7331304498846,53.7369062138759,30.9718689377222,41.6202260103056,69269.8913257986,4.59112044308431,14.369415643389914
112800,112.8,0.112800000000001,14.3186402431296,0.0183111245532784,-0.133582806948409,300.029091505535,-4.7324017112755,53.6663592130871,31.0454800422628,41.6155353503247,69335.555384159,4.58677243434559,14.378736012257221
112900,112.9,0.1129,14.4521044838661,0.104250081116071,0.0076983545909417,294.593457085432,-4.73269899565508,53.6634471711439,31.0166529592453,41.6108446903439,69259.608087075,4.59180210428381,14.386521594705874
113000,113.0,0.113,14.3257020834052,-0.170678820648977,0.0869795481732963,295.759470184258,-4.73309517910673,53.7886829704563,30.9759471194741,41.606154030363,69322.3181825877,4.58764828548368,14.395185158782486
113100,113.1,0.113100000000001,14.4848792351112,0.0948255456080573,0.0188904776720085,293.145101131659,-4.73202962086503,53.6887520715869,31.0067682407589,41.6014633703821,69254.5673071371,4.59213632431905,14.403130416376271
113200,113.2,0.1132,14.3762429917701,0.051666721283914,-0.125958233825807,290.775100139536,-4.73110278941672,53.6613041957069,31.060249850324,41.5967727104013,69330.7352177576,4.58709132619507,14.411999761231007
113300,113.3,0.113300000000001,14.4564125271184,-0.0276350580091223,0.106547282215397,302.455665940084,-4.73214225353505,53.7408602753465,30.9916136721506,41.5920820504204,69272.2772990486,4.5909623092537,14.420958895092852
113400,113.4,0.1134,14.3973164361889,-0.0737612361873359,0.0288740642394875,300.239318546966,-4.73155805949767,53.7812335476322,30.9918915447156,41.5873913904395,69317.1219361252,4.58799219115242,14.428233948291957
113500,113.5,0.1135,14.4623172236431,0.0753403807690962,-0.0762795889023562,298.925086148648,-4.73129255609973,53.6763195110763,31.0468642144121,41.5827007304586,69296.7974700322,4.58933783041901,14.436351368229303
113600,113.6,0.113600000000001,14.4574239173911,0.0204349360988121,-0.0175389628166907,295.967649104963,-4.73108139870439,53.7064069204171,31.0322754107971,41.5780100704777,69295.2425320961,4.58944081202688,14.444581662553311
113700,113.7,0.113700000000001,14.4186661065765,-0.136060941811161,0.0998394641495845,300.56665090833,-4.73187828591934,53.8077446621062,30.9821690438127,41.5733194104969,69306.0759708369,4.58872342289187,14.452301227434708
113800,113.8,0.1138,14.4910460628862,0.0370980116681643,0.0155219078205918,296.719009362681,-4.73117974567428,53.7160171754989,31.0272422297275,41.568628750516,69280.7656604577,4.59039981911773,14.46077077381138
113900,113.9,0.1139,14.4408917501148,0.0934264326853652,-0.128760051274449,297.387185738527,-4.73025456478538,53.6691095268449,31.0759250336821,41.5639380905351,69321.0518563313,4.58773209060959,14.468027127723577
114000,114.0,0.114,14.5015356788746,-0.0477878155169945,0.10468327382217,308.268069698174,-4.73069806255741,53.7948284928334,30.992086599671,41.5592474305543,69288.1584501626,4.58991004047036,14.47654050923411
114100,114.1,0.114100000000001,14.433429534242,-0.127084658279942,0.0267142033162596,300.545634949844,-4.72979911967444,53.8284690679465,30.9987825269116,41.5545567705734,69338.6401205379,4.58656837808251,14.484234108590123
114200,114.2,0.114200000000001,14.5483997650964,0.181738553285803,-0.0714929233748279,297.865283440266,-4.73042578252422,53.6544303697206,31.0683152088165,41.5498661105925,69261.66378609,4.59166581874651,14.492044915685202
114300,114.3,0.1143,14.4334894414326,-0.0185011495610155,-0.0805294230266738,291.76333616711,-4.73005647264755,53.7392485390981,31.0542273752775,41.5451754506116,69331.8701743846,4.58701623591283,14.49990081845903
114400,114.4,0.114400000000001,14.5731521853881,-0.0370951301780418,0.169119705081509,297.424488126393,-4.73011488988812,53.8300327386716,30.9736072590269,41.5404847906307,69260.8778588294,4.59171792197492,14.508159525963162
114500,114.5,0.1145,14.4225853907276,-0.0455510941494902,-0.0589962224173598,302.604906172564,-4.72982949348922,53.7777484274657,31.0457287906623,41.5357941306499,69346.8905800096,4.58602269685296,14.51718249070398
114600,114.6,0.114600000000001,14.6115401326086,0.153801176529058,-0.0199464612121625,298.46745179039,-4.72875639648048,53.6796150084474,31.0710636693052,41.531103470669,69269.0104721056,4.59117882569105,14.525120833800669
114700,114.7,0.1147,14.4795768398599,-0.092197065040203,-0.0255982390613219,297.659943405809,-4.72897654031382,53.8103296448129,31.0329307310515,41.5264128106881,69344.6341954311,4.5861719200915,14.533028797581071
114800,114.8,0.1148,14.5957830106999,-0.0114847472126623,0.108035754626276,300.547088988989,-4.73045163791351,53.7941705394228,31.0072301253155,41.5217221507072,69258.5740766799,4.59187065855555,14.540312040623654
114900,114.9,0.114900000000001,14.4939258406358,0.0338046838548949,-0.120799610047439,298.592186871067,-4.73016042506795,53.7255166132892,31.0765273163993,41.5170314907264,69316.9389309862,4.58800430400913,14.549978142119071
115000,115.0,0.115000000000001,14.5964068611455,0.0710454828750749,-0.0041928115607974,296.506174601653,-4.72908309249211,53.7507524986683,31.048158409532,41.5123408307455,69278.3630877,4.59055901412553,14.557384867426627
115100,115.1,0.1151,14.5534431117446,-0.114461783472617,0.0728549858468781,293.3806891522,-4.72796890934581,53.8525194852912,31.0112415395121,41.5076501707646,69319.165846066,4.5878569119301,14.565713232264365
115200,115.2,0.1152,14.5914793125679,0.0442943240761891,0.0146369163068995,298.051966040364,-4.72804515235024,53.7753429851125,31.0479264683156,41.5029595107837,69293.8763719912,4.58953129492767,14.572735593199774
115300,115.3,0.1153,14.5613587638247,0.0661117024320832,-0.0803461973471003,304.34133056284,-4.72863615507687,53.7371908985703,31.0805206153523,41.4982688508029,69309.5732551264,4.58849188099106,14.582475940866487
115400,115.4,0.115400000000001,14.5891774188536,-0.06738701122361,0.0388892225813732,304.414234182739,-4.72868124242656,53.8203465095921,31.0357607870986,41.493578190822,69309.0223860073,4.58852835039134,14.58955653915018
115500,115.5,0.115500000000001,14.6283742653444,-0.0330018563339621,0.0426469038752861,302.822229158808,-4.72901022460699,53.8137449036286,31.0330368890698,41.4888875308411,69286.6052582564,4.59001293209131,14.599488171663703
115600,115.6,0.1156,14.5889686352893,0.0408317774876885,-0.0637420625791089,294.939333492519,-4.72823715032763,53.7561927063777,31.0801657868847,41.4841968708602,69309.7792276761,4.58847824505999,14.606251184798769
115700,115.7,0.1157,14.6226324145559,0.0043885705214371,0.0013515200241127,303.098361552955,-4.72837979626126,53.7819667233947,31.0623953448912,41.4795062108794,69295.526723959,4.58942199000768,14.615904997204403
115800,115.8,0.1158,14.5997373630319,-0.0713860452236558,0.0291547286018059,306.367127797281,-4.72767509262825,53.8448620900109,31.0397123143821,41.4748155508985,69318.0631977232,4.58792989136125,14.623836083734597
115900,115.9,0.115900000000001,14.6443547115558,0.0019794008382376,0.0284573076966447,300.262529081586,-4.72669821118362,53.7959243956967,31.0659938786781,41.4701248909176,69305.8621108855,4.58873758250461,14.632968465596312
116000,116.0,0.116,14.6290736215652,0.0377778009217465,-0.0492935461148233,302.696443594882,-4.72724325462556,53.7523314806781,31.0956969987844,41.4654342309367,69308.0723120022,4.58859124986845,14.641403225999882
116100,116.1,0.1161,14.6401502284838,-0.0019908638926303,0.009919602162959,299.895174504348,-4.72714576342362,53.8159008728593,31.0608828705166,41.4607435709559,69304.5099884118,4.58882710821098,14.650662684159384
116200,116.2,0.1162,14.6570423664934,-0.0745769057704891,0.0751459424892422,296.667254265287,-4.72692006237941,53.858575022131,31.0386752960082,41.456052910975,69302.0348167771,4.58899100144622,14.660301381768694
116300,116.3,0.116300000000001,14.6753383723693,0.0405116117924462,-0.0423136992466601,295.499880706554,-4.72713338990161,53.7774662232947,31.0869176137687,41.4513622509941,69297.3785663321,4.58929934631921,14.667098005885393
116400,116.4,0.116400000000001,14.6895703792838,0.0555415926670604,-0.0458766038449667,296.717482923073,-4.72696171210449,53.7681631790436,31.0938297054384,41.4466715910132,69292.9540097021,4.58959238642899,14.675742734109667
116500,116.5,0.1165,14.6770269863404,-0.0959799469770341,0.0710239097164717,300.965799279544,-4.72632111962171,53.8641055668948,31.0503450164096,41.4419809310324,69311.6742284565,4.58835279476678,14.684319011117582
116600,116.6,0.1166,14.6775536064112,-0.0266370025474134,0.011876544634966,304.080807438742,-4.7259419659767,53.8478438235615,31.0643912386205,41.4372902710515,69314.2475177928,4.58818245230847,14.694297056449479
116700,116.7,0.116700000000001,14.7045733658502,0.0847534246629955,-0.0485523117042465,294.363116730545,-4.72448503743999,53.7806363300194,31.1063010673753,41.4325996110706,69313.286375093,4.58824607500334,14.700857929442138
116800,116.8,0.116800000000001,14.718254444178,0.0243629135282651,-0.0154149011470585,296.083721769836,-4.72542584035798,53.806571381432,31.0905185396216,41.4279089510897,69303.6802550075,4.58888204761859,14.711253627403224
116900,116.9,0.1169,14.7332596252447,-0.0371629972744033,0.0648355441740472,293.607549095892,-4.72571061817876,53.8661880521711,31.0542351543237,41.4232182911089,69291.6523412173,4.58967860356432,14.718355645354494
117000,117.0,0.117,14.7264546415715,0.0074208266175399,0.0024397919444576,297.169569062943,-4.7257227332348,53.8450746286969,31.0739548780628,41.418527631128,69300.6280150014,4.58908415789912,14.728492631086008
117100,117.1,0.1171,14.7264787991168,0.0335915261758743,-0.0399864752086757,297.862431671826,-4.72521663594277,53.7999392854846,31.1071763675731,41.4138369711471,69308.7149361644,4.58854870486368,14.733570822976612
117200,117.2,0.117200000000001,14.7601736455381,0.0150702809632472,-0.0108681832663221,294.345582327039,-4.72421681200004,53.8375955224079,31.0895000158405,41.4091463111662,69309.963520074,4.58846604448138,14.744532733823222
117300,117.3,0.117300000000001,14.7547120807025,-0.0357736935091235,0.0482511373032684,298.86356204727,-4.72433257651825,53.8882619505871,31.0643527671244,41.4044556511854,69311.2235183604,4.58838263144869,14.751726334536674
117400,117.4,0.1174,14.7562390571975,0.0196473119047131,-0.0278779133973765,303.561921351049,-4.72488567560293,53.8342125684906,31.0991042841911,41.3997649912045,69311.3122852705,4.58837675511285,14.762029483724804
117500,117.5,0.1175,14.7626547014983,0.0121574878908873,-0.047304226185346,300.71192957584,-4.7253411948927,53.8147482503453,31.1131597754285,41.3950743312236,69309.7127502685,4.58848264603247,14.769813031504338
117600,117.6,0.1176,14.8186742150388,0.0063444741059152,0.0331625892363816,293.86660271715,-4.72485475434782,53.8695326235995,31.0725645918735,41.3903836712427,69281.8951923718,4.59032497989632,14.77885731250679
117700,117.7,0.117700000000001,14.7771541580435,-0.0336069042573855,0.023936215812694,298.919835814701,-4.7246263290563,53.8829598944689,31.0783677618884,41.3856930112619,69304.2515653077,4.58884421912292,14.787816208455654
117800,117.8,0.1178,14.7858548483244,0.0363436221590629,-0.0156001420142678,300.128764756602,-4.72358094870448,53.8146594959227,31.1255351953871,41.381002351281,69313.5959830942,4.58822558035613,14.796969702311113
117900,117.9,0.1179,14.7832396313296,0.01870607169244,-0.09062060941836,306.995552478295,-4.72411057708148,53.8447141638141,31.1166749538371,41.3763116913001,69324.7055864702,4.58749029607377,14.805491206328877
118000,118.0,0.118000000000001,14.820006692186,-0.0866890663090848,0.0748466732348701,306.553000861846,-4.72405224611838,53.9425830536138,31.0577131465966,41.3716210313192,69311.253183412,4.58838066763183,14.813592021726258
118100,118.1,0.118100000000001,14.8003302865641,-0.0435048866365647,0.036506042757958,301.74615426547,-4.72406201419875,53.877040417032,31.0970068591257,41.3669303713384,69306.7630476394,4.58867793230367,14.823660998067439
118200,118.2,0.1182,14.8649656901535,0.180423051391538,-0.148452324075377,291.022864692467,-4.7234205126878,53.7612341668337,31.1595184551058,41.3622397113575,69288.9555029785,4.58985724128042,14.83067515102256
118300,118.3,0.1183,14.822214095791,-0.0565867140420299,0.0023881779134405,298.82744877062,-4.72392438016464,53.9124726737893,31.0853945213646,41.3575490513766,69310.722842464,4.58841577628534,14.840062960336958
118400,118.4,0.1184,14.8628169634893,-0.191432787188386,0.220311276903846,300.673129181504,-4.72251154430552,53.9939853538173,31.0376115572368,41.3528583913957,69300.9538367922,4.58906258209769,14.84628648406371
118500,118.5,0.118500000000001,14.827976875879,0.109643053093223,-0.139065278091898,296.000839371825,-4.72166850439126,53.8030450305512,31.1637057034163,41.3481677314149,69328.5663350379,4.58723482927954,14.856350149410442
118600,118.6,0.118600000000001,14.8629611352585,0.163798830008387,-0.15635194109757,306.505947487907,-4.72297457368772,53.7840527187674,31.1674284966796,41.343477071434,69304.5095739962,4.58882713565049,14.86297656402179
118700,118.7,0.1187,14.8478925362109,-0.169462833044872,0.174709036327582,299.554084661451,-4.72255027892342,53.9984359515998,31.0515771667418,41.3387864114531,69314.256210162,4.58818187692646,14.871663280099558
118800,118.8,0.1188,14.904901034975,-0.0632747867189492,0.0914543005173498,293.498709290174,-4.72207969835283,53.9329509155538,31.0865684219844,41.3340957514722,69300.3468414589,4.58910277727274,14.877271346550673
118900,118.9,0.1189,14.9208917361431,0.174525438158786,-0.170406786892739,300.123818841078,-4.72240949382453,53.7827636919837,31.1756701390152,41.3294050914914,69297.5797308231,4.58928602400592,14.887023519531333
119000,119.0,0.119000000000001,14.8752357730814,-0.0281856361965463,0.0114541353972934,300.905022180019,-4.72112800219764,53.9121288469966,31.117887498689,41.3247144315105,69327.6451496813,4.5872957817833,14.894162802840153
119100,119.1,0.1191,14.8847400996264,-0.145223736372595,0.165329137539675,305.864892712591,-4.72135032075418,54.0005871418104,31.0642586869685,41.3200237715296,69313.8526401681,4.58820859095925,14.903327538544975
119200,119.2,0.1192,14.9304398489699,0.0447917252700655,-0.0760422049806851,299.169002033113,-4.72086315418164,53.8839755705657,31.1360998392632,41.3153331115487,69316.2565462589,4.58804947067308,14.910200652517812
119300,119.3,0.119300000000001,14.9175767838916,0.0946546627050281,-0.0990364304829346,300.059340465573,-4.72172128240821,53.8441739103185,31.158577862661,41.3106424515679,69307.1905851323,4.58864962597872,14.919238026010675
119400,119.4,0.119400000000001,14.9116038972605,-0.120193343191966,0.103135682773323,299.897012219964,-4.72191148663749,53.9589815241514,31.0959476864201,41.305951791587,69307.4905790253,4.58862976424583,14.926674463383911
119500,119.5,0.119500000000001,14.9475393654732,0.0009478800261503,0.0206534705029325,295.112359744457,-4.72080163114894,53.9415715696546,31.1094109079183,41.3012611316061,69307.2545616302,4.58864539026436,14.934732528134818
119600,119.6,0.1196,14.9690587489536,0.107043877337607,-0.0922845927957666,298.465403764245,-4.72069707144664,53.85598487116,31.1596199571724,41.2965704716252,69301.0972661062,4.58905308432459,14.942599655107783
119700,119.7,0.1197,14.960291140841,-0.0264202591118698,0.0235157872513355,298.829660659024,-4.71993212849643,53.9111692037288,31.1385860494596,41.2918798116444,69317.4046037959,4.58797348189645,14.949951333800273
119800,119.8,0.119800000000001,14.9594775580101,-0.0505490823004442,0.0327632855101425,302.30483388739,-4.71955852608075,53.9719504266117,31.1115462610829,41.2871891516635,69327.4180355347,4.58731080960052,14.958451033154397
119900,119.9,0.119900000000001,14.9695677271039,0.0572186169215054,-0.0314398335375344,304.210491860692,-4.71987541959806,53.9120831831036,31.1417820407375,41.2824984916826,69309.9439976592,4.58846733690686,14.964966344163464
120000,120.0,0.12,14.9498453255192,-0.0181588229057164,-0.0240223350693926,301.500982071325,-4.72078931124255,53.8928592266565,31.1610612078357,41.2778078317017,69320.2450810486,4.58778548437428,14.974105474157545
120100,120.1,0.1201,15.006609294211,0.0099729792503248,0.0437053522587634,292.999067099578,-4.71961615962003,53.9424009610002,31.1238815110149,41.2731171717209,69293.3083049502,4.58956891993831,14.980280670138745
120200,120.2,0.1202,14.9679682951845,-0.0158436692685487,-0.0138222456564955,301.5538546427,-4.71980739081571,53.9782767132976,31.1197579550618,41.26842651174,69322.3275655062,4.58764766453612,14.990581081861595
120300,120.3,0.120300000000001,14.9961602029419,0.008393932808381,0.0238884153347001,300.830094040945,-4.71910220886968,53.9204808750118,31.1517394080304,41.2637358517591,69311.3890607158,4.58837167261958,14.997345103541283
120400,120.4,0.1204,14.9833674784525,0.0436542374052565,-0.0725125314633367,301.212173518012,-4.71869608213521,53.9065632627737,31.1718974979112,41.2590451917782,69330.4561779713,4.58710978822538,15.005441325602547
120500,120.5,0.1205,15.0202510221044,4.45477150201863e-05,0.0419401075514613,301.966918788608,-4.71855624931165,53.9823947201927,31.122921024281,41.2543545317974,69311.0205670869,4.5883960668027,15.011721464866543
120600,120.6,0.120600000000001,14.9916627946709,-0.0601250813242663,0.0115392699622521,300.610021208777,-4.71877121963713,53.9893169872103,31.1301631737139,41.2496638718165,69328.1552779037,4.5872620276897,15.021283525469622
120700,120.7,0.1207,15.0552105398638,0.0304160735577971,-0.0121443403827759,298.58832565212,-4.71905411037288,53.8988562258411,31.1724757719302,41.2449732118356,69298.1867683121,4.58924582282904,15.027820443344664
120800,120.8,0.120800000000001,15.0051479047645,0.019537160588254,-0.088774182457698,298.979035330113,-4.71891474632693,53.9359233702205,31.1700340808053,41.2402825518547,69332.5266733377,4.58697280216678,15.036588063054266
120900,120.9,0.1209,15.0873574201876,-0.0083075432615093,0.111621899081401,294.156057418296,-4.71724258281513,54.0061391927696,31.1155217055077,41.2355918918739,69293.4925411275,4.58955671728259,15.044414217448827
121000,121.0,0.121,14.997475758231,-0.0829766241906851,0.0062724602097744,305.16492463907,-4.71773324423591,53.9857162784635,31.1548521371271,41.230901231893,69346.9540441982,4.58601849986675,15.052565482262247
121100,121.1,0.121100000000001,15.0950952180355,0.112284799982646,-0.0505830207055718,304.666978218516,-4.71759514334301,53.8965136185568,31.1888941970044,41.2262105719121,69300.132881276,4.58911694586418,15.059534385897091
121200,121.2,0.121200000000001,15.032291634011,0.0150177817641855,-0.0656094143641799,290.646699899978,-4.71608433182297,53.9907756520135,31.1581155618426,41.2215199119312,69344.9359636491,4.5861519624564,15.067811061985102
121300,121.3,0.1213,15.1549385462296,-0.071781593460842,0.144728377062963,301.419224007659,-4.71741654489994,54.0341852923951,31.1110695156137,41.2168292519504,69288.0163519469,4.58991945361366,15.074887243745419
121400,121.4,0.1214,15.0341628133699,0.0042237739315991,-0.107044601694482,298.257644779387,-4.71724410944564,53.943826417293,31.1939626395901,41.2121385919695,69348.5601551661,4.58591228778975,15.083909435448707
121500,121.5,0.1215,15.1368381587331,0.132689854994562,-0.0507644436931449,296.698676545225,-4.71712186170412,53.919202451797,31.1862975997272,41.2074479319886,69291.9841106152,4.58965662822437,15.09225098670678
121600,121.6,0.121600000000001,15.0543476332515,-0.0965050221678284,0.0849916802144504,295.435850050408,-4.71663265079254,54.047969237469,31.1328823388275,41.2027572720077,69330.6051335315,4.58709993290237,15.099735131886659
121700,121.7,0.121700000000001,15.126015984158,-0.0080290512382642,0.101832617481967,301.894436511276,-4.71642555827326,53.9971589050887,31.1531435408525,41.1980666120269,69302.6148683579,4.58895259234016,15.107309105685353
121800,121.8,0.1218,15.0744820177705,0.0850018733921646,-0.145883138145391,308.09734657962,-4.71651075914473,53.9181714755952,31.2208371827783,41.193375952046,69343.7119301024,4.58623291577857,15.116098496442108
121900,121.9,0.121900000000001,15.1396077115312,0.041348594181711,0.0030128430800362,301.810189465125,-4.7159707566825,53.988449008208,31.1686890388147,41.1886852920651,69310.2263520932,4.5884486445123,15.12373061982001
122000,122.0,0.122,15.1364111513684,-0.137391306947596,0.121786244384734,298.186187836232,-4.71650795631021,54.0804878361485,31.1216335849219,41.1839946320842,69315.6746084348,4.58808798951519,15.130221642765692
122100,122.1,0.122100000000001,15.1363126153398,0.0223420217283492,-0.0434510544649826,299.751096772794,-4.71662589392665,53.9865979461836,31.1808363562718,41.1793039721034,69319.069168678,4.5878633104872,15.138256745044249
122200,122.2,0.1222,15.1517245708062,0.0935773643131236,-0.0953008972566267,302.785639697087,-4.71632629206096,53.9365507559711,31.2117311348286,41.1746133121225,69315.5312671313,4.58809747746834,15.14739038889838
122300,122.3,0.1223,15.1453899417127,-0.0746731161308659,0.0389186686827857,301.278783942033,-4.7154589385756,54.040709402785,31.1638150573746,41.1699226521416,69334.8708411206,4.58681771954048,15.155887535438971
122400,122.4,0.122400000000001,15.2116612592048,-0.0648192084591939,0.119829503897457,300.126081310526,-4.71501089262714,54.0498824121922,31.1463391426689,41.1652319921607,69299.8554808377,4.5891353156435,15.164664085830077
122500,122.5,0.122500000000001,15.1227368729309,0.0697355702257305,-0.157504167997726,304.275779692501,-4.71555649954171,53.9600400328239,31.2228831158965,41.1605413321799,69346.7870514651,4.58602954337427,15.173332131688202
122600,122.6,0.122600000000001,15.2274673107073,0.0559610782732339,0.0080271806386371,298.925499132565,-4.71597641982551,53.9745585261288,31.1922557089116,41.155850672199,69289.5058417855,4.58982078588176,15.180076054836341
122700,122.7,0.1227,15.1465671270608,-0.139537882893963,0.108231112606132,292.907857914179,-4.7153954225452,54.0889294292034,31.1458507860144,41.1511600122181,69325.1258006674,4.58746248900483,15.188504816701746
122800,122.8,0.1228,15.2264234131083,0.0770990119685233,-0.0257178674631068,301.48581389976,-4.71525810667329,53.9920584101379,31.1949488662798,41.1464693522372,69302.1548804074,4.58898305117512,15.196348536642972
122900,122.9,0.122900000000001,15.1891075363561,0.090683081413653,-0.113187184077404,298.45549683524,-4.71401931774282,53.9556612506202,31.2360246313,41.1417786922564,69338.7231050839,4.58656288887998,15.204511487807103
123000,123.0,0.123000000000001,15.2465800025641,-0.0937810165843925,0.13453239776629,297.524942219392,-4.713495759586,54.076500956497,31.1587710883261,41.1370880322755,69314.237379728,4.58818312338692,15.211133378653736
123100,123.1,0.1231,15.1685417968556,-0.080674978303354,0.0081049786090918,305.158974175012,-4.71446454454784,54.0866008601633,31.1693541493683,41.1323973722946,69342.8224656854,4.58629174365493,15.219051100079277
123200,123.2,0.123200000000001,15.2466859703858,0.15680082649566,-0.0971112640758019,293.311447457017,-4.71373054742981,53.9522306485919,31.233051500004,41.1277067123137,69304.0023951158,4.58886071749466,15.225604348283072
123300,123.3,0.1233,15.2389931042612,-0.0090466985864473,0.0036414793238317,293.245143757959,-4.71418747744494,54.0258811707376,31.1992056521227,41.1230160523329,69315.4991647395,4.58809960237409,15.234421616610078
123400,123.4,0.123400000000001,15.2288829646084,-0.101427514002804,0.119459033343676,297.185309971562,-4.71373736881657,54.1393149659303,31.1404169226879,41.118325392352,69322.2416827203,4.58765334813712,15.241327373231671
123500,123.5,0.1235,15.2577317979751,0.0341658595713003,-0.0348341232700516,298.515090018936,-4.71291970255518,54.039703224118,31.2027450403816,41.1136347323711,69325.279769925,4.58745230039548,15.249782044717719
123600,123.6,0.1236,15.2630734289059,0.0896621677619218,-0.0866429991786848,302.651288834886,-4.7131055889727,53.9639748306815,31.2511191444157,41.1089440723902,69327.5459384349,4.58730234643702,15.255650416336191
123700,123.7,0.123700000000001,15.2497999738257,-0.0522000533867879,0.0391353540944415,301.941356818785,-4.71300809503058,54.0834054985278,31.1895158821848,41.1042534124093,69336.1029545138,4.58673621107226,15.26359447019992
123800,123.8,0.1238,15.2712031313388,-0.0501850801128579,0.077673387920139,297.367413405914,-4.71276645567555,54.1155190952083,31.1671864267887,41.0995627524285,69319.6927341535,4.58782204035092,15.269389836811953
123900,123.9,0.123900000000001,15.2599613197874,0.0678101236270423,-0.0657457150470297,293.468813268969,-4.71278528057387,54.0121003102227,31.2336136962193,41.0948720924476,69326.7646795144,4.58735404178002,15.278513562503937
124000,124.0,0.124,15.3043210575722,0.039769913459295,-0.0067615419345437,299.91942282525,-4.71332931260155,54.0256657698737,31.2200388420831,41.0901814324667,69306.1262596685,4.58872009329387,15.284177366552985
124100,124.1,0.1241,15.2901286849288,-0.0231870572988463,0.0140638958889131,300.101965344183,-4.71182133915255,54.1273373178811,31.1792652282539,41.0854907724859,69337.9534136901,4.5866138023813,15.292920214052652
124200,124.2,0.124200000000001,15.2909912910825,-0.0417775947932297,0.0608210971448529,303.9022169188,-4.71179031212536,54.1033333923806,31.1941794202799,41.080800112505,69332.4397364359,4.5869785538352,15.297196832471606
124300,124.3,0.124300000000001,15.2924347699905,0.0245161479654551,-0.0468138895361397,301.892031944802,-4.71156239861195,54.024838982161,31.2487709320237,41.0761094525241,69345.0912627069,4.58614169172107,15.30538764811138
124400,124.4,0.1244,15.3188355850775,0.0514814785901413,-0.0279166006266204,297.613839914456,-4.71159711853643,54.0513152538377,31.2270551202672,41.0714187925432,69322.9445969955,4.58760683068108,15.3099272443973
124500,124.5,0.1245,15.3525371051577,-0.0443823427715693,0.0598311040193625,294.570546743066,-4.71201322775926,54.1163344391232,31.1891829261977,41.0667281325624,69314.2411139347,4.58818287620504,15.317497440832383
124600,124.6,0.1246,15.3386912815152,-0.0605482969716555,0.0749524444151055,291.906396261218,-4.71150531917827,54.097329612252,31.2072216006882,41.0620374725815,69322.0548399521,4.58766571317525,15.323905594216894
124700,124.7,0.124700000000001,15.3254933910365,0.0870591244459932,-0.0936916393808181,306.636354212325,-4.71148849291603,54.0386714018908,31.2498279883291,41.0573468126006,69333.5081428638,4.58690787001286,15.330625598576201
124800,124.8,0.124800000000001,15.3393509267826,0.0228117777107767,-0.0474402168453591,301.328281249401,-4.71050310029184,54.0968408809891,31.2242107820775,41.0526561526197,69343.3208030903,4.58625878416151,15.336968457803367
124900,124.9,0.1249,15.3263831422679,-0.112984151207677,0.10153263538005,306.295818304882,-4.71114049527422,54.149132669294,31.1973957232245,41.0479654926389,69342.8173965486,4.58629207892455,15.343224557682262
125000,125.0,0.125,15.3351379187325,0.0095660311546272,-0.0116468814197373,302.916224653451,-4.71108837246628,54.0769234791872,31.2394207174513,41.043274832658,69335.7078599183,4.58676234760052,15.351728838076472
125100,125.1,0.1251,15.3767546828302,0.0984437888743461,-0.0919282785210441,299.669883419377,-4.71095889888421,54.0450829274677,31.2561685796791,41.0385841726771,69324.1091518515,4.58752976485395,15.354898798806833
125200,125.2,0.125200000000001,15.377073765535,-0.0667401208928176,0.0650503353701913,296.666102328421,-4.71026154904714,54.1339354922586,31.212096557688,41.0338935126962,69332.2461055199,4.58699136433693,15.365600402771811
125300,125.3,0.1253,15.3557431756438,-0.0724188061454373,0.0879800476709056,299.82476414838,-4.70918119639739,54.1416858479845,31.2167209948108,41.0292028527154,69344.5184512807,4.58617957495138,15.36831429016273
125400,125.4,0.1254,15.3654879517885,0.0645865576732005,-0.0970300037163234,305.595814089017,-4.70931884220489,54.0692370136796,31.2659624047047,41.0245121927345,69353.0345176225,4.58561642425744,15.37933259286128
125500,125.5,0.125500000000001,15.4002850913508,0.0424610370924456,-0.0068120306821815,294.333254676938,-4.70837156057774,54.0959111112965,31.2472659627381,41.0198215327536,69337.827516095,4.58662213035563,15.381747170239871
125600,125.6,0.1256,15.3902546741435,-0.0963139909946182,0.126421191458782,296.161445171128,-4.70911073443132,54.1641386342823,31.210308729021,41.0151308727727,69335.2374715854,4.58679346539246,15.39333610321444
125700,125.7,0.125700000000001,15.4031044940069,0.0016293264861655,0.0088334383356381,298.463052827393,-4.70926278148052,54.1135109456384,31.2430368903268,41.0104402127918,69335.1381272596,4.58680003741232,15.394901892469408
125800,125.8,0.1258,15.3849377434774,0.0889301394959461,-0.106638762991597,301.543123015837,-4.70926761342949,54.0731612881294,31.273348623725,41.005749552811,69342.7245646942,4.58629821877558,15.406161904548842
125900,125.9,0.1259,15.3923185967805,-0.04878506970149,0.0538730454970747,303.709349536493,-4.70908028383131,54.1362708360038,31.2404184821021,41.0010588928301,69342.620836716,4.58630507931007,15.4096304348674
126000,126.0,0.126000000000001,15.4181956350206,-0.0325423541747698,0.0165827753778618,300.921863434421,-4.70844330288398,54.142861364476,31.2426739201532,40.9963682328492,69348.1348910558,4.58594041001556,15.418719886272113
126100,126.1,0.126100000000001,15.4105325452079,0.0882415922746282,-0.0970306328892636,302.885392365979,-4.70856034217144,54.0865823428109,31.2752007299487,40.9916775728683,69340.2395448938,4.58646258281526,15.42359047523757
126200,126.2,0.1262,15.4313454565601,-0.0399694908327933,0.0214573045836233,301.204656499592,-4.70823131591819,54.1320706731702,31.2561250340819,40.9869869128875,69348.291935033,4.58593002483805,15.432121410399818
126300,126.3,0.1263,15.438360804529,-0.0276464051065229,0.0371858827221504,297.956871580016,-4.70764128316216,54.1594355666674,31.2432006328143,40.9822962529066,69346.7218140597,4.58603385764696,15.438413282428684
126400,126.4,0.1264,15.4498717730155,0.038528079618796,-0.0370306024992858,299.991298534448,-4.7076746294465,54.1237130088226,31.2652719020586,40.9776055929257,69342.0010963504,4.58634606916242,15.444637740629974
126500,126.5,0.126500000000001,15.4466029182364,0.0214588153498989,-0.0041472867763462,301.147316515154,-4.70762650156156,54.1152924378681,31.2740999877855,40.9729149329448,69342.8507704931,4.58628987159307,15.452218096484437
126600,126.6,0.1266,15.4393493288696,-0.04312166746409,0.026980324214251,297.902524641549,-4.70704544822096,54.1587931639112,31.2583835275833,40.968224272964,69355.7758053155,4.58543517772501,15.457680332221429
126700,126.7,0.1267,15.5081597802213,0.0222325932994391,0.020011733519847,301.674194263786,-4.7071824117262,54.1488425072505,31.2549237132694,40.9635336129831,69327.4192431068,4.58731072969695,15.469050290832412
126800,126.8,0.126800000000001,15.4431159551716,0.0029866986371142,-0.0495252104296183,299.460581829781,-4.706810719075,54.1457643943321,31.276217077482,40.9588429530022,69362.7635049201,4.58497323471756,15.46985281203199
126900,126.9,0.126900000000001,15.5109133841106,0.0322997248430886,-0.0212549069420642,305.004934106525,-4.70740642779945,54.1309078568159,31.276316118921,40.9541522930213,69336.0099499676,4.58674236353647,15.48242697419425
127000,127.0,0.127000000000001,15.4696352975062,-0.0422240945772093,-0.0043200635723954,299.148160988221,-4.70675982457333,54.1760548871297,31.2626350250731,40.9494616330405,69355.5393361629,4.58545081186153,15.482366469355558
127100,127.1,0.1271,15.5049836762295,-0.0007671054490328,0.0308373085274626,298.190300500552,-4.70643753672861,54.1732094037536,31.2591119284109,40.9447709730596,69336.1378786149,4.58673390076707,15.497187332373516
127200,127.2,0.1272,15.4926069815639,0.0017857420770473,-0.0202194940305902,297.40851882596,-4.70578087406737,54.1484680658792,31.2854985672703,40.9400803130787,69355.0269700074,4.58548468726908,15.497723830032276
127300,127.3,0.127300000000001,15.5192352826168,0.0307597846668929,0.0136075627358818,296.362796675666,-4.70470535178572,54.157540858642,31.2804881015294,40.9353896530978,69347.592080906,4.58597630592666,15.511964533749788
127400,127.4,0.127400000000001,15.5144907552831,-0.0196001624631723,0.0236594380260419,305.76037745924,-4.70552820010028,54.2042766809125,31.2610555256202,40.930698993117,69356.3696536442,4.58539591596678,15.512307136328687
127500,127.5,0.1275,15.5048972964032,-0.0702872351749349,0.0028186472137511,297.684200792846,-4.70536950010019,54.1942302440087,31.2744599478218,40.9260083331361,69365.2984827791,4.58480567534871,15.524402074401639
127600,127.6,0.1276,15.6009120364136,0.105472835784318,0.0024298104851882,293.932851585696,-4.70558753974637,54.1105482729317,31.3031859160062,40.9213176731552,69313.8599702646,4.58820810574588,15.526080307651812
127700,127.7,0.1277,15.4470347235154,-0.0634057623523274,-0.067029331537062,296.62005885979,-4.7054907118949,54.1845845961848,31.3018814606906,40.9166270131743,69397.8499959461,4.58265514240975,15.536335351275747
127800,127.8,0.127800000000001,15.6373739664447,0.0216950759283255,0.154310430866292,300.52890848216,-4.70520748958912,54.2046927332148,31.2470382816952,40.9119363531935,69294.0238856977,4.58952152469447,15.541940400160037
127900,127.9,0.127900000000001,15.4312506833624,-0.0555262033032911,-0.137223747744913,301.2933578262,-4.70467853252033,54.1989482752017,31.3124217083852,40.9072456932126,69423.6999421551,4.58094878868581,15.548940602474303
128000,128.0,0.128,15.6881867358708,0.122132550933376,0.0847655460061882,302.28607249031,-4.70454483180421,54.1362797285,31.2910858896857,40.9025550332317,69288.2320129657,4.58990516739685,15.556341563628244
128100,128.1,0.128100000000001,15.4364237894348,-0.147807325287083,-0.0711191657515145,298.397814578754,-4.70403575240412,54.2549438824222,31.2902851829284,40.8978643732508,69430.3685141433,4.58050880273405,15.561871239620427
128200,128.2,0.1282,15.6967289683762,0.0849707225293783,0.136470290386893,299.075547624464,-4.70399223938859,54.1905613106045,31.2648855163286,40.89317371327,69283.7378274341,4.59020289794721,15.571403965678922
128300,128.3,0.128300000000001,15.441890589151,-0.0830441620909539,-0.114628619123111,302.365860934242,-4.70438416858359,54.187035338137,31.3325310932083,40.8884830532891,69421.1603882974,4.58111636822645,15.574288798008414
128400,128.4,0.1284,15.6990713420279,0.10634680085887,0.07349508464161,297.11378181287,-4.70361496056619,54.1654156166556,31.2930219446923,40.8837923933082,69298.0092811176,4.58925757688048,15.584369394770123
128500,128.5,0.1285,15.4999726195916,-0.114776622382764,-0.04797055804902,298.773298268318,-4.70336055056338,54.2733693719937,31.2863736757291,40.8791017333273,69413.4062055539,4.58162812547091,15.58653188553265
128600,128.6,0.128600000000001,15.6700131291894,0.0710943967753701,0.0687647262501028,303.4612660772,-4.70314848083683,54.2022457783935,31.287979220024,40.8744110733465,69318.0447326734,4.58793111350124,15.597122121618668
128700,128.7,0.128700000000001,15.5552713091824,-0.0332189327654773,-0.0528183899112233,301.511215377204,-4.702728048319,54.2003232049407,31.3272472003757,40.8697204133656,69394.6160353336,4.58286870546518,15.59937276301879
128800,128.8,0.1288,15.6131449716748,0.0342120125788115,-0.0319676739621727,305.077878300947,-4.70374081231738,54.2122310159028,31.3059177217665,40.8650297533847,69354.6427960509,4.58551008749787,15.60897617931238
128900,128.9,0.1289,15.6382683708426,-0.0183470809104601,0.0280847357455902,297.75204245457,-4.70334776292336,54.2387782770955,31.2910390324643,40.8603390934038,69347.6660770365,4.58597141254639,15.612413276886572
129000,129.0,0.129,15.577202050847,-0.0889177353478801,0.0057354677285484,297.410561347164,-4.70316334200378,54.2501506406013,31.3036397576336,40.855648433423,69382.1723177333,4.5836906446185,15.621117117274688
129100,129.1,0.129100000000001,15.6958374713286,0.128126853160269,0.0259040656339364,303.996500598041,-4.70225109683195,54.2022783458625,31.3077830105273,40.8509577734421,69322.1622555756,4.58765860452548,15.625527330090957
129200,129.2,0.129200000000001,15.4739351273268,-0.120578047296971,-0.120931544876937,305.353786890086,-4.70176332279244,54.2575688532426,31.3384258647401,40.8462671134612,69452.8195418994,4.57902812662982,15.632601546311975
129300,129.3,0.1293,15.8361002228914,0.146250757948186,0.192516015228214,296.371029529761,-4.70111090345421,54.1959241951107,31.2923226083747,40.8415764534803,69263.8970210565,4.59151777237456,15.639553641916551
129400,129.4,0.1294,15.4344083732127,-0.190962812875868,-0.145864791418438,293.82570193449,-4.70135947786627,54.3027991641089,31.3335733198121,40.8368857934995,69483.9913593502,4.57697388901231,15.644338838948135
129500,129.5,0.1295,15.8913431968164,0.215846847540352,0.153435134445635,303.828484684284,-4.70246782803546,54.1902069589066,31.2895482082129,40.8321951335186,69234.5430494459,4.59346447811426,15.651489105924746
129600,129.6,0.129600000000001,15.4241006374825,-0.226463850025977,-0.197895247666144,302.975684832354,-4.70196271349109,54.2753889049661,31.3626615321576,40.8275044735377,69497.4212743807,4.57608941921042,15.657228898884217
129700,129.7,0.1297,15.8993148014026,0.179073745167698,0.203996760226742,307.938058715078,-4.70108941647862,54.1952760572277,31.2993059141953,40.8228138135568,69246.6990870542,4.59265811004641,15.663654700339883
129800,129.8,0.1298,15.4198541731441,-0.207483030512496,-0.209233600855263,306.986252299281,-4.70038632374864,54.334077389769,31.3427486886336,40.818123153576,69512.4201365231,4.57510202538619,15.669527077093578
129900,129.9,0.1299,15.9019233452984,0.168683834042243,0.171037078990713,306.279337056989,-4.70091244087653,54.2120130698174,31.2998733943905,40.8134324935951,69253.4217846747,4.59221228295292,15.677345742734285
130000,130.0,0.130000000000001,15.4911416893406,-0.153520100723671,-0.142823005028111,298.071267528021,-4.70039630529598,54.2799836717925,31.3625821835461,40.8087418336142,69471.1880639829,4.57781740918553,15.682578837193049
130100,130.1,0.1301,15.8457701123949,0.130999180709163,0.108943452156887,297.566977998231,-4.70027990164479,54.2401592244907,31.3066116349024,40.8040511736333,69288.3636732387,4.5898964457568,15.689055821359156
130200,130.2,0.1302,15.6017907087754,-0.102274189146021,-0.0795358389136004,300.053820431585,-4.70048737144725,54.308272536824,31.3323607830524,40.7993605136525,69424.4525019723,4.58089913128329,15.696815591531903
130300,130.3,0.1303,15.7583218523847,0.029254942626031,0.0554007339515298,307.738787788583,-4.7010038324729,54.2444791878035,31.3339411197572,40.7946698536716,69338.4277171626,4.58658242804927,15.701185815673652
130400,130.4,0.130400000000001,15.6923329269599,0.0161220314998294,-0.0288653717914916,299.280707681028,-4.69911206682975,54.2501245601873,31.356627285685,40.7899791936907,69387.8717872671,4.58331414358873,15.708731973551519
130500,130.5,0.130500000000001,15.6796926423906,0.0100927185315345,-0.0882061139930301,306.966410737893,-4.69926865726403,54.2916801518674,31.3421740875766,40.7852885337098,69401.0337509001,4.58244491425861,15.713346560369391
130600,130.6,0.1306,15.7795336512869,-0.0226030597358342,0.121424794618324,308.281381952948,-4.69979538116564,54.3025109753299,31.3132671310768,40.780597873729,69342.8813452865,4.58628784939754,15.72212702007267
130700,130.7,0.130700000000001,15.6302641011153,-0.0826283671714395,-0.100331888768361,299.697356136781,-4.69964943720163,54.2863834673794,31.3615194199322,40.7759072137481,69421.1234973042,4.58111880267182,15.726252611896859
130800,130.8,0.1308,15.8721072643078,0.154259131915415,0.052824461861143,296.741028726629,-4.69905048139543,54.2499605873866,31.331618976274,40.7712165537672,69300.4307109175,4.58909722340299,15.734609878855235
130900,130.9,0.130900000000001,15.6077330011264,-0.13172677415046,-0.0990986119533575,299.740940895329,-4.69892323693898,54.3370695694036,31.3535542337232,40.7665258937863,69452.3100075358,4.57906172050427,15.738024664398363
131000,131.0,0.131000000000001,15.8786860982235,0.0890204578034399,0.133051768125859,307.517352764148,-4.69884585041136,54.2597234657781,31.3346953851348,40.7618352338055,69303.7575945657,4.58887692665368,15.746779055837427
131100,131.1,0.1311,15.6147127777509,-0.0959247694505538,-0.141837619288849,302.74609518608,-4.69738267391739,54.3227719759471,31.3763206123531,40.7571445738246,69468.4624949538,4.57799701813185,15.751689232563749
131200,131.2,0.131200000000001,15.8861014023752,0.0838390437618921,0.105639041811689,307.432760150852,-4.69784266603079,54.2859165883641,31.3344942322714,40.7524539138437,69320.810075237,4.58774809196451,15.760446857698494
131300,131.3,0.1313,15.6561643942724,-0.0882755632672339,-0.0761556492981722,303.792619559674,-4.69864972332127,54.2997919537962,31.3806899159688,40.7477632538628,69432.759715517,4.58035105415851,15.765843735296967
131400,131.4,0.131400000000001,15.8697097982992,0.0711294093926192,0.0949921017280532,295.112722783653,-4.69787517437376,54.2663763042741,31.3533447695569,40.743072593882,69321.5840174871,4.5876968719566,15.774424695478615
131500,131.5,0.1315,15.7036671930978,-0.0692504861958489,-0.098546214397458,305.391904297263,-4.69880989289895,54.3450849575175,31.3556411600386,40.7383819339011,69419.2205717605,4.58124438068777,15.78097430893459
131600,131.6,0.1316,15.8428859344141,0.0584712719418915,0.0551754995589788,303.165066441745,-4.69751414866131,54.3144577051748,31.3443957672975,40.7336912739202,69347.2298678967,4.58600025930277,15.788607430806668
131700,131.7,0.131700000000001,15.7421640173328,-0.0583975586024364,0.0014695833973712,300.331914056123,-4.69634830117328,54.3140863638603,31.3770512253172,40.7290006139393,69411.0092193905,4.5817863438767,15.795580395793055
131800,131.8,0.131800000000001,15.8126073474037,0.0149911572487878,9.17018705937243e-05,300.838064088163,-4.69664104153644,54.3060278274103,31.3714722540324,40.7243099539585,69380.3797374827,4.58380907339268,15.799403092394495
131900,131.9,0.1319,15.8245427447062,-0.0045807505782505,-0.0041360761249655,296.150259079168,-4.69740822224365,54.3424372868055,31.349557521771,40.7196192939776,69370.4061505209,4.58446810108109,15.810671611635431
132000,132.0,0.132,15.813227325159,-0.0509852599788804,0.0275329127694313,301.06880962306,-4.69780983406134,54.34532809661,31.3539847345012,40.7149286339967,69375.9008478164,4.58410500288462,15.812249801877172
132100,132.1,0.1321,15.8206017020637,0.0148902968441885,-0.0144645683304412,303.484592809243,-4.69711246999506,54.3040418193903,31.380866903821,40.7102379740158,69374.6384955136,4.58418841601127,15.824378909566585
132200,132.2,0.132200000000001,15.8321765512338,0.0291012900862405,-0.0541068535831558,299.208864355891,-4.69574636497483,54.322024375835,31.3822527205569,40.705547314035,69392.679907984,4.5829965722294,15.826827398044452
132300,132.3,0.132300000000001,15.8396005930984,-0.0147667930009455,0.0368123923381465,303.821949513608,-4.69602120897784,54.3495470185118,31.3640687043307,40.7008566540541,69379.6133903715,4.58385970481983,15.839775643748805
132400,132.4,0.1324,15.7966193892603,-0.0440582081829159,-0.0116174920761741,300.803886573112,-4.69623019332008,54.3469153230237,31.3782284919046,40.6961659940732,69399.5758538597,4.58254117900946,15.839501713279072
132500,132.5,0.1325,15.8796915370265,0.0281729745911083,0.0195835741189966,295.84078670523,-4.69643529235883,54.3199710119835,31.3788524453432,40.6914753340923,69358.55277845,4.58525158637559,15.852626033494298
132600,132.6,0.1326,15.8269778391709,0.0042326220455138,-0.0392730483603208,292.928432435824,-4.6956320522324,54.3337760732208,31.3906961088431,40.6867846741115,69394.3649334737,4.58288528846665,15.854394370766899
132700,132.7,0.132700000000001,15.8850625847672,-0.003237039250438,0.0688164955048798,294.376191498789,-4.69481615769216,54.3565456811769,31.3700473729705,40.6820940141306,69369.7810075138,4.58450941515378,15.865969545469085
132800,132.8,0.1328,15.8454748157066,-0.0703775750292319,-0.0074241938389417,299.15029772831,-4.69493048236293,54.3793842362145,31.377741498664,40.6774033541497,69407.945331898,4.5819885985005,15.870254321864879
132900,132.9,0.1329,15.9329249108717,0.0753282911781026,0.0078937568918941,299.412726272293,-4.69471465778117,54.3251065381124,31.3911912872007,40.6727126941688,69360.3894530459,4.58513016815445,15.879545773232511
133000,133.0,0.133000000000001,15.8249524943793,-0.0131954228366784,-0.0715777748995613,298.51308138592,-4.69448390616279,54.3460620995171,31.4079741787338,40.668022034188,69416.2352253609,4.58144140378148,15.88652043168635
133100,133.1,0.1331,15.9425425226004,-0.0170759948265924,0.102575513064786,297.13335058808,-4.69460439365903,54.3700884746468,31.3692935821852,40.6633313742071,69353.3963640419,4.58559249912945,15.89253351535861
133200,133.2,0.133200000000001,15.8513223545978,-0.0454118925713068,-0.0444149157858346,295.869559111769,-4.69484098855252,54.3832352492454,31.3902700399618,40.6586407142262,69408.5460925231,4.58194893943127,15.900199593422455
133300,133.3,0.1333,15.9716904689834,0.0856618700457012,-0.033306960650566,299.659508489874,-4.69485443986496,54.3134942371293,31.4098237252932,40.6539500542453,69354.7151304456,4.58550530498097,15.906651572983053
133400,133.4,0.1334,15.8898319511893,-0.0525315196211803,-0.0296025475861866,300.36170788945,-4.69351771248747,54.3657728265215,31.4120180820005,40.6492593942645,69418.3109171087,4.58130441312311,15.91538649973221
133500,133.5,0.133500000000001,15.9681931468108,0.0122822423796401,0.0775981260735507,298.956171425672,-4.69291567575489,54.399638583627,31.3762705950937,40.6445687342836,69374.4983781702,4.5841976748069,15.920628591775241
133600,133.6,0.133600000000001,15.9065820173458,-0.0299928279155726,-0.0158380719134146,303.079489250907,-4.69366849283859,54.3966368246207,31.395548537507,40.6398780743027,69405.281683072,4.58216444691225,15.929120283852486
133700,133.7,0.1337,15.9454061767349,0.0791049360936285,-0.0745444525226567,296.903702971083,-4.69337882041286,54.3344268687402,31.4263355760421,40.6351874143218,69385.8800771861,4.58344570685454,15.934397767818204
133800,133.8,0.1338,15.9512521806936,-0.02412522374761,0.0609786699422543,295.567795356752,-4.69323386426746,54.3847176141443,31.3964712759324,40.630496754341,69376.0947604606,4.58409218988433,15.942926457329284
133900,133.9,0.1339,15.8944594165448,-0.0636636924112885,0.0224714867100638,303.620569504435,-4.69318355299178,54.4308608337378,31.3908572951055,40.6258060943601,69414.5273289381,4.5815541269777,15.948099231306566
134000,134.0,0.134000000000001,15.9914530863824,0.101233352281301,-0.0226054541552527,304.841527537024,-4.69227405581459,54.3459853524883,31.427631305471,40.6211154343792,69379.4674133256,4.58386934943551,15.955440425582538
134100,134.1,0.1341,15.8901072814445,-0.0399131220694748,-0.0650049189984312,302.644186023284,-4.69208715770897,54.3766046110084,31.4405817249974,40.6164247743983,69439.1428179693,4.579930011374,15.961159389266822
134200,134.2,0.1342,16.0350115835367,-0.0146987543699313,0.13894221676113,301.260338011621,-4.6926246999724,54.4217560667369,31.3788230505564,40.6117341144175,69352.2787784989,4.58566639420505,15.967229777471212
134300,134.3,0.134300000000001,15.9132809194208,-0.0399441285720713,-0.0799383695792231,297.547538667316,-4.69252374585459,54.4217894230131,31.4179570361231,40.6070434544366,69430.79359142,4.58048075941052,15.972716185576186
134400,134.4,0.1344,16.0262218610792,0.128757938631662,-0.0005658306748497,294.430316879299,-4.6917483982664,54.3477303119382,31.4332409522949,40.6023527944557,69362.0266037823,4.58502194540493,15.979151931169556
134500,134.5,0.134500000000001,15.9543970656316,-0.06166364193631,-0.0102928164618907,295.475525915316,-4.69129675122037,54.4230763984757,31.4210625586468,40.5976621344748,69423.2562366506,4.5809780669465,15.985131241318921
134600,134.6,0.1346,16.0603931448889,-0.0068834545637907,0.100962529797175,297.454804492384,-4.69126764483504,54.4358040403548,31.3917691695651,40.592971474494,69366.7389179944,4.58471046955335,15.992248004643725
134700,134.7,0.1347,15.9219684399054,0.0092799155077793,-0.098305993236001,299.157514264517,-4.69112578586158,54.408758459962,31.4429675994293,40.5882808145131,69437.3280087859,4.58004971210676,15.99606886941291
134800,134.8,0.134800000000001,16.0371902495382,0.0555001982646253,0.0253259878213134,301.382875170227,-4.69071536959458,54.3894950642106,31.4336461525926,40.5835901545322,69384.146517286,4.58356022404731,16.004674719221903
134900,134.9,0.134900000000001,16.0081454170528,-0.046977499786112,0.0041238468066106,305.81979248459,-4.69021214713869,54.4574905713118,31.4154926439369,40.5788994945513,69422.7421822834,4.58101198770081,16.00728889045276
135000,135.0,0.135,16.0344850353002,-0.0275114825420069,0.0329716874331216,304.252013080846,-4.68992367489705,54.4585811113595,31.4133433977413,40.5742088345705,69411.358421746,4.58176329331811,16.015092899080614
135100,135.1,0.1351,16.0128006314797,0.0699589494764573,-0.0526215394472716,295.773107406172,-4.69007546293464,54.3873997885591,31.4538241308735,40.5695181745896,69401.9383341539,4.58238518677794,16.017044455319716
135200,135.2,0.1352,16.0297973771396,-0.0241797889450324,0.03103215196178,292.140030972931,-4.6897757853225,54.4200267762147,31.4385127497251,40.5648275146087,69401.7429818475,4.58239808529426,16.024558144605894
135300,135.3,0.135300000000001,16.0392619849696,-0.0338160424751428,0.0293471652535833,296.863979839365,-4.68991702921259,54.4671703507735,31.4154218570828,40.5601368546278,69402.8206454507,4.58232693136153,16.02570457775711
135400,135.4,0.1354,16.0198584969114,0.0321073112624794,-0.0358550879602125,301.033035501052,-4.68943995662675,54.4302294359266,31.4463009251047,40.555446194647,69415.8929931669,4.58146399106914,16.032997930527173
135500,135.5,0.1355,16.0321299668595,0.0459053080674781,-0.0128296876040722,299.876495211443,-4.6887327557056,54.4124117070022,31.4598134433577,40.5507555346661,69414.9585564428,4.58152566492579,16.037028420423674
135600,135.6,0.135600000000001,16.0439035271132,-0.0689051503015804,0.0346700860374112,297.685478270205,-4.68881357499915,54.4965873592484,31.4162062229645,40.5460648746852,69417.9456581326,4.58132851874225,16.041346343562235
135700,135.7,0.1357,16.0911082038428,0.0204947779317602,0.0430195635791224,295.97053317214,-4.68947505248148,54.4850686368437,31.4106247744798,40.5413742147043,69382.9151406508,4.58364157100361,16.046353670056238
135800,135.8,0.135800000000001,15.9720569099063,-0.0267727819402837,-0.0695488517880482,296.365086148204,-4.68933088787579,54.4390987725188,31.4688086433661,40.5366835547235,69444.7539000864,4.57955995659029,16.0497361471542
135900,135.9,0.1359,16.1365527921953,0.0742713183583598,0.0270367332209191,304.782901904788,-4.68932244272844,54.4225067164577,31.4494402112428,40.5319928947426,69372.8312053908,4.5843078425692,16.0562272755462
136000,136.0,0.136,15.987757738299,-0.0986431530761046,-0.0090663706547378,301.239832475975,-4.68826431557865,54.538599137289,31.4267735540793,40.5273022347617,69462.6695758106,4.57837880545338,16.06060199206902
136100,136.1,0.136100000000001,16.1444246554749,0.0973350319028293,0.0620292243344612,299.614138012895,-4.68799576197159,54.4570019510604,31.4363855230002,40.5226115747808,69371.9274270775,4.58436756698747,16.06756790575848
136200,136.2,0.1362,15.9832996341738,-0.0224756121893305,-0.0910957896214811,301.711912741002,-4.68838052193117,54.432782725068,31.4923530516485,40.5179209148,69456.4849782945,4.5787864769645,16.070515788350054
136300,136.3,0.136300000000001,16.1355891113246,0.0643333212437473,0.0349479028559686,299.321418589863,-4.68793263207879,54.4689218474361,31.4439034694979,40.5132302548191,69387.6382494362,4.58332956963969,16.07746718012649
136400,136.4,0.1364,16.0156369617357,-0.118219718593231,0.0057826726141693,303.725303281522,-4.68815632850222,54.5583730075309,31.4263672280179,40.5085395948382,69454.7860982992,4.57889847513173,16.081115154347305
136500,136.5,0.1365,16.1490121660613,0.0417851569262857,0.0411373581855127,302.555291261535,-4.68788905819351,54.4492664764735,31.464082822121,40.5038489348573,69391.0412964768,4.58310479586721,16.087236911077248
136600,136.6,0.136600000000001,16.0356482006635,0.0478960269954003,-0.109557211678674,296.152606780438,-4.68726868465847,54.4282016474363,31.5034637857157,40.4991582748765,69442.9703340182,4.57967757753459,16.09178441541341
136700,136.7,0.136700000000001,16.1562345768969,0.0280525144706365,0.0333177796706112,294.382647832529,-4.68696713564006,54.5105734271906,31.4377847850965,40.4944676148956,69395.0320723054,4.58284123025894,16.09582703829666
136800,136.8,0.1368,16.0736397583433,-0.106836267106711,0.0665841997395185,298.613746929012,-4.68693051382161,54.5555123791401,31.4344784369041,40.4897769549147,69436.8933924395,4.5800783793523,16.100474423067507
136900,136.9,0.1369,16.0991933288148,0.0433434768599659,-0.0212738557309439,299.936747749744,-4.68603736205558,54.4540175544485,31.4930049831197,40.4850862949338,69428.7103500926,4.58061819890449,16.104182903769885
137000,137.0,0.137,16.12470605509,0.0979777716341863,-0.0614842495608312,304.950875467475,-4.6862920820204,54.4570679943304,31.4917298217551,40.480395634953,69421.7440702172,4.58107785126275,16.110038870280324
137100,137.1,0.137100000000001,16.067656817791,-0.096478595879885,0.0198598574134224,301.129512188821,-4.68668470822372,54.5713256939874,31.4423669293345,40.4757049749721,69450.3050160772,4.57919391545483,16.114370974329862
137200,137.2,0.1372,16.1827979392293,0.0100164535989537,0.0987822253295662,299.477399933456,-4.68700697177533,54.5172031437086,31.4459554717926,40.4710143149912,69381.3029915099,4.58374807684167,16.12178145789422
137300,137.3,0.1373,16.0231664719459,0.008052708581092,-0.176097370796463,299.879400297049,-4.68654459262797,54.4729117343298,31.5197031323458,40.4663236550103,69479.4639938525,4.57727213013966,16.124623471641172
137400,137.4,0.1374,16.2293298856047,0.108782359434537,0.0709461201578614,302.426584601741,-4.68605253539128,54.4962191536146,31.4596838828359,40.4616329950295,69368.792317813,4.58457475660042,16.13101470306607
137500,137.5,0.137500000000001,15.9973851809361,-0.191508257747459,0.007128557852216,301.132011521838,-4.68529569963681,54.6289499306424,31.4465327778125,40.4569423350486,69500.6197388797,4.575878824548,16.136483927441684
137600,137.6,0.1376,16.2720515590146,0.0950738353207653,0.0983961626944524,301.241577522292,-4.68519978123052,54.4877934735373,31.4707206486839,40.4522516750677,69366.3127491231,4.58473863684102,16.142155625299885
137700,137.7,0.1377,16.0272006295929,0.0117145497073585,-0.225160953541901,299.405730553452,-4.68493346271083,54.4866799455249,31.5375931253343,40.4475610150868,69504.2290493547,4.57564120206661,16.14769551276183
137800,137.8,0.1378,16.2987969516313,0.0459229521488263,0.168715589483465,300.432223784998,-4.68497874478924,54.5465258388651,31.4417908531549,40.442870355106,69361.1588639697,4.58507930612596,16.154328465679722
137900,137.9,0.137900000000001,16.049707571926,-0.174809875388241,-0.0290367795964235,304.241437252648,-4.68540473326894,54.6103001361348,31.4693935818247,40.4381796951251,69495.1561863548,4.57623856982634,16.15926033890883
138000,138.0,0.138000000000001,16.2441289664275,0.159546797785374,-0.010069701995206,299.956545469237,-4.68481732200834,54.45913516723,31.509272018438,40.4334890351442,69382.561339216,4.58366494429703,16.16490355411557
138100,138.1,0.1381,16.1259428370501,0.0276791487352403,-0.129475819949105,302.444815871091,-4.68455797479281,54.5199440652011,31.5159640674841,40.4287983751633,69466.7261318055,4.57811144795686,16.169072716714254
138200,138.2,0.1382,16.2155398260623,-0.0669198815299094,0.121165983657894,303.592597433082,-4.68363345528697,54.6007154436442,31.4550125241489,40.4241077151825,69427.0381852342,4.58072852405997,16.174889485651214
138300,138.3,0.1383,16.1805341537555,-0.0259308946594142,0.0009563815280736,301.869057232654,-4.68294579522427,54.5732126930205,31.4862450263746,40.4194170552016,69452.9085215016,4.57902226020738,16.181649880999064
138400,138.4,0.138400000000001,16.1951235519083,0.0265330847867955,-0.0470113237055829,297.383432535841,-4.68330299058754,54.5182682895175,31.5158748473631,40.4147263952207,69440.2159389759,4.57985923366921,16.185459285125127
138500,138.5,0.138500000000001,16.1871575400374,0.0438929179054291,-0.04201459844764,303.364131892444,-4.68439081914585,54.5408237375398,31.5027921296249,40.4100357352398,69432.0478865983,4.58039801268036,16.19242915290978
138600,138.6,0.1386,16.1754157353285,-0.127496536835916,0.0733689128051719,297.828268141385,-4.68331274094166,54.6081219465758,31.4784421196092,40.4053450752589,69455.9237506337,4.57882347512801,16.195621125411478
138700,138.7,0.1387,16.2541553423956,0.0561802254908484,0.0129395036637365,296.21879691496,-4.68236762123844,54.5481001070513,31.5005282794932,40.4006544152781,69420.200866424,4.58117968814349,16.203805206784157
138800,138.8,0.1388,16.1547248346206,0.0209100899874561,-0.0989073221737293,304.928242845894,-4.68261321334955,54.5646307390135,31.5188997014935,40.3959637552972,69473.6701871302,4.577653855043,16.208404538731184
138900,138.9,0.138900000000001,16.2745579006785,-0.0477577276115343,0.105730544710256,304.621214483782,-4.68195688627198,54.5890179804905,31.4883160299423,40.3912730953163,69429.2156790567,4.58058485963907,16.21519189442163
139000,139.0,0.139,16.1257867344522,-0.03564061251431,-0.0357612342637695,299.449404329112,-4.68167017753513,54.5935639763419,31.517647335493,40.3865824353354,69491.6050500815,4.57647242320718,16.219358760308108
139100,139.1,0.1391,16.269577646915,0.0998490101019625,-0.0088074133797587,299.049152304796,-4.68240121685852,54.5720631766467,31.5015617520612,40.3818917753546,69420.720867621,4.58114537246811,16.226009402677164
139200,139.2,0.139200000000001,16.1817217709501,-0.0619936586331097,-0.0137760210079689,300.964479850828,-4.6827148895389,54.6202289429928,31.4994296299016,40.3772011153737,69469.2191224261,4.57794715664851,16.231299890799427
139300,139.3,0.139300000000001,16.3083486210012,0.0016771420572027,0.0684126786895456,298.784263410505,-4.6819575399193,54.5625667405548,31.5129918983094,40.3725104553928,69417.694495214,4.58134509462899,16.23751404385303
139400,139.4,0.1394,16.2250296760458,0.0630522453905621,-0.0801366828163568,297.95140436232,-4.68063836654106,54.5611052116225,31.539871175455,40.3678197954119,69466.9719619739,4.57809524690654,16.24514535160449
139500,139.5,0.1395,16.2642863291556,0.0340878916531548,0.0108405016822944,303.702806090617,-4.68048110443351,54.6175494584497,31.5012047381952,40.3631291354311,69445.5147461045,4.57950978286819,16.250825358725972
139600,139.6,0.1396,16.2475194507287,-0.0875243414558182,0.044406467676817,300.612443848965,-4.68060332427922,54.6408901526604,31.5024180164306,40.3584384754502,69469.7938699238,4.57790928171717,16.257749174643703
139700,139.7,0.139700000000001,16.2526532440941,0.0135271485455694,-0.0191425254659035,302.270692276836,-4.68130903814708,54.569378173773,31.5402211863059,40.3537478154693,69454.0563727632,4.57894658375661,16.26216620808528
139800,139.8,0.139800000000001,16.2699044910704,0.0842323612831465,-0.0720162553707574,298.435066324542,-4.68081306153637,54.5635177138597,31.5443752716212,40.3490571554884,69447.6705861986,4.57936762272491,16.268668236756525
139900,139.9,0.1399,16.2618171197475,-0.027838998580649,0.0264120653493458,300.877968266278,-4.68098073664512,54.6420477772132,31.5031463552064,40.3443664955076,69448.648386333,4.57930314765763,16.27316081104149
140000,140.0,0.14,16.2673586163485,-0.0752065339945981,0.0768348595010371,303.097559610454,-4.68089681123724,54.6355502311087,31.51106330674,40.3396758355267,69449.7654517375,4.57922949181316,16.277780955485483
140100,140.1,0.1401,16.2907784933522,0.0460079281057054,-0.0552952784820096,302.472130183091,-4.6799685725698,54.5714593019731,31.5563891077275,40.3349851755458,69459.9988258234,4.57855484497746,16.28447814900567
140200,140.2,0.140200000000001,16.2769208704378,0.0266991551565668,-0.0039542196886016,303.150556666402,-4.67917612536634,54.6178186605997,31.5343620894003,40.3302945155649,69462.4016255902,4.57839646648412,16.286942468804895
140300,140.3,0.1403,16.2541952727786,-0.0834491672517716,0.0181850341304512,306.399901303139,-4.67981641416439,54.6614727488663,31.5193180380257,40.3256038555841,69476.6741498977,4.57745593103597,16.296761804424712
140400,140.4,0.1404,16.3240507878273,0.0287576943587566,0.0033032273474874,297.560851702432,-4.67981669054605,54.5954589668022,31.5444411939694,40.3209131956032,69440.0011219572,4.57987340175231,16.297849696979227
140500,140.5,0.140500000000001,16.2829900562252,0.0308411549175818,-0.0565400691703389,297.57648558757,-4.67971010282569,54.5981783399065,31.5575524337418,40.3162225356223,69464.2416761836,4.57827518852971,16.30636623034565
140600,140.6,0.1406,16.3471675549499,0.0040444244938618,0.0246578656511735,297.11399151825,-4.67901084633555,54.6382890349639,31.5287234394843,40.3115318756414,69443.6884985413,4.57963021596675,16.30686364492097
140700,140.7,0.1407,16.3074449529399,-0.0616889772315808,0.0425558919515229,297.755615409865,-4.67803052983392,54.667716068278,31.5299376686642,40.3068412156606,69475.6801048872,4.57752142441757,16.314620070760665
140800,140.8,0.1408,16.3289634373117,0.0252438884205155,0.0049849964715332,304.506493354455,-4.67846753093446,54.6191452462604,31.5531636923592,40.3021505556797,69457.0015592357,4.57875242260317,16.316160164285268
140900,140.9,0.1409,16.3072651135106,0.02081017122947,-0.0454780708065214,293.77104543124,-4.67771820635344,54.6222478516157,31.5619036756208,40.2974598956988,69472.1005527033,4.57775728135411,16.323351917741814
141000,141.0,0.141000000000001,16.3677931103769,-0.0215590475591688,0.0472676760090973,297.521154273489,-4.67917764660817,54.6537205096049,31.5338904239327,40.2927692357179,69442.3488620939,4.57971856320231,16.327232160044513
141100,141.1,0.141100000000001,16.3544018599923,-0.0259576004767315,0.0132974775578204,294.597527105377,-4.67849511512476,54.6623205594826,31.5367930195565,40.2880785757371,69451.5828281774,4.57910966468392,16.331350054151283
141200,141.2,0.1412,16.3451817136915,0.0266029500281195,-0.0212715665421361,303.534933909256,-4.67856085066505,54.6426412465483,31.555210074143,40.2833879157562,69459.0353959274,4.57861835171338,16.33685766669324
141300,141.3,0.1413,16.3015149763782,-0.0267406145897247,0.0079418218689209,304.500000509774,-4.6777129078142,54.6586825039645,31.5599966639373,40.2786972557753,69481.8740236549,4.57711336409596,16.338433835553055
141400,141.4,0.1414,16.375390698907,0.0081118480436098,0.0151715542575261,300.845127897235,-4.67688880042795,54.6587554836472,31.556864382788,40.2740065957944,69466.9800899436,4.57809471124745,16.34480682445522
141500,141.5,0.141500000000001,16.3455142163179,0.0174572853776003,-0.0258789783002583,294.33135909925,-4.6765804644551,54.6500178987869,31.5695657820436,40.2693159358136,69475.7380818502,4.57751760451155,16.345197859984065
141600,141.6,0.141600000000001,16.3969796703069,0.0135142930055342,0.036276080099265,298.419476782927,-4.67790737151858,54.6748553747587,31.5440154476057,40.2646252758327,69442.96911589,4.57967765786863,16.35172115100083
141700,141.7,0.1417,16.3304830823954,-0.084444500150282,-0.0178205984112476,300.472373887441,-4.67796037141941,54.7173339174812,31.5451796416899,40.2599346158518,69491.3899734215,4.57648658744254,16.351688128868393
141800,141.8,0.141800000000001,16.4214200115477,0.0804916930771709,0.0066837781683532,294.851173248313,-4.67659349919626,54.6413761126581,31.57005372844,40.2552439558709,69441.5509692009,4.57977118479331,16.358811424665983
141900,141.9,0.1419,16.2902032154323,-0.0083109043456264,-0.0569231335096161,298.321023789056,-4.67640586449814,54.6570450573001,31.5922190109706,40.2505532958901,69502.1332488665,4.57577917813464,16.36025318495104
142000,142.0,0.142000000000001,16.3688390406195,-0.0211447233663672,0.058313206818082,297.923947185977,-4.67567814250325,54.7081868087702,31.5544769501833,40.2458626359092,69475.9585577669,4.57750307815723,16.36731751645551
142100,142.1,0.1421,16.3477746146768,0.0151099667391671,0.022983794035346,302.170573973706,-4.67569389872363,54.7112043121781,31.560272089766,40.2411719759283,69484.451548128,4.57694357615853,16.368844499487054
142200,142.2,0.1422,16.3661169193462,-0.0115830887034965,-0.0415801786382694,306.06236162562,-4.67586427932501,54.6678929989055,31.5940978777487,40.2364813159474,69495.75693959,4.57619901071875,16.3734849153911
142300,142.3,0.142300000000001,16.410672778933,0.0531833672349194,0.0207707083819681,298.586878349224,-4.67552672918829,54.6530882244586,31.5905433837635,40.2317906559666,69461.0215627079,4.57848743081032,16.377115282314833
142400,142.4,0.142400000000001,16.3072781822253,-0.0918072083615646,-0.0395038927819917,297.1651833571,-4.67587434036239,54.7359757760705,31.5728100514329,40.2270999959857,69519.2097207451,4.57465519866519,16.380300991417688
142500,142.5,0.1425,16.5093191421137,0.0868949114941738,0.13721677881529,298.5030913563,-4.67568046787486,54.6886665163694,31.5535127555701,40.2224093360048,69408.5753556872,4.58194700764801,16.385204389226722
142600,142.6,0.1426,16.1912002045949,-0.12605643702267,-0.163284495927441,302.841292830204,-4.67489185956883,54.7212884173041,31.6204470424256,40.2177186760239,69589.18525091,4.57005514591715,16.385708887462172
142700,142.7,0.1427,16.6055071701276,0.186044896123652,0.138314893446957,303.814508410175,-4.67434982843989,54.6492535451564,31.5726058057449,40.2130280160431,69384.3362491685,4.58354769027446,16.393177858253562
142800,142.8,0.142800000000001,16.0991769282678,-0.211660039087221,-0.189172781752107,300.61912612063,-4.67411674173693,54.7947551993998,31.6088271101065,40.2083373560622,69640.7576178204,4.56667079788809,16.393319874317342
142900,142.9,0.1429,16.6616954351575,0.176555294843061,0.231290229981413,296.783097652629,-4.6738096471572,54.6846708106469,31.5464172530801,40.2036466960813,69355.5297334057,4.58545144674921,16.40048360760573
143000,143.0,0.143,16.161728835118,-0.117312314581325,-0.21393193313686,293.328228333732,-4.67358911397109,54.7296104846877,31.6420403858576,40.1989560361004,69614.8052280855,4.56837325212824,16.401548900593536
143100,143.1,0.143100000000001,16.6180016646165,0.160121696919916,0.129520180410642,295.372654429492,-4.67442265120318,54.6706404227542,31.5729975558504,40.1942653761196,69379.964431051,4.58383651193932,16.407953170743582
143200,143.2,0.1432,16.25823093089,-0.206593074587806,-0.0826582367314809,295.655930490675,-4.67490478024069,54.7996747931143,31.5898288158556,40.1895747161387,69572.6689667356,4.57114005944143,16.410924685173224
143300,143.3,0.143300000000001,16.5524216810718,0.148227739515915,0.0920179592242733,296.937584732539,-4.67391763747611,54.6916650537793,31.5842790177378,40.1848840561578,69415.2404887715,4.58150705690555,16.416182790558025
143400,143.4,0.1434,16.3298017653371,-0.0243763720833652,-0.090218677792814,296.894160022844,-4.67292594468443,54.7176170590214,31.6314158179348,40.1801933961769,69543.7058652851,4.57304381754058,16.41899998948718
143500,143.5,0.1435,16.4468913606806,0.0118876867155114,0.0677058500355126,301.885696717198,-4.67289207634824,54.744122760587,31.5938828385411,40.1755027361961,69486.7219411408,4.57679403016722,16.42263270115826
143600,143.6,0.143600000000001,16.4297051720793,-0.0277189584816752,0.0560079428493473,302.236652107004,-4.67264769574504,54.7734603116872,31.5865829242665,40.1708120762152,69499.7809215111,4.57593405244346,16.429352959616534
143700,143.7,0.1437,16.3571575577215,-0.0286361762964767,-0.0949311078515808,298.44909116103,-4.67246551415012,54.722953562462,31.6395374150282,40.1661214162343,69543.9815726602,4.57302568769126,16.43146466288887
143800,143.8,0.143800000000001,16.5746538774489,0.127736776900302,0.0737714331264776,296.993602527023,-4.67322372486712,54.6800076808021,31.6127179667429,40.1614307562534,69422.3930169815,4.58103502825536,16.440091668561358
143900,143.9,0.1439,16.309182192474,-0.1795410308769,-0.0751830560410143,299.437851830859,-4.67337105229404,54.8036870342133,31.6128762055937,40.1567400962726,69571.6395104247,4.57120769891371,16.43820954182144
144000,144.0,0.144,16.6347339845001,0.138850627325246,0.103284301354245,294.594485547763,-4.67159193007464,54.7252767186712,31.5899509658758,40.1520494362917,69413.6106482281,4.58161463128299,16.447339296721694
144100,144.1,0.144100000000001,16.2721637650977,-0.111233645676926,-0.155367247438438,301.437142533854,-4.67185244937373,54.7864928913259,31.6415656477466,40.1473587763108,69596.6673773536,4.56956383316117,16.446703924266746
144200,144.2,0.144200000000001,16.6298215454594,0.120233282670865,0.161510895054231,298.043634565437,-4.67123789347773,54.7519206776994,31.5834998994437,40.1426681163299,69417.0011277001,4.58139085511715,16.45857757562265
144300,144.3,0.1443,16.2964771778004,-0.16565259384674,-0.10368937325369,300.277658660085,-4.6713142986289,54.8231130638044,31.6308958926957,40.1379774563491,69603.4345574411,4.56911955822593,16.45935356425577
144400,144.4,0.1444,16.6137701880087,0.164889817734132,0.0769462419474343,300.270753817555,-4.67119367061235,54.7064970056892,31.6203240065488,40.1332867963682,69424.0508767003,4.58092563225574,16.46958794017022
144500,144.5,0.1445,16.3448794464598,-0.0961346975695733,-0.0971756787857345,296.082316930863,-4.67079207756614,54.7924569731598,31.6439832034337,40.1285961363873,69577.0301406442,4.57085353475477,16.472178458330955
144600,144.6,0.144600000000001,16.5667140514797,0.0179184114284266,0.121973082500761,296.338151127449,-4.67058949358156,54.7949167203709,31.5948721540473,40.1239054764064,69464.0454561681,4.57828812110832,16.478974979154938
144700,144.7,0.1447,16.4496549272071,-0.0521889588437354,-0.0416966255078804,299.37844127952,-4.67026663617118,54.7979706471619,31.6312385339136,40.1192148164256,69539.7455698529,4.5733042528412,16.482540179147605
144800,144.8,0.1448,16.4833104935818,0.0668233147944865,-0.0516292737674785,301.116614447737,-4.66960299786797,54.7470863343441,31.6549784083527,40.1145241564447,69519.1858391079,4.5746567701775,16.485132393071645
144900,144.9,0.1449,16.5169348831356,0.0127568015895603,0.0428070567858362,297.944411781999,-4.66872699179127,54.7997752654877,31.6235753426328,40.1098334964638,69508.9304603342,4.57533171708902,16.49312888528644
145000,145.0,0.145,16.4474793269283,-0.109830075481774,0.0124903996731142,296.790739960315,-4.6693338164722,54.85258624251,31.6149264284764,40.1051428364829,69548.7536903672,4.57271190756292,16.492751024418855
145100,145.1,0.145100000000001,16.6058418807298,0.0928406652267815,0.0672261655173592,297.92136915907,-4.67021102140697,54.7572397206348,31.6306850462872,40.1004521765021,69454.3442184313,4.57892760683078,16.50594959049299
145200,145.2,0.1452,16.3920217359078,-0.0360793955741222,-0.133540899189044,295.528881920394,-4.66964752877057,54.7828727813944,31.6737933888264,40.0957615165212,69573.4193506723,4.571090757422,16.500575212939623
145300,145.3,0.1453,16.6272182747929,0.0441584213494288,0.197336709100532,301.544619808157,-4.66936507583551,54.7925521120433,31.6132253712416,40.0910708565403,69444.5220850359,4.57957524377048,16.517736702482274
145400,145.4,0.145400000000001,16.3579665650818,-0.0967103955613053,-0.123076352479775,303.485529294048,-4.66894831183704,54.8450503117129,31.6606300610821,40.0863801965594,69607.1470092767,4.56887586721115,16.509358982532934
145500,145.5,0.1455,16.6297297197939,0.140989128123391,0.0383614640504193,305.421630165481,-4.66894617616791,54.770902774613,31.6416913277861,40.0816895365786,69463.3315347156,4.57833517525952,16.526559330242346
145600,145.6,0.1456,16.4086223634059,-0.119752328911807,-0.0214401558443626,301.481953271526,-4.66855997705748,54.8388648809948,31.6584843664395,40.0769988765977,69578.2927916556,4.57077058657356,16.519999996651
145700,145.7,0.1457,16.5869622494702,0.0305810054533151,0.109063325378403,298.718435085298,-4.66840358006785,54.8025602668238,31.6398195154659,40.0723082166168,69483.1029675304,4.57703240894001,16.534059088472592
145800,145.8,0.1458,16.4747064770698,-0.0051035302154891,-0.117397095084078,300.528139593698,-4.66853311397867,54.8200118407343,31.6683055081203,40.0676175566359,69559.6632418507,4.57199473566114,16.529334679167697
145900,145.9,0.145900000000001,16.5800724538922,0.0400156538387998,-0.0002969213801918,298.177454650689,-4.66806167855684,54.8210377193831,31.6473364279152,40.0629268966551,69506.7673403197,4.57547410598135,16.539362180854223
146000,146.0,0.146,16.5359771584267,-0.0465279432867618,0.0675958134106463,302.081218657374,-4.66794648364676,54.8527035318612,31.6406376939946,40.0582362366742,69524.0540879621,4.57433644122269,16.539832633570363
146100,146.1,0.1461,16.490430621846,-0.055777799612093,-0.023198271562927,303.893765115402,-4.66737427516932,54.8499055098477,31.6628586763955,40.0535455766933,69561.1851232922,4.57189470812528,16.54465401093613
146200,146.2,0.1462,16.6460666196649,0.130612310013645,0.0204600912522074,299.547579424668,-4.66662741075139,54.8029615620051,31.6595194313316,40.0488549167124,69486.1820699259,4.576829589458,16.549138867670514
146300,146.3,0.1463,16.4175337606596,-0.119870179561274,-0.0847846650173303,300.8230837847,-4.66753655887829,54.8738483248484,31.673314052693,40.0441642567316,69598.224346903,4.56946160825803,16.546844744973367
146400,146.4,0.146400000000001,16.7340418574178,0.0942799047911692,0.13494193792755,295.919201413566,-4.66734267393711,54.8028114354714,31.6445671639862,40.0394735967507,69436.9054452561,4.58007758434503,16.556169423993644
146500,146.5,0.1465,16.4411292811104,-0.113654172913758,-0.119173898186362,293.598134201925,-4.666531004222,54.8768220855293,31.682225083612,40.0347829367698,69605.2674710681,4.5689992397241,16.55130125635191
146600,146.6,0.1466,16.7539165186443,0.131601113658107,0.116239599385298,300.582482980339,-4.66662056910489,54.8385734105537,31.6357695831968,40.0300922767889,69446.6248090344,4.57943658213221,16.564211462176697
146700,146.7,0.146700000000001,16.3873474899376,-0.167338492883594,-0.124086361698878,298.305363957307,-4.66598048620108,54.9028511920572,31.6879691588696,40.0254016168081,69634.5869254993,4.56707547495547,16.555474314553422
146800,146.8,0.146800000000001,16.6952281483604,0.0688776150137083,0.138087847064184,303.87799407073,-4.66622898396364,54.8165235540509,31.6658224753513,40.0207109568272,69468.3624353972,4.57800361210263,16.56846239409411
146900,146.9,0.146900000000001,16.4722106763473,-0.0383125692226018,-0.124207455208295,301.723314189446,-4.66581871493038,54.8744062057603,31.6940159310048,40.0160202968463,69595.474524542,4.56964215459088,16.55864843639396
147000,147.0,0.147,16.5918433659984,0.0655508060867514,0.0578461475101768,297.271312183821,-4.66555733798847,54.8656490444322,31.664948683704,40.0113296368654,69512.4016412257,4.57510324269232,16.568802513052265
147100,147.1,0.1471,16.516892097215,-0.0666347858708955,0.0095250585612723,294.574607212915,-4.66551837890129,54.8781222173058,31.6856410715502,40.0066389768846,69565.4835052149,4.57161221530592,16.563008538248475
147200,147.2,0.147200000000001,16.5993714125401,0.0105444863570266,-0.0152400334857728,297.318128151286,-4.66570685064855,54.8646284815092,31.6840177145493,40.0019483169037,69536.6612497606,4.5735071031642,16.570263363674716
147300,147.3,0.147300000000001,16.6561982099076,0.0914552285397642,0.0003248163265144,299.9272718112,-4.66478795988858,54.8599543439601,31.6807468307593,39.9972576569228,69515.4067845926,4.57490546148383,16.570080205733305
147400,147.4,0.1474,16.5193422360153,-0.0914025595854246,-0.0411972384999418,302.990523623955,-4.66430585322467,54.9024197167914,31.6970334148634,39.9925669969419,69596.8180550723,4.56955394001558,16.571831159338004
147500,147.5,0.1475,16.6987893827151,0.073812936408535,0.10233192505689,300.488882988933,-4.66403183961942,54.8616597229632,31.6786916763218,39.9878763369611,69496.7538617278,4.57613336572316,16.575866857656536
147600,147.6,0.1476,16.4389946777549,-0.117135794537419,-0.108591917232553,299.97303164162,-4.66447636480551,54.9283743128112,31.7025307907279,39.9831856769802,69625.4591853766,4.56767420821402,16.57476072151276
147700,147.7,0.147700000000001,16.7412661188165,0.136968494387384,0.133944987732972,296.293278802093,-4.66433157891694,54.8634248437108,31.6684603539754,39.9784950169993,69460.244160006,4.57853867348219,16.58519995499421
147800,147.8,0.1478,16.3833732842784,-0.11035550004918,-0.130104126625005,298.064977471097,-4.66400401204628,54.9185227931203,31.7255357384365,39.9738043570184,69647.141121921,4.56625223997896,16.578349566266777
147900,147.9,0.1479,16.7241553262436,0.0810491557853134,0.144747331286196,305.643916989969,-4.66286080074664,54.8859717756469,31.6779315881953,39.9691136970376,69493.2611486814,4.57636336098377,16.589174082213095
148000,148.0,0.148000000000001,16.4053126365584,-0.125191473550741,-0.113253564620287,302.727565052467,-4.66265416089794,54.9777060808056,31.703346111017,39.9644230370567,69657.0799339513,4.56560071794073,16.578434676558977
148100,148.1,0.148100000000001,16.7008383585832,0.134748115451591,0.0796260185007563,302.23802793387,-4.66350155178932,54.8751214290421,31.6905203938988,39.9597323770758,69490.8199424722,4.57652412821406,16.58825971078056
148200,148.2,0.1482,16.4450086990072,-0.0773308882492644,-0.134716490154414,296.409836104392,-4.66312013764536,54.9156726942912,31.7367727020622,39.9550417170949,69635.4935096702,4.56701601622079,16.58153313136812
148300,148.3,0.1483,16.7203357178331,0.0648836795976815,0.148670438308662,297.039073325404,-4.66293157665033,54.9213184118452,31.6711399543403,39.9503510571141,69490.4700738753,4.57654716996458,16.588522003243
148400,148.4,0.1484,16.5102118682153,-0.0575639541978962,-0.0776564715304819,300.547409275929,-4.66245716411029,54.9590172188299,31.7102501369844,39.9456603971332,69615.8662180666,4.56830362722067,16.584899971607037
148500,148.5,0.148500000000001,16.6024004065221,0.101180151902092,-0.0221614741322865,301.628203613723,-4.66140266456634,54.8835724692656,31.7328842325984,39.9409697371523,69561.7541223096,4.57185731108679,16.5893297229744
148600,148.6,0.148600000000001,16.5552311177432,-0.0516377320550843,0.0480168878254143,305.034988457135,-4.66151433030999,54.9382602285836,31.717014658503,39.9362790771714,69588.0719183081,4.57012826177229,16.589151825858927
148700,148.7,0.1487,16.5348846652652,-0.073475524192596,0.0226447509423777,298.414729303129,-4.66123072932528,54.975723525184,31.7077200033754,39.9315884171906,69606.9419585114,4.56888932637868,16.589954455318193
148800,148.8,0.1488,16.6800001982487,0.117183601023961,-0.0027098936877205,297.55602229743,-4.6611827667246,54.8953413961829,31.7279397917365,39.9268977572097,69541.3201143573,4.57320070474826,16.595352615810302
148900,148.9,0.1489,16.5003586075715,-0.0396318173994894,-0.140255649983316,303.221460120986,-4.6617131333419,54.9394523524701,31.7488555367134,39.9222070972288,69634.8980231736,4.5670550712987,16.594808030606515
149000,149.0,0.149000000000001,16.7108761650079,0.040521355530127,0.173171520253912,303.887443003311,-4.66174675014343,54.9546913275631,31.6876830597157,39.9175164372479,69511.8378664822,4.5751403490002,16.603345324176665
149100,149.1,0.149100000000001,16.4249880726875,-0.109032698991843,-0.121851996405845,297.941366816627,-4.66113699240683,54.9822058789731,31.7447821013365,39.9128257772671,69663.7720764962,4.56516213056745,16.601025261549655
149200,149.2,0.1492,16.7922594376297,0.184378061524901,0.0809751215945429,302.23437307127,-4.66155365659032,54.8698185504994,31.7296947760135,39.9081351172862,69480.1668017074,4.57722582998012,16.609891239974107
149300,149.3,0.149300000000001,16.4042485250288,-0.173672343718566,-0.134972967130178,298.649891785177,-4.66041807028296,54.9870191688343,31.7638522352806,39.9034444573053,69695.3382019075,4.56309449614521,16.60624061849846
149400,149.4,0.1494,16.8423649966741,0.124747035715006,0.201329488226118,302.396515775373,-4.65979458472308,54.9370343806166,31.6974638220273,39.8987537973244,69478.2798314875,4.57735014349007,16.61565478567603
149500,149.5,0.149500000000001,16.4846176970765,-0.105465720584517,-0.166006189338677,299.043798720236,-4.65923340386764,55.0012550050353,31.7574363442933,39.8940631373436,69682.9143904758,4.56390805318513,16.611700866250093
149600,149.6,0.1496,16.7542564563586,0.143747274535105,0.104858473070155,296.388120369974,-4.65979613090086,54.919550515892,31.7305431422921,39.8893724773627,69512.3041536264,4.57510965905036,16.614258395858595
149700,149.7,0.1497,16.5291188040818,-0.130084720171658,-0.0045930842141686,296.512737503236,-4.66019375313378,55.0121714140667,31.7363124371673,39.8846818173818,69634.0062861005,4.56711355726754,16.61023398259768
149800,149.8,0.149800000000001,16.6603142792371,0.0512793730859104,0.0355019404367962,299.07992945333,-4.65997798723326,54.9672403266311,31.7333079264488,39.8799911574009,69562.3640184276,4.57181722679602,16.61482913208147
149900,149.9,0.149900000000001,16.6243348223546,0.05181519746422,-0.0531775712398013,300.069889416282,-4.6593195212299,54.9506008645106,31.7611121367349,39.87530049742,69594.0507728446,4.56973564010727,16.61184274898918
150000,150.0,0.15,16.5734509835673,-0.0337943030776323,-0.0213696869116039,302.39151204906,-4.65888129868284,54.9844795201653,31.7577744760213,39.8706098374392,69621.448889082,4.56793731286416,16.61436394539552
150100,150.1,0.1501,16.6717187783723,0.0113738729619553,0.148845438434855,303.391051941473,-4.6586198876774,55.0015314090626,31.7252385236716,39.8659191774583,69563.5055763515,4.57174220190849,16.616262929034217
150200,150.2,0.1502,16.4250793184924,-0.154901820663985,-0.110639905864413,300.802968195966,-4.6591333156445,55.0300248318663,31.7727101442853,39.8612285174774,69695.4857097818,4.56308483852732,16.614972851885653
150300,150.3,0.150300000000001,16.7904633512362,0.212662380326499,0.0824122464616135,298.908047555669,-4.65936837908606,54.908711868707,31.7567966562809,39.8565378574965,69498.8334035319,4.57599643881132,16.613883202575394
150400,150.4,0.150400000000001,16.4190772754007,-0.186130728209663,-0.127200553736627,295.596514853595,-4.65833868706011,55.0380935704804,31.7817835901113,39.8518471975157,69709.2009800229,4.56218705257061,16.612581081372173
150500,150.5,0.1505,16.8791899882636,0.123379039245263,0.234159902693392,298.224743109458,-4.65743162252065,54.9565975977152,31.7298078319173,39.8471565375348,69483.9685701358,4.57697539015914,16.615664096074624
150600,150.6,0.150600000000001,16.4530140631601,-0.0747340681822739,-0.203743852673118,301.584200774356,-4.65754746002408,55.0058851864773,31.8063987718812,39.8424658775539,69705.9526518531,4.56239965250153,16.61164105604875
150700,150.7,0.1507,16.788514026775,0.101514974010648,0.126558584033263,302.181939197231,-4.65758533586128,54.9803230866467,31.7461440599081,39.8377752175731,69533.3810008698,4.57372285912754,16.615457644347128
150800,150.8,0.150800000000001,16.49537415446,-0.133061679434762,-0.0817561168366672,299.94315833334,-4.65748472685847,55.0622307802741,31.7706636951552,39.8330845575922,69682.5488550368,4.56393199418846,16.607899242670477
150900,150.9,0.1509,16.7377646692005,0.11617492898274,0.0838136641696517,292.659087824128,-4.65748803951468,54.9796030743163,31.7586520412739,39.8283938976113,69543.4856818231,4.57305829637508,16.614681533249072
151000,151.0,0.151,16.5703180696543,-0.0189674914016319,-0.103290374065264,295.850160452891,-4.65755812906266,55.0094760927443,31.7930292739435,39.8237032376304,69648.3867898793,4.56617057212753,16.606786365378884
151100,151.1,0.151100000000001,16.6828792465424,0.011714497647159,0.030629862960366,298.702724066898,-4.65643768660695,55.0315407947837,31.7627722086809,39.8190125776495,69601.8140401394,4.5692259396098,16.613334593180642
151200,151.2,0.1512,16.5974818453939,-0.0274526952222579,0.0328059756588961,302.286719954487,-4.65629090725558,55.0361453739886,31.7737228659012,39.8143219176687,69623.4333663757,4.56780711290937,16.60423357832126
151300,151.3,0.1513,16.5918736947113,0.0479516422553686,-0.0575466632266731,299.00942067296,-4.65578001046744,55.0030652890973,31.8040138434315,39.8096312576878,69639.7144802901,4.56673920232847,16.607383501295722
151400,151.4,0.1514,16.5474116115898,0.0060699083452552,-0.0013070973478955,299.59729265473,-4.65611683701338,55.0308922237332,31.7914735115474,39.8049405977069,69639.2671080849,4.56676853968759,16.60215417339583
151500,151.5,0.1515,16.5418262063821,-0.0225360614382591,-0.0189012213863851,300.385928374532,-4.65640835869255,55.0556847065627,31.7861889340454,39.8002499377261,69650.8511534652,4.56600901337701,16.60204225858831
151600,151.6,0.151600000000001,16.6122814001865,0.0267810781955606,0.0428135528545573,300.214151657984,-4.65611663234705,55.0360703458775,31.7839572312816,39.7955592777452,69612.9434247916,4.568495433607,16.600162195426552
151700,151.7,0.151700000000001,16.5425361983684,-0.0396270066263836,-0.0453960272442293,305.157029302191,-4.65547520087639,55.0544906958256,31.8030365611086,39.7908686177643,69669.8310850337,4.5647651099935,16.59505008638387
151800,151.8,0.1518,16.590459874689,0.0594916610491356,0.0628041148318503,298.134287805649,-4.65391674624972,55.0543623027722,31.7860320453631,39.7861779577834,69624.2090136515,4.56775622533458,16.597275673393874
151900,151.9,0.151900000000001,16.4278895802065,-0.0332912801254974,-0.108712976389164,303.18908550659,-4.65447251025525,55.0790434045233,31.8149522086032,39.7814872978025,69710.5774221935,4.56209697174096,16.586264830603362
152000,152.0,0.152,16.6454190421369,0.0473256022155059,0.0774498791924587,301.288985087662,-4.65522671269712,55.0246221677628,31.8005727463214,39.7767966378217,69602.0155237842,4.56921271263226,16.592936091125853
152100,152.1,0.152100000000001,16.5309240450821,-0.0975075106384264,-0.0468146766482476,296.091921610833,-4.65497686866602,55.0647181732033,31.8188309334272,39.7721059778408,69684.5063508268,4.56380378953964,16.58202539388687
152200,152.2,0.152200000000001,16.672831955735,0.124555016485835,0.0499924133638017,299.991454082064,-4.65474697746806,55.0548217932809,31.7865221618612,39.7674153178599,69593.0290228375,4.56980273199116,16.586717697907012
152300,152.3,0.1523,16.4488099680824,-0.111528893457744,-0.0847787298553167,299.118425633167,-4.65367975996193,55.1274275157952,31.8095837458756,39.762724657879,69727.1394719796,4.56101335239637,16.574066145573983
152400,152.4,0.152400000000001,16.7723778079144,0.117563089201931,0.116772876353489,296.428586517695,-4.65278702205136,55.0435747354331,31.7924652929962,39.7580339978982,69575.4041031521,4.57096035956325,16.575816690815763
152500,152.5,0.1525,16.4503738636019,-0.107704372200899,-0.106710523778941,297.267496641541,-4.6527589950537,55.0991850496638,31.8385165732542,39.7533433379173,69738.3487144928,4.56028024778871,16.56931995061135
152600,152.6,0.152600000000001,16.6444705731268,0.0989902503307488,0.099854371209656,299.858346945937,-4.65316268216483,55.0612746274725,31.8043029249847,39.7486526779364,69607.26253229,4.56886828452094,16.566858967596357
152700,152.7,0.1527,16.4819053395617,-0.0859514548935333,-0.129011115495426,293.652734699452,-4.65344724246903,55.1101675085528,31.8317036571386,39.7439620179555,69720.8660617989,4.56142374757955,16.5610642088742
152800,152.8,0.1528,16.7840877511368,0.102212581356842,0.136749539317139,290.017296839511,-4.65307403423395,55.05923649455,31.7946876678688,39.7392713579747,69567.2198295143,4.57149811269557,16.550897141193765
152900,152.9,0.152900000000001,16.4291626354601,-0.0879899472132044,-0.0925900957245897,298.573960871699,-4.65298435688254,55.1300001539648,31.8329588031716,39.7345806979938,69732.2430730295,4.56067953848894,16.548916508110608
153000,153.0,0.153000000000001,16.5968544336929,0.120271343145049,0.0048870884626,296.064039233862,-4.65163562541893,55.0937337034955,31.8184075743232,39.7298900380129,69646.2935720444,4.56630780828452,16.535951825028036
153100,153.1,0.1531,16.5046273734943,-0.0233000497394699,0.0325586876492101,297.247104783688,-4.6513758180055,55.1388835264492,31.8184029893752,39.725199378032,69695.1298676767,4.56310813624866,16.53924069481752
153200,153.2,0.1532,16.508920978669,-0.0418636478320396,-0.0304077191340411,300.442606166454,-4.65154642548776,55.1103988882051,31.8462186444386,39.7205087180512,69711.789145109,4.56201767385589,16.527739774482928
153300,153.3,0.1533,16.6302976913772,0.087617204951091,0.0350547522475633,292.498057317003,-4.6508895177192,55.0739062491747,31.8417565775875,39.7158180580703,69647.6410237701,4.56621946531632,16.524658245623076
153400,153.4,0.153400000000001,16.401865867209,-0.0546548442414501,-0.103312214019977,295.63919615314,-4.65207957581258,55.1594428449559,31.8398101518631,39.7111273980894,69743.3103471855,4.55995582333205,16.510910587870583
153500,153.5,0.1535,16.684986012287,0.0597225525283035,0.189707178941625,294.214196677423,-4.65158936161219,55.1343598428203,31.7940298383853,39.7064367381085,69603.1394720396,4.56913892919812,16.50327502881642
153600,153.6,0.1536,16.2570676815536,-0.22833848098181,-0.132803865753365,304.007010020353,-4.65128044409196,55.1894742584397,31.8666007835674,39.7017460781277,69823.498292103,4.55471899768837,16.489413280139267
153700,153.7,0.1537,16.7194393758102,0.199393803231313,0.136821283398961,304.614166315233,-4.65086781710149,55.0605567529338,31.8338531618991,39.6970554181468,69580.5890111264,4.57061974720059,16.481530374866757
153800,153.8,0.1538,16.2556656116399,-0.126449787176806,-0.19699393180925,295.490254105018,-4.6497904308639,55.1981855344469,31.8745375830821,39.6923647581659,69835.4070100976,4.55394230193459,16.46753230240103
153900,153.9,0.153900000000001,16.6651230020312,0.0659510190580537,0.246996473609874,301.671679449103,-4.65065639236808,55.1777641438218,31.785851146874,39.687674098185,69607.108191901,4.56887841510856,16.457057499355393
154000,154.0,0.154,16.2930950233727,-0.168776965269563,-0.0901592653975048,296.266042061179,-4.65023477059736,55.1828094591886,31.878033971978,39.6829834382042,69807.1089767394,4.55578835476589,16.447194525809127
154100,154.1,0.1541,16.5364626985561,0.223070434950318,-0.0010117549533075,297.216328182535,-4.6500291987296,55.0557622006177,31.8854448134407,39.6782927782233,69654.3489134885,4.56577972684943,16.43638685404589
154200,154.2,0.154200000000001,16.3306449962622,-0.109730816456919,-0.0050837358982085,300.435981196289,-4.64908379866387,55.2381135891011,31.8415336509609,39.6736021182424,69780.5598873544,4.55752167465391,16.430335304994358
154300,154.3,0.1543,16.4169923448638,-0.0527145946206353,0.0998762390353715,297.922047135296,-4.64807363989128,55.2415163474284,31.8227761156961,39.6689114582615,69735.5030169862,4.56046633919938,16.421600899561394
154400,154.4,0.154400000000001,16.4582236951749,0.103099129395251,-0.0335039196182604,304.166990400025,-4.64905294024412,55.1178540857661,31.8886584941315,39.6642207982807,69715.1999503814,4.5617944778535,16.41816680542163
154500,154.5,0.1545,16.2683304097222,-0.0538501872828193,-0.15572066823248,300.760671266083,-4.64918456831288,55.1860975425779,31.8958198981887,39.6595301382998,69808.9360892198,4.5556691159087,16.40647163960859
154600,154.6,0.1546,16.4925776294377,0.0198242850556398,0.1708025152819,300.311710633687,-4.64898098530571,55.2343312535569,31.8145598308628,39.6548394783189,69683.7020796297,4.56385646377806,16.40362931595916
154700,154.7,0.154700000000001,16.2054171746313,-0.124775488324863,-0.082920714689487,295.235714010273,-4.64797337163934,55.2297348442604,31.8872007260564,39.650148818338,69828.7351538688,4.55437741289923,16.3913331014425
154800,154.8,0.154800000000001,16.5539422064265,0.181805712579937,0.0549952947786655,301.757555151356,-4.64818119038119,55.1053293361594,31.8925148784326,39.6454581583572,69674.8127434658,4.564438735229,16.38633707703477
154900,154.9,0.1549,16.1708142902135,-0.136209361989579,-0.0656607385317983,301.324992994289,-4.64767591512225,55.2494563446483,31.8906801534287,39.6407674983763,69844.762538975,4.55333231290802,16.376468715619772
155000,155.0,0.155,16.3840915701474,0.0584025978964225,0.15592726821138,303.099165076179,-4.64730822279558,55.233786831545,31.8460657722579,39.6360768383954,69719.0192024224,4.56154457986197,16.37654737712253
155100,155.1,0.1551,16.1585943242097,-0.103848934744669,-0.0577810079201638,305.459385854523,-4.64709456749477,55.2377129357589,31.9068526401415,39.6313861784145,69848.7949792449,4.55306944451371,16.36760453386417
155200,155.2,0.155200000000001,16.3348529332978,0.0467579796448863,0.0107250259018892,302.374559251027,-4.64696825983616,55.1849703325582,31.9025412032919,39.6266955184337,69764.4138266488,4.55857645340986,16.36251361743678
155300,155.3,0.1553,16.1927959084511,0.0285378311949827,-0.0760272127368459,296.06809395674,-4.64679173854549,55.2399432444552,31.895627114606,39.6220048584528,69810.5108477263,4.55556635088655,16.35847843374615
155400,155.4,0.1554,16.2416869101397,0.0023331372306745,0.0695698629753579,295.267684347765,-4.64700748250619,55.2708930097659,31.8649456658085,39.6173141984719,69774.1723408649,4.55793889754021,16.366194985552806
155500,155.5,0.155500000000001,16.2082374333197,0.0358376211470207,0.007093913364988,300.486754064196,-4.64700412451701,55.2335228457912,31.9004760100872,39.612623538491,69796.4789192894,4.55648220483814,16.362315265618324
155600,155.6,0.1556,16.0780508561156,0.0180696060708916,-0.0118677085571064,306.668205224211,-4.64615788084721,55.2583341350799,31.9089179892238,39.6079328785102,69838.0401429882,4.55377060273982,16.361733198348013
155700,155.7,0.155700000000001,16.1131670552047,0.0118978937432704,-0.0009653942574324,303.38402479545,-4.6455226207149,55.3052893742093,31.8846633310551,39.6032422185293,69835.9823695381,4.55390478325717,16.354585175535036
155800,155.8,0.1558,16.1219008378786,-0.0182674764538894,0.036301830639649,299.68639596954,-4.64555475549015,55.2914653187453,31.8938647984596,39.5985515585484,69830.4031012197,4.55426862845287,16.344152050351994
155900,155.9,0.1559,16.1624958201074,0.036190618477384,-0.0292130259854815,300.181743889744,-4.64616665001555,55.2276436439731,31.9299512217484,39.5938608985675,69820.4465292159,4.55491807866091,16.333337574281703
156000,156.0,0.156000000000001,16.1729308111235,0.0198974437116067,-0.0473989756136823,295.990425962728,-4.6454643417358,55.2576924321809,31.9198011290262,39.5891702385867,69827.9546192613,4.55442832158195,16.31258590996826
156100,156.1,0.1561,16.2074857197442,0.0103948052331109,0.0372788030984302,299.023065443466,-4.64535594579126,55.3102746833148,31.881812408261,39.5844795786058,69802.9467635866,4.55606000751252,16.288382884948206
156200,156.2,0.1562,16.0988366039201,0.0042497066310161,-0.0427595956473978,301.197155416253,-4.64528789425051,55.295747318833,31.9171867719289,39.5797889186249,69853.7636886102,4.5527455839571,16.239782755257355
156300,156.3,0.1563,16.2091481604709,0.0400033307381897,0.0544672705172942,304.300004559582,-4.64540224257239,55.2480281650205,31.9240132173297,39.575098258644,69800.1355753589,4.55624350203087,16.189033593180486
156400,156.4,0.1564,16.0634116947866,-0.0525888189202796,-0.0026097759710486,303.529478268149,-4.6453272847725,55.3244125035749,31.9151495394072,39.5704075986632,69868.9502546376,4.55175600888599,16.112079243689653
156500,156.5,0.156500000000001,15.9513732959106,0.0192374466018509,-0.0283092772607622,297.275241239135,-4.64511506571684,55.3447031769946,31.9091894010267,39.5657169386823,69873.2387497873,4.55147664322446,16.02119307256666
156600,156.6,0.1566,15.9162094110569,0.0414283301197515,-0.0031629784211248,293.175242955916,-4.6447245898673,55.3108241539149,31.9331183532399,39.5610262787014,69874.5476973364,4.55139138121714,15.899353163540832
156700,156.7,0.1567,15.7560401290891,-0.0585744333417175,0.0276611793053428,297.750703109338,-4.64414603216451,55.3488368187304,31.9433872149776,39.5563356187205,69936.7614187917,4.54734259500112,15.7605319642418
156800,156.8,0.156800000000001,15.6923691822205,0.025060658347529,0.0553847874465191,302.673788646991,-4.64382000322298,55.3512432745211,31.9423244732551,39.5516449587397,69929.1819541883,4.5478354710977,15.589224732520732
156900,156.9,0.1569,15.4504804183411,-0.028928479970562,-0.0394858792407417,302.915954811031,-4.64377224036376,55.3865867925689,31.9666363935672,39.5469542987588,70018.7874629301,4.54201544584694,15.398355276211824
157000,157.0,0.157000000000001,15.4292067238528,-0.00641634702301,0.108899163030105,295.409250767335,-4.6433312711917,55.3854545524327,31.9594824987255,39.5422636387779,69993.3838494069,4.54366393887095,15.187088298368737
157100,157.1,0.1571,15.1965955980871,0.0058995992887709,-0.129791938089567,297.908021339593,-4.64423734334616,55.3723175003707,32.0127358995647,39.537572978797,70085.0679535459,4.53771999432031,14.945230728946605
157200,157.2,0.1572,15.2562798515169,-0.0115949226865406,0.0579041137712895,298.963984628682,-4.64442008214098,55.4026939180144,31.9754563351082,39.5328823188162,70033.5454953429,4.54105831579312,14.685330520678527
157300,157.3,0.157300000000001,14.9979422871099,-0.0282334323462175,0.0108993351063947,296.046095170841,-4.6437477751032,55.4448540598208,31.9973527239798,39.5281916588353,70126.5123064298,4.53503822871487,14.396589090820115
157400,157.4,0.157400000000001,14.7403007687547,-0.0319915564145969,0.052662209256238,298.262782556954,-4.64401867579813,55.4396223737009,32.0324890649269,39.5235009988544,70188.5640468701,4.53102892864047,14.099329124067191
157500,157.5,0.157500000000001,14.5027289950949,0.0647413469663825,-0.025538440883597,303.613577210744,-4.64550644343021,55.4672018675667,32.0386766301347,39.5188103388735,70228.7096695877,4.52843880590081,13.7711674850737
157600,157.6,0.1576,14.2296587438723,-0.0843911326580626,0.0422457765936426,306.321071625926,-4.64651405565152,55.5580391794269,32.0310896258758,39.5141196788927,70318.7161917283,4.52264249661476,13.431150774401633
157700,157.7,0.1577,13.9911583358623,0.0471942558320426,-0.0261958018533291,302.316792173977,-4.64689240642038,55.4837117422112,32.1025380511024,39.5094290189118,70372.9293795689,4.51915838888517,13.067843067223587
157800,157.8,0.157800000000001,13.4365661861538,-0.0214849958908089,-0.0194788588395189,310.116386108488,-4.64886731363894,55.52356205286,32.1491794921071,39.5047383589309,70517.4181637355,4.50989872342847,12.691997295944883
157900,157.9,0.157900000000001,12.9163399489624,-0.0635528325951822,0.143555744683881,323.733989474599,-4.65231593369808,55.5239376467631,32.1924214148623,39.50004769895,70604.360233305,4.50434524305888,12.295993380220962
158000,158.0,0.158,12.4586533397996,0.0800410637195553,-0.11178392534572,334.864419680299,-4.65663574207295,55.3270797249564,32.3701131113544,39.4953570389692,70733.9659558961,4.49609193911731,11.88628478584161
158100,158.1,0.1581,11.9353222054303,0.001059657770559,-0.015419100335601,340.666206695167,-4.66108079549392,55.2264627447041,32.4624838792238,39.4906663789883,70798.3989787746,4.4920000839489,11.46376959293263
158200,158.2,0.1582,11.428531754629,-0.134296587260133,0.0878577889727018,343.043387518171,-4.66598358060306,55.1575323114122,32.5386973537808,39.4859757190074,70867.6227632418,4.48761227985002,11.021394178426057
158300,158.3,0.158300000000001,10.8292975762053,-0.0381956475792871,0.0585823437431242,348.029257977704,-4.67195808021453,54.8697000577012,32.7403913991297,39.4812850590265,70926.3699479409,4.48389526193897,10.576336079291195
158400,158.4,0.1584,10.182813899917,-0.0627778193324426,0.114208914999166,348.752550583696,-4.67791459166307,54.5595739097595,32.9523956367884,39.4765943990457,70973.7320807881,4.48090307261987,10.122930522364886
158500,158.5,0.1585,9.41037546968102,-0.0189930661259814,0.0041136045788882,359.253137614141,-4.68589837828761,54.2558171701455,33.1871372792165,39.4719037390648,71072.9224845003,4.47464945915877,9.669678044671057
158600,158.6,0.1586,8.85934950303587,-0.0260174071292632,0.0430546354876926,352.57020637802,-4.69222627653482,54.0085408428418,33.3398483898953,39.4672130790839,71066.1069280578,4.47507859798834,9.214828229967571
158700,158.7,0.1587,8.23789664181746,-0.233919737126077,0.104073784340055,349.662973208615,-4.69945584272695,53.7984185326161,33.501032873771,39.462522419103,71123.4062777778,4.47147332783847,8.761088231014417
158800,158.8,0.1588,7.70519968103198,0.0725258162523581,0.148920487122308,354.563646454395,-4.7076951172505,53.4065946489471,33.7160787693834,39.4578317591222,71050.1768987802,4.47608194711705,8.307182776231675
158900,158.9,0.1589,7.01004565502837,-0.140860567642128,-0.0865027088840964,344.10760214913,-4.71388656278268,53.2264018609724,33.9119543360723,39.4531410991413,71213.3658746226,4.46582478233112,7.865347432825848
159000,159.0,0.159,6.74402986826637,0.0557208524774257,0.155270375631393,337.391089504257,-4.7199696212196,52.9955533993722,33.9888953606429,39.4484504391604,71056.9284248839,4.4756566489121,7.429400040887561
159100,159.1,0.159100000000001,6.28157152928252,-0.0034366576225687,-0.0754414293638195,316.242866844821,-4.72359274034802,52.8715656197104,34.1252102143726,39.4437597791795,71166.5333963472,4.4687636024776,7.001604751266908
159200,159.2,0.159200000000001,5.94758497107155,-0.0118463506906169,0.0603225956370475,312.96693851864,-4.72831725948578,52.7940224336814,34.1576541527034,39.4390691191987,71121.260531474,4.4716082333125,6.587691620102877
159300,159.3,0.1593,5.7194789809406,0.0512346079469361,-0.0560227353185243,308.047694411382,-4.73223002579896,52.6917083435155,34.2249221738971,39.4343784592178,71114.759989142,4.47201697938177,6.187786483854601
159400,159.4,0.1594,5.35784927851727,0.0069730673939521,0.0363287029226118,304.459495054952,-4.73536155105282,52.5895833059082,34.3083374029578,39.4296877992369,71141.4545601631,4.47033893420261,5.80412042896004
159500,159.5,0.1595,5.00702821705409,0.0062662113583349,-0.0224286794112068,293.350722768155,-4.736669271105,52.5176842092374,34.3977483457822,39.424997139256,71220.8664384475,4.4653544678645,5.432956390776133
159600,159.6,0.159600000000001,4.78787473558253,-0.0183159371930085,0.0141543920894976,297.934257854054,-4.73867052341415,52.4834419817584,34.4300989663255,39.4203064792752,71232.8920132751,4.46460062434128,5.082236614106868
159700,159.7,0.159700000000001,4.61051813239162,-0.0180008788771931,0.0157210942487801,301.102918313134,-4.73959437762155,52.4557697318422,34.4609401283645,39.4156158192943,71250.6288489126,4.46348922520361,4.750159172868401
159800,159.8,0.1598,4.3274642073684,-0.0050240105433535,0.0681469605235624,303.560060940446,-4.74040022940685,52.3953219574446,34.5239512411357,39.4109251593134,71290.1679466947,4.46101367574135,4.44317808676047
159900,159.9,0.1599,4.03234785675587,0.046400953287119,-0.0789568650617029,297.075041434393,-4.74088373372475,52.2881504387092,34.6268642851497,39.4062344993325,71347.9307718192,4.45740206780763,4.158690637003161
160000,160.0,0.16,3.80528663453785,-0.0410801606576854,0.0096342907406625,305.688404088883,-4.74365115455541,52.2600483943185,34.6528349978317,39.4015438393517,71354.5738886007,4.45698708330328,3.8961782392701045
160100,160.1,0.160100000000001,3.56174965869008,-0.0036072272352585,0.0209043089291814,297.930797267867,-4.74458114027008,52.2564151267852,34.6630500685608,39.3968531793708,71362.1492711589,4.45651395598638,3.663139719231706
160200,160.2,0.1602,3.31609150540977,0.020630610784986,-0.0421370551518866,298.994881566695,-4.74646496088075,52.216463017543,34.7127238864548,39.3921625193899,71401.2750977633,4.45407191567179,3.4530726189499936
160300,160.3,0.1603,3.16266278849578,-0.0051222567701385,-0.0371380287012014,301.844125340407,-4.74852364663658,52.1791757172531,34.7526913390361,39.387471859409,71423.9333342014,4.45265892411746,3.2718351832412305
160400,160.4,0.160400000000001,3.02492521012236,-0.0134437962063294,0.0287945493447759,303.590823762306,-4.75029428706517,52.1724961630605,34.7580338345721,39.3827811994282,71417.2626392049,4.45307482257827,3.1101179753499264
160500,160.5,0.160500000000001,2.92856828479389,-0.0299011024628109,0.0734361411881477,302.283817700385,-4.751424775132,52.1436529617968,34.7771058518787,39.3780905394473,71408.4396063766,4.45362503240729,2.970721774493233
160600,160.6,0.1606,2.80121545088155,-0.0311168339967014,-0.0974393460562832,306.014854753378,-4.75308078747704,52.0604817336951,34.8643116710923,39.3733998794664,71464.8020950086,4.45011257056731,2.8485540800153766
160700,160.7,0.1607,2.90009156659983,0.21197618063004,0.0133777311642367,296.037509653214,-4.75330223696854,52.0050755000233,34.8442090058851,39.3687092194855,71339.0821078991,4.45795494922535,2.745327226199266
160800,160.8,0.1608,2.66050902452397,-0.183460256073214,-0.0185220112269254,298.020111097511,-4.75500278237862,52.1629416347874,34.8102027800598,39.3640185595047,71477.2862985717,4.44933531510496,2.657761538506374
160900,160.9,0.160900000000001,2.67154595127062,0.0879755631297823,0.0275459458479258,302.886878832071,-4.75687771890016,52.0976054180562,34.8066691339893,39.3593278995238,71372.0055956795,4.45589852074094,2.5867503543991264
161000,161.0,0.161000000000001,2.52088921072298,-0.0726425870676192,-0.01261008383066,300.109003083265,-4.75788552448705,52.1386712732581,34.8282189518188,39.3546372395429,71463.9700198,4.45016438448619,2.5234748815655244
161100,161.1,0.1611,2.49138085195354,0.0375965674462107,-0.0079174553192395,298.376320564215,-4.75883875462611,52.1294175417083,34.813883763028,39.349946579562,71413.3645044712,4.45331789592676,2.46596572362879
161200,161.2,0.1612,2.50179537218604,0.0215266851309743,-0.0503869153168207,296.518101569171,-4.75934319446319,52.1405459326816,34.8113680900587,39.3452559195812,71414.9341429815,4.45322001584955,2.4169710005981755
161300,161.3,0.1613,2.51212580554306,-0.0098743183411609,0.0680510440996334,297.525950942034,-4.75995982888165,52.1540988996125,34.7841845293064,39.3405652596003,71369.2065141051,4.45607327991308,2.3740726515242216
161400,161.4,0.161400000000001,2.42376619597756,-0.0874730255684638,0.0253162215365156,301.177108402783,-4.76104423521824,52.1154404254866,34.8327772840704,39.3358745996194,71407.4173820531,4.45368878774255,2.335387569864554
161500,161.5,0.1615,2.3779091579654,0.125380127816291,-0.013504388088417,298.168968853113,-4.76137977854177,52.000260317436,34.891451416665,39.3311839396385,71361.1061060391,4.45657910183639,2.295671649046291
161600,161.6,0.1616,2.36288598019786,-0.0197339251295147,-0.0321213547856668,294.886733595275,-4.76173359698185,52.0685855141675,34.8752806431699,39.3264932796577,71413.2360468274,4.45332590652474,2.265942213084404
161700,161.7,0.161700000000001,2.31428742164678,-0.0497597008776551,0.093365898559841,300.898500576348,-4.76325969980328,52.0919112080636,34.8463904165076,39.3218026196768,71377.5289110031,4.45555371568878,2.2396393202577674
161800,161.8,0.1618,2.206353420682,0.048163964020365,-0.0787539738582847,303.715167549914,-4.76448962222787,52.0343401007318,34.9011386237905,39.3171119596959,71402.1445866465,4.45401767688053,2.2164734530242183
161900,161.9,0.1619,2.18916721930363,-0.0365466728528375,-0.0156729695073635,300.965451964327,-4.76485893942167,52.0442394674322,34.8970298843594,39.312421299715,71398.8020667752,4.45422619077937,2.2003574401769925
162000,162.0,0.162,2.19270501249176,0.0396240067277508,0.0095661016961339,305.065978484683,-4.76558953818856,52.0463787007886,34.8906230898783,39.3077306397342,71380.1101950969,4.45539259167392,2.1890163127290654
162100,162.1,0.1621,2.22758315855383,-0.0447492117623687,0.0322589089804147,296.222596835342,-4.76474609774769,52.0810324598472,34.8859711328445,39.3030399797533,71409.5909533392,4.45355322597926,2.1792898521954016
162200,162.2,0.162200000000001,2.18815411186231,-0.0072495644710563,-0.0057285976330283,305.919417499265,-4.76616582961071,52.0601209237498,34.8970834182318,39.2983493197724,71395.1339703933,4.45445503734168,2.172854992940639
162300,162.3,0.162300000000001,2.31373386006094,0.0302734809720878,-0.0269398845139247,299.985605867525,-4.76596079030305,52.0438038356831,34.89485739899,39.2936586597915,71359.6854931846,4.45666782242863,2.174495390561667
162400,162.4,0.1624,2.30027108310625,-0.0169806473966928,0.048890627549835,298.514692423929,-4.76620473248054,52.0908004881482,34.8588125092377,39.2889679998107,71341.8293289094,4.45778328293064,2.175626756503474
162500,162.5,0.1625,2.35616089655787,-0.0582131501701035,0.043797050137255,300.554872801914,-4.76680372391252,52.0951863652619,34.8573626536793,39.2842773398298,71336.3507920078,4.45812563476029,2.1792515812996793
162600,162.6,0.1626,2.21651402982915,0.11339621725642,-0.174448556962598,301.651915964792,-4.76728643743698,52.0231548820494,34.9269186618943,39.2795866798489,71371.3428384389,4.45593989839885,2.1849536112907075
162700,162.7,0.162700000000001,2.30046417880178,-0.0388666194942541,0.0824401821080188,296.954618929127,-4.76726970326746,52.0628190921354,34.8822095580594,39.274896019868,71325.809825236,4.45878448398045,2.1885067720425067
162800,162.8,0.1628,2.26698245262215,-0.0202271135664415,-0.0141470419107651,298.984682581437,-4.76794496050236,52.0633623832015,34.8895691786185,39.2702053598872,71333.0825243451,4.4583298926913,2.1917486999194047
162900,162.9,0.1629,2.23908011042354,0.0546803723642378,0.0099173885956145,301.912702657697,-4.76893950962191,52.0385186924212,34.9009245238116,39.2655146999063,71313.7298989578,4.45953976333456,2.192498002178484
163000,163.0,0.163000000000001,2.11676006794854,-0.0557545605774668,-0.0380752887247958,301.603991500082,-4.76977518131347,52.0970764337817,34.8879109625651,39.2608240399254,71358.8312603794,4.45672117296406,2.196594544061807
163100,163.1,0.1631,2.21422702943253,0.0153021552800306,0.112683153057639,297.491051789508,-4.77003973906668,52.1163990753249,34.8453319089625,39.2561333799445,71289.6573285111,4.46104562812807,2.2010451209894955
163200,163.2,0.163200000000001,2.17653505479326,-0.0208393880108127,-0.0658914510573869,295.399493858684,-4.77005132649888,52.0828050610494,34.8954433867643,39.2514427199636,71337.635660809,4.4580453390442,2.2050992698429113
163300,163.3,0.1633,2.24342730472581,0.110213379037473,0.0014533507867206,300.195644258666,-4.77049615413553,52.0609361349346,34.8863698330432,39.2467520599828,71280.6211063099,4.46161115349695,2.2143280508671994
163400,163.4,0.1634,2.14701179396205,-0.12970184801255,0.026919903031014,298.513060173133,-4.77037827622549,52.1568631342717,34.8521941136553,39.2420614000019,71333.4782566809,4.45830515948964,2.2215901501140607
163500,163.5,0.163500000000001,2.24716007351963,0.0557216770483051,0.0286876122350735,301.655093399239,-4.77117253511338,52.0557292763749,34.8922397675521,39.237370740021,71268.4447045149,4.46237343153295,2.230403823851582
163600,163.6,0.1636,2.2169908699453,0.0519559126488653,-0.127484386468425,300.760504856532,-4.77190346759343,51.990250955968,34.9528158749221,39.2326800800402,71293.8486497446,4.46078336601684,2.238804415632792
163700,163.7,0.1637,2.24020889807654,0.0464450757687527,-0.0119448096673412,298.075408214676,-4.77225684923642,52.0571972815659,34.8949082957683,39.2279894200593,71258.8637634944,4.46297340933783,2.250757096837814
163800,163.8,0.1638,2.21034399121787,-0.183997029908627,0.0858105655788413,296.67848295668,-4.77243614454032,52.1252797902826,34.8647575114073,39.2232987600784,71281.8830697577,4.46153216582223,2.2630709215774116
163900,163.9,0.1639,2.26920056387037,0.146000079228062,-0.143683773226505,296.657683855012,-4.7722915753075,51.985579813243,34.9469477229744,39.2186081000975,71249.9097614862,4.46353427282529,2.2785579992085174
164000,164.0,0.164000000000001,2.27072439243856,-0.0489784673879513,-0.0178688522359405,301.622310247703,-4.7725673107159,52.0612211546537,34.9047821822689,39.2139174401166,71258.9654857615,4.46296703843741,2.2921193911924815
164100,164.1,0.1641,2.2707265328243,-0.110733908847189,0.108878963896605,306.845990179968,-4.77321696693508,52.0982701335128,34.8714444100582,39.2092267801358,71233.0463665419,4.46459095009981,2.3023058053969354
164200,164.2,0.1642,2.25831806806132,0.132477688020488,-0.149167348080819,300.414756920942,-4.77359803795591,51.9518731920299,34.9753372428127,39.2045361201549,71235.9862690974,4.4644066968448,2.3147795462779306
164300,164.3,0.164300000000001,2.34435052839328,0.0509189866363599,0.00268377855909,299.859385974862,-4.77398791779857,51.9505930132987,34.956324739651,39.199845460174,71186.9899071783,4.46747944492079,2.325684138459157
164400,164.4,0.1644,2.38920243090009,-0.0604926092540121,0.0193106423158512,295.384913115901,-4.77326179870378,52.0233780400688,34.9214386448562,39.1951548001932,71207.060783837,4.46622021264905,2.3358328283182055
164500,164.5,0.164500000000001,2.3455663628916,0.0283180966736348,0.0248686733116698,297.18179231863,-4.77316440136897,52.0250878505188,34.9238576640711,39.1904641402123,71205.8112481523,4.46629858689174,2.345299840455258
164600,164.6,0.1646,2.37146065951399,-0.0142234772696138,-0.0351083031302402,306.044730932279,-4.77325065765402,52.0303740705794,34.9290150031823,39.1857734802314,71215.0380418731,4.46571992237243,2.3596322041597464
164700,164.7,0.1647,2.44657322335121,-0.0174665801587226,0.0735510125899298,303.205562950267,-4.77257805096862,52.0235534310952,34.9265790929358,39.1810828202505,71192.2137358537,4.46715163734175,2.3746591868111664
164800,164.8,0.164800000000001,2.38163502443165,0.0558780747400726,-0.0764756861436031,301.506648533809,-4.77360607625795,52.0071598912285,34.9472242298257,39.1763921602696,71203.3230409031,4.46645466214282,2.3872023899567303
164900,164.9,0.1649,2.47676361498036,-0.0481878802881359,0.0408864152338672,305.396019123017,-4.77473173398611,52.0703497822684,34.8898445528627,39.1717015002888,71164.2646291073,4.46890606983136,2.405051457158642
165000,165.0,0.165000000000001,2.41948383822108,-0.0268597107015986,0.0304228485787301,300.782053352058,-4.77448847532691,52.0823623198783,34.8887199713097,39.1670108403079,71169.8644416491,4.46855444577735,2.420943087784432
165100,165.1,0.1651,2.39794530232463,-0.0102028267733099,-0.0650856251026992,297.13744098141,-4.77467727877364,52.073105229125,34.9105706227056,39.162320180327,71193.25303901,4.46708642435318,2.4390378515761824
165200,165.2,0.1652,2.47307397029528,0.0457207493752184,0.0699625783573199,293.385432433577,-4.77478890108928,52.0922753562852,34.8718479973382,39.1576295203461,71131.9449355451,4.47093657349418,2.4549194238402996
165300,165.3,0.165300000000001,2.44937391855557,-0.103886064260674,-0.0040698514619296,297.715917559667,-4.77532927785379,52.1188639738943,34.8822294648132,39.1529388603653,71180.9109699216,4.46786097315457,2.4720384938933435
165400,165.4,0.165400000000001,2.56875844609792,0.123170888281705,0.0217307030652482,300.435919590399,-4.77449895140521,52.0179536673914,34.9188012464274,39.1482482003844,71109.0575398921,4.47237560387705,2.487807101017186
165500,165.5,0.1655,2.48566642926439,-0.0181653470813134,-0.0831305250659916,302.596358622023,-4.77407917425634,52.0598569531752,34.9277324229228,39.1435575404035,71176.0127695566,4.4681684430085,2.500718305198943
165600,165.6,0.1656,2.52199936526687,-0.0863581522358417,0.100997542115384,303.182518782473,-4.77474526200154,52.1174220846513,34.8765730091676,39.1388668804226,71141.8211242261,4.47031590041493,2.512695792165986
165700,165.7,0.1657,2.53923079017958,0.0425135109572227,-0.0165835245927494,298.248714224105,-4.77498174802211,52.0415085441463,34.9262078099054,39.1341762204418,71130.7695251328,4.47101045411485,2.524190480522532
165800,165.8,0.165800000000001,2.6009484187237,0.0737590980420947,-0.0792884397928457,295.113870922453,-4.77479129336288,51.9963411984702,34.9571544059195,39.1294855604609,71123.479653503,4.47146871476836,2.538832316276932
165900,165.9,0.1659,2.55628030446661,-0.0218082189574744,0.0016723360747278,297.497191931652,-4.77509677431328,52.0911338258139,34.9061311228183,39.12479490048,71140.6125197562,4.47039184639835,2.5496089487520783
166000,166.0,0.166,2.62374427672392,-0.119256461072679,0.0377993189862551,298.701226752234,-4.77534651765623,52.1669703767689,34.8514795054524,39.1201042404991,71124.1089100712,4.47142915432815,2.5636633590033275
166100,166.1,0.1661,2.58563828773179,-0.0040128114338092,0.107038407301599,292.047127111529,-4.77508909365031,52.064799503066,34.9115870590629,39.1154135805183,71098.7096425007,4.47302652544901,2.574860441483256
166200,166.2,0.1662,2.50460967651243,0.129669140334827,-0.246197371369775,293.980217680228,-4.77570334696507,51.9473248504694,35.0205922334914,39.1107229205374,71151.2471919805,4.46972367607279,2.5901998350891375
166300,166.3,0.166300000000001,2.56787315230241,0.0083641050666278,0.0966086744936988,300.138740083366,-4.77626951813926,52.0550469440848,34.9222222223514,39.1060322605565,71089.9924748482,4.47357501505745,2.603944061794842
166400,166.4,0.1664,2.54087724617618,-0.0786536951649738,0.106430004293682,305.861102072955,-4.77592455478351,52.1149054807107,34.9019543171135,39.1013416005756,71121.9014212962,4.47156793899882,2.61838362617987
166500,166.5,0.1665,2.58135614970832,0.039626207355957,-0.133796384774395,303.478542358552,-4.77539120649933,52.0224832687623,34.9767700943284,39.0966509405948,71139.4230114988,4.47046659493847,2.6308076376014964
166600,166.6,0.166600000000001,2.71624023918346,0.0567701526528737,0.0675684138310399,299.626176081723,-4.77566484808671,52.030930322526,34.9343609305564,39.0919602806139,71056.1778730696,4.47570392435413,2.645912244043603
166700,166.7,0.1667,2.6924991261847,-0.0380587393001714,-0.0596361125616318,302.048164818166,-4.77645089810737,52.0855048957605,34.9280990176279,39.087269620633,71109.4242771147,4.47235253820574,2.6553551635648978
166800,166.8,0.1668,2.76147241444632,0.0324726478670215,0.103742033945564,298.699618184447,-4.77647536423355,52.0607987307615,34.92001419643,39.0825789606521,71050.7149631184,4.47604804992021,2.6637344039264357
166900,166.9,0.1669,2.72832892866877,-0.0208715766643546,-0.0009805296590215,303.562718654004,-4.77783617750645,52.0281365556188,34.953228368334,39.0778883006713,71065.1460791367,4.47513910408282,2.6748638682978236
167000,167.0,0.167,2.76779483501328,0.0399599630146,0.0156301096505267,295.341923790143,-4.77737933681927,51.9997403701287,34.9639390856432,39.0731976406904,71039.5962197984,4.4767486173784,2.688934062175465
167100,167.1,0.167100000000001,2.62414449028194,-0.0201056442946743,0.0103427833084878,297.256929763757,-4.77775059056262,52.032112295171,34.9667841700539,39.0685069807095,71081.0712830021,4.47413648128505,2.7004250510532866
167200,167.2,0.1672,2.64115624079192,-0.0511881467993368,0.0088549665400508,296.133045372244,-4.77705710263197,52.0452068964415,34.9703383125565,39.0638163207286,71097.6493760964,4.47309323088571,2.7129307148213764
167300,167.3,0.1673,2.69480550258192,0.0406825452138211,-0.0342798385205796,305.270538252011,-4.77667573122567,51.9942519771873,34.9966936509654,39.0591256607478,71073.0360574655,4.47464230877889,2.7273371499706203
167400,167.4,0.1674,2.65558253036081,-0.0105117054972385,-0.0042132732696946,300.886600750534,-4.77656590347975,52.0413845791607,34.9794384013372,39.0544350007669,71093.8501420129,4.47333227164982,2.742293735589783
167500,167.5,0.1675,2.73566236196605,-0.0405758064752434,0.0588221220129326,300.550210767787,-4.77750471647786,52.088479045948,34.9347656054569,39.049744340786,71058.7731599271,4.47554045776082,2.758238039252694
167600,167.6,0.167600000000001,2.75468096863548,0.0139037931543632,-0.0100580495842173,298.449689161127,-4.7776056294684,52.0445934378629,34.9665817521198,39.0450536808051,71055.029375223,4.47577626738691,2.7741994454799315
167700,167.7,0.1677,2.71441367051712,0.0099770507029796,-0.0446037085276243,299.891126913431,-4.77799168161012,51.9940846715695,35.0113978212177,39.0403630208243,71068.5139898556,4.4749270288879,2.7863567285699222
167800,167.8,0.1678,2.7734369662669,0.0363649561630431,0.0529395122911227,298.016054353101,-4.77786801306315,51.9667997611068,35.0102570038128,39.0356723608434,71020.370856145,4.47796048263786,2.8022290877182496
167900,167.9,0.167900000000001,2.8137012185909,-0.0184535460676115,-0.0912208757211473,299.377701611635,-4.77758711779362,52.0215437728438,34.99512348333,39.0309817008625,71055.9157740465,4.47572043357245,2.814647942712063
168000,168.0,0.168000000000001,2.91414944167412,-0.0635505830834282,0.144791163381705,302.822434935597,-4.77735343426925,52.0960122419756,34.9208169496351,39.0262910408816,70998.006574849,4.47937103446456,2.8333438153432486
168100,168.1,0.1681,2.83747859676397,-0.0287007065971749,-0.170600242942172,300.329193149597,-4.77681443114923,52.0255032482865,35.0133238142168,39.0216003809008,71081.1928283109,4.47412883073392,2.847340419822017
168200,168.2,0.1682,2.96204732297316,0.191371071860446,0.0706769266551808,297.247782893136,-4.77743174573932,51.9386180028953,35.0084049071188,39.0169097209199,70943.9853505954,4.48278191004438,2.867161740711533
168300,168.3,0.1683,2.82766194502529,-0.201374492419187,-0.0645450905802373,296.300123232327,-4.77803455396928,52.0749644052609,34.9885721228587,39.012219060939,71081.3807467431,4.47411700244265,2.8803488269136066
168400,168.4,0.168400000000001,3.04094434054161,0.156938935578988,0.0930446041451477,299.343828319199,-4.77828978958141,51.9826885184927,34.976902280305,39.0075284009581,70923.2313356347,4.48409369069897,2.9003228654595303
168500,168.5,0.168500000000001,2.84131898781127,-0.112876213651613,-0.136384928899235,302.731159151909,-4.77810478685303,52.0400087637418,35.0124380634137,39.0028377409773,71065.0262618313,4.47514664927259,2.9143537726978908
168600,168.6,0.1686,3.04110525636798,0.0343406690686452,0.197062681570443,302.600877821116,-4.77747831506963,52.0505326172432,34.9453802224781,38.9981470809964,70934.7301486817,4.48336680057157,2.9344978138390174
168700,168.7,0.1687,2.87782390749533,-0.0456786122692777,-0.0778736987846311,298.367797202969,-4.77718428642945,52.0717135476553,34.9950560970559,38.9934564210155,71055.9248767275,4.47571986020639,2.9541428940946552
168800,168.8,0.1688,2.94733407622212,0.027029788508523,0.0576589305758428,302.705428178422,-4.77902334182284,52.0245394795508,34.9892389896891,38.9887657610346,70971.2130875003,4.48106211407164,2.9669446767553627
168900,168.9,0.168900000000001,2.88035553046449,0.0300876568829025,-0.0770443499912769,295.298671450384,-4.77865190738554,52.0516849821588,34.9999332803226,38.9840751010538,71021.4024901419,4.47789543722748,2.9829767549597643
169000,169.0,0.169,2.99641129793526,0.013557081292225,0.127921640991706,301.393738633873,-4.77929273467855,52.0910050821981,34.9354856903779,38.9793844410729,70935.6412427066,4.48330921642019,2.997639426685593
169100,169.1,0.1691,2.89814491001964,-0.0477629730999081,-0.0694985159337883,305.267898653972,-4.77900659947913,52.0873387112706,34.988156899641,38.974693781092,71029.0401282094,4.47741393635696,3.014634956060302
169200,169.2,0.169200000000001,3.08489749474668,0.0572940539475133,-0.0215910281325752,308.564254744268,-4.77911214964043,52.0202905079241,34.9951784364126,38.9700031211111,70943.306498311,4.48282480551811,3.030992522723349
169300,169.3,0.1693,3.11750358684945,-0.0043994323218055,0.0408521587392844,299.944122006223,-4.77939754269563,52.0464917386871,34.9792306875328,38.9653124611303,70938.1531306689,4.48315046446578,3.0492679043343798
169400,169.4,0.1694,3.12378951956412,0.0238536262003564,0.0231497043977366,303.953085351828,-4.78031709651196,52.0551790955643,34.9745706445863,38.9606218011494,70932.0017633942,4.48353925238053,3.0676163432336945
169500,169.5,0.1695,3.08620367924028,-0.0165200830612189,-0.0325230177161203,298.470025687024,-4.77988249586008,52.1011980648979,34.9657004819347,38.9559311411685,70968.1579062904,4.48125502392269,3.0862401139276154
169600,169.6,0.1696,3.14381863489815,-0.0340078357904512,0.0505762818725654,302.737786282918,-4.78006221092687,52.1260549895428,34.9313996712981,38.9512404811876,70923.8232548553,4.48405626714901,3.1042049678704235
169700,169.7,0.169700000000001,3.14736372843854,-0.033445094087448,0.0001064732718925,301.240136233594,-4.77892257789897,52.1150321448619,34.9609374752494,38.9465498212068,70960.2391215595,4.48175510811488,3.118627813168686
169800,169.8,0.169800000000001,3.17731960447083,0.0994071791377054,-0.0631099405367585,304.688192649819,-4.7787819783673,52.0678092828157,34.9880157334065,38.9418591612259,70942.3058511504,4.48288803613712,3.1301793221829715
169900,169.9,0.1699,3.10412999535072,-0.0945307530072633,0.0275580046900844,295.982240559782,-4.77886453599907,52.1422974396071,34.9542287733631,38.937168501245,70966.6416457725,4.48135076961258,3.145787402061971
170000,170.0,0.17,3.17319367207483,0.0703694687813394,0.0613551797702952,301.144870029281,-4.78020832465312,52.0972276314594,34.9544601575387,38.9324778412641,70897.2283266272,4.48573832380214,3.1582747508190265
170100,170.1,0.1701,3.12292066237617,-0.0365703341640067,-0.0984818818836662,296.655025720553,-4.77981375450375,52.0642538212892,35.0126035009599,38.9277871812833,70961.6608353438,4.48166531634648,3.1743938537084313
170200,170.2,0.170200000000001,3.23029108837922,0.103895823607563,0.0595071413509568,300.437632115726,-4.77997592603613,52.0562102226048,34.9818482556918,38.9230965213024,70879.8324632252,4.48683924755473,3.188565702365747
170300,170.3,0.170300000000001,3.18454018578074,-0.141936444199918,0.009796615893151,296.883028167086,-4.77903389407996,52.1526902942657,34.9611074293562,38.9184058613215,70960.5446333014,4.4817358124793,3.2052936670127594
170400,170.4,0.1704,3.28797161135122,0.138455091076236,0.0184911293956898,301.611084794654,-4.77873385299564,52.1017878577765,34.9658808857593,38.9137152013406,70892.4190746323,4.48604263061328,3.217931698191685
170500,170.5,0.170500000000001,3.2103713615488,-0.1180801936003,-0.0543462887541749,302.49165818691,-4.77891667056945,52.1206933869047,34.9979835809627,38.9090245413598,70974.697605717,4.48084211535247,3.2369613257053107
170600,170.6,0.1706,3.30206275120281,0.150880645964306,0.0631622579642824,301.218841535128,-4.78008875750604,52.0219374674154,35.0116992397255,38.9043338813789,70859.4366971408,4.4881307131381,3.252603343839085
170700,170.7,0.170700000000001,3.13890940435937,-0.063619638491785,-0.169558417413102,302.121646266847,-4.78066682226528,52.100620317228,35.0205191217484,38.899643221398,70975.9299809515,4.48076431321794,3.2710007605605447
170800,170.8,0.1708,3.38749726883323,-0.0432864782881059,0.2750880018648,297.915782323229,-4.77996803458416,52.1582800839001,34.9131319673343,38.8949525614171,70828.0553923402,4.49011923868936,3.2881420487837234
170900,170.9,0.1709,3.23679008667365,-0.000223198423751,-0.19819098706912,303.216251304027,-4.7801193780538,52.0839939475604,35.0233259449095,38.8902619014363,70941.8538971018,4.48291659557399,3.306047818880379
171000,171.0,0.171000000000001,3.4098343605738,0.0852744952572691,0.0711226502722648,299.363830736171,-4.77900128006079,52.0339031827344,35.0113586256584,38.8855712414554,70840.8644016521,4.48930736295033,3.324293136157671
171100,171.1,0.1711,3.287291341259,-0.0760282163004096,-0.030073111822912,305.114976962117,-4.77950258001952,52.1273407472241,34.9988268006325,38.8808805814745,70934.1140818671,4.48340573886719,3.342717129530194
171200,171.2,0.1712,3.26693040579933,-0.0346661253370597,-0.0065377449487851,301.193645495432,-4.77997844054677,52.1301655372348,34.9926526888341,38.8761899214936,70916.8873382184,4.48449482334671,3.3596128027749255
171300,171.3,0.1713,3.41404554352181,0.0718721142110941,0.0048860879557511,294.164964540697,-4.77989405364552,52.079936619755,35.0009005240241,38.8714992615128,70856.7056684491,4.48830369907689,3.379621054216762
171400,171.4,0.1714,3.36515780592232,-0.0470335754954099,0.0076119456523302,299.434954805353,-4.78063439734566,52.106177165228,35.0016285483639,38.8668086015319,70885.3266568185,4.48649148075149,3.3937820076815393
171500,171.5,0.171500000000001,3.37545717356209,0.0673804392450882,0.0332267590358814,299.631376283868,-4.78037606403643,52.0517414866283,35.0256700925071,38.862117941551,70851.3585985358,4.4886424261549,3.411445600603335
171600,171.6,0.171600000000001,3.31815601149968,-0.0370399519179534,-0.131980425790575,305.778208474327,-4.77977374379796,52.0700981100157,35.0632853095131,38.8574272815701,70943.8975827048,4.48278745589576,3.4226873712634247
171700,171.7,0.1717,3.47734710678329,0.03218330702977,0.133288486829854,306.008895623999,-4.7794062079855,52.0994763223678,34.9953902224245,38.8527366215893,70837.9219635441,4.48949383805712,3.4373001797594283
171800,171.8,0.171800000000001,3.40486338131998,-0.0720328722947141,-0.0656621833285898,298.822168761455,-4.77923468600425,52.1049456738144,35.0329143739919,38.8480459616084,70912.760816372,4.48475578294898,3.4505127878055926
171900,171.9,0.1719,3.48753062334182,0.0872449069370062,0.0087341166172218,305.491954964204,-4.7805999440938,52.055872423288,35.0304421064476,38.8433553016275,70832.4208752094,4.48984250752057,3.473192078574415
172000,172.0,0.172000000000001,3.46505197446535,-0.148670604557548,0.0600537831283156,296.859842333789,-4.77981088188319,52.1540969508042,34.9985828537905,38.8386646416466,70892.9712756492,4.48600768783605,3.4898340105293157
172100,172.1,0.1721,3.54767477488905,0.0711820717115296,0.0163954682718936,301.367655530765,-4.78041106521606,52.0842593479417,35.0131732587598,38.8339739816658,70819.0017769566,4.4906932627732,3.509571116855894
172200,172.2,0.1722,3.53555275349358,0.0026058276556888,-0.0940447154828217,296.321546470907,-4.77996882576642,52.0550852682443,35.058512690672,38.8292833216849,70862.4273554697,4.48794129730803,3.526409786911107
172300,172.3,0.172300000000001,3.65222487176579,0.0533462683766287,0.0947657306477206,298.422281873749,-4.78053564589058,52.0609982506292,35.019675644226,38.824592661704,70783.4161103441,4.49295091466527,3.546786467658018
172400,172.4,0.1724,3.57378372997321,-0.094225097876045,-0.0423214591885934,297.844700937896,-4.78034429149876,52.1060158854068,35.0320876373016,38.8199020017231,70861.1703451717,4.48802090915186,3.564989194059009
172500,172.5,0.1725,3.63893002599063,0.0281066279881755,0.0697197550550511,298.353016334098,-4.77966483824409,52.0765401805741,35.032402488629,38.8152113417423,70813.164113353,4.49106346451385,3.5841865521033545
172600,172.6,0.1726,3.59300813611977,-0.114813781182053,-0.0396179847437637,306.552050422793,-4.78006838340076,52.1008693726646,35.0474617877475,38.8105206817614,70868.1360626011,4.48757977598247,3.6008140489124414
172700,172.7,0.1727,3.6823463183571,0.110029878786326,0.0547773286835852,297.658216426617,-4.77952079462698,52.0403859070162,35.0486857485042,38.8058300217805,70779.7823686782,4.49318157690235,3.615213326012468
172800,172.8,0.172800000000001,3.54608663154777,-0.0457842412406559,-0.155162510585916,299.139060817829,-4.78102925144078,52.087279913887,35.0692031462311,38.8011393617996,70876.4659705686,4.48705236358939,3.630652317784961
172900,172.9,0.1729,3.73480157617552,-0.031399372663393,0.218807353793685,301.113731764968,-4.78114214103244,52.1035758214465,34.9953667217001,38.7964487018188,70740.8138639053,4.49565670488239,3.6456976295212935
173000,173.0,0.173,3.55273961161251,-0.013979617834908,-0.200299878584211,297.013747177013,-4.77997528144715,52.0975701479174,35.076397891297,38.7917580418379,70887.8685535535,4.48633060416881,3.660714995965167
173100,173.1,0.173100000000001,3.7740081017239,0.13218483752768,0.0816166855640742,305.42468988743,-4.78059505361685,52.0965344025651,35.007748301062,38.787067381857,70739.1694315516,4.49576121280064,3.6750357617388416
173200,173.2,0.1732,3.61158112432408,-0.218653458264035,-0.0349650309802254,298.283863644791,-4.78001322700577,52.2257921658741,34.998286778562,38.7823767218761,70886.942095314,4.48638923835206,3.6909733852389133
173300,173.3,0.173300000000001,3.78620156667374,0.148758032832321,0.125439532810561,297.925134950798,-4.78124386764867,52.0836569106947,35.0161750506731,38.7776860618953,70721.5978684802,4.49687823439074,3.7019418003144815
173400,173.4,0.1734,3.62772714949454,-0.10341326627389,-0.234368991511819,294.330390713862,-4.78070283289545,52.1135267233585,35.0836736076379,38.7729954019144,70889.9843058698,4.486196707054,3.7203997648293115
173500,173.5,0.1735,3.83795436988283,0.113989371748395,0.281355497301384,302.295488841126,-4.78092053252069,52.1145611413844,34.9841884590863,38.7683047419335,70681.8160441952,4.49940921095251,3.730616630867172
173600,173.6,0.1736,3.6368347888858,-0.208348954506868,-0.17952632042689,302.231861316519,-4.78032655119893,52.1520173543798,35.068559374602,38.7636140819526,70894.6232791431,4.48590315381032,3.7484513841414446
173700,173.7,0.1737,3.89215661112074,0.25993972768196,0.13564570416805,305.876187251838,-4.78058740083189,51.9872526403804,35.0688611879105,38.7589234219718,70662.7012642004,4.5006263342104,3.7615327236525222
173800,173.8,0.173800000000001,3.62290468243475,-0.172541482396878,-0.220543522994211,294.130159608612,-4.77925632245407,52.1187886273175,35.1062801241088,38.7542327619909,70908.4954106345,4.48502555743704,3.7751044635990754
173900,173.9,0.1739,3.87316588416647,0.168174243681619,0.282009627200364,297.090119128696,-4.78024031304774,52.103532253031,35.0019337251636,38.74954210201,70668.4847525119,4.50025800425554,3.7928847859837065
174000,174.0,0.174,3.6677958301015,-0.204730537335464,-0.215252375697688,301.034467248201,-4.78187807338017,52.1685306947636,35.0691487196448,38.7448514420291,70883.9366875253,4.48657945675401,3.8080848548273543
174100,174.1,0.174100000000001,3.99197838377353,0.180299220034887,0.176766164941848,299.465774085051,-4.7814650846946,52.1029850543173,35.0053906514386,38.7401607820482,70657.6115494447,4.50095053005797,3.8238850095009576
174200,174.2,0.1742,3.774719709746,-0.197639993465604,-0.149277296454371,299.210222373295,-4.7804590288667,52.2032831329196,35.045465158649,38.7354701220674,70866.0909405584,4.48770928289045,3.833405337768348
174300,174.3,0.1743,4.00753153753527,0.183625548094656,0.106493925445529,303.861183341243,-4.7805407887654,52.1292907299993,35.0121343369238,38.7307794620865,70689.7815213365,4.4989022078122,3.850966049729129
174400,174.4,0.1744,3.7279427944366,-0.215231762438658,-0.0272366873542661,305.726117043123,-4.78097940536911,52.2011873114397,35.0453541775147,38.7260888021056,70845.8591774098,4.48899085773964,3.860270916396387
174500,174.5,0.1745,3.9396285527277,0.198125134961448,0.021842193705701,302.153107030456,-4.78102885645858,52.050601418123,35.0816519188662,38.7213981421248,70706.0892978922,4.49786457310945,3.8755529615974007
174600,174.6,0.174600000000001,3.79540587228217,-0.0841941652709329,-0.138927380544111,299.793110195452,-4.78111930223263,52.1146175039291,35.09984063261,38.7167074821439,70821.1731340617,4.49055557938995,3.885796108638952
174700,174.7,0.1747,3.94658375357379,0.0585021508628969,0.165347039129946,303.659041067676,-4.78152700057454,52.1569118520782,35.0114000323218,38.712016822163,70691.49151204,4.49879338168919,3.899499578169195
174800,174.8,0.1748,3.82878021698521,-0.131856760660844,-0.0324310454314152,297.307325203967,-4.78053731056188,52.1609403910581,35.0717280417885,38.7073261621821,70810.1883143557,4.4912522015088,3.909923690013624
174900,174.9,0.1749,3.92698119258117,0.197339018756899,-0.0295692844534088,304.119486607939,-4.78111521513531,52.0278767334622,35.1178838580926,38.7026355022013,70713.9310377074,4.49736578760582,3.9270417991315765
175000,175.0,0.175,3.80213139367932,-0.101856655755854,-0.0203290758680837,304.584518309214,-4.781047707749,52.1612108647353,35.0753821481307,38.6979448422204,70800.7693858153,4.49184969195855,3.9387529295914305
175100,175.1,0.175100000000001,3.93532001749177,0.0694425033558165,0.0971747159751116,297.021544520528,-4.78064786168286,52.1817530125032,35.0199609043772,38.6932541822395,70708.166853965,4.49773241629824,3.9524725870834936
175200,175.2,0.1752,3.94784464740253,-0.0391528982607318,-0.0247928461471542,298.688053816103,-4.78174786056612,52.1933711904269,35.0330432849234,38.6885635222586,70741.7533469943,4.49559700048931,3.9662934089076383
175300,175.3,0.1753,4.01431200246883,-0.015821783689948,0.0002501651846888,300.81220339437,-4.78237842978133,52.1880719468889,35.0350792240917,38.6838728622778,70730.1051306412,4.49633735972392,3.983307773204564
175400,175.4,0.175400000000001,3.97929529868655,-0.0066105260729701,0.0225889947779578,298.455902783022,-4.78130889139098,52.1705808128542,35.0514527583639,38.6791822022969,70730.8663436205,4.49628896967111,3.995424469596698
175500,175.5,0.1755,4.08780733440608,0.0157666314941432,-0.0633347584109258,304.455523623332,-4.78088826606498,52.1207251940709,35.0838050979611,38.674491542316,70719.9186009182,4.49698501423295,4.00911251939606
175600,175.6,0.175600000000001,4.04029161860478,-0.0270699971822234,0.0465363111285898,305.235627353679,-4.78133277987992,52.1541478224498,35.0582615687514,38.6698008823351,70705.1692809121,4.49792309940708,4.0198315091658365
175700,175.7,0.1757,4.07773822211585,-0.0611365551320822,-0.0235578633255148,308.122495602483,-4.78262782021669,52.1784454776216,35.0481834581453,38.6651102223543,70709.1965175266,4.49766692055784,4.033167106115635
175800,175.8,0.1758,4.07373826960332,0.0425662329788672,0.0535559478421416,304.295281181605,-4.78252051823182,52.1574998880338,35.0478972250104,38.6604195623734,70671.6604559884,4.50005578055092,4.045092675324119
175900,175.9,0.175900000000001,4.05884341273658,-0.0858947512907712,-0.0520526328369686,296.512026480538,-4.78165495470238,52.1970330470375,35.0533788675597,38.6557289023925,70727.7058716837,4.49648988662344,4.059291470321001
176000,176.0,0.176,4.19359091864364,0.102625537846585,0.0720068228396679,301.167279529663,-4.78175156026388,52.1519324194373,35.0396190199652,38.6510382424116,70630.2828044622,4.50269206816783,4.069795876903251
176100,176.1,0.1761,4.11532162828996,-0.0741723156797698,-0.10197593342573,306.438596684866,-4.78116416634807,52.191325835806,35.0694644141749,38.6463475824307,70735.2541758635,4.49601005695715,4.084421335974094
176200,176.2,0.1762,4.15636177617458,0.025457499064915,0.0879497316497029,313.447899823422,-4.78140675608211,52.212987455414,35.0250638596246,38.6416569224499,70666.4409368391,4.50038816077283,4.094407429961945
176300,176.3,0.1763,4.09981644138546,-0.0825303926593315,-0.0917620221113122,306.723913145663,-4.78197145183542,52.2347185686819,35.0454503297016,38.636966262469,70728.4145164057,4.49644483522722,4.110384841458363
176400,176.4,0.176400000000001,4.08371692651257,0.0557305259549705,-0.0088841667490001,305.664375956865,-4.78255973619778,52.1983836024097,35.052726074706,38.6322756024881,70685.306308781,4.49918704131859,4.119552441394639
176500,176.5,0.1765,4.10669264552623,0.0307048734057988,0.0597808433815981,297.356104315838,-4.7821131087056,52.2162090978772,35.0375812573371,38.6275849425072,70670.3127025158,4.50014160111083,4.135595459066415
176600,176.6,0.1766,4.07036992200107,-0.111928583746355,0.0015373265581115,296.02055162049,-4.78225464607179,52.2509498199183,35.0425553666503,38.6228942825264,70718.782145181,4.49705728109423,4.143148361270225
176700,176.7,0.176700000000001,4.19851982098925,0.120029100823515,0.0488348664417561,292.574239371285,-4.78145109138846,52.1412851377811,35.077003037143,38.6182036225455,70631.1503593483,4.50263676208143,4.16268752627646
176800,176.8,0.1768,4.06037741929365,-0.050446426113349,-0.195077134795896,303.462832309661,-4.78167075951186,52.1718561064037,35.1199082884207,38.6135129625646,70750.4123521238,4.4950467931309,4.175334659085725
176900,176.9,0.176900000000001,4.25171857099451,0.0412212815421855,0.180243229646436,300.572786009858,-4.78099849457746,52.2491692391305,35.0038450096495,38.6088223025837,70612.5176281927,4.50382488598775,4.197428432625042
177000,177.0,0.177,4.11609318979964,-0.216168456824748,-0.0014365702452057,300.369721478171,-4.78124328901764,52.2711718871491,35.049784922171,38.6041316426029,70726.3721806562,4.49657467717655,4.2100293286612605
177100,177.1,0.1771,4.24925611549222,0.247439207219019,-0.084016055635907,299.505981620943,-4.78174267341104,52.0557539801451,35.1448856078607,38.599440982622,70617.4271094473,4.50351177002251,4.227497251473124
177200,177.2,0.177200000000001,4.20856745167035,-0.0757189207764619,0.0083465709450247,296.546665330878,-4.78206603370147,52.174601895556,35.0930774744038,38.5947503226411,70665.7275877294,4.50043359082778,4.237632951828031
177300,177.3,0.177300000000001,4.3090816603542,-0.0916743758449599,0.120988570130572,289.488320529185,-4.78268617691084,52.2249482825979,35.0392698308076,38.5900596626602,70616.8784518628,4.5035467600411,4.2550226761852015
177400,177.4,0.1774,4.2044899884722,0.0206281493300185,-0.0541633304628298,290.169344472862,-4.78208410568688,52.1247968127468,35.1279615916917,38.5853690026794,70651.2715019084,4.50135443277213,4.266032751170129
177500,177.5,0.1775,4.31469149168792,0.109190978806428,-0.0890939844234254,295.459785601822,-4.78153598448568,52.1146406468454,35.1310472164316,38.5806783426985,70635.1224877544,4.50238355870674,4.281280657291654
177600,177.6,0.1776,4.3218115980758,-0.0963652289381114,0.111612940009572,304.578368427602,-4.78168248384177,52.2666735790297,35.0336212651882,38.5759876827176,70636.1379582252,4.5023188320996,4.290099025798085
177700,177.7,0.177700000000001,4.27524862515612,-0.0674201265045259,-0.0274090208546893,305.6689403631,-4.78133949862969,52.2408584885373,35.0743434786609,38.5712970227367,70674.7203681877,4.49986094744074,4.304439689571052
177800,177.8,0.1778,4.25132656699077,0.135919862961912,-0.0596923115044064,302.750204190123,-4.7812608540819,52.1648636231809,35.1192243327785,38.5666063627559,70653.6197534349,4.50120482525796,4.3162936823783955
177900,177.9,0.1779,4.26599260874533,-0.0790873951191734,-0.0187668752986627,299.461570193955,-4.78176740931748,52.2446238935496,35.0807273288551,38.561915702775,70675.4849254208,4.49981226859208,4.330931353068441
178000,178.0,0.178000000000001,4.40075425970143,-0.005293918430973,0.073680771623979,296.857620852517,-4.78164774178352,52.2533046619075,35.0461267794544,38.5572250427941,70608.9185273511,4.50405445641986,4.343673382177678
178100,178.1,0.1781,4.31927438073296,-0.0279750811078242,-0.0375721628932926,304.748888908167,-4.7814051535155,52.2629305495644,35.0729284602884,38.5525343828132,70667.336195615,4.5003311469923,4.358825948480343
178200,178.2,0.178200000000001,4.45522285313375,0.0200765499005855,0.106583120013388,299.786164067078,-4.7800552621278,52.2520070334428,35.058043262354,38.5478437228324,70613.9879133378,4.50373110985328,4.372390881137658
178300,178.3,0.1783,4.34710828902094,-0.0332197078173561,-0.110997217556767,300.17392741078,-4.78046647926929,52.2455955909635,35.1069112240377,38.5431530628515,70695.1377699264,4.4985613464833,4.388255911200976
178400,178.4,0.1784,4.44593210317826,0.0671186266094713,0.0597975703715674,297.856174830507,-4.78087301533747,52.2124882800452,35.0841203134639,38.5384624028706,70595.8815497497,4.50488622246308,4.403662172433368
178500,178.5,0.1785,4.41715084548851,-0.0456331040089415,-0.008889788513196,297.741362053462,-4.78137638384954,52.2683164063217,35.0761331906542,38.5337717428897,70646.6775896101,4.50164714048597,4.418264815255209
178600,178.6,0.1786,4.49629791166892,-0.0121427433708085,0.0792504162817481,296.679573202245,-4.78120210643502,52.2524353209254,35.0719370396366,38.5290810829089,70608.1675087052,4.50410236346799,4.439323619771083
178700,178.7,0.1787,4.46093257159289,0.0487597191389473,-0.0679309632509139,306.299759513161,-4.78121133734948,52.2096045795623,35.1165289289436,38.524390422928,70631.3913404855,4.50262139992437,4.452498725446245
178800,178.8,0.1788,4.52360210361688,-0.0399460928767059,0.006140382753633,304.982641941816,-4.78018394692954,52.2506910961677,35.0901564883196,38.5196997629471,70625.2889151464,4.50301045193881,4.471407973776756
178900,178.9,0.1789,4.49210951837705,-0.0138282094584824,0.0593888040692166,298.742782982859,-4.77994222140152,52.2710334218511,35.0832848825725,38.5150091029662,70630.3472175722,4.50268796182529,4.482920759496283
179000,179.0,0.179000000000001,4.5064096219499,0.0652505785700584,-0.057930196134988,297.947122264065,-4.78057027244236,52.2282194877301,35.1140980937526,38.5103184429854,70625.8761363612,4.50297301150745,4.501807375883274
179100,179.1,0.179100000000001,4.59511048558204,0.0101305251947559,-0.0293453982533446,295.221637462868,-4.78034185209119,52.2520808738245,35.0918803956936,38.5056277830045,70604.834476042,4.50431498800577,4.512149586791061
179200,179.2,0.1792,4.52628955269798,-0.0303113731047062,0.0247348594602265,303.28212543816,-4.78113252443291,52.3116231185672,35.0645602979415,38.5009371230236,70621.6553801088,4.50324213507005,4.5310201081567865
179300,179.3,0.1793,4.55817402007066,-0.0674865157377167,0.0823257760675527,305.738727458871,-4.78083201919619,52.2913550241627,35.0702438052255,38.4962464630427,70597.1334287571,4.50480633858935,4.543295543636948
179400,179.4,0.1794,4.47748183033829,0.100135777248057,-0.118141023765744,303.038222528608,-4.77970261239566,52.2058179601748,35.1535202445735,38.4915558030619,70640.4067795112,4.50204675560198,4.559858695253558
179500,179.5,0.179500000000001,4.51329183304752,0.02723207808957,0.0376984582216604,300.160544476899,-4.77986511317495,52.2750063528916,35.1000443974823,38.486865143081,70617.8186303406,4.50348680155159,4.571821269144761
179600,179.6,0.1796,4.54826963193109,-0.114933830432566,0.036002029341049,296.738990127602,-4.78059114553578,52.3349364138304,35.06520567978,38.4821744831001,70619.9971837084,4.50334787367379,4.590649373302888
179700,179.7,0.1797,4.65645531757102,0.106669391092792,-0.0034850697967019,297.482338199146,-4.78082403405151,52.2419482956671,35.0984316507416,38.4774838231192,70552.7164876887,4.50764236996597,4.600896429796785
179800,179.8,0.1798,4.56136726238561,-0.0868075702903932,0.0167647400458111,297.782571470378,-4.78041970721516,52.2868183335244,35.1123512752177,38.4727931631384,70632.7062079376,4.50253758110097,4.621034156336203
179900,179.9,0.1799,4.65773814205877,0.0520471924346553,0.0464428763503976,303.079248761897,-4.7803611690628,52.2358418350541,35.1196763549334,38.4681025031575,70569.9594410647,4.50654097968835,4.634568532677103
180000,180.0,0.18,4.60665698362558,-0.0225756476957263,-0.0955904281564267,303.409132676684,-4.77979007035188,52.2294978013239,35.1613595021768,38.4634118431766,70636.5230372798,4.50229428745039,4.653145239169345
180100,180.1,0.1801,4.68906800221465,0.0933077630432725,0.0336599169810519,302.740451879744,-4.77954874894537,52.2468695764098,35.1217247225649,38.4587211831957,70571.7599429297,4.50642600401755,4.667098014617267
180200,180.2,0.1802,4.62003366191597,-0.164952588599033,0.0385419398212103,297.900213745001,-4.78008125945404,52.3385094185708,35.0905684280769,38.4540305232149,70624.2127862198,4.50307906608137,4.6867107873518625
180300,180.3,0.180300000000001,4.71292949233326,0.103566513898564,0.0220862221894405,295.169391838177,-4.78036643684205,52.2419669137764,35.1230932244148,38.449339863234,70550.6734960536,4.50777290133017,4.6994810419422475
180400,180.4,0.1804,4.6899603374846,-0.0026195489688845,-0.102910354074932,295.160439629823,-4.78031572912011,52.2503743783271,35.1467216408896,38.4446492032531,70600.8826819706,4.50456711127377,4.714800319514368
180500,180.5,0.1805,4.72285780209815,-0.0624124879804779,0.122817004934541,305.530184020099,-4.7808937754803,52.3371276817344,35.0777864637247,38.4399585432722,70570.7893298423,4.50648798428019,4.7268655262597425
180600,180.6,0.180600000000001,4.76196284196777,-0.0522170474008372,-0.0718898451141431,302.22096629602,-4.7795237637279,52.2913643392799,35.1290163459818,38.4352678832914,70603.4421303233,4.5044038160218,4.744642933617115
180700,180.7,0.1807,4.78758176885663,0.116234946319883,-0.038079383569043,298.304364664845,-4.77899183011274,52.2261696398247,35.1541373752776,38.4305772233105,70557.2309173554,4.5073539596333,4.755455065380326
180800,180.8,0.180800000000001,4.75953152744146,-0.0906975187477505,0.0752976314921328,295.22293394307,-4.77938455102856,52.3427008190208,35.0939015534652,38.4258865633296,70584.8795164931,4.50558839704177,4.772899290889958
180900,180.9,0.180900000000001,4.78085994512984,-0.0865442877059526,0.0473991089801381,299.487946845773,-4.78007143523167,52.3401945490142,35.092731458412,38.4211959033487,70570.5308404597,4.50650449087696,4.783349281844078
181000,181.0,0.181,4.79962177933557,0.188976185152853,-0.0454000195815691,294.634026795443,-4.77939684904285,52.2052158594518,35.1668042980739,38.4165052433679,70528.5012248789,4.5091900243574,4.799785621425027
181100,181.1,0.1811,4.72246905984028,-0.0074835490272246,-0.14766214865466,300.361326594581,-4.77999543380062,52.2740356243381,35.16233782173,38.411814583387,70603.8844347717,4.50437559777487,4.811011703359818
181200,181.2,0.1812,4.93244334410554,0.0091563189913447,0.206796947330038,300.99306552159,-4.78016182583211,52.3800351059418,35.0317640654267,38.4071239234061,70475.7293626304,4.51256648256464,4.827663677019534
181300,181.3,0.181300000000001,4.79797143636277,-0.209921842472472,-0.0471233175266153,301.768308934177,-4.78068889054498,52.4180554104267,35.0733806179603,38.4024332634252,70602.0443949379,4.5044929914084,4.838652888343163
181400,181.4,0.1814,5.01198343238835,0.25755252669983,-0.0057497916810116,302.582929717817,-4.78127132299831,52.2150323096811,35.1274730052622,38.3977426034444,70428.4536199646,4.51559558402615,4.8544354629493975
181500,181.5,0.1815,4.74709799563773,-0.185584273514849,-0.176426315304275,299.082105102369,-4.78080788024425,52.3412878294961,35.1471765455211,38.3930519434635,70629.7198025143,4.50272795992009,4.866991332858266
181600,181.6,0.181600000000001,5.0607889993427,0.109561498502044,0.25748898877281,300.7283857789,-4.77990881821241,52.3300881581263,35.0518038347602,38.3883612834826,70414.3885367981,4.51649756199905,4.881350964962416
181700,181.7,0.1817,4.72627391765052,-0.200474944149928,-0.240674347054756,303.309571772285,-4.77968618402491,52.3483301629235,35.1753825480599,38.3836706235017,70678.6370410795,4.49961158661366,4.895324305850838
181800,181.8,0.1818,5.07366399556632,0.351842671900277,0.139981829680923,302.264198108355,-4.77975487724571,52.1911133691283,35.1453059158622,38.3789799635209,70397.5131072625,4.5175802399658,4.90970448704026
181900,181.9,0.1819,4.78413412757781,-0.329787007288584,-0.159406355856414,296.183311524806,-4.78041400499765,52.4128769224567,35.1331606466181,38.37428930354,70663.5685065131,4.50057109876626,4.922016281864978
182000,182.0,0.182,5.13032386398134,0.206829426361711,0.311130488345405,301.262153761434,-4.78101514988259,52.2965553242969,35.0665879040978,38.3695986435591,70364.5394826038,4.51969722952181,4.931602426839119
182100,182.1,0.182100000000001,4.75727721705962,-0.198860382131874,-0.362229806132302,296.035582920557,-4.77972488519615,52.3426833416085,35.2045374584488,38.3649079835782,70695.0142676852,4.49856920534597,4.9389811272311235
182200,182.2,0.182200000000001,5.17544130891021,0.260649268818897,0.264659572829952,304.491694077354,-4.77998779588214,52.2730651495133,35.0915213597416,38.3602173235974,70365.7340681376,4.51962049949122,4.950757059670014
182300,182.3,0.1823,4.80026955703305,-0.312735697343717,-0.189874678847995,296.346212528669,-4.77897167012313,52.4324628199432,35.149161272497,38.3555266636165,70687.5898657058,4.49904169544185,4.9635281533156
182400,182.4,0.1824,5.12092636234389,0.260063805320338,0.180576554188877,293.804844086743,-4.77940281798978,52.2443801799089,35.1334780501143,38.3508360036356,70393.9866846884,4.51780655044613,4.975294224918805
182500,182.5,0.1825,4.83922645395826,-0.103040807592809,-0.203836198699989,290.638163027782,-4.7801850127925,52.346450397562,35.1786899669309,38.3461453436547,70613.6424488581,4.50375314354352,4.985467619184904
182600,182.6,0.182600000000001,5.09262270328442,0.0828329463001548,0.222768058552627,296.307931371881,-4.78058714497433,52.3680506000685,35.0764956659448,38.3414546836739,70428.946504993,4.51556398239688,4.998409685632005
182700,182.7,0.1827,4.90673620094086,-0.0802911716078065,-0.104685404689363,292.865310017521,-4.77923250855774,52.37202900427,35.1588287972926,38.336764023693,70590.9864565532,4.50519861132468,5.0106465198798995
182800,182.8,0.1828,5.08115445222981,0.11551718362491,0.0550948390792632,299.828029108337,-4.77916006455409,52.2781265600654,35.1680720306627,38.3320733637121,70474.3188050373,4.51265680248577,5.022453300165593
182900,182.9,0.182900000000001,4.95141967423076,-0.067521837101435,-0.107700697186574,302.73257902406,-4.77911981905526,52.3248571184891,35.197247257949,38.3273827037312,70587.1932393038,4.50544071185737,5.032759539691256
183000,183.0,0.183,5.0472265078319,0.0748072916629167,0.0724697712856866,301.409084869449,-4.7792989428735,52.312716107013,35.1632461420785,38.3226920437504,70494.0138335694,4.51139603012161,5.042841672053742
183100,183.1,0.1831,4.96987274895262,-0.0504239344585454,-0.0492624417983548,299.25184777941,-4.78018204864493,52.3463753553899,35.1775311308622,38.3180013837695,70559.3903639439,4.50721601356997,5.0522736355860065
183200,183.2,0.1832,5.11293063572884,0.0474882689212709,0.123423453645983,293.776478472403,-4.77969977530138,52.33717530487,35.1378343681617,38.3133107237886,70458.753011897,4.5136537415359,5.0639293058490145
183300,183.3,0.1833,5.01669901675081,-0.0855756787738081,-0.104477507632245,301.759436172832,-4.78009779008016,52.3702159658007,35.1704376729501,38.3086200638077,70560.0120062172,4.50717630444962,5.076962920107581
183400,183.4,0.183400000000001,5.13887521999873,0.0999503797370833,0.0795239851858608,300.700315842239,-4.77948328371412,52.3435146750875,35.146973073956,38.3039294038269,70468.3556512495,4.51303867128711,5.084834588423508
183500,183.5,0.1835,5.02186528468969,-0.0873374402765515,-0.0208174633828201,298.27117908558,-4.77905326466388,52.3938932075715,35.1637672235063,38.299238743846,70561.2407444469,4.50709781745343,5.096870653530634
183600,183.6,0.1836,5.16107926079578,0.0368665528618353,0.0824665608765473,306.575444179829,-4.7799385536702,52.3244023070761,35.1680694715949,38.2945480838651,70467.6443158799,4.51308422813895,5.10569803281344
183700,183.7,0.1837,5.04994555996084,0.0023273226217532,-0.162630671598297,301.236903471379,-4.77879720431635,52.3144119242477,35.2267839650925,38.2898574238842,70563.1716226536,4.50697448602216,5.116059614870437
183800,183.8,0.1838,5.20411174557732,-0.0017009867487641,0.167692498843196,304.311081806261,-4.7789789785775,52.3557500334251,35.1496705246994,38.2851667639034,70455.708614612,4.51384877690587,5.12789320100619
183900,183.9,0.183900000000001,5.10447081887094,-0.111375649746102,-0.0904160597448935,302.243610598183,-4.77942522285087,52.3642199382316,35.1959061438552,38.2804761039225,70551.1536593379,4.50774222193048,5.1399923441386814
184000,184.0,0.184,5.17838057128598,0.16651127607113,0.0235036704584245,298.518756539649,-4.77964487485825,52.255384194694,35.2266764731135,38.2757854439416,70457.4347925142,4.51373818948475,5.155587626980829
184100,184.1,0.1841,5.12252240018744,-0.0498885530268144,-0.0773965923014651,295.378149372626,-4.77930798730517,52.3365940368125,35.2118932194502,38.2710947839607,70528.6739028894,4.50917898433752,5.1643229078679465
184200,184.2,0.184200000000001,5.2251656922573,-0.0113191243532107,0.131922022627544,302.010985213618,-4.7791478397597,52.3781202629385,35.1565151666627,38.2664041239799,70464.9879447888,4.51325436123377,5.180447967970135
184300,184.3,0.1843,5.14248802641096,-0.0585894314594798,-0.134487083930814,309.992651328087,-4.7789698499279,52.3654784498656,35.2107281343369,38.261713463999,70547.9660153891,4.5079459000523,5.188448495397905
184400,184.4,0.184400000000001,5.23718628098828,0.0752554640896461,0.0162047211574821,300.753106242323,-4.77809769056433,52.3321464992476,35.2004112428713,38.2570228040181,70473.7620324617,4.51269245438626,5.204378599745063
184500,184.5,0.1845,5.24124576074292,-0.0818204524293746,0.0106795074455057,295.765978864892,-4.77825003868158,52.3643743514339,35.1950115370759,38.2523321440372,70497.7001074902,4.51116013247521,5.215669397259904
184600,184.6,0.1846,5.34450372063296,0.0387342118547044,0.105870725533175,299.530014780193,-4.77907840368459,52.303215619615,35.2049864158345,38.2476414840564,70426.6825081967,4.51570914360603,5.233131442461157
184700,184.7,0.184700000000001,5.221885370504,-0.0402491850738186,-0.160777311388635,301.075618741829,-4.77938080034543,52.2835855006777,35.2741155913805,38.2429508240755,70529.8388782404,4.50910450405437,5.242518805527963
184800,184.8,0.1848,5.29133675976155,0.102330781053083,0.102236658267484,298.35400724969,-4.7787291392217,52.3149937947621,35.2080667859013,38.2382601640946,70431.4259564465,4.51540501753811,5.258632939298733
184900,184.9,0.1849,5.22164699835551,-0.204223648756032,0.0034300741432773,304.199602974753,-4.77817690166041,52.4237775875062,35.1917935218544,38.2335695041137,70536.6060316757,4.50867190878574,5.269958442111672
185000,185.0,0.185,5.36564855395519,0.118870959068797,0.0269470326624913,307.399545896764,-4.77814726278287,52.3060534141091,35.2259114773846,38.2288788441329,70437.7952494209,4.51499671490239,5.286128939675
185100,185.1,0.1851,5.21259465077127,-0.0066327852158304,-0.110492807189945,301.795545840431,-4.77830391586552,52.3347503739359,35.2532631763809,38.224188184152,70522.5083090666,4.50957320976651,5.297653217588698
185200,185.2,0.185200000000001,5.30297858127518,0.0211074762763101,0.129278290191789,302.996082329471,-4.77913516781118,52.379575975919,35.1889219224649,38.2194975241711,70445.4443794922,4.51450646606589,5.314098778741489
185300,185.3,0.1853,5.23099555061761,-0.0358762182551289,-0.0432868767299627,299.359207526891,-4.77858128127853,52.3757194979231,35.2278282211589,38.2148068641902,70509.4847394904,4.51040615785389,5.327563972667721
185400,185.4,0.1854,5.36046995826896,0.0637108079299664,0.0182872706559377,301.593983466651,-4.77839352360217,52.3253031684914,35.2370004769335,38.2101162042094,70451.3053123926,4.51413089858196,5.342622556673981
185500,185.5,0.185500000000001,5.34374789080539,-0.0311560913786828,-0.0308598457436132,310.865420295559,-4.7788709365182,52.3741331672696,35.2255969799193,38.2054255442285,70485.575733477,4.51193610673817,5.357754428355133
185600,185.6,0.1856,5.39683551021769,-0.0606760084852919,0.0658576692107753,303.154425219879,-4.77726537634976,52.4113087175523,35.1971042697986,38.2007348842476,70469.9002381023,4.51293975273927,5.37080947782926
185700,185.7,0.185700000000001,5.36250027877611,0.0881529820816102,-0.0005036067061868,299.52341005118,-4.77742169302568,52.3708872250393,35.2204552103625,38.1960442242667,70453.6153022322,4.51398289203232,5.384326517662213
185800,185.8,0.1858,5.3394336511621,-0.0525297932617451,-0.0398883557340351,293.516791707955,-4.77769334920769,52.3756661425418,35.238105893482,38.1913535642859,70486.6980769425,4.51186426421832,5.398444706426025
185900,185.9,0.1859,5.49243959032567,0.0821859083989906,0.0223405258838854,299.972325169166,-4.77856742397698,52.3504151740537,35.2241690409552,38.186662904305,70416.2015632093,4.51638127442341,5.41039580668414
186000,186.0,0.186,5.3762676197257,-0.145996182383853,0.0054924479061881,297.659964732031,-4.77798979330947,52.3952249787652,35.2327981084312,38.1819722443241,70485.0808658414,4.51196778452197,5.423011298758915
186100,186.1,0.1861,5.50814178916854,0.122694520471443,0.0313671545752078,301.584770495883,-4.77745132855716,52.3024137190232,35.2545487314967,38.1772815843432,70395.0129004315,4.51774069003905,5.43422694188656
186200,186.2,0.186200000000001,5.37188625261672,-0.0258167526272751,-0.117434171211569,306.637888713442,-4.77733429594852,52.3527625854337,35.2753123464638,38.1725909243624,70495.6160157741,4.51129349781044,5.447119440247409
186300,186.3,0.1863,5.53555544001584,0.0266759740965663,0.0910248206090253,304.068409993209,-4.77737693619255,52.4025684143628,35.202123231629,38.1679002643815,70407.6260373547,4.51693136177286,5.457172667443453
186400,186.4,0.1864,5.40127300817672,-0.0762218387950903,-0.0110285962572874,302.706375067618,-4.7777519858599,52.4281429527058,35.2283375088829,38.1632096044006,70485.7809757718,4.51192296876753,5.4692443786449525
186500,186.5,0.186500000000001,5.50635120370867,0.132215477064937,-0.0019360029461027,297.801396484009,-4.77741360103224,52.3637826214209,35.2434332735501,38.1585189444197,70420.7636521344,4.51608868837456,5.483526789097179
186600,186.6,0.1866,5.48246289684731,-0.119062928104372,-0.0124026993274492,301.073140316184,-4.77797027103108,52.436480736587,35.2254554188034,38.1538282844389,70473.8948084196,4.5126839522726,5.4963687871077935
186700,186.7,0.1867,5.55877726326826,0.0690270410504249,0.022193815414456,302.570558763294,-4.77831795694976,52.3956411968873,35.2223343134971,38.149137624458,70404.1110579845,4.51715687304365,5.5099537699252545
186800,186.8,0.1868,5.50909667573395,-0.0597489463941307,-0.059418277046156,296.600140838635,-4.77798268859124,52.4136100573378,35.2391781806927,38.1444469644771,70453.2720236653,4.51400488609354,5.5227860883267255
186900,186.9,0.1869,5.59652091448235,0.0944221721986586,0.073785621005655,292.722783705285,-4.77791422586188,52.4249323793907,35.2030592467354,38.1397563044962,70387.6067968352,4.51821604155466,5.535943616169944
187000,187.0,0.187000000000001,5.47061206456162,-0.168852081649466,-0.0252568146716905,295.110353237644,-4.77774231456503,52.4687807075103,35.2269663500124,38.1350656445154,70485.650939648,4.51193129263156,5.547006887786036
187100,187.1,0.1871,5.61650417552613,0.148520216665906,0.0371525107216445,298.937875721333,-4.77703520605554,52.3677087582369,35.2502047801582,38.1303749845345,70387.6220192403,4.518215064421,5.560702921045246
187200,187.2,0.1872,5.5245862176863,-0.103713061605318,-0.0341840321896439,302.701417342449,-4.77726503801006,52.4177103504211,35.2648901380599,38.1256843245536,70475.5103550767,4.51258050567908,5.576780357285106
187300,187.3,0.1873,5.73242519998211,0.123255789162318,0.096927647533223,294.411312537953,-4.77652599706873,52.3429804867581,35.2596977274548,38.1209936645727,70356.0170898864,4.52024471126321,5.58916453006689
187400,187.4,0.1874,5.53821556032987,-0.110993533120258,-0.116450387643722,299.078257176738,-4.7779482386222,52.4066334176545,35.2830893135065,38.1163030045919,70479.6334004834,4.51231652056127,5.603257875537184
187500,187.5,0.1875,5.69931545220021,0.0618640913424394,0.136010707800874,295.137441784273,-4.77825913815972,52.3726608617899,35.2425479655381,38.111612344611,70344.3565151827,4.52099400592942,5.614294725358645
187600,187.6,0.1876,5.58330584928287,-0.0466799268135651,-0.118023452354089,299.315647072623,-4.77816862819872,52.3741658728741,35.298129813622,38.1069216846301,70448.6512216247,4.5143009644801,5.630796371121287
187700,187.7,0.1877,5.66667566585159,0.0418906641048516,0.102099022715251,304.350590721726,-4.77801478093541,52.3691378061745,35.2706629372755,38.1022310246492,70378.4102328327,4.51880645078479,5.638272091451093
187800,187.8,0.187800000000001,5.58029307251076,-0.0030430559597616,-0.104223941217521,300.129807356193,-4.77702516691766,52.3895631409102,35.2971223497659,38.0975403646683,70450.0028836801,4.51421435256995,5.65310446192095
187900,187.9,0.1879,5.69587060077228,-0.0092978729983225,0.103753981639593,296.768553201859,-4.77612232889412,52.4099519364253,35.2620505121936,38.0928497046875,70398.724058434,4.51750253161019,5.658148568081501
188000,188.0,0.188,5.55606528759937,-0.002677260227995,-0.0503781767563146,301.130488530159,-4.77609189528751,52.408658661597,35.290315546713,38.0881590447066,70444.7396078137,4.51455163191245,5.674262977144444
188100,188.1,0.1881,5.70783826353714,0.074430076199801,0.0206489854129066,305.028524595868,-4.77594834028695,52.3632960879091,35.3011703164981,38.0834683847257,70396.7441842545,4.51762958417095,5.681160952107009
188200,188.2,0.1882,5.60165876504131,-0.0380149058273051,-0.0884460540427332,307.829325967047,-4.77686576461223,52.4017674412599,35.3083761386067,38.0787777247449,70454.166200946,4.51394759607321,5.6975818017012365
188300,188.3,0.188300000000001,5.71329092670266,0.0038242352892504,0.0865646312266064,300.597979224293,-4.77698588202159,52.4269472118318,35.2571637693309,38.074087064764,70377.1120404436,4.5188898057275,5.70340516852708
188400,188.4,0.1884,5.68779212858005,-0.096649647770257,-0.0533245822204735,298.270963979191,-4.77681044739592,52.4545726299521,35.2694006506201,38.0693964047831,70429.9570631878,4.51549919121459,5.717967533676597
188500,188.5,0.1885,5.789659301014,0.104079467557502,0.0563321645015143,301.784940439464,-4.77718669496969,52.4011496280987,35.2661170263651,38.0647057448022,70343.0081044903,4.5210806692215,5.726766602157556
188600,188.6,0.1886,5.72101798806897,-0.123003705474853,-0.0070176616427206,299.066972857107,-4.77661980021122,52.4370009663962,35.2866108052688,38.0600150848214,70423.3610605771,4.51592212252609,5.742989188813643
188700,188.7,0.1887,5.80245355355842,0.144385463651571,0.0141850500068481,303.435735098917,-4.77667607625672,52.3733617184022,35.2918714952013,38.0553244248405,70339.7092776972,4.52129270111925,5.7504753000215505
188800,188.8,0.188800000000001,5.79119084423689,-0.070715002274293,-0.115611147325787,302.748440135489,-4.77588088346358,52.4484434861723,35.294087599382,38.0506337648596,70436.2876091071,4.51509335530317,5.763749405707059
188900,188.9,0.1889,5.88754341303402,0.0401636322316439,0.142891452909012,305.411086805017,-4.77630600827992,52.4645000609071,35.2329515568105,38.0459431048787,70327.1340589833,4.52210115500191,5.773344286213322
189000,189.0,0.189,5.71634825827954,-0.0926569236659102,-0.0680878869271094,296.814733510531,-4.77644747999318,52.4797828108478,35.2818286898021,38.0412524448979,70436.5251723798,4.51507812711934,5.785592546622205
189100,189.1,0.189100000000001,5.82947451233566,0.110011108722523,0.081799564014529,293.627226822462,-4.77628307027961,52.4126041471527,35.2815905164544,38.036561784917,70337.2114760294,4.52145326040519,5.7923898028696525
189200,189.2,0.1892,5.73774578218219,-0.0456090472005154,-0.10867260149977,298.939505353803,-4.77682351986021,52.472415033489,35.2963239200205,38.0318711249361,70438.1955798269,4.51497105424409,5.8055873299980325
189300,189.3,0.1893,5.85780286639417,0.0225965739753405,0.102870214608957,299.717860513864,-4.77622749001924,52.4895127634784,35.2427613362765,38.0271804649552,70345.5445699594,4.52091765157667,5.815165364130262
189400,189.4,0.189400000000001,5.75479947483002,-0.0874183516445468,-0.0818603748641009,311.359228206426,-4.77640438758283,52.4743577718355,35.3032786361185,38.0224898049743,70437.3039426788,4.51502820742414,5.82608338563016
189500,189.5,0.1895,5.91299518855266,0.112747864153478,0.0070826410432906,310.426416996999,-4.77636673130576,52.3783090620083,35.3230163513213,38.0177991449935,70339.0062269133,4.52133789223793,5.836388137936667
189600,189.6,0.189600000000001,5.83252821019743,-0.0416929754075037,-0.0488320195429991,300.040012230705,-4.77578445716787,52.4365702971535,35.3216287621425,38.0131084850126,70405.7914605355,4.5170490602945,5.84499018996853
189700,189.7,0.189700000000001,5.86061014512898,-0.0011962350978329,0.0570189628708849,300.721730373724,-4.77604403019709,52.4453048213472,35.2974209905745,38.0084178250317,70360.5750668487,4.51995188859599,5.853738001703175
189800,189.8,0.1898,5.865981244942,0.0091827554110402,-0.0078381382770564,294.366737813924,-4.77563084911817,52.4447757037954,35.3081922261608,38.0037271650508,70372.6501328511,4.5191763214221,5.863496921496635
189900,189.9,0.1899,5.87135288561528,-0.0124252160960509,-0.0047896054085186,295.935871830789,-4.77586339306378,52.441484091984,35.3145931049397,37.99903650507,70372.3032119279,4.51919860002817,5.876652314107703
190000,190.0,0.19,5.89761586659423,0.0656331389738495,0.0289805521487589,299.848177818482,-4.77616018362273,52.413310148348,35.3212649370328,37.9943458450891,70339.1001691696,4.52133185370912,5.888094812754391
190100,190.1,0.190100000000001,5.84883824768919,-0.0353914620577642,-0.065964386121008,301.995876215072,-4.77570725665799,52.4529445836394,35.3286668999045,37.9896551851082,70398.3491703548,4.51752658839372,5.903272011426056
190200,190.2,0.1902,5.99913775747623,0.0502663226433598,0.0975767546598725,304.764019053682,-4.77544493531116,52.4357238794405,35.3060676289505,37.9849645251273,70321.5349486932,4.5224612117488,5.915626070707722
190300,190.3,0.1903,5.82334662921619,-0.149297627161541,-0.127715933697108,306.566744660262,-4.77594022466779,52.4573580074336,35.3581751277319,37.9802738651465,70445.6771793473,4.5144915471029,5.929897351471577
190400,190.4,0.190400000000001,6.07068576515301,0.152194143518328,0.129810866326314,297.658823611651,-4.77602923749176,52.3857051422632,35.326609725236,37.9755832051656,70277.969759117,4.52526467748232,5.9417693495001185
190500,190.5,0.1905,5.81098375746008,-0.139296468169796,-0.182943377888778,297.634629073828,-4.77604175180115,52.4681371479943,35.3651888904267,37.9708925451847,70456.7218676144,4.51378386229298,5.956407664287787
190600,190.6,0.1906,6.10291339946406,0.173111018504064,0.174248846106196,299.256984148247,-4.77556393137144,52.4310858941876,35.2933431483458,37.9662018852038,70255.2532917139,4.52672788518167,5.965379992681306
190700,190.7,0.1907,5.82950477372109,-0.24710931074404,-0.167803754460125,303.482840999126,-4.77551648904611,52.5121745786843,35.3534065426847,37.961511225223,70474.9479357664,4.51261651794286,5.978759299024221
190800,190.8,0.1908,6.15361571433312,0.250798648536764,0.211285612865888,303.902197083773,-4.77540861682275,52.371007270988,35.3257176258499,37.9568205652421,70221.7659272561,4.52888659173783,5.987027014207677
190900,190.9,0.1909,5.82162182486592,-0.233339799974104,-0.262487279059193,297.288153064486,-4.7752526240115,52.4713957467013,35.3984263787927,37.9521299052612,70492.4697489928,4.51149484886145,5.998545796749318
191000,191.0,0.191,6.16722942441063,0.235499648134556,0.256382406595044,297.551120525449,-4.77605167550188,52.3843000826792,35.3156700095837,37.9474392452803,70202.2562104812,4.53014520220821,6.009711597789875
191100,191.1,0.1911,5.79261617074473,-0.221757018687216,-0.220267565351126,295.221719679757,-4.77547577657164,52.4797899476138,35.4017107258782,37.9427485852995,70492.8590873962,4.51146993146948,6.0237696271206005
191200,191.2,0.1912,6.21654702182259,0.257464694275547,0.160665588701649,299.426273011059,-4.7749925898298,52.3834443566977,35.3321190441705,37.9380579253186,70216.4439817984,4.52922985160772,6.036843451263509
191300,191.3,0.1913,5.88343008027671,-0.275335524185355,-0.133680021909538,300.535190077493,-4.77460575028624,52.5584332023617,35.346120141476,37.9333672653377,70470.2083116683,4.5129200235874,6.0509156827156465
191400,191.4,0.191400000000001,6.16456070710884,0.190731916846185,0.21740850988182,297.202963021427,-4.77436138088122,52.4413860541738,35.3158288155688,37.9286766053568,70244.3267717885,4.52743201866415,6.0656557111199145
191500,191.5,0.191500000000001,5.93649656444159,-0.157603140673677,-0.231336063924453,293.510354137186,-4.77504020999323,52.4812306509208,35.3961551716156,37.923985945376,70448.8775053521,4.51428646442155,6.083304617431418
191600,191.6,0.1916,6.22082604231027,0.195746648588306,0.188982546818219,288.548569802421,-4.77498771090607,52.4253914294399,35.3251605838443,37.9192952853951,70224.0841792261,4.52873708319833,6.0964278230229985
191700,191.7,0.191700000000001,5.98167014735659,-0.183514215481202,-0.0718519137746658,297.026589643479,-4.77529426719577,52.5174607699104,35.3636924530015,37.9146046254142,70415.4333237255,4.5164305485989,6.110223743329426
191800,191.8,0.1918,6.17932057630443,0.14562666144917,0.0457373200719169,302.491282083992,-4.77509801789162,52.4253798602959,35.3658025493818,37.9099139654333,70287.4686225136,4.5246531193789,6.123349401231331
191900,191.9,0.191900000000001,6.09159746103169,-0.0927310170160551,-0.0546291499703189,305.362980532183,-4.77513209051299,52.4708747526614,35.3806687605686,37.9052233054525,70369.3276553644,4.51938969366945,6.135108985373535
192000,192.0,0.192,6.20928963339164,0.0633960178691062,0.0824266770714699,307.331439642556,-4.77512203337535,52.4709250085819,35.3450677319216,37.9005326454716,70289.8881369,4.52449737203592,6.147388242444142
192100,192.1,0.1921,6.14755547970067,-0.072374593158727,-0.0518614111562544,301.054694098296,-4.77437934407355,52.5125531626496,35.3584959060967,37.8958419854907,70363.6691037888,4.51975313690653,6.160022967167265
192200,192.2,0.192200000000001,6.30072023367228,0.0446280842142696,0.0667010320833183,295.735582187601,-4.77395206434047,52.469596299771,35.3467798594432,37.8911513255098,70274.1140940534,4.52551296100956,6.175256642944963
192300,192.3,0.1923,6.19105069083063,-0.0468114461625969,-0.0657106880447536,297.414295659087,-4.77447938921968,52.4872305088191,35.3743618502009,37.886460665529,70343.8780705902,4.5210247555155,6.184718510649026
192400,192.4,0.1924,6.30720704526183,0.0028867308341367,0.131309907948182,293.252174331497,-4.77420002827694,52.4860772412523,35.3427947778584,37.8817700055481,70270.8597617694,4.52572254323155,6.200690906651419
192500,192.5,0.1925,6.19131650212764,-0.0022049130146033,-0.0738417736790897,300.030118936644,-4.77502950496952,52.4694197824447,35.3858290453983,37.8770793455672,70325.3853311131,4.522213602652,6.207842004619214
192600,192.6,0.1926,6.23047320095263,0.0359816122720257,-0.0053978533369463,301.238295297996,-4.77431065351246,52.4555036928844,35.3893910270911,37.8723886855863,70305.1030021538,4.52351821668421,6.226334849452796
192700,192.7,0.192700000000001,6.21753144606205,-0.0306939658648006,0.0557984071790405,301.397985704045,-4.77351109684954,52.5005051759384,35.3727039560351,37.8676980256055,70323.5274417211,4.52233307579258,6.2326019607807535
192800,192.8,0.1928,6.23588637903671,0.0035421734237254,-0.060194017641965,301.370449593494,-4.77354563055694,52.4624038427012,35.4036481361003,37.8630073656246,70325.2537628329,4.52222206305327,6.2525420775619605
192900,192.9,0.1929,6.22694654170493,0.0659385468019518,-0.071907187443335,299.348693556185,-4.77447115744251,52.4689907626425,35.3974704095734,37.8583167056437,70313.0987536911,4.52300381853684,6.259807571476174
193000,193.0,0.193000000000001,6.24366582632841,-0.100862372013103,0.0682112123028509,301.892223452293,-4.77507755189727,52.5536296542789,35.3449277462617,37.8536260456628,70313.2709902664,4.52299273916766,6.280353051665018
193100,193.1,0.1931,6.29021728854684,0.0375716200463492,0.0066414655006955,297.960831755811,-4.77402241777668,52.4713550986465,35.3958228833632,37.848935385682,70295.5707862795,4.5241316145366,6.287880870025922
193200,193.2,0.193200000000001,6.28695240460125,0.106703059352427,-0.110580563906674,296.324627645913,-4.77304203739897,52.4297066209256,35.4385692355893,37.8442447257011,70315.8853849973,4.52282457107419,6.3065636554045685
193300,193.3,0.1933,6.35442199235612,-0.1006717510292,0.121082936561405,302.941293462062,-4.77346063248574,52.5379403670154,35.3583501786267,37.8395540657202,70292.8327652053,4.52430783687984,6.314683449900517
193400,193.4,0.1934,6.35818989242179,-0.011542146661022,-0.0456437583636315,301.677096071444,-4.77331649099557,52.4977978517116,35.3927265040245,37.8348634057393,70298.6972234459,4.52393041005083,6.332960959708519
193500,193.5,0.1935,6.34993294190935,0.0703527895192806,-0.0943212633331124,299.016502413896,-4.77375025597318,52.4660305276682,35.4210802609906,37.8301727457585,70303.7246152607,4.52360690555888,6.340621231104835
193600,193.6,0.1936,6.36187906346933,-0.0517206963432621,0.110371387234943,294.560206544347,-4.7740317524079,52.5620985345248,35.3469780038219,37.8254820857776,70276.3921359183,4.52536626440672,6.356870723253274
193700,193.7,0.1937,6.331685058657,-0.0275495503948416,-0.0023122740326285,296.98546181765,-4.77385151431602,52.5571306201693,35.3760909983545,37.8207914257967,70318.9053669649,4.52263032958855,6.361124436319032
193800,193.8,0.1938,6.38305566028485,0.0401734830125662,-0.0147253081791555,298.713716290408,-4.77297795730766,52.494245033633,35.4100411098101,37.8161007658158,70293.4520423515,4.52426797825341,6.377635821770539
193900,193.9,0.1939,6.35789942258343,-0.0545573825620091,-0.0090572776062778,307.169098872002,-4.77354945917983,52.5356322796797,35.3985040204436,37.811410105835,70317.228657179,4.52273817141731,6.383353648870375
194000,194.0,0.194000000000001,6.36684357827183,0.0270753960353515,0.0238823004761438,305.19272867889,-4.773489112513,52.5529279859432,35.3766986020171,37.8067194458541,70288.3282053339,4.52459778566719,6.397263467600132
194100,194.1,0.1941,6.34808882452115,-0.0492182459420851,-0.0262001078758949,301.418506003507,-4.77339618315826,52.5749014589831,35.3816723233907,37.8020287858732,70318.8778983739,4.52263209625899,6.405687657851484
194200,194.2,0.1942,6.43358956451784,0.0628985370082095,0.0187856534176754,295.973518154441,-4.7733511443986,52.5183143189272,35.3970565235919,37.7973381258923,70265.0149824934,4.52609900154919,6.419002119416398
194300,194.3,0.194300000000001,6.35816542985538,-0.0772411016713442,-0.0975930018379253,295.697394906786,-4.77400167562189,52.539418541316,35.4185659612866,37.7926474659115,70327.2364359076,4.52209457207855,6.428895526142403
194400,194.4,0.1944,6.52505141328128,0.102220222949437,0.126436489559084,299.039250947588,-4.7736731274478,52.5118530207577,35.3860718501323,37.7879568059306,70217.1355891392,4.52918524072197,6.4422092166717215
194500,194.5,0.194500000000001,6.40626105777026,-0.0948756588727801,-0.122646433046828,295.910237021688,-4.77214029748969,52.52911715172,35.4415710150982,37.7832661459497,70341.6520191055,4.5211678291224,6.456506771921271
194600,194.6,0.1946,6.55783923717146,0.160365675759939,0.0707542674242056,313.668430052831,-4.77381513433916,52.48249642065,35.4123426797787,37.7785754859688,70212.5459296857,4.52948130487378,6.4692448415233486
194700,194.7,0.1947,6.3964667713172,-0.173439549350798,-0.127523771657614,301.385940991074,-4.7723994513253,52.6004692150332,35.4189588043473,37.773884825988,70374.781638243,4.51903944499461,6.486830065457498
194800,194.8,0.1948,6.62419778826908,0.161646049302747,0.129832895777913,301.744652953827,-4.77303132425617,52.5172447875433,35.3873326531965,37.7691941660071,70191.9780334632,4.53080854915482,6.499346159726662
194900,194.9,0.1949,6.41217060178434,-0.130426156643051,-0.221812125488068,293.176640330832,-4.77293756806999,52.6189446900643,35.4149445947895,37.7645035060262,70374.0393991447,4.51908710756722,6.518165452400696
195000,195.0,0.195000000000001,6.72627128866144,0.0821550734067204,0.326974923824512,296.798116259311,-4.77299778385353,52.633490090421,35.300065355494,37.7598128460453,70156.4348437888,4.53310398203991,6.530750782138679
195100,195.1,0.1951,6.37084263724379,-0.147381846099162,-0.249510063552792,298.312119413969,-4.77191860651155,52.6216171476906,35.4413618072712,37.7551221860645,70412.6146847607,4.51661134272483,6.546907476461555
195200,195.2,0.1952,6.73346507325393,0.304161326819873,0.101469368456235,302.010464627057,-4.77200746752664,52.4881182678971,35.4046550315522,37.7504315260836,70152.5223651726,4.53335679793016,6.557516467152086
195300,195.3,0.195300000000001,6.42658079580238,-0.334510658315591,-0.0342299489158613,295.772212544292,-4.77127085700609,52.7143802481524,35.3811577616681,37.7457408661027,70399.4229032736,4.51745768701911,6.575373742600281
195400,195.4,0.1954,6.67444328155446,0.168368958660943,0.146409911373608,300.880668524004,-4.77212677117974,52.5901574397869,35.3650624075559,37.7410502061218,70192.850733785,4.53075221808923,6.585192859068501
195500,195.5,0.1955,6.47119743287558,-0.0731118537681844,-0.190897657113,295.668623924425,-4.77197823821818,52.5877285925078,35.4527580922182,37.736359546141,70354.914780811,4.52031553370374,6.59986706347304
195600,195.6,0.1956,6.64437816678155,0.0460518656291723,0.159697976424535,293.541385509926,-4.77200532709777,52.5937330434527,35.3818458078869,37.7316688861601,70213.4798779595,4.52942105574137,6.607221215125881
195700,195.7,0.1957,6.55547610383316,-0.0558600419254605,-0.0879813497549931,299.973977592127,-4.77177262409365,52.6262366122653,35.4176955973203,37.7269782261792,70319.3158010208,4.52260393226815,6.622923382233357
195800,195.8,0.195800000000001,6.63415352032039,0.035831478420948,0.0746893868210652,303.22694992883,-4.77129602861356,52.6016428554541,35.4074796503845,37.7222875661983,70257.4436864005,4.52658675678036,6.629947029814622
195900,195.9,0.1959,6.61295771898071,-0.0101052925541082,-0.0704992035670913,305.630164289917,-4.77149146842634,52.6183632398318,35.4230706723723,37.7175969062175,70301.9797329149,4.52371918065922,6.647480442315681
196000,196.0,0.196,6.63509300656458,-0.029352133952392,0.0687944650873603,300.265146021155,-4.77142299495516,52.6325096141911,35.3990018544966,37.7129062462366,70264.3602368143,4.52614117718069,6.656197760602227
196100,196.1,0.1961,6.68661019028427,0.0334613770842914,-0.0547280779239483,296.177109594538,-4.77193284383305,52.6281092022218,35.4092755897729,37.7082155862557,70270.1354244061,4.52576919391628,6.6728150812088485
196200,196.2,0.1962,6.71622612301429,-0.0409744532844688,0.0133603958649763,295.578243607343,-4.77182770199494,52.6415373113585,35.4007434765609,37.7035249262748,70262.3872329382,4.52626827354673,6.680308448199094
196300,196.3,0.196300000000001,6.7243629474511,0.0374514301378978,-0.0619962840676537,301.34251430259,-4.77196593337141,52.6283934802718,35.4095908438388,37.698834266294,70253.6580695098,4.52683067181276,6.6942252913285
196400,196.4,0.1964,6.76604780979759,0.0023670418978939,0.0409653079921431,295.122102546767,-4.77043030193552,52.663161499771,35.3878086594203,37.6941436063131,70248.083198583,4.52718992000222,6.70246901433263
196500,196.5,0.1965,6.77172405540984,-0.0326336872931814,-0.0015483152691496,304.963422548383,-4.77121900492388,52.6348260737048,35.4153318374699,37.6894529463322,70256.1491015878,4.52667016656789,6.717632359149963
196600,196.6,0.196600000000001,6.7283013673479,0.0124511453008417,-0.09126739528,294.97600199382,-4.77007385383782,52.593496717512,35.4634587314248,37.6847622863513,70287.6326439562,4.52464256076277,6.724693040608101
196700,196.7,0.1967,6.85324813609417,0.0481650165736913,0.08010229582839,300.971260486276,-4.77126153440987,52.5944688669639,35.4239774304625,37.6800716263705,70201.9403266721,4.53016558625337,6.736718561741382
196800,196.8,0.196800000000001,6.7365880951002,-0.0880781086801243,-0.0785072785075904,299.171050750826,-4.77182034064229,52.6434345604492,35.4355865980444,37.6753809663896,70281.5765033069,4.52503244774452,6.744983117281338
196900,196.9,0.1969,6.81104144410938,0.0874416236460356,0.0698724327019441,298.796937313582,-4.77158159439103,52.6029395450687,35.428963644261,37.6706903064087,70205.6462264047,4.52992645535241,6.757042780020765
197000,197.0,0.197,6.68333933310174,-0.0920663164529382,-0.110271793995448,300.686198973792,-4.77060714481123,52.6648628651386,35.4544559642341,37.6659996464278,70330.10751328,4.52190996716522,6.765692127553089
197100,197.1,0.197100000000001,6.8493317803967,0.128909686519624,0.118948971046483,305.196918231052,-4.77056482310285,52.6497775787445,35.4048153573489,37.661308986447,70202.7759449772,4.53011166403679,6.778600759200709
197200,197.2,0.1972,6.61254645176166,-0.1615874304859,-0.14415623131786,303.368654296189,-4.77036143655022,52.6915327993629,35.4660211030158,37.6566183264661,70371.1449423414,4.51927298350308,6.78943300117258
197300,197.3,0.1973,6.94084784195094,0.197099514514582,0.139418998055722,302.276785706282,-4.77052433124821,52.5631456044756,35.4454752762597,37.6519276664852,70150.2732603425,4.53350214297583,6.7996056603707835
197400,197.4,0.1974,6.6213429396083,-0.214803346928287,-0.199047426980467,300.86892084021,-4.77148223869044,52.6550606940006,35.5037406912734,37.6472370065043,70379.68824659,4.51872439448482,6.813301740618346
197500,197.5,0.1975,6.95057748371803,0.19122895027206,0.178201715015473,297.743824901609,-4.77115265910447,52.589019246224,35.4307779069303,37.6425463465235,70138.2221084186,4.53428108948217,6.822764236907347
197600,197.6,0.197600000000001,6.72044677239001,-0.224263298196194,-0.122668020629612,296.31374538841,-4.77034086937227,52.6866977989732,35.4774650666533,37.6378556865426,70352.3215610022,4.52048215466981,6.8375051401755975
197700,197.7,0.1977,6.94179873400061,0.197657000440605,0.214336802350055,294.367271127572,-4.76941206065809,52.5914802804908,35.4447765813103,37.6331650265617,70151.7296029691,4.5334080279418,6.847852292659846
197800,197.8,0.1978,6.66981181328401,-0.133054265835136,-0.196127866286054,296.177729482403,-4.76920653712804,52.663256095683,35.5168206430446,37.6284743665808,70381.4807881665,4.518609307373,6.86346523661318
197900,197.9,0.197900000000001,6.94415750222397,0.245773324402075,0.172250136618462,298.801197723014,-4.76935654323659,52.6258770563623,35.4306896481508,37.6237837066,70152.220428351,4.5333763096054,6.873842883373249
198000,198.0,0.198,6.75870146747375,-0.280297874063179,-0.119066763807819,297.071549461368,-4.76930693246875,52.7562832258043,35.4563766220127,37.6190930466191,70368.2683702502,4.51945772607012,6.887522386627923
198100,198.1,0.1981,7.01486957652857,0.204924817403803,0.15724612568908,303.676229027434,-4.77067509790698,52.5810727645411,35.4587641006117,37.6144023866382,70130.5432315503,4.53477756626059,6.896692879987547
198200,198.2,0.1982,6.77174733760952,-0.0803943514691769,-0.233994608580898,294.164806286366,-4.7699582845592,52.630960608685,35.5294011049071,37.6097117266573,70328.1491854643,4.52203588235241,6.90940025037715
198300,198.3,0.1983,7.06049283079896,0.059538006405203,0.289322098356118,298.803186961948,-4.76969764585975,52.6668710613779,35.4117452782137,37.6050210666765,70134.3353497479,4.53453237376756,6.919223976605155
198400,198.4,0.198400000000001,6.77027540739975,-0.123447775015311,-0.216831602334296,300.948858963949,-4.76910384524133,52.703330139244,35.5004159539692,37.6003304066956,70349.8475307251,4.52064112885541,6.926872441850222
198500,198.5,0.1985,7.07623231018911,0.25795028723199,0.118552681372778,301.533814938715,-4.76902703950317,52.5880436951579,35.4739640794661,37.5956397467147,70134.9055464416,4.53449550802508,6.936516888225064
198600,198.6,0.1986,6.80106072102875,-0.213534283013152,-0.128037033345749,298.234307305832,-4.76890391553194,52.7204652197398,35.492084066128,37.5909490867338,70338.649603295,4.52136081584946,6.944623957311616
198700,198.7,0.1987,7.12428681160201,0.168160255119943,0.144552775924725,304.084557458967,-4.76995876382593,52.6394703638547,35.4444350927565,37.586258426753,70127.5498260798,4.53497113395272,6.9554818831951
198800,198.8,0.1988,6.87875341195109,-0.119906716919426,-0.14102548417653,293.875386400221,-4.76978263970803,52.6945094126124,35.4986437556006,37.5815677667721,70299.4649850338,4.523881002847,6.967170252837006
198900,198.9,0.198900000000001,7.12215743459918,0.161447872264039,0.120194574156298,294.835828337804,-4.76962244489682,52.6554397030023,35.4513723797086,37.5768771067912,70145.0421068852,4.53384023451725,6.977840823048672
199000,199.0,0.199,6.8573213556528,-0.131751277712904,-0.135175295753208,298.382458281984,-4.768985532156,52.7586902395266,35.475570316705,37.5721864468103,70321.7808280592,4.5224453990108,6.991590214923047
199100,199.1,0.1991,7.13081373839125,0.151421570301871,0.145485645031519,306.352476111567,-4.76937055293171,52.6697372276447,35.4497905649837,37.5674957868295,70143.4417550692,4.5339436759691,7.003197945200995
199200,199.2,0.199200000000001,6.93477149938424,-0.172741805455492,-0.186714883156608,304.006507326413,-4.76903361330215,52.7145619616852,35.5146420817458,37.5628051268486,70322.7849360449,4.52238082501045,7.014587121681562
199300,199.3,0.1993,7.14160777096233,0.116674030639452,0.172964013114725,304.746483340915,-4.76896879219026,52.6731088102045,35.4522449092701,37.5581144668677,70135.2700531471,4.53447194136571,7.028723931953722
199400,199.4,0.199400000000001,6.92632601747312,-0.175421064602584,-0.0993553315139388,299.025380481899,-4.76843712633385,52.7378054224583,35.4989696758018,37.5534238068868,70305.1825556701,4.52351309811732,7.0405007150804995
199500,199.5,0.1995,7.20853266998505,0.178383171218192,0.0749711150838114,296.676809978341,-4.76851854610686,52.6388991887997,35.4821011507693,37.548733146906,70131.2237422457,4.53473356354011,7.054052298059467
199600,199.6,0.1996,6.94675618312095,-0.108255688587977,-0.136017585833218,294.260652039423,-4.7682525462729,52.7525871000417,35.4963436696372,37.5440424869251,70302.1191557847,4.52371020923819,7.0646685007083985
199700,199.7,0.1997,7.16470889659803,0.0636547886829721,0.167601896910495,300.007918422337,-4.76806988113156,52.7318866194599,35.4404377540497,37.5393518269442,70155.0852654862,4.5331911856796,7.075957620743283
199800,199.8,0.1998,7.02362989222552,-0.0730005030175309,-0.142915250652647,300.555924103176,-4.76723046119424,52.7176970479729,35.5191510540624,37.5346611669633,70283.1967889177,4.52492812914067,7.079683323776494
199900,199.9,0.1999,7.12807375519659,0.0906430508571091,0.0705993161552505,306.695862194331,-4.76801564975526,52.6735049676235,35.5043110395285,37.5299705069825,70186.1678358733,4.53118362153339,7.090067432639391
200000,200.0,0.2,7.05635763490917,-0.0796718349212814,-0.0393183863783258,294.959769457829,-4.76715109681259,52.69035648728,35.5364739749972,37.5252798470016,70263.4403074604,4.52620043602299,7.092601638667253
200100,200.1,0.2001,7.20075349192539,0.171590926974002,-0.0197247730162194,301.130418953889,-4.76820549878521,52.6499579671817,35.5206599911024,37.5205891870207,70169.5521810268,4.53225657384335,7.101393988204182
200200,200.2,0.200200000000001,6.98893455867813,-0.172581722172112,0.0581289332406347,297.957136696216,-4.76775754947008,52.7895396548243,35.4811811143749,37.5158985270398,70268.5991549495,4.5258681399756,7.106865996889524
200300,200.3,0.2003,7.15997525287459,0.0939075605364269,0.0608756974582066,295.451655858213,-4.76721376336223,52.6820719302548,35.5128227120965,37.511207867059,70179.3091972865,4.53162645505777,7.112583907878372
200400,200.4,0.2004,7.02265493754461,0.0173200528807746,-0.145717690861122,299.463145928916,-4.76717880791363,52.6404019814496,35.5866043530599,37.5065172070781,70260.702075676,4.5263768331487,7.120528485797482
200500,200.5,0.200500000000001,7.13848335299849,-0.0033967008537756,0.0639693511327834,303.422729898972,-4.76676705430554,52.6958163629458,35.5282839031408,37.5018265470972,70210.6168061187,4.52960575797687,7.125791197331347
200600,200.6,0.2006,7.07353514664911,-0.0474995944921753,-0.0034446970823622,302.901281821326,-4.76622243229969,52.7521756007794,35.5168299677168,37.4971358871163,70254.2607480962,4.52679183824051,7.130945174728629
200700,200.7,0.200700000000001,7.10130438643555,0.0713869323768215,0.0409280401363198,297.946543486364,-4.76691251980815,52.681971418222,35.5400300458819,37.4924452271354,70197.8118218765,4.53043201635799,7.13482113705733
200800,200.8,0.2008,7.09088662697329,-0.0299040940344781,-0.0569386554036549,300.298154262442,-4.7676169921679,52.697309116902,35.5567259665049,37.4877545671546,70242.4469254499,4.52755318295833,7.139400004741189
200900,200.9,0.2009,7.2317028523508,0.0546425942768719,0.0137929280885824,296.683180119227,-4.76727238980798,52.7190113912681,35.5147000060438,37.4830639071737,70179.5358371357,4.53161182049053,7.142894501170015
201000,201.0,0.201000000000001,7.13690737926792,-0.0497255931577639,0.0286010390156008,297.521891065783,-4.76697676128069,52.7771704682912,35.5097728836953,37.4783732471928,70238.419316138,4.52781280177575,7.141380643362493
201100,201.1,0.2011,7.1978804074336,0.0146578427178528,-0.0107938914693461,303.61343679595,-4.76648812926091,52.7360511010941,35.5304131076189,37.473682587212,70215.7012254938,4.52927776274396,7.1385809835513205
201200,201.2,0.2012,7.14685428019898,-0.0489054256793722,-0.0207081990736595,307.53224206287,-4.76666120631285,52.73535796952,35.5502928037209,37.4689919272311,70245.2705202972,4.52737119240234,7.131868994585664
201300,201.3,0.2013,7.13746625124291,-0.0248263983145359,-0.014388939063661,304.115140052987,-4.76681694043322,52.7263808729867,35.5559361966346,37.4643012672502,70235.6680889549,4.52799016239606,7.130186591822897
201400,201.4,0.2014,7.17213196271924,0.0627960278741261,0.0349898012757587,297.378031125616,-4.76628313830185,52.6985091070353,35.5627256385787,37.4596106072693,70203.1544183118,4.53008724168025,7.123650013737023
201500,201.5,0.201500000000001,7.0992997780405,-0.0087570844995524,-0.0880954786301368,301.440683981324,-4.76674623558672,52.7299675092705,35.5716020192399,37.4549199472884,70253.797024404,4.52682171820023,7.120891693535951
201600,201.6,0.2016,7.16904896919812,-0.0498447769695047,0.0927678419923239,300.965050739074,-4.7665137553,52.7749675285168,35.5253885781237,37.4502292873076,70213.6083924736,4.52941276537773,7.112905853115451
201700,201.7,0.2017,7.11983249448041,-0.0010386318947612,-0.0038227235799218,299.32020346916,-4.76557146795272,52.7297153390922,35.5734002411699,37.4455386273267,70239.4152675764,4.52774860019241,7.108571311786846
201800,201.8,0.201800000000001,7.14072161419025,0.0683599796143359,-0.0743726849999186,307.664441801506,-4.76542804050062,52.6630470386071,35.6243375938731,37.4408479673458,70242.2569307724,4.52756542930468,7.0987167017946895
201900,201.9,0.2019,7.08854287228756,0.0350467904223149,-0.0292138337995754,300.746783186742,-4.76497170382978,52.715600683932,35.5986769172438,37.436157307365,70252.903839819,4.52687927151343,7.089438385142226
202000,202.0,0.202000000000001,7.07408636386103,-0.153460556857506,0.148426886787444,301.75011704131,-4.76587236551132,52.7757692649179,35.5620571577453,37.4314666473841,70251.9351989395,4.52694168858858,7.0778214525947165
202100,202.1,0.202100000000001,7.00124042238376,0.121518768295586,-0.137076372045575,298.766653224326,-4.76571633188747,52.6735506370226,35.6460330481383,37.4267759874032,70272.6316188722,4.52560843147213,7.069764511023235
202200,202.2,0.2022,7.10412187273575,0.0045596594805374,0.0814895648824226,293.262337837491,-4.76484027999272,52.6826074064994,35.6188759851587,37.4220853274223,70222.3657282491,4.52884790846867,7.060392010969345
202300,202.3,0.2023,7.08222940514563,-0.0297606083636401,-0.0612386694844036,301.592442320608,-4.76558086319666,52.7163645288608,35.6308587180264,37.4173946674414,70282.1901050843,4.52499294174807,7.051004710575178
202400,202.4,0.2024,7.15395953184529,0.0594940981973016,0.0095247260027534,303.322159092131,-4.76537066858021,52.6821452704972,35.6245099784491,37.4127040074606,70215.2503806722,4.52930684476551,7.046494309471673
202500,202.5,0.202500000000001,7.06701060627727,-0.108473998088935,-0.0195779256763492,308.177164692353,-4.76553124533304,52.7146354265117,35.6398060771047,37.4080133474797,70279.907954086,4.52513987872423,7.0388704800269695
202600,202.6,0.2026,7.14790828533815,0.13772729136134,0.0249980932795097,302.845858157256,-4.76507796776588,52.6667909344451,35.6383297726059,37.4033226874988,70204.4082704372,4.53000633423218,7.033500598941834
202700,202.7,0.2027,6.99499578956872,-0.117648797715822,-0.0428710351137406,298.287365588882,-4.76535608863645,52.7051605602658,35.6687887180471,37.3986320275179,70306.7817489565,4.52341020659537,7.0298911247286195
202800,202.8,0.202800000000001,7.17218884476808,0.182554546544797,0.0737210594047896,295.686818401247,-4.76538895175166,52.6539896263032,35.6414298860447,37.3939413675371,70175.844118513,4.53185021357235,7.025696659626677
202900,202.9,0.2029,6.75916792042834,-0.245124088751758,-0.126071008660914,299.113962712666,-4.76548630114544,52.7668337677919,35.6760098020262,37.3892507075562,70385.6412928243,4.51834221177331,7.019259650893752
203000,203.0,0.203,7.04592441122793,0.235788249619275,0.125050436320118,299.848742023531,-4.76425160363492,52.6302749226339,35.6742136804673,37.3845600475753,70191.1442095801,4.53086237213236,7.0127026388844405
203100,203.1,0.2031,6.79737980040934,-0.149137608483677,-0.16185996772704,296.849649910535,-4.76332534922498,52.6996413523876,35.7346985009082,37.3798693875944,70393.9866408396,4.51780655326029,7.002719019517604
203200,203.2,0.2032,7.03568024545999,0.137334406490494,0.222252296967084,299.128295372386,-4.76383254768277,52.6203150488933,35.691016441667,37.3751787276136,70193.296456315,4.53072344812909,6.995421666140599
203300,203.3,0.203300000000001,6.69910078478718,-0.0969133492715551,-0.232418535700379,299.633513153294,-4.76445980936661,52.6491057523209,35.7840900802018,37.3704880676327,70406.0123331296,4.51703488973846,6.983818763273023
203400,203.4,0.2034,6.95173198044354,0.0727328249748113,0.174074593476806,300.675786336326,-4.76491327260447,52.6295319979758,35.7070438895128,37.3657974076518,70219.4882832524,4.52903349100527,6.979633693234418
203500,203.5,0.2035,6.7654878828709,-0.0724082954826149,-0.140880017671154,293.058638588148,-4.76429829505711,52.7109003234499,35.7326820742234,37.3611067476709,70369.7134196405,4.51936491853525,6.973620942185283
203600,203.6,0.2036,7.06166614044473,0.0774576723809125,0.203494978834182,296.485980108392,-4.76451129445574,52.6738339135206,35.6789918216303,37.3564160876901,70205.7540294697,4.52991949951292,6.970709221928936
203700,203.7,0.2037,6.87999899222943,-0.0325267869228743,-0.176630305971541,299.305606391783,-4.76381143143096,52.6729656049036,35.7648441790608,37.3517254277092,70364.6896434074,4.51968758432375,6.961492044993553
203800,203.8,0.203800000000001,6.99105905306456,0.0772371868100607,0.0832710120901591,301.694423515143,-4.76345815545142,52.6604581653741,35.7258145959112,37.3470347677283,70262.3869174986,4.52626829386719,6.957568860736588
203900,203.9,0.2039,6.87638663370834,-0.126376281880728,-0.0070620377139104,303.561139717264,-4.76407697687122,52.7309742834644,35.7239754373537,37.3423441077474,70344.0152600495,4.52101593831991,6.945347374892874
204000,204.0,0.204,6.95450957281254,0.137325259183813,-0.0033068873371568,296.996280226451,-4.7641038816403,52.6252354726085,35.7602942729744,37.3376534477666,70265.5025132701,4.52606759762433,6.937807692117854
204100,204.1,0.204100000000001,6.82342363947353,-0.0017845689593785,-0.066133056416946,297.981540644832,-4.76460814778282,52.6581603192435,35.7855409948556,37.3329627877857,70350.2632568944,4.52061441468644,6.923923653166085
204200,204.2,0.2042,6.92850768821304,0.0404952844642668,0.101105776493435,300.063841663512,-4.76443532295034,52.7045384067079,35.7199385423847,37.3282721278048,70274.3123441805,4.5255001941323,6.915640071984322
204300,204.3,0.2043,6.89036275893051,-0.162937603998121,-0.0153728539384402,306.801616584194,-4.76343642810003,52.7435618368359,35.736913095338,37.3235814678239,70350.9233187399,4.52057200038749,6.898341914384683
204400,204.4,0.2044,7.06318485520645,0.145035470051435,0.0278135871109793,302.933566923558,-4.76316082519353,52.5920565730328,35.7837784296453,37.3188908078431,70232.0066480464,4.52822622240922,6.882183109836855
204500,204.5,0.2045,6.91477952537154,-0.0642683874480072,-0.19448544230194,295.19108660365,-4.76302778725975,52.6315370089506,35.8291622027685,37.3142001478622,70365.0244343826,4.51966608002348,6.859455901562588
204600,204.6,0.204600000000001,7.07153029494974,0.0942291409768706,0.199949734730331,296.638547310114,-4.76372441018733,52.6655463504659,35.7339713553412,37.3095094878813,70214.5987237398,4.52934888095539,6.837416560282511
204700,204.7,0.2047,6.84572573032453,-0.135392628555069,-0.101570130882005,295.602073597541,-4.76372295960825,52.7025701011635,35.7923052083118,37.3048188279004,70369.8134712791,4.51935849291263,6.808374359839722
204800,204.8,0.2048,7.04997427018014,0.200123281535571,0.129451022415791,298.429778249883,-4.76334599366992,52.5802587351999,35.8019905231506,37.3001281679196,70216.667873632,4.52921540977209,6.783040318282537
204900,204.9,0.2049,6.72622164559261,-0.204219489531385,-0.127538560984318,304.856207857511,-4.76296335121801,52.6651194665929,35.8609018431625,37.2954375079387,70436.8599469386,4.51505666771173,6.756953301836925
205000,205.0,0.205,6.90293689079195,0.114889780292913,0.129778298901299,305.773465254621,-4.76301379619213,52.5819116310331,35.8343537362003,37.2907468479578,70264.6728941007,4.52612103717348,6.735958505871529
205100,205.1,0.205100000000001,6.72667398226871,-0.0693008357091809,-0.101502365339084,295.88082736345,-4.76255622166524,52.5793716295123,35.9057332937961,37.2860561879769,70392.3788290869,4.51790974315945,6.7097322753596815
205200,205.2,0.2052,6.78094490609194,0.132057392056738,0.100726799242181,294.881795970789,-4.76271123168384,52.5172148424712,35.9009539743355,37.2813655279961,70290.9618408695,4.5244282597253,6.6897722725821
205300,205.3,0.2053,6.53645878556172,-0.0983360541595727,-0.110224782759173,298.918201775843,-4.76323129018325,52.5986353101724,35.9166117962352,37.2766748680152,70421.7807336858,4.51602346380282,6.663352074148162
205400,205.4,0.205400000000001,6.72498150168741,0.073794168250777,0.149732009532193,300.520879999923,-4.76320728537375,52.5724227998917,35.8689543041823,37.2719842080343,70284.44522043,4.52484775484377,6.6494664967826065
205500,205.5,0.2055,6.54026099366086,-0.107592710347216,-0.16548477734039,305.048948426232,-4.76297236569409,52.5882649683514,35.9409612770917,37.2672935480534,70437.897673124,4.51499014964849,6.615258150256369
205600,205.6,0.205600000000001,6.7219882975499,0.132243252181311,0.143463674378889,304.11999723441,-4.76196618799609,52.5100742500174,35.9248402829139,37.2626028880726,70292.7714327674,4.52431178446683,6.591789192985422
205700,205.7,0.2057,6.52231514886569,-0.0863049157518005,-0.161087416936844,302.908256294435,-4.7625369667658,52.5537398726926,35.9770740612138,37.2579122280917,70444.6446222334,4.51455771920707,6.553610133384108
205800,205.8,0.2058,6.64525601507011,0.102090891687877,0.189604016531476,303.944358388829,-4.76346722227399,52.5380321303388,35.9144267700486,37.2532215681108,70292.1093985119,4.52435439592649,6.525510883521005
205900,205.9,0.205900000000001,6.31817167616485,-0.169937539861915,-0.157283146809685,299.605723170671,-4.76335582863969,52.6037061760372,35.9767394408837,37.2485309081299,70493.2109235171,4.51144741443472,6.482702370565523
206000,206.0,0.206,6.45559425667292,0.158217973681031,0.107946377585693,298.671109304743,-4.7633399569884,52.5131261731855,35.9596160556908,37.2438402481491,70329.4748225901,4.52195064670029,6.45317789324452
206100,206.1,0.2061,6.18821576877641,-0.177375371442674,-0.0959236884490738,303.068012318553,-4.76371367755731,52.5944210568917,35.9954726243679,37.2391495881682,70499.7072877223,4.51103169631866,6.41305314623083
206200,206.2,0.2062,6.39305181892022,0.0705202501034716,0.176787283482236,299.391363445172,-4.76300714021304,52.4933213010535,36.0007302341839,37.2344589281873,70365.6022624062,4.51962896544428,6.385329776665531
206300,206.3,0.2063,6.09062147433098,0.0195329820074079,-0.224463417585358,301.754673283652,-4.76311074337017,52.4399043437676,36.1244408937499,37.2297682682064,70526.6666505725,4.50930731962392,6.346569654668972
206400,206.4,0.206400000000001,6.28147450209985,0.0560592017396306,0.168782674629507,295.133105787319,-4.76304973241485,52.4399264366132,36.0531982488197,37.2250776082256,70378.7391845968,4.51878532978474,6.314063693582608
206500,206.5,0.2065,6.0852660964624,-0.0916963522569553,-0.0590692205137091,296.142782516333,-4.76377449783478,52.4916334905847,36.0818533437877,37.2203869482447,70495.2424620838,4.51131740311631,6.270354511957279
206600,206.6,0.2066,6.14640436325756,0.0239889701909562,0.0854327509059769,297.304654542462,-4.76404289178181,52.4313443786793,36.0908876265042,37.2156962882638,70423.029788788,4.51594336554284,6.232919568526464
206700,206.7,0.206700000000001,5.93817984346598,0.0284651988071806,-0.116223112664323,290.187885393912,-4.76337227039025,52.4244980300277,36.1485639430765,37.2110056282829,70517.4723145671,4.50989526024753,6.188320384063448
206800,206.8,0.2068,6.11430630917533,0.0523528064256397,0.11880563470539,297.081823980743,-4.76386921899327,52.4543498904567,36.0824294518407,37.2063149683021,70419.6623289638,4.51615931741408,6.149023274132808
206900,206.9,0.206900000000001,6.03061354276234,-0.100209982942717,-0.0006869746114694,301.667904613048,-4.76381559756696,52.5023015326194,36.0912432932906,37.2016243083212,70492.3660347894,4.51150148654608,6.103424964588417
207000,207.0,0.207,6.14319271073779,0.0953707119444286,0.0692842106814724,303.835841056583,-4.76375717602259,52.4308144168842,36.104124757966,37.1969336483403,70412.6298255177,4.51661037152243,6.063327426073049
207100,207.1,0.2071,6.05039690449823,-0.0899194104554257,-0.0665272578306561,304.88380152131,-4.76464910680831,52.4521841129542,36.1369268427672,37.1922429883594,70496.4364182096,4.51124099762232,6.013225074912654
207200,207.2,0.2072,6.1607219696527,0.12859180458018,0.0264752838025771,294.416216503513,-4.76415875376195,52.4117174599254,36.1217037457821,37.1875523283786,70403.4938107743,4.51719647622705,5.975730679629369
207300,207.3,0.2073,6.09804322779814,-0.0676016108761124,-0.0153735190750117,299.526525733718,-4.76480593906359,52.476902146748,36.112633997711,37.1828616683977,70464.466277736,4.5132877740477,5.924832355457152
207400,207.4,0.207400000000001,6.06828591071468,0.0433833399836889,-0.0001415273777668,302.490573923016,-4.76521271930147,52.4499554114423,36.1245348582142,37.1781710084168,70442.6049731768,4.51468843716386,5.8882246657596795
207500,207.5,0.2075,5.93043602726311,-0.0395116125988627,-0.122094170438194,304.803900198244,-4.76568281834704,52.4704757855502,36.1462087531595,37.1734803484359,70503.5488819786,4.51078589942291,5.836876113362053
207600,207.6,0.2076,5.98313377905922,0.0338794597139359,0.113822377590089,302.573563780169,-4.76592520028972,52.5004489956208,36.0921007265595,37.1687896884551,70429.3366467925,4.51553896852706,5.796466892568454
207700,207.7,0.207700000000001,5.81022176737993,-0.169706719062395,-0.0023015352454997,296.205821321618,-4.7656456230857,52.5296241895125,36.128335346488,37.1640990284742,70530.3199277836,4.50907374986718,5.745350691915535
207800,207.8,0.207800000000001,5.82199488873836,0.176697142470448,0.0726033045502967,296.241247873864,-4.76543111296889,52.3581203192734,36.201649560446,37.1594083684933,70433.8126109742,4.51525201273219,5.698456080985989
207900,207.9,0.2079,5.50172578933938,-0.0796320460666952,-0.207380638523625,303.280231143333,-4.76518969696319,52.3850187976797,36.2876506352297,37.1547177085124,70628.4900633073,4.50280635861028,5.641881106871699
208000,208.0,0.208,5.67996430540457,0.115233483262793,0.209672366551716,300.301402924207,-4.76436368218934,52.3810686161041,36.2120094361412,37.1500270485316,70467.0536560036,4.51312205713326,5.5896594844365595
208100,208.1,0.2081,5.50185993983538,-0.129482833231225,-0.141314409357174,300.361304086491,-4.76517228547228,52.4489355328286,36.247276489726,37.1453363885507,70618.1530340222,4.50346547583714,5.533220676585195
208200,208.2,0.208200000000001,5.66448743161924,0.066516702459683,0.195498786445518,297.48278776115,-4.76537120638176,52.3915482410557,36.211148615604,37.1406457285698,70461.6783524132,4.51346634926147,5.4813527048724495
208300,208.3,0.2083,5.47987470687858,-0.0635365521602803,-0.206180750608307,296.084057282075,-4.7652815361374,52.3773269822303,36.3044605357281,37.1359550685889,70615.1549377529,4.50365667874612,5.428181528186109
208400,208.4,0.2084,5.55122121289689,0.15141328546719,0.109424152325563,304.083868037276,-4.76637481082019,52.3469489564297,36.2639912841765,37.1312644086081,70486.6245739531,4.51186896916075,5.3769720574274515
208500,208.5,0.2085,5.24087443319817,-0.17816636772094,-0.075560753784608,299.798603855557,-4.76686894706524,52.4681591670614,36.2688771360514,37.1265737486272,70650.4300151458,4.50140804646094,5.321845321871583
208600,208.6,0.2086,5.29517795351655,0.0921921298675522,0.166296579460186,297.681094562524,-4.76696829286938,52.3981097506817,36.2591603687703,37.1218830886463,70528.2912628488,4.5092034481718,5.270091736658599
208700,208.7,0.2087,5.05688361896829,-0.0425444299715388,-0.189751301749813,295.135488069226,-4.76649372059746,52.381999161946,36.3566193212011,37.1171924286654,70687.1839626459,4.49906753003715,5.214172022124815
208800,208.8,0.2088,5.14663473166386,0.053425200616415,0.0667718255588799,301.361884768379,-4.76684100344293,52.3502177235507,36.3367820377922,37.1125017686846,70596.8278791132,4.50482583581059,5.167381124884074
208900,208.9,0.2089,4.93826607955272,-0.0948050598228554,0.0071049532699952,302.007690619851,-4.7666030109829,52.355369805883,36.3783295373759,37.1078111087037,70675.5702806546,4.49980683414667,5.110562979883828
209000,209.0,0.209000000000001,5.10695269394244,0.112187815616357,-0.025875872434792,305.99761055788,-4.76620664233137,52.255316512758,36.4188289350585,37.1031204487228,70610.1112207903,4.50397837728464,5.060228693324401
209100,209.1,0.2091,4.88086532148164,-0.0897078926767648,-0.0353111184994952,309.657914271629,-4.76650383012773,52.3003585643959,36.4440335928831,37.0984297887419,70710.9436275251,4.49755579322105,5.0044130436360845
209200,209.2,0.2092,4.89025672021224,0.0410071373044847,0.0611446753353797,301.857025684579,-4.76670377693232,52.26939693216,36.4358643768394,37.0937391287611,70644.3086917297,4.50179809309018,4.949767114685065
209300,209.3,0.209300000000001,4.70907281397818,-0.0369025559850823,-0.0571276228073056,304.867164695727,-4.76792903951868,52.2593967330593,36.4823065143553,37.0890484687802,70711.8779694065,4.49749636537297,4.890766279041827
209400,209.4,0.2094,4.79158037696944,0.113123330315392,0.0404045589946215,298.083615976901,-4.76757377716345,52.2127876729427,36.4816100164649,37.0843578087993,70638.5279443998,4.50216650050273,4.837827276879409
209500,209.5,0.209500000000001,4.71520095618663,-0.110780366124856,-0.125585617550896,301.164621121401,-4.76793072395399,52.3050341724639,36.477149846111,37.0796671488184,70745.7270868821,4.49534448583075,4.783585628924174
209600,209.6,0.2096,4.87092382120479,0.0796591461363849,0.182458201270267,291.561736179994,-4.76672276010254,52.3048743195455,36.4108875335604,37.0749764888376,70608.0654043137,4.50410887672718,4.739127015593077
209700,209.7,0.2097,4.56801725534683,-0.167516738786886,-0.0784136878083662,305.959737787894,-4.76808742833748,52.2916593118295,36.5099593944875,37.0702858288567,70773.3425912826,4.49359041853811,4.69290447973697
209800,209.8,0.2098,4.76572924360086,0.20076518721032,0.0007862643075172,308.738710867145,-4.76816854580518,52.1291184005904,36.5573833615929,37.0655951688758,70636.0591164478,4.50232385744818,4.652130550811377
209900,209.9,0.2099,4.45864112340386,-0.116052419878404,-0.129818211936791,303.749703915818,-4.76809082656449,52.2384090907177,36.5683175331433,37.0609045088949,70796.3611497887,4.49212938336241,4.613265760768517
210000,210.0,0.210000000000001,4.59868832713307,0.0470830063943548,0.16505168750322,297.737556931759,-4.76807577402783,52.2351461081791,36.5078053260209,37.0562138489141,70665.8494542592,4.50042582962165,4.5811325758951
210100,210.1,0.2101,4.36190311096039,0.005685558654655,-0.164423790229398,291.766869974625,-4.76796172156649,52.220642096766,36.58658390919,37.0515231889332,70789.7103547517,4.49255142537471,4.542994633434514
210200,210.2,0.2102,4.51682177405521,0.0566392371952686,0.0420534876085259,295.4814556955,-4.76840513327317,52.2174618687295,36.5438337646445,37.0468325289523,70693.738168193,4.49865040945297,4.514726979141165
210300,210.3,0.210300000000001,4.40598213364598,-0.0691616085939274,0.0141032222165203,304.425830404716,-4.76784686953333,52.2557648741738,36.5618845422339,37.0421418689714,70771.5769124965,4.49370252904379,4.479436565949266
210400,210.4,0.2104,4.4614355148913,0.0162727961745498,-0.0451061633121044,305.961454210854,-4.76792692625535,52.2101604885322,36.5833665445024,37.0374512089906,70742.3999114452,4.49555591207261,4.4542150933657
210500,210.5,0.2105,4.49359642327736,-0.0393917248754441,0.0472179030959002,305.483546885143,-4.76860457518902,52.2128745485368,36.5705141732497,37.0327605490097,70712.2664269991,4.49747165839214,4.4177123136208465
210600,210.6,0.2106,4.46016019177957,0.0321657271728956,-0.0899122013271083,301.161739850771,-4.76880473082056,52.1661635647901,36.6204664774445,37.0280698890288,70736.5453222951,4.49592799177691,4.39542583031078
210700,210.7,0.2107,4.5130976802361,0.0392437876745101,0.043118982299992,299.978474816937,-4.76888616561426,52.1870275609629,36.5918769303887,37.0233792290479,70700.6331988523,4.49821168166377,4.362530549461824
210800,210.8,0.210800000000001,4.3921214115943,-0.106475358404462,-0.0338527391371144,296.716979520091,-4.76854438028073,52.2432183318365,36.5930357656613,37.0186885690671,70770.0320532616,4.49380062335927,4.34783033465162
210900,210.9,0.2109,4.48972885033307,0.115374107383266,0.0070678476866503,299.272736236041,-4.76863440573234,52.1563254286221,36.6206234546168,37.0139979090862,70696.6306755477,4.49846635005338,4.326469672020947
211000,211.0,0.211,4.32658773416476,-0.109407019656376,-0.0282439305674834,300.184528796294,-4.76782204366335,52.2116231906279,36.6376037730651,37.0093072491053,70795.4281422228,4.49218858479408,4.314945422684991
211100,211.1,0.2111,4.36561771666704,0.124732143082987,0.0222146840019588,304.951965636044,-4.76818879444814,52.1901587278032,36.6191040482588,37.0046165891244,70721.6265776385,4.4968764089012,4.293986918716844
211200,211.2,0.2112,4.25114131987748,-0.0790641356514867,-0.017761219330927,306.67318499806,-4.76948539274346,52.2601136020211,36.6118845193868,36.9999259291436,70793.4843113629,4.49231193025284,4.279696026525907
211300,211.3,0.211300000000001,4.14583002068578,0.0235722970987084,0.0735118060702411,303.811284037877,-4.76966693730712,52.2496178525721,36.614619273557,36.9952352691627,70775.5795939277,4.49344838969554,4.2559159973608764
211400,211.4,0.2114,4.18309859786936,0.006318588122427,-0.0189874853274671,302.779751686778,-4.76969490447677,52.2120787946378,36.6533880543323,36.9905446091818,70790.6394015236,4.49249246573775,4.240555676819794
211500,211.5,0.2115,4.15948167869433,0.0305140524481455,-0.0177233534532021,302.711846554024,-4.76979565169814,52.2282751715684,36.6460113234984,36.9858539492009,70789.3696971544,4.49257304474752,4.217804707388329
211600,211.6,0.211600000000001,4.16837563690214,-0.0076149162950634,0.047877852556902,296.645177213539,-4.76967180745428,52.2663441936743,36.620595469986,36.98116328922,70782.8580255202,4.49298633917043,4.207252230073843
211700,211.7,0.2117,4.21640914200094,-0.0214162029946188,-0.0020247029048307,293.61286848959,-4.76969045473948,52.2342795475633,36.6468272037942,36.9764726292392,70781.1262395197,4.49309626806329,4.188953394319011
211800,211.8,0.2118,4.18415980936637,0.0408805741616191,0.0204506893445295,295.741284069682,-4.76906336174624,52.2079843376653,36.6665723751283,36.9717819692583,70774.6325092205,4.49350851966162,4.175209417196882
211900,211.9,0.2119,4.19131265898072,-0.040267261348331,-0.0260678166216956,305.038000447263,-4.76941511540676,52.2508720370353,36.6607373152764,36.9670913092774,70812.5148637013,4.49110464115325,4.154434775601996
212000,212.0,0.212,4.21487642372623,0.0079613121091561,0.0091465059499634,304.494868026556,-4.76938458751566,52.249708712385,36.653745318924,36.9624006492966,70788.449793766,4.49263142620916,4.140746446372715
212100,212.1,0.212100000000001,4.0634979343448,-0.0167220288588525,-0.0481850949030185,297.51776243757,-4.76913149386043,52.2507066156865,36.6852267625202,36.9577099893157,70841.6110460744,4.48926004730839,4.1226032345926695
212200,212.2,0.2122,4.10497500948853,0.0301147397672729,0.0162443117411676,300.28158427737,-4.77024370362245,52.244152181177,36.6665285852105,36.9530193293348,70787.6361539947,4.49268306493882,4.114522020475269
212300,212.3,0.2123,4.12826156299413,-0.0454009060469034,-0.008523717574357,299.238789148447,-4.77009939786828,52.2462690138662,36.6762496336223,36.9483286693539,70800.2841174326,4.4918804793016,4.09758432156547
212400,212.4,0.2124,4.12016299221099,0.0864917503588846,-0.0022018776781919,302.943730175803,-4.77017244149394,52.1973299056793,36.7033792833784,36.9436380093731,70777.3013544471,4.49333908004562,4.092844856340572
212500,212.5,0.2125,3.9725525867244,-0.109138416016824,-0.111396658694702,308.959295381383,-4.77064295385513,52.2575717905754,36.7059697032977,36.9389473493922,70854.9902875654,4.48841235974192,4.0775993330600295
212600,212.6,0.212600000000001,4.15091648468469,0.0185329320535285,0.129055973542539,302.5689259696,-4.77019925526738,52.2404532044085,36.6615667852026,36.9342566894113,70737.1112724414,4.49589202096811,4.06959591997101
212700,212.7,0.2127,3.9890869644081,-0.0277060372347139,-0.138574142896771,296.74601834448,-4.77058499345057,52.2218934686541,36.7301515860776,36.9295660294304,70835.2676677659,4.48966206562134,4.0540811662186425
212800,212.8,0.2128,4.18021274222546,0.0838972208419967,0.137138728526264,295.37566774071,-4.77039635897319,52.1906254936475,36.6977804717639,36.9248753694496,70721.4796196531,4.49688575333094,4.045800102474996
212900,212.9,0.212900000000001,3.97222932315851,-0.100286076287996,-0.125298499378408,301.070934996184,-4.77021881681189,52.2478716645805,36.7351210202839,36.9201847094687,70862.0878477545,4.48796279950676,4.034340633514456
213000,213.0,0.213,4.13491231618119,0.138746449183804,0.0842797317518514,302.925247414901,-4.76993437945008,52.2272663960907,36.6884732659959,36.9154940494878,70735.2055570117,4.49601314722663,4.028370167875987
213100,213.1,0.213100000000001,3.92442726003012,-0.248175813434448,0.0521459785703015,300.451718357038,-4.7697311599889,52.3457518070142,36.6880918254098,36.9108033895069,70885.9336763606,4.48645306145075,4.024289326574868
213200,213.2,0.2132,4.22024229993092,0.190040736138094,0.0622087242859738,298.636606744349,-4.76989362733891,52.1482719056515,36.7357412459247,36.9061127295261,70701.2403032695,4.4981730559739,4.02325504783287
213300,213.3,0.2133,3.88574944283874,-0.0750834697599152,-0.237969527172772,298.540753980583,-4.77080468032222,52.1622926007573,36.8292236339258,36.9014220695452,70891.2016189292,4.48611967202407,4.027013165387715
213400,213.4,0.213400000000001,4.03969794906177,0.0532104177853771,0.234491611947225,294.04962711427,-4.77085762421818,52.1994802565883,36.7209825321724,36.8967314095643,70724.2525921781,4.49670943841513,4.0271206445397185
213500,213.5,0.2135,3.89138466081006,-0.138579115003719,-0.0618899661113529,297.70789829828,-4.77030450545214,52.2567755650637,36.7643822273677,36.8920407495834,70876.5485971821,4.48704713266395,4.032734143929003
213600,213.6,0.2136,3.9994909835239,0.1944879615343,0.0682402430032029,300.376201470027,-4.76931361496602,52.1604287076328,36.7781434497286,36.8873500896025,70763.3544858928,4.49422467980236,4.0319805233764106
213700,213.7,0.2137,3.91352910656198,-0.0771894797569306,-0.118810931678026,297.418770566839,-4.76926210555657,52.2526878961241,36.7836459368541,36.8826594296217,70890.1079375745,4.48618888316767,4.035389845937816
213800,213.8,0.2138,4.08295870734893,0.0582019677083043,0.143629801755396,296.186845924419,-4.7699949309331,52.232031981344,36.7255192608957,36.8779687696408,70741.1081487924,4.49563800283119,4.035663963064186
213900,213.9,0.213900000000001,3.97258741757881,-0.101358153966858,-0.154976486945417,298.324429582572,-4.77086933430162,52.2456575176887,36.7849523418187,36.8732781096599,70865.0578340338,4.4877747069779,4.03516625156299
214000,214.0,0.214,4.09851240199989,0.155440008935061,0.0751775992033309,293.603662536385,-4.76994334897411,52.220947559462,36.7421795094914,36.8685874496791,70740.1801249976,4.4956969800494,4.035553909239528
214100,214.1,0.2141,3.93710703059021,-0.0928200720285818,-0.101359516298807,299.121355094042,-4.76971371700558,52.3194534569084,36.7495096906633,36.8638967896982,70878.7401039926,4.48690839720765,4.035523711982697
214200,214.2,0.214200000000001,4.0556156095767,0.094614093325542,0.0974803772032142,300.25164634658,-4.76951550393176,52.3028299765464,36.7141768804177,36.8592061297173,70779.0878080844,4.49322566883629,4.035530198317324
214300,214.3,0.2143,3.98254561186239,-0.174885283431029,-0.0013705595802027,300.645347594288,-4.76989051619849,52.3399882374236,36.7388852047187,36.8545154697364,70868.0202521496,4.48758710945444,4.0380911223474145
214400,214.4,0.214400000000001,4.10642720132601,0.150973436318275,-0.0063037763826196,302.62191718615,-4.77030126264322,52.2219690286379,36.7734606018468,36.8498248097555,70765.7594527655,4.49407194405054,4.039834786813523
214500,214.5,0.2145,4.01390270862514,-0.0788877942478527,-0.0859989989785784,300.429209028727,-4.77036068685141,52.2830990418257,36.7771212853977,36.8451341497747,70846.6299171468,4.48894202205562,4.043749627628457
214600,214.6,0.2146,4.16575525690186,-0.0340966275476616,0.117435914103845,300.118301368217,-4.77083887058368,52.2800928972245,36.7316582322436,36.8404434897938,70745.974800089,4.49532874562501,4.050474495785633
214700,214.7,0.2147,4.07608801856556,-0.015874824719152,-0.141093434372032,299.933507263562,-4.77140297716139,52.2422064997323,36.7979676544556,36.8357528298129,70813.3100102581,4.49105421156041,4.0539767616852425
214800,214.8,0.2148,4.15965709753742,0.0927901966815196,0.100153318108968,297.083255988163,-4.77164274811124,52.2556718436881,36.7433907935426,36.8310621698321,70717.5019766737,4.49713868938702,4.0574739331438385
214900,214.9,0.2149,4.01788002625581,-0.18423413040279,-0.0143117947670883,296.651610576684,-4.77136614651488,52.3247540920898,36.7609762834465,36.8263715098512,70835.858664875,4.48962460751253,4.067344084191846
215000,215.0,0.215,4.13268859856392,0.199296864270166,-0.0144187803846936,301.133959817353,-4.77058582820802,52.192715487597,36.8082222148055,36.8216808498703,70738.9069010406,4.49577789774165,4.071935418951529
215100,215.1,0.2151,4.08637047795605,-0.086825459929327,-0.0310679658263275,299.264472866018,-4.76981791429102,52.3077509426436,36.7751047221562,36.8169901898894,70822.0098083829,4.49050252903808,4.0756015313748035
215200,215.2,0.215200000000001,4.16005831279035,-0.0411868131529247,0.114404070007481,303.319891263798,-4.76999980200831,52.3415690337838,36.7296348200877,36.8122995299085,70771.1568508521,4.49372920137978,4.078135493397922
215300,215.3,0.2153,4.12318365428349,-0.017241126255059,-0.0298755411948655,303.609883040185,-4.77079038936629,52.267086203947,36.7927413828475,36.8076088699277,70782.849620394,4.49298687269116,4.085713525187309
215400,215.4,0.2154,4.182755477213,0.0579835488777283,-0.0311846843626472,293.478859516136,-4.77043912782024,52.2186930436051,36.8174406320598,36.8029182099468,70755.7680511342,4.49470655065562,4.09342050216387
215500,215.5,0.2155,4.11007123509816,-0.0743200902336242,0.0406648599375453,295.205228219233,-4.77042218830983,52.2862394182101,36.793629939148,36.7982275499659,70792.4501811901,4.49237755356861,4.097193958944329
215600,215.6,0.2156,4.14342205030569,-0.0479037822507087,0.0284000526580214,298.770492956325,-4.7701246995393,52.2787254654206,36.8006213681738,36.793536889985,70786.7022878407,4.49274233545884,4.1028288963726425
215700,215.7,0.215700000000001,4.07070148840371,0.0979415763599056,-0.0488435720020947,304.051258505002,-4.77036969434591,52.2426935394528,36.8404609260279,36.7888462300042,70805.4656417426,4.49155176473571,4.105428157740792
215800,215.8,0.2158,4.01783516483913,-0.0191747894895642,-0.0159401055342584,303.789560515427,-4.77052071023187,52.2950796062898,36.8126990454496,36.7841555700233,70814.0249204343,4.49100887166678,4.116635704330671
215900,215.9,0.2159,4.07453663442953,-0.0784981808475014,0.0882008820327422,296.050292450294,-4.77106164365227,52.3061821165936,36.7937480734568,36.7794649100424,70783.5693273111,4.49294118929653,4.123863487677868
216000,216.0,0.216,4.04222597559486,0.0721674796367518,-0.0777139426842859,293.662934903364,-4.77096053521375,52.2202335454696,36.8656955347601,36.7747742500615,70796.4135076757,4.49212606118278,4.130834273018845
216100,216.1,0.2161,4.156328404618,0.0102221782072208,-0.0039649823911,297.871073437934,-4.77066670256162,52.2199351893239,36.8594330605333,36.7700835900807,70774.9541415225,4.49348809919641,4.133506805350406
216200,216.2,0.216200000000001,4.11193833059439,-0.0668396609201779,0.0195209661851198,301.716925395835,-4.77017504521483,52.30217172326,36.8198272675287,36.7653929300998,70801.2101666299,4.49182172744831,4.139589716112795
216300,216.3,0.2163,4.1557355882439,-0.0804485119215358,0.0854485037196587,299.801131839609,-4.76956822356464,52.2755504854067,36.8317935354123,36.7607022701189,70779.1400545624,4.49322235210744,4.144183527473768
216400,216.4,0.2164,4.10744560849985,0.143017796186272,-0.0821217638959527,302.842396844414,-4.77005779138805,52.1604366903689,36.9109597755496,36.756011610138,70766.0470389207,4.49405368059051,4.153238166197408
216500,216.5,0.216500000000001,4.13745809064359,-0.02289024140717,-0.0179635555064601,294.372165460611,-4.76962284121532,52.2491642264455,36.869119176209,36.7513209501572,70797.0340078776,4.49208668996947,4.162028651706556
216600,216.6,0.2166,4.15728517414163,-0.0666662248403969,0.0539542347065191,294.867025585985,-4.77088910100794,52.319353180836,36.806127080549,36.7466302901763,70761.9850430914,4.49431165565008,4.173939149558217
216700,216.7,0.2167,4.19880545589658,0.0372154769129195,-0.0677387141633787,293.024814083505,-4.77037475485928,52.2689486975221,36.8433130011609,36.7419396301954,70756.2031158612,4.49467891366844,4.185498180832757
216800,216.8,0.2168,4.20410439297792,0.0103651835527419,-0.0023609088305153,294.850967043182,-4.76967646236406,52.278763416692,36.8389704944228,36.7372489702145,70752.1143399691,4.49493866187465,4.1973252347895675
216900,216.9,0.2169,4.24996042339007,-0.0446270438690847,0.0289575799984285,302.776180606929,-4.77016917146571,52.3184600013594,36.8119455080779,36.7325583102337,70744.8612519309,4.49539950362716,4.209521901899439
217000,217.0,0.217000000000001,4.23396251458164,-0.070611214159391,0.0136916244722425,298.9544737555,-4.76936939883929,52.2969679166377,36.8474559510968,36.7278676502528,70774.9763827028,4.49348668710863,4.221401447180129
217100,217.1,0.2171,4.2116698765163,0.14289020185199,-0.0768197475670162,303.587565143192,-4.77005168207997,52.205478080864,36.900262586665,36.7231769902719,70743.375739885,4.49549390073564,4.235912036326731
217200,217.2,0.2172,4.20327894025539,-0.0742052578532451,-0.0195233143882623,298.646337751122,-4.77046043534286,52.2901563624992,36.8641127841106,36.718486330291,70779.6639433626,4.49318909468947,4.250535173279386
217300,217.3,0.2173,4.27293863889615,0.0017155748912642,0.12043500257325,298.236702656636,-4.77077245248969,52.3337128989116,36.8067383836469,36.7137956703102,70719.335030127,4.49702212302507,4.267449513396495
217400,217.4,0.2174,4.10369018633592,-0.0663829282502797,-0.145457223611764,297.121771161309,-4.76976191939802,52.3053268970107,36.8947390928942,36.7091050103293,70840.9147480691,4.4893041724136,4.283423677620252
217500,217.5,0.2175,4.30223803722529,0.170832548530412,0.0894992788897507,301.803093968127,-4.76933958563582,52.2343628574866,36.8713538385066,36.7044143503484,70690.9283143667,4.49882922376999,4.297784087161905
217600,217.6,0.2176,4.20732973261562,-0.194150448221056,-0.0793075156475513,302.70664290162,-4.76961446757138,52.3754175771642,36.8484195010185,36.6997236903675,70828.6815900238,4.49007954146215,4.307994995186885
217700,217.7,0.2177,4.46226398989827,0.170435413606963,0.182873367119337,298.805108504044,-4.76962679631642,52.3066524344579,36.8018888667372,36.6950330303867,70637.3371476452,4.50224239754917,4.323314466378941
217800,217.8,0.217800000000001,4.16268024455372,-0.0882416521137175,-0.197978661635007,299.005051200359,-4.77017501560005,52.3386922858902,36.8921927475575,36.6903423704058,70844.9830376114,4.48904637308281,4.334755331540811
217900,217.9,0.2179,4.37557996101189,0.162657423621824,0.0873704464565851,289.310327117865,-4.76927041404216,52.2807268608059,36.8531867532423,36.6856517104249,70682.6630219329,4.49935529533485,4.348815289763829
218000,218.0,0.218,4.34128694984865,-0.118522003661063,-0.039380515355086,297.261746726156,-4.76957149295089,52.3767466856707,36.843817071113,36.680961050444,70785.4247541078,4.49282342037012,4.360716304021616
218100,218.1,0.2181,4.48480778006706,0.0567295924763466,0.116347005649895,299.536213645508,-4.76871123882521,52.3464109459822,36.8198821967155,36.6762703904632,70689.4285384778,4.49892467277471,4.373855224764556
218200,218.2,0.2182,4.42151238020239,-0.0618532757127881,-0.0741764694719779,304.729749579816,-4.76914459977589,52.3247986899709,36.8798120471033,36.6715797304823,70766.2013870353,4.49404387861303,4.382519698231244
218300,218.3,0.218300000000001,4.47357524847561,0.133024054841317,-0.0127976715364694,306.060244553253,-4.76999247937186,52.291010597132,36.8685662949249,36.6668890705014,70689.8971015461,4.4988948519653,4.3918039107337545
218400,218.4,0.2184,4.30451115089615,-0.107972672195584,0.0025845675810333,298.247335607171,-4.76980784619771,52.4032752812888,36.8458552177054,36.6621984105205,70788.9672747816,4.4925985842062,4.397340338509488
218500,218.5,0.2185,4.47729109069573,0.0580017871525911,0.0167494365706149,307.296470827378,-4.77084620831277,52.3264666357068,36.8534812685094,36.6575077505397,70690.7946256032,4.49883773184972,4.402397472751804
218600,218.6,0.2186,4.50110892298009,0.0213000967549597,-0.0534912592865453,298.755497007102,-4.76961414002006,52.3178038287805,36.8856685823482,36.6528170905588,70731.7697469439,4.49623154197755,4.408946408864223
218700,218.7,0.2187,4.51537276712079,-0.0695255489139715,0.0548892763617108,299.62269683279,-4.76939285163003,52.3716684986428,36.8459764574722,36.6481264305779,70719.3495460679,4.49702119996076,4.415154081579944
218800,218.8,0.218800000000001,4.4995694580231,-0.0453726600580853,-0.0159731489239723,302.095759060159,-4.76916632079499,52.3513508836376,36.8716749051229,36.643435770597,70732.1641426258,4.49620647142688,4.41936183863913
218900,218.9,0.2189,4.54411594653696,0.127419082712405,-0.0279417417069759,301.082179049623,-4.7682027565691,52.2993799913313,36.8917544029466,36.6387451106162,70691.376715412,4.49880068733712,4.420477468709858
219000,219.0,0.219,4.46805055026665,-0.135016129295651,-0.0076479615970074,304.033076335008,-4.76886055240365,52.4028072543299,36.8638990473266,36.6340544506353,70768.6331762565,4.49388945189919,4.422356889284494
219100,219.1,0.219100000000001,4.50783248131276,0.0428752015497885,0.10066056012481,303.471822392952,-4.76991817771181,52.3380420609336,36.8701286408555,36.6293637906544,70684.0621862079,4.49926623229864,4.422059497427446
219200,219.2,0.2192,4.36075611837946,-0.0378489912452685,-0.179916375309264,302.202525219261,-4.77010579771763,52.2935033738016,36.957688022436,36.6246731306735,70782.564039948,4.49300500016665,4.422001254160769
219300,219.3,0.2193,4.46054004334461,0.0709618464137521,0.134314446112217,304.328793147826,-4.77032815302755,52.317405388272,36.8893525990164,36.6199824706927,70674.926121782,4.49984784714316,4.420410694292661
219400,219.4,0.2194,4.36728084179302,-0.177885314093406,-0.0817867029101772,304.049216428225,-4.76968572807247,52.3881990653741,36.915398237798,36.6152918107118,70811.4563817321,4.49117177369828,4.419639341657524
219500,219.5,0.2195,4.50012290373673,0.160016109592782,0.0646424954807111,304.496690189791,-4.76881777617333,52.2923657801553,36.9220710491839,36.6106011507309,70685.6415664103,4.49916570195252,4.419402137174607
219600,219.6,0.2196,4.3112744072065,-0.145770620064603,-0.109094470190029,297.731518086972,-4.76842700442924,52.3895580256791,36.9294310960105,36.60591049075,70822.0617057174,4.49049923846581,4.420607570619205
219700,219.7,0.2197,4.45080073971199,0.119590208139974,0.108047557483716,304.62943229799,-4.77060661414315,52.3524326382083,36.8790511483755,36.6012198307692,70666.2694379078,4.50039908269875,4.419749964855219
219800,219.8,0.2198,4.27540435938586,-0.0687799082270417,-0.112255457942006,298.222874884867,-4.76997884547816,52.3757396803353,36.9345089771729,36.5965291707883,70794.9693004684,4.49221769990934,4.419814165291368
219900,219.9,0.2199,4.37294925280456,0.094677910843101,0.0977473826608413,303.742921264372,-4.77023902548019,52.3175992837441,36.9184334388301,36.5918385108074,70676.5435459931,4.49974486866559,4.417754535622476
220000,220.0,0.22,4.25903039651148,-0.114131353178828,-0.174611320174375,305.538105084697,-4.76971423308951,52.3637853794716,36.9640411470521,36.5871478508265,70817.246170339,4.49080459004497,4.4119745826590435
220100,220.1,0.220100000000001,4.49503567095144,0.0842496620367816,0.149631236219116,310.474738156811,-4.76967991360118,52.3426298666313,36.8978914004266,36.5824571908457,70652.8948105139,4.50125101043669,4.40796499724926
220200,220.2,0.2202,4.26040103460167,-0.0973436042971735,-0.120103538684037,302.095363093941,-4.76952439379566,52.3819190662334,36.9530341048715,36.5777665308648,70802.5161295174,4.49173887513185,4.400765290121647
220300,220.3,0.2203,4.44678663340247,0.0739008053213264,0.132821581538682,298.825459791515,-4.77010086157403,52.3097307525408,36.9381231642195,36.5730758708839,70667.34851742,4.50033036229889,4.397915583960422
220400,220.4,0.220400000000001,4.30865658357764,-0.0104543003677419,-0.156148310326801,299.691395812661,-4.77003134698228,52.3544740132458,36.9726580950829,36.568385210903,70784.8406247404,4.4928604959654,4.387283278236171
220500,220.5,0.2205,4.42773702839194,0.0040173378449109,0.1257336106753,299.160218527326,-4.7692331984366,52.3633963663179,36.9301379928032,36.5636945509222,70706.4137791036,4.49784393180596,4.3803238262495965
220600,220.6,0.220600000000001,4.29501520547695,-0.0110889776470507,-0.0663261382759861,303.791023975289,-4.76909778051283,52.3469219507485,36.9854279583373,36.5590038909413,70780.9116972052,4.49310988697904,4.373475196146788
220700,220.7,0.2207,4.4596597830332,-0.0152266923247161,0.072026024434179,303.115815979597,-4.76937951070421,52.3233328707167,36.9680278665401,36.5543132309604,70706.6581714148,4.49782838534256,4.371265893764771
220800,220.8,0.2208,4.34423214604182,0.0103516256184401,-0.0350647840957552,297.251172515062,-4.76986132027813,52.3203104454891,36.9930003574579,36.5496225709795,70741.2558547921,4.49562861604978,4.367514697584168
220900,220.9,0.220900000000001,4.37380461480023,0.0210871742857394,-0.0383744929389373,298.326306776549,-4.76986849091369,52.3089300361484,36.996866342401,36.5449319109987,70724.1822185656,4.49671391283501,4.365439580793489
221000,221.0,0.221,4.40592067780513,-0.0369240893462295,0.0688344656407806,299.100461046863,-4.76927655726133,52.3466846269373,36.9704101092283,36.5402412510178,70715.5395696692,4.49726348821509,4.358496767645056
221100,221.1,0.2211,4.27216631872816,0.0229572084037806,-0.0570491732405267,304.738255595018,-4.7694908757607,52.3377124724149,37.007967818294,36.5355505910369,70766.1602083276,4.49404649368948,4.353854040907909
221200,221.2,0.2212,4.34742483736359,0.0075740822662418,-0.0183959020891644,307.534938611899,-4.76957061396349,52.3567999731391,36.9870666927517,36.530859931056,70742.9035246231,4.49552390856291,4.35526253231964
221300,221.3,0.2213,4.33152786627545,-0.0393105965975343,0.0073770511540008,298.343964289855,-4.76930080137874,52.4205473686906,36.9543990079001,36.5261692710752,70757.3928863763,4.49460333659829,4.352714823313138
221400,221.4,0.221400000000001,4.4490042096916,0.054868773762166,0.091019011597217,297.272792019471,-4.77003756906507,52.3884176804967,36.9441782499836,36.5214786110943,70685.3877116222,4.49918185995622,4.354024659188093
221500,221.5,0.2215,4.34214411091091,-7.79061337531948e-05,-0.0386931371863336,297.49203226109,-4.77033597745456,52.3621162694388,36.9967065109165,36.5167879511134,70741.2655015787,4.49562800299361,4.3550046546185515
221600,221.6,0.2216,4.40532248739987,0.0438617685672712,0.0097057675014004,299.759815096026,-4.77008921004245,52.3047428745773,37.019329877549,36.5120972911325,70697.8821900311,4.49838671689301,4.355193171895301
221700,221.7,0.221700000000001,4.38333713630282,-0.0045576537807849,-0.117244912827831,299.056385150487,-4.76898404861613,52.3318318543724,37.0415596660025,36.5074066311517,70767.8799343174,4.49393728413619,4.357439904801183
221800,221.8,0.2218,4.45186241921888,0.0050069109591021,0.158982497118815,304.239883511391,-4.76952201097592,52.3513369374398,36.9921425039945,36.5027159711708,70690.7259611442,4.49884210173353,4.357097979121973
221900,221.9,0.221900000000001,4.40974219139068,-0.0333149065797943,-0.11138812756859,297.55352077434,-4.76947946596574,52.3192949954645,37.0560381407144,36.4980253111899,70760.3929463048,4.49441277689669,4.361254925476453
222000,222.0,0.222,4.41794208838213,0.0665683878248297,0.0479436635032127,305.358403992725,-4.77088577373146,52.2813134801507,37.0545336463191,36.493334651209,70697.0661524473,4.49843864058415,4.360466274681585
222100,222.1,0.2221,4.32706251490068,-0.0692243013048543,-0.0993349254435086,299.887720522933,-4.77020057773444,52.3663940173445,37.0461623934928,36.4886439912282,70787.0183295357,4.49272227678231,4.362945339966567
222200,222.2,0.2222,4.33616561516748,-0.0582367725630687,0.18839221970555,302.4037421129,-4.77032795885941,52.3822997651683,36.9983356665071,36.4839533312473,70708.0143305778,4.49774211830146,4.362056954475891
222300,222.3,0.2223,4.24621013193719,0.0269830427192716,-0.191944621525395,305.951097621928,-4.77023644436395,52.3010503937896,37.108180152816,36.4792626712664,70798.8362658395,4.49197233923393,4.3652203168308965
222400,222.4,0.2224,4.34387761375315,-0.0191516174356301,0.069639141813975,302.132177047588,-4.76913514663031,52.3178586452162,37.0780177533778,36.4745720112855,70754.9246528245,4.4947601275328,4.366498376911201
222500,222.5,0.2225,4.24644735298619,-0.0834096809183602,0.0165363657155001,296.919540385037,-4.76869346700833,52.3490781651041,37.0796910264496,36.4698813513047,70791.2360648426,4.49245460080398,4.36794370993722
222600,222.6,0.2226,4.33139579665363,0.109341032457289,-0.0181937392369498,295.484059364887,-4.76972777917375,52.272151649972,37.1071569376745,36.4651906913238,70730.4705139104,4.49631413230253,4.363966805254649
222700,222.7,0.222700000000001,4.30670551569939,-0.0968008951822074,0.0047841993948951,296.592135321652,-4.77009853799627,52.3153564848152,37.1017605386143,36.4605000313429,70769.5326345017,4.49383233599395,4.366193866219193
222800,222.8,0.2228,4.39786934404189,0.0426825391956228,0.0209675489627808,297.516172873799,-4.76974661861026,52.2816679636923,37.1056693397529,36.455809371362,70722.3119198769,4.49683283143236,4.359083633254721
222900,222.9,0.2229,4.34534769390339,-0.0148021609623792,-0.0346962971291827,305.250943574209,-4.76977622641743,52.2609195036174,37.1496339871235,36.4511187113812,70768.9003932573,4.49387248337695,4.358786853084542
223000,223.0,0.223000000000001,4.40847525781709,0.0226473565953395,-0.0145408621579029,305.020918616169,-4.76919874645846,52.2605501824719,37.144305959464,36.4464280514003,70749.1451988236,4.49512730171319,4.3524736220590325
223100,223.1,0.2231,4.36410737497811,0.0010396289846801,0.0140854225264362,299.108534074487,-4.76980085366258,52.3030200148021,37.1171706956037,36.4417373914194,70745.8069055146,4.49533941397893,4.351112966360844
223200,223.2,0.223200000000001,4.34885162700002,-0.0698569080378783,0.0172801195916419,297.77420257827,-4.77045109678494,52.3145327835545,37.1160360865554,36.4370467314385,70750.1082919213,4.49506611133225,4.341871740607321
223300,223.3,0.2233,4.34295632214438,0.0265358818014107,-0.0133488096721444,295.754934838571,-4.77002920835838,52.2597117011116,37.1537095743489,36.4323560714577,70738.5982079381,4.49579751667194,4.340753491604576
223400,223.4,0.2234,4.34229002603263,0.0463018844842115,-0.0550620505446424,302.616795133553,-4.77008880950878,52.2555605330872,37.1729651693972,36.4276654114768,70760.5262898196,4.49440430747415,4.331536180603916
223500,223.5,0.2235,4.33047359852179,-0.0898824152675896,0.0414138901080758,305.968758370739,-4.76990555471992,52.3269834240266,37.137806437114,36.4229747514959,70781.1085490878,4.49309739102979,4.324380152807268
223600,223.6,0.2236,4.42609273023266,0.0264679832496504,0.0454018478037598,301.21473125886,-4.7697617131531,52.2619813877385,37.1618408268928,36.418284091515,70729.8226586504,4.49635531663824,4.320061755106122
223700,223.7,0.223700000000001,4.25825969859527,0.104118630313925,-0.176283080889743,299.373347564928,-4.77070013906215,52.2096164882974,37.2285710325176,36.4135934315342,70776.7161519493,4.49337623228149,4.3141531480001465
223800,223.8,0.2238,4.42533345411329,-0.0305070180777323,0.115093099804338,296.814831714314,-4.77053961597727,52.3277737240688,37.1208259271433,36.4089027715533,70722.4797264084,4.49682216158703,4.30627210570842
223900,223.9,0.2239,4.30256566500791,-0.171686661870398,0.0553371626655199,293.028152357521,-4.76980529560505,52.3592231515609,37.139049658704,36.4042121115724,70790.603862633,4.49249472109637,4.301345231398264
224000,224.0,0.224000000000001,4.3820630485437,0.216250287238944,-0.141694441236507,303.174792052643,-4.77047096083923,52.1841377956145,37.2388149257207,36.3995214515915,70734.2964078491,4.49607093456312,4.2952174682098585
224100,224.1,0.2241,4.36040137804074,-0.108591839661229,0.0410118345407585,299.345878976147,-4.76949491280568,52.3427841264164,37.1553054525594,36.3948307916107,70781.1084821487,4.493097395279,4.2905585478896
224200,224.2,0.2242,4.35244930300231,-0.0269138585102269,0.1291020663062,307.37894831548,-4.76987345376849,52.3652006209652,37.132283698836,36.3901401316298,70758.4253513309,4.4945377540135,4.284751988182888
224300,224.3,0.2243,4.29979576203212,0.097089417725917,-0.138988692935414,303.162605257612,-4.76996189287597,52.2655548170778,37.2286381026725,36.3854494716489,70797.9134284479,4.49203089124253,4.282021328911947
224400,224.4,0.2244,4.23866276592767,0.0137320305954415,0.0293109270300245,299.862438321065,-4.77063272140625,52.3087219601809,37.1949886511024,36.380758811668,70783.2163502432,4.49296359439889,4.282145131018185
224500,224.5,0.224500000000001,4.30745656876061,-0.112998204499525,0.0335284245199297,300.739009478991,-4.77108952524914,52.3224622236506,37.1951409628126,36.3760681516872,70792.9706688831,4.49234452448102,4.28100590793138
224600,224.6,0.2246,4.33824093992918,0.103362191897297,-0.0488368909339111,297.222186763939,-4.7707055621907,52.2229531000447,37.2522689440724,36.3713774917063,70757.7322792003,4.49458177801988,4.280689377035098
224700,224.7,0.2247,4.26353241348674,-0.0264360572957925,0.0005520833107407,300.981260591537,-4.77109470963416,52.2641791450648,37.2465960568179,36.3666868317254,70793.6752820164,4.49229981194225,4.278978541133974
224800,224.8,0.2248,4.25313048525496,-0.0233636632814484,0.0890050956589425,298.844128083036,-4.77052174353061,52.2801940684699,37.2374454514856,36.3619961717445,70788.8387173476,4.49260674307639,4.278265434670674
224900,224.9,0.2249,4.1120855717657,0.0558638974847782,-0.111371998482715,301.155110897948,-4.7707897878153,52.2383455072175,37.2994540891608,36.3573055117637,70840.819847707,4.4893101864122,4.276501711221885
225000,225.0,0.225000000000001,4.15888120017764,-0.0215239895304806,0.0613449709794319,299.375176382573,-4.77111091683737,52.2758301663301,37.2639528927011,36.3526148517828,70815.0417862022,4.49094438320402,4.27717795182932
225100,225.1,0.2251,4.19131814970571,-0.0003809092049334,0.036840135568514,302.014577167583,-4.7722891101118,52.2472840030451,37.2780402758031,36.3479241918019,70793.9925877348,4.49227967700753,4.276158484311513
225200,225.2,0.2252,4.19599609869874,0.0288054680523697,-0.0528579233817849,292.421699292448,-4.77125865059514,52.1754937184369,37.3402909976171,36.343233531821,70805.636344607,4.49154093620861,4.276171757732106
225300,225.3,0.225300000000001,4.26615871978756,0.0330141943963334,0.0033107127912772,299.037389381883,-4.77113805146291,52.2074392954731,37.3098500199135,36.3385428718401,70782.0935999681,4.49303486208616,4.275423680849973
225400,225.4,0.2254,4.20659574450693,-0.0922915570027553,0.0228629559617711,304.97994447436,-4.77101604439454,52.2559411116303,37.3005073630226,36.3338522118593,70820.967939196,4.49056859021112,4.280232416371412
225500,225.5,0.2255,4.26334841627613,0.128267890922019,-0.040460051162956,301.473697597738,-4.77082084407394,52.2041388905175,37.3192659470802,36.3291615518784,70777.20430617,4.49334524122167,4.2833691769102336
225600,225.6,0.2256,4.20402841045988,-0.141839675108845,0.0160800315009101,299.703885354594,-4.77112283184066,52.3020214309333,37.2820284942368,36.3244708918975,70830.0103695567,4.48999530702869,4.289070038010112
225700,225.7,0.2257,4.3349443642543,0.0374466030565083,0.0674180641659873,296.947609428064,-4.77138130233692,52.2409443126829,37.2862050294698,36.3197802319167,70746.0854012127,4.49532171783813,4.295100613937834
225800,225.8,0.225800000000001,4.22617574569978,-0.001581137306183,-0.153602576804358,296.649446304621,-4.77154816208786,52.2223074753565,37.3497882963215,36.3150895719358,70832.296357648,4.48985040030774,4.301593467183004
225900,225.9,0.2259,4.39970870845251,0.0259244983126296,0.14763821118728,296.834343431256,-4.77099680499086,52.2290461743163,37.2935489728401,36.3103989119549,70725.6307026375,4.49662181866189,4.308572281843895
226000,226.0,0.226,4.3803744632571,-0.0859578272323022,-0.0727876975964349,304.96177675845,-4.7708806586016,52.235761567706,37.3337838331025,36.305708251974,70801.8902922151,4.49177857884213,4.314975253097706
226100,226.1,0.2261,4.33715415766914,0.0614556823358206,0.0974012893297722,303.864335054364,-4.77085889366026,52.1729419769789,37.3494821724451,36.3010175919932,70737.3378076842,4.49587762294265,4.321914769241153
226200,226.2,0.2262,4.25650204548563,-0.0100623125307944,-0.208333796344307,302.902029361224,-4.77170474331174,52.1998788153023,37.3853068582581,36.2963269320123,70832.5900719517,4.48983178270132,4.330132444241823
226300,226.3,0.226300000000001,4.39817587426247,-0.0177765298529171,0.213709719323764,297.09351073085,-4.77130115973657,52.2648859083979,37.2842384798685,36.2916362720314,70719.9318404232,4.49698417235069,4.332824475631888
226400,226.4,0.2264,4.29058280609433,-0.0774060658940794,-0.12853334643529,300.451974242077,-4.77159922017529,52.2497573312392,37.353051956008,36.2869456120505,70820.7926892513,4.49057970236996,4.343167618703457
226500,226.5,0.2265,4.4748420414561,0.115580246461527,0.0519866831543684,299.462565522595,-4.77118426538653,52.1674341842392,37.3604727243731,36.2822549520696,70714.1149720003,4.49735408951986,4.351910019588605
226600,226.6,0.226600000000001,4.35110192189903,-0.128530961627372,-0.0111884099291603,295.869781463874,-4.77028118231471,52.2431182198011,37.3670049268956,36.2775642920888,70819.931179495,4.49063432933952,4.366001797342055
226700,226.7,0.2267,4.48241919977664,0.127061436504245,0.0032681373128208,309.814002866284,-4.77174021263978,52.1622311688393,37.3764503138665,36.2728736321079,70719.0105820965,4.49704275467643,4.374795825925925
226800,226.8,0.226800000000001,4.39306561962098,-0.0880732813923995,-0.0235943735572103,296.510393770453,-4.77102482359941,52.2049775294822,37.3968673860459,36.268182972127,70806.4686957577,4.49148813680574,4.384808900550826
226900,226.9,0.2269,4.39793679964193,0.0274880320678025,0.0109028146306476,298.18751539494,-4.77186790692706,52.181221239717,37.3927083510025,36.2634923121461,70757.224198084,4.49461405192764,4.39199053253136
227000,227.0,0.227,4.43912136653237,-0.0316994891271347,-0.0049203327406354,302.50676701321,-4.77257928039004,52.1729186537349,37.4017874423282,36.2588016521653,70753.9901934274,4.49481949055709,4.401046892259086
227100,227.1,0.227100000000001,4.46278329444263,0.0247146425022492,0.0163570685556987,295.710543319969,-4.7714115392741,52.1654395379076,37.4074038537463,36.2541109921844,70745.3174019791,4.4953705182925,4.408492649193095
227200,227.2,0.2272,4.45563896403731,-0.0485319778368755,-0.0077185276584621,308.539002426236,-4.7715333057281,52.1802200362195,37.4159177728546,36.2494203322035,70772.3105798762,4.49365594468145,4.418827966855804
227300,227.3,0.2273,4.45800774378662,0.0213202256869933,-0.028144885774389,307.509896416403,-4.77141116037683,52.1751662424495,37.4163253016203,36.2447296722226,70757.0697391083,4.49462386343461,4.425541219285368
227400,227.4,0.2274,4.41818819137307,-0.020035282994582,0.0307681544906694,298.335847417468,-4.7712495955686,52.2057038947753,37.4042842602664,36.2400390122418,70766.5398426531,4.4940223849184,4.435328369949413
227500,227.5,0.2275,4.44603053172057,0.0317400013875428,0.0178400072192628,300.53521613394,-4.77193551710055,52.182979018961,37.4160050342088,36.2353483522609,70748.7424269143,4.49515289242963,4.438461815282281
227600,227.6,0.227600000000001,4.41807729126502,-0.0332234251467515,-0.0197607754158739,293.379019125405,-4.77137566907322,52.1537060560796,37.455520155633,36.23065769228,70774.5677099684,4.49351263379472,4.4453590657499475
227700,227.7,0.2277,4.48097144548642,0.110278158817299,-0.0672051929673333,298.997509323985,-4.7719389939758,52.1067923142151,37.4772909380249,36.2259670322991,70742.8442145047,4.49552767756681,4.450618994225977
227800,227.8,0.2278,4.50859215178638,-0.0201064049370262,0.0956134359695879,299.293980665238,-4.77099347074208,52.1720562071267,37.4329613527619,36.2212763723183,70738.5069941947,4.4958033137765,4.457730404405631
227900,227.9,0.227900000000001,4.43891273664536,-0.082511076284944,-0.0061549616809884,310.130787454595,-4.77164337113202,52.1535472209689,37.4777986466309,36.2165857123374,70788.9435563528,4.492600089489,4.466829321665695
228000,228.0,0.228,4.47008188106813,0.0598801845441899,-0.0489310089782752,303.349802309263,-4.77167267689607,52.0634782117833,37.5357969433429,36.2118950523565,70766.8839332819,4.49400053358198,4.473745323143456
228100,228.1,0.2281,4.47725722897882,-0.0026032109515792,0.0006058998205693,301.717390864127,-4.77229856010033,52.075287773191,37.5336014588487,36.2072043923756,70769.6276277624,4.49382630397427,4.4816117405927365
228200,228.2,0.2282,4.45217010600196,-0.0732120317483242,0.0599761151181316,301.175264896807,-4.77277790989084,52.0780073406826,37.5396448326662,36.2025137323948,70775.548671113,4.4934503529452,4.488658455198383
228300,228.3,0.2283,4.44172185193582,0.0418396947254822,0.0100738511778351,297.165886902121,-4.77297223682438,52.0153790978168,37.5819629871769,36.1978230724139,70760.9543378204,4.49437711987052,4.4990761367358445
228400,228.4,0.2284,4.43541130372255,-0.0655840681589987,-0.0013015517711115,298.655774202813,-4.77335041265089,52.0053491248369,37.5987280197861,36.193132412433,70769.6977447597,4.49382185159398,4.5067138754537694
228500,228.5,0.2285,4.47189266901779,0.033114715153463,-0.0017993270640162,302.228805356766,-4.77372348846702,51.9817550470593,37.6122550110086,36.1884417524521,70753.8690487813,4.49482718657886,4.517933171239929
228600,228.6,0.2286,4.45970919355464,-0.0347294333234213,3.38382856068858e-05,298.743679995608,-4.77327643062952,52.0237113515375,37.5963959100865,36.1837510924713,70771.9452583554,4.4936791407264,4.525487893756164
228700,228.7,0.2287,4.54411282606989,-0.0454355434942927,0.0493570443577501,294.332544175492,-4.77282927112644,52.0359196375702,37.5785614231567,36.1790604324904,70745.8011204122,4.4953397815767,4.533305951430551
228800,228.8,0.2288,4.60139624882323,0.0380582857525507,0.0085273452140579,297.974524463436,-4.773715688592,51.9690287763298,37.6210922163816,36.1743697725095,70725.6543201447,4.49662031709928,4.53684502783135
228900,228.9,0.228900000000001,4.54464015394086,0.0206638388825901,-0.0472035091537437,294.405010432222,-4.77391385953837,51.9594098270206,37.6449578194377,36.1696791125286,70748.2464908769,4.49518440286874,4.54825766502083
229000,229.0,0.229,4.50543064283635,0.0340178931692092,0.0672795006007226,291.690269241111,-4.77390068333582,51.9714246955503,37.6272989832422,36.1649884525478,70722.2383155829,4.49683751151904,4.553871122221449
229100,229.1,0.2291,4.41457809990413,-0.0453246218444107,-0.0539129479743845,298.514307042592,-4.77420886000861,51.9888251293391,37.6576132791875,36.1602977925669,70793.729598472,4.49229636522734,4.569965578266453
229200,229.2,0.2292,4.59760365642559,0.0549617367627674,0.0405603100118305,303.860351969888,-4.77355742576572,51.9375791323299,37.6571004670454,36.155607132586,70713.8102041587,4.49737347256392,4.577983349773581
229300,229.3,0.2293,4.58563279075923,-0.0161223829946464,-0.0609322257987624,303.886615402136,-4.77367175022107,51.9446841366126,37.6857859066877,36.1509164726051,70768.1753348702,4.49391852554094,4.5947600077014075
229400,229.4,0.229400000000001,4.66502675712195,0.0385899007933079,0.0895222691445831,295.351104094767,-4.7735016504464,51.954000694005,37.6503486510415,36.1462258126243,70705.1349380458,4.49792528413626,4.602699579184042
229500,229.5,0.2295,4.56011773165643,-0.106851159387943,-0.0431473499344712,303.766393855653,-4.77499750997599,51.9994179560018,37.6603890027753,36.1415351526434,70776.6299737405,4.49338170345348,4.616232424616945
229600,229.6,0.2296,4.70541605497702,0.0802768051461166,0.0947994669418168,303.229711588591,-4.77548773854399,51.9177527540155,37.6675165962666,36.1368444926625,70669.6761294068,4.50018213715524,4.62603480183394
229700,229.7,0.2297,4.67855849500176,-0.0445728276642548,-0.105880182648423,300.028540266144,-4.77562374283181,51.9147723401559,37.7214851427902,36.1321538326816,70757.6804430201,4.49458507069354,4.641329856945807
229800,229.8,0.2298,4.7657482134377,0.0869190819022493,0.0651538188677888,296.33510228445,-4.77530204060733,51.8902210066794,37.7000565888577,36.1274631727008,70674.8653112515,4.49985171893172,4.650446451828168
229900,229.9,0.2299,4.67824677274627,-0.0188499007678478,-0.0757545605778182,305.187618055925,-4.7763580778938,51.9176049507799,37.7157457878075,36.1227725127199,70732.4050794857,4.49619115593086,4.6638932217216995
230000,230.0,0.23,4.77212061774051,0.0035620367372981,0.0454047629483027,300.454234805303,-4.77599074207998,51.9177821858545,37.7035506268789,36.118081852739,70700.5936703851,4.49821419659899,4.675752210105937
230100,230.1,0.2301,4.68763406560241,-0.0621084206322902,0.0176867950801376,305.425058101148,-4.77694990516213,51.8966807298694,37.734239175228,36.1133911927581,70720.1953750782,4.49696741460326,4.692960305666632
230200,230.2,0.230200000000001,4.77577368507807,0.101285234979069,-0.0422895851627307,300.217666163988,-4.77783805166029,51.838041111808,37.7575822105809,36.1087005327773,70674.80484177,4.49985556901239,4.7060180349779825
230300,230.3,0.2303,4.72033519709991,-0.123768993313395,0.0544419134470052,294.039972088178,-4.77680893336887,51.881601902299,37.7598370156663,36.1040098727964,70729.2295376629,4.49639302216286,4.7238198884779585
230400,230.4,0.2304,4.72400882900649,0.16893098260535,-0.143528864370623,300.101046327313,-4.77650639443815,51.7894998160815,37.8266113488876,36.0993192128155,70719.3345854304,4.4970221513032,4.741784549347116
230500,230.5,0.230500000000001,4.73850934355128,-0.110252522671156,0.0876016449528386,301.843770331248,-4.77609143565206,51.8940969572585,37.7591615717602,36.0946285528346,70726.6158274774,4.49655918688179,4.75919186739765
230600,230.6,0.2306,4.76262224232305,0.0162205037528674,0.0273741824846895,295.628290493559,-4.77531618124987,51.9155997404389,37.740838125752,36.0899378928538,70712.3956094221,4.49746344209172,4.774630743372266
230700,230.7,0.230700000000001,4.72523595416698,-0.0227514395874612,-0.0232648779014094,303.86594592955,-4.77665974053514,51.8665936797991,37.7877431481143,36.0852472328729,70724.2526040578,4.49670943765981,4.792778884082015
230800,230.8,0.2308,4.73660952815939,0.119421055230755,-0.093238512765663,300.366585990574,-4.77764235167748,51.8282098491433,37.8069501167096,36.080556572892,70698.6435080908,4.49833827603365,4.806263005468583
230900,230.9,0.2309,4.71467958984529,-0.0422597226585762,0.0846233205494124,298.814549656519,-4.77798973855072,51.9404985358708,37.7294714763701,36.0758659129111,70697.4255727994,4.49841577086312,4.82071022130981
231000,231.0,0.231,4.76494908508784,-0.148506096627679,0.0825414256095474,299.918365434543,-4.77811100531096,51.9526875930322,37.7375468769527,36.0711752529303,70719.9552542585,4.49698268349728,4.828886119611517
231100,231.1,0.2311,4.89798529525217,0.218091077203486,-0.12913370609014,298.822708957021,-4.77824683364235,51.7658101745904,37.8406147723439,36.0664845929494,70648.8362733155,4.50150959211515,4.843127556940304
231200,231.2,0.231200000000001,4.87474915093879,-0.0907795961614688,0.0108027225916795,299.769534797592,-4.77917737912837,51.861745120791,37.7959202405556,36.0617939329685,70686.97189922,4.49908102739951,4.853320178662814
231300,231.3,0.2313,4.95750915309584,-0.099514776616459,0.161638464335784,300.749101957545,-4.78008548019301,51.912407709909,37.7344978565309,36.0571032729876,70631.8499010661,4.50259216771983,4.871286714943138
231400,231.4,0.2314,4.84907296722066,0.0361667033669239,-0.162297666713973,295.014671677546,-4.77955090444448,51.8022486610228,37.8620300109532,36.0524126130068,70710.9774287356,4.49755364330267,4.8850268262597325
231500,231.5,0.231500000000001,4.95399012409202,0.149277164114287,0.0346780385947409,301.176217486305,-4.77900216349146,51.8048906923182,37.8153087376016,36.0477219530259,70618.1338452196,4.50346669954705,4.900892018784795
231600,231.6,0.2316,4.79663738341374,-0.328511927062856,0.0647419343734498,302.288149628714,-4.77823380907394,51.9919550849045,37.7599265521607,36.043031293045,70760.1261594548,4.49442972217777,4.912037025615515
231700,231.7,0.2317,4.96428403855113,0.217751960628844,0.0258863017750182,300.930252738747,-4.77846283959109,51.777163537849,37.8403249582882,36.0383406330641,70608.6484215593,4.50407168619585,4.922032114907441
231800,231.8,0.2318,4.8145649274347,-0.009016893633166,-0.240950902530548,299.117474708309,-4.77919255668644,51.7918076984054,37.9054879089489,36.0336499730833,70741.0360743274,4.49564258320946,4.933732899733101
231900,231.9,0.2319,5.05009299612955,-0.0039865876983732,0.247882353887622,305.264139033621,-4.78016457299721,51.8719122510996,37.7686582018106,36.0289593131024,70585.5059992735,4.50554840762034,4.946461833789777
232000,232.0,0.232000000000001,4.88464646578185,-0.137737382272489,-0.0929982252603271,300.787430234564,-4.77949435710247,51.8941587274175,37.8383546961444,36.0242686531215,70736.8787195988,4.49590680155341,4.958097305738448
232100,232.1,0.2321,5.07445889675222,0.184639604641203,0.0580927343112036,299.697401061757,-4.77857756437974,51.7765368962872,37.8500586525365,36.0195779931406,70589.1863739408,4.50531349761396,4.9693188174315885
232200,232.2,0.2322,4.94138296473516,-0.156998692824411,-0.0813159672411971,307.409524431518,-4.7784429837726,51.8824058386828,37.8543493180205,36.0148873331598,70732.3280526507,4.49619605224042,4.98341213094994
232300,232.3,0.2323,5.18118012255944,0.0939937964449434,0.112126119801484,306.36464563594,-4.77888818019169,51.8478802053655,37.8003006874995,36.0101966731789,70575.1407313899,4.50621013093713,4.9970014584756255
232400,232.4,0.2324,5.08231961269431,-0.129777404576077,-0.0489011738846009,300.051525553777,-4.77890171288386,51.8778156765895,37.8423006174139,36.005506013198,70685.141535893,4.49919752929423,5.013038122282191
232500,232.5,0.232500000000001,5.12806101543841,0.0745218076740151,0.0504805815537438,302.338140992959,-4.77954894324096,51.8199406398013,37.8460981547992,36.0008153532171,70604.171210382,4.50435730218356,5.027818434868247
232600,232.6,0.2326,4.99096127323975,-0.0921315160246661,-0.062318762078127,304.630814684159,-4.78042574107963,51.8499836247959,37.8750154674835,35.9961246932363,70689.8711432156,4.49889650402376,5.041854909086702
232700,232.7,0.2327,5.11426870047934,0.0353434084227352,0.0906434021894102,302.342354427616,-4.78081245291412,51.8323621932156,37.8404827112453,35.9914340332554,70592.2168381072,4.50512008831582,5.055485236519649
232800,232.8,0.232800000000001,5.02896487514626,-0.029359857857676,-0.0914579282916654,300.050580731495,-4.78085098039499,51.8191614265803,37.886870490089,35.9867433732745,70651.5446008183,4.50133703308192,5.071414590004933
232900,232.9,0.2329,5.06321024356824,0.0453794721708713,0.0327145774794784,302.033390964119,-4.78125252783618,51.7785077555619,37.8992564276449,35.9820527132936,70609.9907811314,4.50398605973316,5.0868369621901035
233000,233.0,0.233,5.01479158562613,-0.0350918504090621,-0.0136903186086308,304.037812970325,-4.78174360020941,51.8317562367643,37.8951357243861,35.9773620533128,70665.7069390322,4.50043490586579,5.102455005506692
233100,233.1,0.2331,5.11155924802403,0.0364529892933508,0.0757446328164584,297.393731477864,-4.78151534225197,51.7979238488076,37.8846052197951,35.9726713933319,70590.7521393278,4.50521356577135,5.118812441503046
233200,233.2,0.2332,5.02580812747969,-0.0175378425828376,-0.122935107186872,301.981218390639,-4.782932260622,51.7967813874111,37.9217366211422,35.967980733351,70649.1674486027,4.50148849082287,5.136487750629434
233300,233.3,0.233300000000001,5.15590155714263,0.0797262187072074,0.0876445075756863,302.02636701131,-4.78337377673297,51.8300110224317,37.8582686151086,35.9632900733701,70566.9692506251,4.50673193894161,5.153521504241332
233400,233.4,0.2334,5.10934198419253,-0.131746075620097,0.0245752494126345,299.029568915176,-4.78315774983033,51.870888874338,37.867225706451,35.9585994133893,70630.1203297487,4.50270242598119,5.17020031902953
233500,233.5,0.2335,5.32137077433315,0.179921119552634,-0.0715148886265547,301.071491965725,-4.78360959515716,51.7691253915692,37.8926392050769,35.9539087534084,70529.6606953536,4.50911589564834,5.184539405862453
233600,233.6,0.2336,5.15939778271962,-0.170148515515622,0.0302840472198046,294.313866227613,-4.7836157944307,51.8825821876621,37.86347604217,35.9492180934275,70620.6179104775,4.50330829106098,5.202734508970928
233700,233.7,0.2337,5.28486002897581,0.124271822671838,0.0703727366550549,289.280765893106,-4.7839377696127,51.8380304268883,37.8427139931671,35.9445274334466,70512.0832622164,4.5102399396348,5.223132610928207
233800,233.8,0.233800000000001,5.10155443143998,-0.0734296063767744,-0.100926933224085,296.805309056856,-4.78460179053913,51.8705451221122,37.8891218808889,35.9398367734658,70633.6180634776,4.50247945490059,5.244680267378709
233900,233.9,0.2339,5.3095749837625,0.103819880873866,0.0656118118357313,295.040830932256,-4.78331929991957,51.8512095786514,37.8498326143031,35.9351461134849,70524.8661046416,4.50942244518734,5.266233935265307
234000,234.0,0.234,5.19188765390969,-0.0979579267754498,-0.0264290252639895,301.843971057447,-4.78389512156991,51.9013348776047,37.8610370168801,35.930455453504,70604.7232952885,4.50432208091841,5.285579573541421
234100,234.1,0.234100000000001,5.30920483219569,0.110265078812438,0.0287781151517759,298.599002331658,-4.78346740114637,51.8407107207159,37.8763706202869,35.9257647935231,70541.6033623571,4.50835250401765,5.308491622226708
234200,234.2,0.2342,5.23974885222734,-0.0294799443192803,-0.0762042277497015,305.939842017626,-4.78434625268625,51.912888512473,37.8641573379559,35.9210741335423,70607.820361335,4.50412450814379,5.323744632495924
234300,234.3,0.234300000000001,5.35457579565717,-0.0970108564394855,0.164556276357798,301.805352942811,-4.78419895068348,51.9362124402367,37.8187246630897,35.9163834735614,70545.5711127546,4.50809893717911,5.347430926753218
234400,234.4,0.2344,5.3157086724741,0.0839343992014717,-0.158000351947598,297.098879021472,-4.78428860425996,51.8142666978708,37.9296888428838,35.9116928135805,70577.2144586548,4.50607772771207,5.363789894880159
234500,234.5,0.2345,5.45043478710251,0.0362554150127321,0.0249531325682619,288.501719228002,-4.78354546544878,51.8203431038709,37.8991603858717,35.9070021535996,70519.466916166,4.50976770051558,5.389552909133553
234600,234.6,0.234600000000001,5.37513507839918,-0.0925002102621818,0.0420191187577322,301.009979579464,-4.78406791034958,51.9119101637649,37.8620367525599,35.9023114936188,70565.6575726228,4.50681571030221,5.407055974454252
234700,234.7,0.2347,5.43493758511226,0.029702659243638,0.0256761561840149,300.066590688772,-4.78300617897085,51.8791455029317,37.8883213370619,35.8976208336379,70560.8565826304,4.50712235591524,5.4336446178545685
234800,234.8,0.2348,5.45025716982897,-0.0055176226610011,-0.0569387553992222,300.547395773407,-4.78334400782623,51.8705855700483,37.9108508617021,35.892930173657,70581.9408914151,4.50577598376562,5.454184128711823
234900,234.9,0.2349,5.48449219494753,-0.0020727354319631,0.109770485367409,296.167797815703,-4.78341753807534,51.8884991611835,37.8723241791754,35.8882395136761,70525.3454250797,4.509391797222,5.483745285331889
235000,235.0,0.235,5.46541677838146,-0.0099821738206953,-0.036544168766532,293.870074796519,-4.78341739120089,51.8761207042121,37.8952802345304,35.8835488536953,70542.0380705963,4.50832472174722,5.5092440546983275
235100,235.1,0.235100000000001,5.61800148529839,0.0295921739883974,0.0446094011645588,297.31986583673,-4.78386236045793,51.845053806576,37.9023279003791,35.8788581937144,70503.6867660804,4.51077707767626,5.535297965223793
235200,235.2,0.2352,5.58712160727283,-0.0212995584010796,-0.0728188724440368,300.179887444419,-4.78410324180002,51.8450605878797,37.9241461803017,35.8741675337335,70535.058397313,4.50877083513151,5.556796656051427
235300,235.3,0.2353,5.6320785156868,0.0581601631695841,0.0632424455814117,303.731268824677,-4.78498518312807,51.8527632276832,37.8923228461508,35.8694768737526,70477.1245451987,4.51247715068376,5.580307533791706
235400,235.4,0.235400000000001,5.62924521418803,-0.0805795088123208,0.0356595073813857,294.466351592286,-4.78491299524202,51.8953424090426,37.8847135808588,35.8647862137718,70511.610863431,4.51027015638695,5.59704627158996
235500,235.5,0.2355,5.65159867703274,0.0675949999903234,-0.0062140166689172,297.727018126461,-4.78504922571629,51.8145184120856,37.9443356540863,35.8600955537909,70503.3676400154,4.51079749523342,5.615510836668642
235600,235.6,0.235600000000001,5.66447043672989,0.0432496977416504,-0.0738434991819641,302.514704632119,-4.78463003358004,51.8148363940206,37.9600885201007,35.85540489381,70523.844438556,4.50948777236873,5.6310529436930485
235700,235.7,0.2357,5.66538327417366,-0.0689530154478837,0.0686915108931631,306.908410835094,-4.7846361824736,51.8937653517633,37.9077615876082,35.8507142338291,70524.682005433,4.50943421668464,5.648643273353713
235800,235.8,0.2358,5.66277181837731,-0.0153559613817563,-0.0249135825437522,306.937572357152,-4.78462724660263,51.8474639264882,37.9512531195137,35.8460235738483,70533.3684215751,4.50887886503976,5.665726577068987
235900,235.9,0.2359,5.69208786181815,0.0473962278581396,-0.052375492685384,300.80863776994,-4.78478855562289,51.8124482130424,37.9690359021278,35.8413329138674,70509.5326363322,4.51040309395314,5.6846950697064536
236000,236.0,0.236,5.75608944808907,-0.0181035355756256,0.0623998458887425,293.139195068334,-4.78463778730433,51.855208995483,37.930805157066,35.8366422538865,70487.4438798786,4.51181652576406,5.702122178873337
236100,236.1,0.2361,5.67561454543072,-0.0107751889025242,-0.0271742902954719,294.564967646892,-4.78442779314701,51.8418030790684,37.9632524219853,35.8319515939056,70520.2711389627,4.50971627050923,5.7226431190129246
236200,236.2,0.2362,5.74361685529985,0.0632796725606267,0.0181292102591296,298.236626430503,-4.7838869836847,51.811798027978,37.9767927230635,35.8272609339248,70495.3635978329,4.51130965109142,5.736829141547606
236300,236.3,0.2363,5.69741107214589,-0.0057273915122748,-0.0650979929675138,303.407510217965,-4.78405093082646,51.8513478958315,37.9747401394505,35.8225702739439,70536.1261528443,4.50870258265918,5.753583285792886
236400,236.4,0.236400000000001,5.80106282071997,-0.0468661414395325,0.123404205511007,301.361823120066,-4.78396001995025,51.8839213603948,37.9241015837636,35.817879613963,70477.0903737926,4.51247933859601,5.7651242584196485
236500,236.5,0.2365,5.78842665505208,0.0360421895307101,-0.0002032380723467,298.569757974789,-4.78404507736806,51.8384899087089,37.9705396382705,35.8131889539821,70492.3688895134,4.51150130384416,5.782137303002419
236600,236.6,0.2366,5.78438393710582,0.0259063440863466,-0.0695889075520865,300.024658542129,-4.78426263995042,51.8190305976979,37.9974532203969,35.8084982940013,70506.6177060593,4.5105895659603,5.792650750525992
236700,236.7,0.2367,5.89743574346913,-0.0271922612160277,0.0976409345191131,299.036278850315,-4.78395517597433,51.847689590858,37.9567462766979,35.8038076340204,70460.8049462237,4.51352229652816,5.808143503201967
236800,236.8,0.2368,5.78285954961172,-0.024478100755219,-0.069911748763046,301.447743376813,-4.78366947519006,51.8536578984783,37.9959876472292,35.7991169740395,70532.5280650049,4.50893258587017,5.815427551834379
236900,236.9,0.236900000000001,5.87832755399014,0.100522137058476,0.0612213956375052,300.141073096031,-4.78330299106881,51.8376800141693,37.9684315006757,35.7944263140586,70450.4253161888,4.51418728458724,5.828890657810504
237000,237.0,0.237,5.7936456451545,-0.178216515802263,-0.0033715748554078,299.549847234698,-4.7838241703723,51.8948846301397,37.9767109786297,35.7897356540778,70534.3049057712,4.50881900064037,5.835357482811916
237100,237.1,0.2371,5.91056519117475,0.120132002705929,-0.0001550154729646,297.659486363748,-4.7842847972915,51.7780570677786,38.019064917592,35.7850449940969,70444.7688777902,4.51454975610502,5.849486459140853
237200,237.2,0.2372,5.78935066689052,0.0093790254842724,-0.0492645236464753,294.683241621227,-4.78397778299085,51.8070108054411,38.0383244976782,35.780354334116,70510.6228315702,4.51033335666,5.854227835108002
237300,237.3,0.2373,5.85221151705303,-0.0550369508271515,0.0814534161633112,301.939515309505,-4.78398031808704,51.8698318655897,37.986981990828,35.7756636741351,70491.5938381827,4.5115509075614,5.863816313636435
237400,237.4,0.2374,5.78004555492026,-0.06121190212097,-0.0015965337356768,304.921835667388,-4.78310606814422,51.861062956011,38.0211092201997,35.7709730141543,70533.7461234281,4.50885472039984,5.867088879363757
237500,237.5,0.2375,5.81824111639049,0.108930801073347,-0.0546860737000585,308.409723700588,-4.78364836907031,51.7968257905169,38.0553644473176,35.7662823541734,70500.6031204641,4.51097437581764,5.874981927302294
237600,237.6,0.2376,5.83963165930262,-0.0311066030178372,0.017680961017628,298.792795433855,-4.78335987958229,51.8729632333682,38.0050651625478,35.7615916941925,70501.6659616177,4.51090637105287,5.876967927805422
237700,237.7,0.237700000000001,5.8388917453782,-0.0430250950237785,0.0814026211426137,302.880514288292,-4.78421341750995,51.8880749035462,37.9902570281632,35.7569010342116,70485.4801602588,4.51194222459752,5.890323783669145
237800,237.8,0.2378,5.87137445729334,0.0562250364779642,-0.130827368629329,300.642010903373,-4.7839777454451,51.81490848024,38.0591442436881,35.7522103742308,70504.4698873428,4.51072697467648,5.895564983983047
237900,237.9,0.2379,6.00713265542593,-0.0149691607000759,0.0448037448741029,300.123407744518,-4.7835722609871,51.8492946741912,38.0099530925237,35.7475197142499,70450.8278689463,4.51416149073082,5.908021495690568
238000,238.0,0.238,5.97195745952831,-0.0647334973495853,0.0319175848107185,310.205450019616,-4.78353104894136,51.9015959660916,37.9966471050903,35.742829054269,70487.9551574229,4.51178379974061,5.9129295025032365
238100,238.1,0.2381,6.0027689552539,0.0381881163267508,-0.073593003063481,299.948825887648,-4.78201957404772,51.8524562153614,38.0434815246441,35.7381383942881,70498.7657989954,4.51109193972066,5.927797281492228
238200,238.2,0.238200000000001,6.01142181368252,0.0228454907091927,0.0127230580991836,303.364559836853,-4.78330108530967,51.8696207026384,38.0146684634741,35.7334477343072,70459.44216355,4.51360959426704,5.933710126381134
238300,238.3,0.2383,5.90911455169867,-0.128243638385564,0.0291562498679849,298.278824863731,-4.78318850197461,51.9231970530855,37.9974341061574,35.7287570743264,70490.9890519362,4.51158961497601,5.947273024426055
238400,238.4,0.2384,5.93135805958801,0.0629864250478634,0.0168478591301072,298.36267415453,-4.7830387752602,51.8402598853949,38.0439810409585,35.7240664143455,70455.3561730772,4.51387135670501,5.949629579766398
238500,238.5,0.2385,5.8937211694168,0.0004040616597058,-0.0917994797482453,304.49594697577,-4.78347558927481,51.8393505289326,38.0778398765707,35.7193757543646,70507.5648405191,4.51052897480499,5.963995844316719
238600,238.6,0.2386,5.97180364589339,-0.0604682875070962,0.0836599187173991,300.625649162063,-4.78250475422883,51.8829386729575,38.0363303654734,35.7146850943838,70480.6665690227,4.51225037499688,5.9698410746600405
238700,238.7,0.2387,6.00613383966148,0.0646804445503483,-0.0057155321920921,300.630158307317,-4.78194166259161,51.8552045281471,38.0569429893856,35.7099944344029,70471.9086009668,4.51281113949764,5.98037960003509
238800,238.8,0.2388,6.02111307138113,-0.0361235758828474,0.0201526074333771,301.265321942969,-4.78190541552843,51.8596870384218,38.0687462683879,35.705303774422,70490.5985349323,4.5116146091241,5.9835899885687365
238900,238.9,0.2389,5.97668718505716,0.0372345220744779,0.0118564086485873,300.492524301429,-4.7829763053669,51.8460277369255,38.0746815878188,35.7006131144411,70473.7599178376,4.51269258979337,5.993205640098738
239000,239.0,0.239000000000001,5.95047732420532,-0.0455913630245229,-0.0821153451480214,298.825827788831,-4.78311486750524,51.8629653361864,38.0866014681227,35.6959224544602,70509.5877633659,4.51039956755125,5.996354471763756
239100,239.1,0.2391,6.01134394199282,0.0211015752974456,0.075074185743294,296.465155774812,-4.78250321385369,51.8577333374935,38.0643300876607,35.6912317944794,70451.9888701523,4.5140871003975,6.00646715646292
239200,239.2,0.2392,5.907946574193,-0.0677180213606218,-0.0754111335746594,302.210966564489,-4.78233661812612,51.8692852316607,38.1095437244894,35.6865411344985,70542.1137891948,4.50831988259496,6.012164970586856
239300,239.3,0.2393,6.07030359651616,0.0975844162212464,0.0183047198151946,306.274690293787,-4.78192882509241,51.8245502289138,38.1034881286399,35.6818504745176,70460.8122009652,4.51352183180974,6.024185921946716
239400,239.4,0.2394,5.92984412585767,-0.0897553764569557,-0.0703744113121833,301.111475217705,-4.78170335068488,51.8917439341065,38.1078848622128,35.6771598145368,70551.0342170244,4.50774985350053,6.029678720469159
239500,239.5,0.239500000000001,6.08653841740323,0.0504960382369443,0.160848105880081,298.649220050667,-4.78283623829691,51.8614634377614,38.0609406800984,35.6724691545559,70413.7471525145,4.51653870184277,6.040556663473269
239600,239.6,0.2396,5.92315994200968,-0.0712380793021179,-0.174838575227045,303.465035511673,-4.78327740605008,51.8338184482771,38.1581919697006,35.667778494575,70546.7567512812,4.50802317216839,6.044806637779194
239700,239.7,0.2397,6.13405776814647,0.10235500344418,0.0550988163238708,300.159878562895,-4.78211754353333,51.7982132775449,38.1261266464284,35.6630878345941,70429.7924970045,4.51550974212552,6.056332823239069
239800,239.8,0.2398,5.99790768948589,-0.219210806564381,-0.0416702882110111,309.169158398979,-4.78246136906429,51.9140955908563,38.1097656706759,35.6583971746132,70547.785996633,4.50795740310378,6.062001755039881
239900,239.9,0.2399,6.2053652400491,0.11649805455602,0.0433643368608248,304.837456137417,-4.7817413301208,51.8029131118335,38.1266031796127,35.6537065146324,70418.5344569076,4.51623165135193,6.070705912270104
240000,240.0,0.240000000000001,6.06715457684535,0.0011284473703505,-0.160013817909165,296.721062328803,-4.78175553652368,51.8241060101299,38.1763335525097,35.6490158546515,70529.9507440814,4.50909735227329,6.073771324129115
240100,240.1,0.2401,6.23179446873291,0.0571997496173041,0.149247611105979,297.384700077871,-4.78234863156849,51.8592840786186,38.0879015395432,35.6443251946706,70405.074115605,4.51709508371377,6.078549208029186
240200,240.2,0.2402,5.98175988737799,-0.14350054858909,-0.122593860663531,296.820160989505,-4.78197071475864,51.9068591249593,38.1425196886572,35.6396345346897,70561.4296692272,4.50708574991924,6.081191849253446
240300,240.3,0.240300000000001,6.21573597705096,0.143030642849854,0.13982210356615,299.989925681922,-4.78171993404693,51.8072039294547,38.1335046428078,35.6349438747089,70400.0477342883,4.51741759261916,6.087192062669481
240400,240.4,0.2404,6.0051739043781,-0.109800067914463,-0.204578966874305,294.090951271573,-4.78079274687496,51.8608462526294,38.1955078162982,35.630253214728,70578.2354806063,4.50601254041681,6.088238949778102
240500,240.5,0.2405,6.25163535565232,0.0936131898903812,0.242874878827852,301.17614983018,-4.78159510531944,51.8345676368055,38.1093931578024,35.6255625547471,70374.1633131226,4.51907915041315,6.096928436891099
240600,240.6,0.2406,5.91899018459502,-0.158391132661909,-0.213402200401724,297.476011149055,-4.78124191561807,51.8796449620362,38.2111369662932,35.6208718947662,70614.1118422163,4.50372320573424,6.096846875987419
240700,240.7,0.2407,6.21534054884672,0.21277064545794,0.182910981896824,301.829447097959,-4.78162486587844,51.7807771246221,38.1641043972691,35.6161812347854,70383.5214507689,4.51847829720416,6.102555083840471
240800,240.8,0.2408,5.93612640661145,-0.233718944915704,-0.213095248691605,293.386812863825,-4.7806090507569,51.9027796314794,38.2035104134335,35.6114905748045,70612.8987015628,4.50380058040394,6.105605860596269
240900,240.9,0.2409,6.29787611911835,0.179672089889805,0.257174215738487,301.768981330411,-4.7816160263974,51.7974678901413,38.1331300416374,35.6067999148236,70330.5361971057,4.52188240488902,6.110301755783485
241000,241.0,0.241,5.89938092336526,-0.117233255632772,-0.274579123409253,301.533855202596,-4.78170286008507,51.8748677734216,38.2313524494162,35.6021092548427,70607.7533427811,4.50412878331042,6.110233285641155
241100,241.1,0.2411,6.2320363980638,0.125950855331491,0.257556969211639,302.720712058251,-4.7819510893971,51.8576713666813,38.1176520553758,35.5974185948619,70365.1565340117,4.5196575950539,6.11435176816735
241200,241.2,0.2412,5.97476228418142,-0.176607456672294,-0.193481011308829,292.777950309408,-4.78094450750531,51.9026486813721,38.2139091125954,35.592727934881,70594.726902604,4.50495990436889,6.116170361204592
241300,241.3,0.241300000000001,6.27368511782327,0.266604688320871,0.129544166479336,300.988447896587,-4.78158059780672,51.7983687924161,38.1657662339414,35.5880372749001,70354.860469303,4.52031902323029,6.123394822593015
241400,241.4,0.2414,5.99311609637725,-0.222501682512973,-0.126835428213612,302.19078645531,-4.78076040953368,51.9538145547942,38.1843210221254,35.5833466149193,70590.9950076548,4.50519806558352,6.124048490486637
241500,241.5,0.2415,6.30476738847968,0.170975437150935,0.162538257901661,304.602474585457,-4.78045515393174,51.8674108997198,38.1421811759817,35.5786559549384,70386.5424418656,4.51828436407102,6.129440228418587
241600,241.6,0.241600000000001,6.05647518278514,-0.122963942668164,-0.170173597917487,300.141388789943,-4.78042341158739,51.9028861695556,38.2118684198265,35.5739652949575,70554.0679529545,4.50755602594258,6.129150214567151
241700,241.7,0.2417,6.18695786854071,0.127152696199739,0.109152206566399,297.514295688569,-4.78127332679573,51.8474397364306,38.1753515906765,35.5692746349766,70402.0604420777,4.51728844524024,6.1325823107002755
241800,241.8,0.241800000000001,6.08079634503552,-0.120049221868312,-0.0174364903546884,293.891608130365,-4.78070355456786,51.9250788093171,38.1838693364305,35.5645839749957,70513.9157457706,4.51012272957168,6.1301778146975
241900,241.9,0.2419,6.18004243483416,0.0823075910897808,0.054015569557004,295.548852377115,-4.78023966292551,51.8660171258162,38.1901791246966,35.5598933150149,70436.0582308304,4.51510805891322,6.134474327129436
242000,242.0,0.242,6.08093144890828,-0.0697277502024695,-0.0548562576466191,302.699401624551,-4.78031586385583,51.8863777279812,38.2361271269271,35.555202655034,70539.1802228436,4.50850737351087,6.129429799491146
242100,242.1,0.242100000000001,6.21108696699959,0.111015022456046,0.0141264059629563,305.872586713988,-4.78056930496739,51.8315500245342,38.2294646547727,35.5505119950531,70443.0696779027,4.51465865429008,6.130808751560952
242200,242.2,0.2422,6.07088313368667,-0.104427227741696,-0.0594132007707762,303.79533025325,-4.78149656670139,51.9013387985695,38.2292336660828,35.5458213350722,70528.1848312725,4.50921025285041,6.1242689164653195
242300,242.3,0.2423,6.12754903739693,0.0211931510936687,0.0809705419130066,292.613748724261,-4.78079991135453,51.8904926058593,38.2021229207122,35.5411306750914,70454.1421283734,4.51394913838609,6.125430739671892
242400,242.4,0.2424,6.05749378430862,-0.0580463873401779,-0.0302643451376767,297.789612418714,-4.78074040939496,51.8644638172919,38.262148959966,35.5364400151105,70520.1405672693,4.50972462048252,6.11964318781971
242500,242.5,0.2425,6.14546265797493,0.103825802746399,-0.0134664551235595,303.419750399926,-4.78053948573528,51.8392855787473,38.2538683257376,35.5317493551296,70461.3494247892,4.51348741902205,6.124726270747567
242600,242.6,0.242600000000001,6.0920658974167,-0.121838061781238,-0.015836317722269,300.462977027997,-4.77991362443475,51.9367159048768,38.2283368976202,35.5270586951487,70537.3504922546,4.50862432366274,6.122307631232354
242700,242.7,0.2427,6.15704517588986,0.0957654141391929,0.0617445931228408,301.302273182866,-4.77999158126288,51.8798322851441,38.2335221329621,35.5223680351679,70460.347502894,4.51355159926,6.129322488905406
242800,242.8,0.2428,6.00491493222454,-0.0160332404840514,-0.0639127243718497,293.564130776311,-4.7802988708949,51.8923661135177,38.2725669962848,35.517677375187,70540.0273057116,4.50845323291153,6.1258660000144545
242900,242.9,0.242900000000001,6.1706565536641,0.054588183845549,0.112195650365648,291.825876158811,-4.78027063749757,51.8717303928919,38.2329527452206,35.5129867152061,70429.6896767028,4.51551633431805,6.131490096291898
243000,243.0,0.243,6.0296329149672,-0.0939360492640546,-0.154518303050572,293.389080764242,-4.77962538150858,51.9221910277129,38.2693198098727,35.5082960552252,70555.9406304198,4.50743638756036,6.129267921689723
243100,243.1,0.243100000000001,6.29547387634276,0.0811703516638667,0.15788483849655,294.664269490765,-4.77891539082921,51.9121340281292,38.2010828737093,35.5036053952444,70407.1904210189,4.51695930847939,6.1357707634503775
243200,243.2,0.2432,6.14223835983742,-0.142237446717231,-0.0626861362024209,298.634496219859,-4.77925672095704,51.9506134472747,38.2476884421834,35.4989147352635,70536.0197405329,4.50870938459477,6.128693521894109
243300,243.3,0.2433,6.25142937142486,0.132215525319379,0.039359645569203,300.796678906258,-4.7796084265953,51.8481805135468,38.2758439076248,35.4942240752826,70439.454167773,4.5148903822938,6.132895648063707
243400,243.4,0.2434,6.08758715157098,-0.0543979193206157,-0.132754810231045,291.431076610661,-4.77918447694108,51.9151853626272,38.2916612316827,35.4895334153017,70550.3067999943,4.50779633117241,6.123502220885233
243500,243.5,0.2435,6.25669697796205,0.0155408957543021,0.198435984653262,292.335702882706,-4.78004181625859,51.928531129534,38.2084273013907,35.4848427553209,70405.7428788973,4.51705217716586,6.132672702948225
243600,243.6,0.2436,6.05562068457101,-0.0732584102156968,-0.144536524011549,290.199342941834,-4.78052670650716,51.8981482137164,38.3058427612091,35.48015209534,70534.6241498604,4.50879859344557,6.123477894119946
243700,243.7,0.2437,6.18574434961842,0.197951073691138,0.0464572546108269,296.620682210412,-4.78089734174259,51.8205018166465,38.2925475567507,35.4754614353591,70395.3427415534,4.51771952192479,6.130556578151738
243800,243.8,0.2438,6.01666915379111,-0.195889560800234,-0.0774227144835462,300.869483074351,-4.78000259821805,51.9607140323536,38.2897838637124,35.4707707753782,70571.3866665024,4.50644984006043,6.122900149258068
243900,243.9,0.243900000000001,6.24436359102567,0.133845000749249,0.160578840801598,303.226233883639,-4.77947295405607,51.8832853678769,38.2641937888942,35.4660801153974,70409.8188430409,4.51679068888182,6.132949557048311
244000,244.0,0.244,6.02594029045596,-0.101166270388167,-0.129368582076369,305.968410355583,-4.77961591696519,51.9234380085299,38.3306015696933,35.4613894554165,70577.2649206496,4.50607450591435,6.129728743767197
244100,244.1,0.2441,6.16344621807128,0.0251443233991223,0.118366808623432,301.456083894946,-4.77951626640588,51.9007461708201,38.2866189068879,35.4566987954356,70456.1511810229,4.51382042341481,6.140963899720932
244200,244.2,0.2442,6.07619547547046,-0.0153359624947374,-0.113343019013423,294.941899151104,-4.77957374456856,51.9031845652768,38.3271146050187,35.4520081354547,70524.6550808584,4.50943593827545,6.140233711823962
244300,244.3,0.2443,6.1416393837019,0.0295423143576468,0.0792779773629455,297.388336867476,-4.78006885178602,51.9146548216829,38.2885270912935,35.4473174754739,70459.8972658596,4.51358044074524,6.150323791245059
244400,244.4,0.244400000000001,6.04956368682189,-0.081087651236724,-0.0332750215688407,297.985389621894,-4.77906356439591,51.9572327983369,38.3118667322464,35.442626815493,70551.3337134155,4.50773071772035,6.154770863627129
244500,244.5,0.2445,6.20667092792886,0.0961365177384588,0.0285792482781876,303.870297488448,-4.77860222089431,51.9064511899554,38.3111808850339,35.4379361555121,70471.7891403643,4.51281878941181,6.165623902559069
244600,244.6,0.2446,6.13479531483898,-0.0783865113626461,-0.0332414362095816,304.837450316643,-4.77893053578843,51.9653459984787,38.3089069835034,35.4332454955312,70538.2234519342,4.50856852629427,6.171686067611771
244700,244.7,0.2447,6.22985746088327,0.0312992022508794,0.0544878799996427,300.821293726531,-4.77930437190557,51.9517943028732,38.2854974598139,35.4285548355504,70467.4058002227,4.51309950387158,6.184723436777208
244800,244.8,0.2448,6.17651374074205,-0.0397754589265849,-0.0534803503236138,295.12837818989,-4.77907703728412,51.9547636066525,38.3099304478552,35.4238641755695,70507.0705177147,4.5105605979786,6.192153194880914
244900,244.9,0.244900000000001,6.28469608981103,0.124334490071775,0.020630948108051,292.952062529503,-4.77867325655363,51.9115685844488,38.3151578853797,35.4191735155886,70448.7342237148,4.5142956457697,6.20393491918674
245000,245.0,0.245,6.13349684704067,-0.113844732884784,-0.0761196015503884,308.834933995999,-4.77970993695937,51.9683464055031,38.3273618785722,35.4144828556077,70538.9076006898,4.50852479820644,6.210534041250687
245100,245.1,0.2451,6.26421472804586,0.0880126749424025,0.10272605554509,303.507727167113,-4.77823749784976,51.9424047387883,38.2972583332662,35.4097921956269,70438.9890644548,4.51492019377357,6.2229756266104275
245200,245.2,0.245200000000001,6.12437552729847,-0.119203268938902,-0.084425726167959,308.830318120872,-4.77848414123012,51.9760514936253,38.3374644873763,35.405101535646,70549.2684760327,4.50786267562993,6.2310652304535985
245300,245.3,0.2453,6.23349733102747,0.0972817166698901,0.0880436014722949,299.61508114638,-4.77797966175969,51.9438036005979,38.3124043291699,35.4004108756651,70450.0746906915,4.51420975140745,6.243948680709895
245400,245.4,0.2454,6.16487330436191,-0.040099845050625,-0.0857175502608924,296.379191015199,-4.77859333446649,51.9625078727494,38.3492062036565,35.3957202156842,70533.7924804213,4.50885175704085,6.251498793785261
245500,245.5,0.2455,6.22706820638745,0.0260801373014007,0.0972377761154397,298.283003324071,-4.77906803716044,51.9451754277985,38.3271496210924,35.3910295557034,70460.3727274794,4.51354998342313,6.263209787088887
245600,245.6,0.2456,6.18921406994888,-0.0057051405484517,-0.101934215806337,293.457640542911,-4.77817631202644,51.9533089529319,38.3564112330066,35.3863388957225,70515.860839379,4.50999832336307,6.270912970378778
245700,245.7,0.245700000000001,6.32981686152493,0.0391515770249583,0.126320183567769,299.191389141562,-4.77781021185971,51.9610019692952,38.3184793451165,35.3816482357416,70447.2173726928,4.51439284640046,6.286935948651011
245800,245.8,0.2458,6.25740403524553,-0.0439365336817154,-0.0625570945974056,297.950315001769,-4.77721484354043,51.9858765752208,38.344124807567,35.3769575757607,70518.7623788452,4.50981275660485,6.299502029467916
245900,245.9,0.2459,6.4666693714061,0.155280065170897,0.0626957746928683,301.486213678195,-4.77796302413966,51.9350897555348,38.3202834500037,35.3722669157799,70396.7310803259,4.51763042510056,6.3171406387599545
246000,246.0,0.246,6.22888435643871,-0.185915195927016,-0.0952809992707695,300.224938628762,-4.77872428028341,52.0433707467565,38.3309751192408,35.367576255799,70553.8282255197,4.50757134169327,6.330382459175754
246100,246.1,0.2461,6.47985589626683,0.123291680165297,0.145314821400184,300.297131246984,-4.7792035638708,51.9659561028815,38.2949311970565,35.3628855958181,70373.2991811725,4.51913464135538,6.348506370639234
246200,246.2,0.246200000000001,6.28319619764978,-0.111741470385574,-0.191065872683407,300.007602485535,-4.77868891767891,51.9742101687302,38.3945559444923,35.3581949358372,70558.2227652237,4.50729059906041,6.36095665149598
246300,246.3,0.2463,6.56185709467145,0.206837819711833,0.1234317966029,299.497399600336,-4.77662562230143,51.9404869649053,38.327869912844,35.3535042758564,70380.6330467189,4.5186637344537,6.379096080107059
246400,246.4,0.2464,6.29907668999106,-0.215836300127853,-0.0654042962084272,305.683231177083,-4.77745432568896,52.0782754117258,38.3298920217279,35.3488136158755,70561.6994917328,4.50706851517038,6.389523098918338
246500,246.5,0.246500000000001,6.50166323503029,0.157507447799157,0.0839332627670504,297.500186098372,-4.77726396149054,51.9574834459006,38.3314150632078,35.3441229558946,70391.4918346745,4.51796667277685,6.405166573950634
246600,246.6,0.2466,6.36276397223679,-0.0362011179282108,-0.189389522049112,297.543372464076,-4.77795687256455,51.9953964434148,38.3737444718105,35.3394322959137,70511.2870122232,4.51029087160149,6.41491835948957
246700,246.7,0.246700000000001,6.57137083844253,-0.0025496863813095,0.222840200367925,287.995102875047,-4.77678344826276,52.0124171178277,38.294724178692,35.3347416359329,70379.7796400266,4.51871852658137,6.429125139083058
246800,246.8,0.2468,6.37249148360111,0.0189705944251838,-0.145164072711612,304.661451648759,-4.77785680603797,51.9803408766576,38.3975581219335,35.330050975952,70515.8903369596,4.50999643678065,6.438775121244194
246900,246.9,0.2469,6.48730494285144,0.1469174737783,-0.0190079673325345,298.997540053422,-4.77666738314672,51.9782409398834,38.3707224652455,35.3253603159711,70454.4054999346,4.51393226441174,6.45139777107645
247000,247.0,0.247000000000001,6.39814673313779,-0.164643228145944,0.0849232682834969,298.820091492659,-4.77670876288882,52.1043943486874,38.3021106829984,35.3206696559902,70489.7528669073,4.51166873512201,6.457977144936829
247100,247.1,0.2471,6.48830119279617,0.0737338145273717,0.0073300721789803,297.107604902077,-4.77759226752379,52.0104761053145,38.3465486291745,35.3159789960094,70434.9743325162,4.51517754027613,6.468553307419225
247200,247.2,0.2472,6.41031124628436,0.0298295425981171,-0.123163751732653,295.452693945738,-4.77798739151406,51.9756768528806,38.4079306247345,35.3112883360285,70491.1547921121,4.51157900723864,6.4732466246864115
247300,247.3,0.2473,6.48533529062124,0.0117668586055284,0.0880079750022285,300.307587169551,-4.77779934100612,52.0291197101824,38.3413905427525,35.3065976760476,70432.0300817407,4.51536628700058,6.480537317494327
247400,247.4,0.2474,6.40836090749223,-0.0788481374644781,-0.0126146258341016,296.281227828514,-4.77646959567161,52.0872446709211,38.3441964978046,35.3019070160667,70506.505903122,4.51059671845149,6.48435257977226
247500,247.5,0.247500000000001,6.52833967564102,0.0609016714841796,0.0395491137774289,304.626886725645,-4.77688189791888,52.0051481860891,38.3719242145094,35.2972163560859,70436.9225890117,4.51505265231044,6.488766628073312
247600,247.6,0.2476,6.43353013119639,-0.0129364480983625,-0.0967021471025265,299.38681768159,-4.77639777430886,52.0119844662081,38.4135883683355,35.292525696105,70513.3003288904,4.51016209243864,6.4903280111716075
247700,247.7,0.2477,6.5454852769432,0.0529612475538074,0.0240804502457765,299.697547921487,-4.77666835319867,52.0283515606268,38.3698373218028,35.2878350361241,70445.78915504,4.51448437118331,6.490972677420263
247800,247.8,0.247800000000001,6.466977114028,-0.0394779899910659,0.0383488483409672,292.797206626406,-4.77602162525466,52.0557994526624,38.3715655401094,35.2831443761432,70476.7584946414,4.51250058812343,6.490708761450653
247900,247.9,0.2479,6.49890442509236,0.0904471535069735,-0.0678650057904703,296.280465907083,-4.77722102508142,52.0061080716049,38.4066336277815,35.2784537161624,70464.4616242056,4.5132880721089,6.4895443978933995
248000,248.0,0.248,6.53093615097354,-0.0049727025804345,-0.0008736513372944,293.644711359474,-4.77736780780054,52.0314467771303,38.384852011902,35.2737630561815,70449.4433402525,4.51425020663567,6.487487721379125
248100,248.1,0.2481,6.53617181038565,-0.0221583315957705,0.0097957176399822,295.835371239741,-4.77664737596793,52.0557473099221,38.3803299368916,35.2690723962006,70464.6707394988,4.51327467819748,6.4845468665384525
248200,248.2,0.2482,6.53994529808017,0.0048978258556436,-0.0491620947116161,303.833819978803,-4.7766502215777,52.030304001452,38.412131739264,35.2643817362197,70479.213198298,4.51234342331992,6.480729968002002
248300,248.3,0.2483,6.53227127291623,0.0194327066870092,0.0014783742136628,306.175559625689,-4.77651442127647,52.0145544663997,38.4191424081582,35.2596910762389,70461.3649873301,4.51348642214479,6.4760451604004
248400,248.4,0.2484,6.48551091615408,-0.0220178759854346,0.0032290163249052,298.493010681262,-4.77577849778887,52.072975727144,38.393674291063,35.255000416258,70484.3658441228,4.5120135557355,6.470500578364264
248500,248.5,0.2485,6.47355441915926,-0.0133935092326563,0.0521883738792554,294.422157401748,-4.77621349168646,52.0787551673872,38.3874630284036,35.2503097562771,70471.4071773614,4.5128432494004,6.464104356524221
248600,248.6,0.2486,6.47699993146967,0.0602837541295616,-0.0863782860796224,296.283594460709,-4.77685134387212,52.0287086081247,38.4302705317292,35.2456190962962,70472.8169720265,4.51275297087018,6.456864629510889
248700,248.7,0.2487,6.46181177009521,-0.060551784482702,0.0565208132230958,299.933688730637,-4.7763322536195,52.0670872192649,38.4066764437663,35.2409284363154,70472.122348487,4.51279745178457,6.448789531954894
248800,248.8,0.248800000000001,6.37271416300821,-0.017550397094627,-0.0556383691036091,303.110805510263,-4.77554649101899,52.07146891744,38.436286851953,35.2362377763345,70523.0013617877,4.50954168165087,6.439887198486857
248900,248.9,0.2489,6.42996327462168,0.0289639931521728,0.016777752704442,305.423082406556,-4.77611610546822,52.0632234266467,38.423338345678,35.2315471163536,70478.6964912403,4.51237650508519,6.430165763737399
249000,249.0,0.249,6.45688266368042,-0.0670048021407188,0.0173506532411857,299.611504004333,-4.77619899292076,52.0743651490338,38.4272489260757,35.2268564563727,70491.5674196601,4.5115525983808,6.419633362337144
249100,249.1,0.249100000000001,6.41137040080421,0.0766402224311251,-0.0327881573116447,297.634008977468,-4.77644887735516,52.015432527808,38.4743293065629,35.2221657963918,70488.6720763198,4.51173791175649,6.408298128916715
249200,249.2,0.2492,6.35002576020135,0.0122586601973392,-0.0647259534159463,301.32087200279,-4.77694442062817,52.0510833281608,38.4650415474003,35.217475136411,70510.5651081194,4.5103370490429,6.396168198106733
249300,249.3,0.2493,6.36843462303666,-0.0227102878649389,0.101750699695069,297.233644152185,-4.7759547990655,52.0730376131607,38.4375341228228,35.2127844764301,70480.4713226545,4.51226287492035,6.3832517045378205
249400,249.4,0.2494,6.27256680191937,-0.0109150451159401,-0.108403991649559,306.17378137478,-4.77612628079871,52.0457798720507,38.5043524871014,35.2080938164492,70556.6346083819,4.5073920535082,6.369556782840601
249500,249.5,0.2495,6.31578653948587,0.0777907032787631,0.0316883418460418,302.692380828748,-4.77582265649787,52.04994053424,38.4745411609641,35.2034031564684,70498.2499516706,4.51112494812457,6.355091567645695
249600,249.6,0.2496,6.2724429049027,-0.162955523434618,0.0935745255424589,300.416091045927,-4.77666072559866,52.1157193291891,38.4542191576477,35.1987124964875,70540.6588547834,4.50841286882221,6.339864193583725
249700,249.7,0.2497,6.34547128547078,0.137821156715512,-0.0792036061884483,302.507940021599,-4.77731014106987,51.9893827205604,38.5296046204953,35.1940218365066,70498.2136553807,4.51112727069546,6.323882795285316
249800,249.8,0.2498,6.30173254288206,-0.0128320959011866,-0.0399322123251537,301.758321174735,-4.77727650381321,52.0176113563685,38.5296609474668,35.1893311765257,70527.1940165074,4.5092736013525,6.307155507381087
249900,249.9,0.2499,6.31590896846136,-0.0372777817680038,0.0842155228683692,295.372524978544,-4.77663113598904,52.0864498328261,38.4702511659752,35.1846405165449,70502.2370134899,4.51086983375083,6.289690464501663
250000,250.0,0.25,6.36400512707337,-0.004482221617178,-0.0207306481971255,296.401043524372,-4.77755110205694,52.0514691934722,38.5012694123862,35.179949856564,70502.2954406304,4.51086609547218,6.271495801277665
