step,time_ps,strain,sigma_zz_GPa,sigma_xx_GPa,sigma_yy_GPa,temp_K,pe_eV_atom,lx_A,ly_A,lz_A,vol_A3,density_g_cm3,sigma_zz_smooth_GPa
0,0.0,1.51467611152518e-16,0.309615864096491,-0.10641975236717,-0.0951391720682244,300.416446967837,-4.83334084044918,102.432368221444,59.1393553663814,93.8210790219212,568347.852496618,4.47650378561446,0.3569746814441086
100,0.1,0.0001,0.437381441158536,0.101928038314627,0.0875436043249349,303.264639750653,-4.83387224325468,102.343000956718,59.0958679262786,93.811696914019,567377.689774786,4.48415818792039,0.3726147332981187
200,0.2,0.0002000000000002,0.337341530140231,-0.103300832746998,-0.0936117325479273,299.495540286712,-4.83376305111604,102.433673217638,59.1390781068841,93.8023148061168,568238.758220785,4.47736321473944,0.3880722245716461
300,0.3,0.0003000000000001,0.464246573659066,0.091088164160236,0.0841357936863172,300.845849857817,-4.8339398955383,102.356004587233,59.0968000351249,93.7929326982146,567345.22757964,4.48441476118669,0.40335428732314765
400,0.4,0.0004,0.370584691828841,-0.0809883964421765,-0.0795096251366083,298.827215794777,-4.83359775291652,102.433903559665,59.1413315347581,93.7835505903124,568148.013089157,4.47807834337653,0.41846805361108036
500,0.5,0.0005,0.479680329930006,0.0727045499418055,0.0752251412681734,301.356193170006,-4.83372009265158,102.376167513221,59.1022498750333,93.7741684824102,567395.78221547,4.48401520242671,0.4334206554939012
600,0.6,0.0006000000000002,0.411323893749578,-0.069236481371393,-0.0660541785031303,300.861066060636,-4.83352668127452,102.438739551633,59.1388512252831,93.764786374508,568037.331666221,4.47895089180853,0.4482192250300671
700,0.7,0.0007000000000001,0.505563733259543,0.0666291691858633,0.0548134605824917,301.203722501397,-4.83324091621156,102.384962075485,59.1141596604094,93.7554042666058,567445.30206563,4.48362389112299,0.46287089427803507
800,0.8,0.0008,0.448483149573641,-0.0472079001757951,-0.0493461201391361,300.634666432767,-4.83317726924519,102.439574378086,59.1403500087383,93.7460221587037,567942.67757017,4.47969735983192,0.477382795296262
900,0.9,0.0009000000000002,0.515549464916963,0.0389002174326449,0.0527958522622587,299.970856295194,-4.83352163861258,102.40419678818,59.1165729783002,93.7366400508014,567461.481679442,4.48349605283726,0.49176206014320484
1000,1.0,0.0010000000000001,0.484006442058058,-0.029424508124187,-0.0357976250471302,299.3448423738,-4.83365205930146,102.424084137915,59.1436887867243,93.7272579428993,567775.186746516,4.48101884801603,0.5060158208773207
1100,1.1,0.0011,0.536940630849744,0.0276280162121614,0.0300880479695562,299.943546974723,-4.83375692565807,102.406236045732,59.1270873440351,93.7178758349971,567460.094673935,4.48350701155273,0.5201512095570662
1200,1.2,0.0012000000000002,0.515540712393129,-0.0254826019414119,-0.012989846110069,300.265097732378,-4.83371229061748,102.441254749427,59.1352237774068,93.7084937270949,567675.421300507,4.48180635937759,0.5341753582408987
1300,1.3,0.0013000000000001,0.55389416657779,0.0248565314599707,0.0157215121543365,301.975302928188,-4.83358952732958,102.414059899466,59.1379711909606,93.6991116191927,567494.265596509,4.48323704306099,0.5480953989872749
1400,1.4,0.0014000000000001,0.551102551964018,-0.0071077602214173,-0.0179539310224499,301.720863855036,-4.83336740994014,102.43164412824,59.1488099879058,93.6897295112905,567638.887529513,4.48209481263681,0.5619184638546518
1500,1.5,0.0015,0.579702514565421,-0.0063669511892616,0.0157432844080539,302.227930658299,-4.83370299189457,102.44567633771,59.1311719448706,93.6803474033883,567490.522786291,4.48326661167006,0.5756516849014864
1600,1.6,0.0016000000000002,0.587858635645238,-0.0078622352978647,-0.0009611287867328,298.96895368288,-4.8337249554255,102.436713479437,59.1430907674548,93.6709652954861,567498.409564926,4.48320430571336,0.5893021941862358
1700,1.7,0.0017000000000001,0.596890367765801,0.0151795190263262,-0.018503940231025,299.706515029945,-4.83381089021949,102.419605520292,59.1560738950946,93.6615831875839,567471.344660573,4.48341812707522,0.6028771237673566
1800,1.8,0.0018,0.614759333466759,-0.0049423210327938,0.0168509269131687,299.376948653798,-4.83355167490687,102.450844995301,59.1401701372397,93.6522010796817,567434.978063586,4.48370546688763,0.616383605703306
1900,1.9,0.0019000000000002,0.627996529043484,-0.0141770875451527,0.0014913420114151,300.724371890224,-4.83344651822356,102.456947626886,59.145902127758,93.6428189717795,567466.923701501,4.48345305599744,0.6298287720525408
2000,2.0,0.0020000000000001,0.654623852460605,0.0143410302708753,-0.0031834369501502,301.045949638842,-4.83344168786268,102.43130041439,59.1576174658902,93.6334368638773,567380.395593918,4.48413680311205,0.6432197548735183
2100,2.1,0.0021,0.642192738770623,-0.0170453461496997,-0.0147788292480537,301.05950163584,-4.83390937362906,102.461818421656,59.1516883639984,93.6240547559752,567435.69292643,4.48369981825734,0.6565636862246951
2200,2.2,0.0022000000000002,0.676242226905887,-0.0016313595695229,0.0290707142242193,298.584531590821,-4.83382000428292,102.463442029661,59.1398553690844,93.6146726480729,567274.31756631,4.48497531875231,0.6698676981645283
2300,2.3,0.0023000000000001,0.673274312409573,-0.0031150275877311,-0.0330864894125376,299.438055213683,-4.83373767734953,102.447106490091,59.1691589172166,93.6052905401708,567408.043770812,4.48391830390515,0.6831389227514748
2400,2.4,0.0024000000000001,0.711572350426622,0.0169738100327506,0.0213937852015132,300.953873210962,-4.83363416922787,102.450192199916,59.1538397612279,93.5959084322686,567221.366652548,4.48539399751741,0.6963844920439917
2500,2.5,0.0025,0.69932541989014,-0.0298384970383704,-0.0157025461762109,300.830494818802,-4.83352891002974,102.486460947732,59.1583017750017,93.5865263243664,567408.088673727,4.48391794906177,0.7096115381004535
2600,2.6,0.0026000000000002,0.736604908329924,0.0339759747078838,0.0133397909309829,302.58065565781,-4.83387377468499,102.446726231294,59.1591232370057,93.5771442164642,567139.114720671,4.48604451220058,0.7218173273882853
2700,2.7,0.0027000000000001,0.715514343202552,-0.0312207899056545,-0.0319431352426663,296.52587505794,-4.83361360086393,102.483448170743,59.1690300343359,93.567762108562,567380.520841312,4.48413581325352,0.737038392329239
2800,2.8,0.0028,0.771314560103551,0.0244398884691679,0.0509226816047303,298.258000021412,-4.83388734720668,102.469383472186,59.1457766321193,93.5583800006598,567022.843072924,4.48696440421846,0.7489824006891715
2900,2.9,0.0029000000000002,0.746269779140156,-0.0234726465582556,-0.0505760749619736,299.393502474572,-4.83375266261358,102.475585864735,59.1816635103245,93.5489978927576,567344.328729309,4.48442186589804,0.7642171094171809
3000,3.0,0.0030000000000001,0.797852533942903,0.0368493664251322,0.0360479723739926,300.813576992234,-4.83364772878713,102.460804418405,59.1606716508747,93.5396157848554,567004.412703398,4.48711025213457,0.7758090695737189
3100,3.1,0.0031,0.756785611976005,-0.0616627251491697,-0.0307681770110424,300.350381467336,-4.83347148789943,102.522521910695,59.1708102656609,93.5302336769532,567386.262480669,4.48409043624605,0.7905849096386213
3200,3.2,0.0032000000000002,0.83039158311574,0.0463803257325478,0.0422323850649656,298.179818893559,-4.83319326931284,102.467413559326,59.1644369320506,93.520851569051,566963.319447425,4.48743547594332,0.8026161755144748
3300,3.3,0.0033000000000002,0.790104456756504,-0.0410551887893048,-0.0525210030275773,298.041741264163,-4.83354513375063,102.496276267518,59.191096745635,93.5114694611488,567321.648627186,4.48460114188042,0.8177888551665576
3400,3.4,0.0034000000000001,0.867080733054418,0.0514013646826106,0.0597269344422952,298.003887795916,-4.83375623362335,102.476916040473,59.1562032150237,93.5020873532467,566823.236596618,4.48854448614914,0.8303086418808083
3500,3.5,0.0035,0.811557893039461,-0.0607351409627112,-0.0510382569740766,299.847600044307,-4.83381095595093,102.52548662995,59.185140082807,93.4927052453445,567312.35998759,4.48467456852626,0.8448571353584977
3600,3.6,0.0036000000000002,0.892716725907646,0.0654043889202722,0.0495037830668971,298.896207889659,-4.83335826379531,102.469607434139,59.1701006860422,93.4833231374423,566802.194382093,4.48871112085331,0.8572475520300724
3700,3.7,0.0037000000000001,0.83657524474419,-0.0598288510533464,-0.0378528223698853,297.82117063861,-4.83317348224662,102.534424830578,59.1911721169406,93.4739410295401,567305.760331405,4.48472674023388,0.8715092733718776
3800,3.8,0.0038,0.920492155778118,0.0684746368546643,0.0477651884935683,300.510269372328,-4.83357984729226,102.479619409914,59.1700071394867,93.4645589216379,566742.897665734,4.48918076208084,0.8843277768344228
3900,3.9,0.0039000000000002,0.858796264989405,-0.0666180658900239,-0.0550743082911892,300.011537039692,-4.83367270463949,102.537961251669,59.1972914913137,93.4551768137357,567270.080459445,4.48500881835042,0.8987386872475169
4000,4.0,0.0040000000000001,0.945611331010348,0.0611956528154954,0.0664385928366409,298.805460582186,-4.83371788328437,102.491300898512,59.168025009179,93.4457947058335,566674.722251878,4.48972084573785,0.9118679199235957
4100,4.1,0.0041,0.876747405802901,-0.0616304282646237,-0.0644371391505621,298.7495154748,-4.83398031128655,102.536470355969,59.2031038152378,93.4364125979313,567203.621606804,4.48553432370475,0.9258206396262461
4200,4.2,0.0042000000000002,0.972792864608986,0.0655088214909065,0.0534130195235238,298.361436387079,-4.83368338749734,102.490491396631,59.1758883974309,93.4270304900291,566631.752255733,4.49006131957586,0.939205493943899
4300,4.3,0.0043000000000002,0.919710934440528,-0.0620586486132642,-0.0450507411000635,300.280753214713,-4.83349184698667,102.556694360695,59.1992225309197,93.4176483821269,567164.379986498,4.48584467400356,0.9530845201108951
4400,4.4,0.0044000000000001,1.00250057453626,0.0591074175338901,0.0448925721371506,301.027644587456,-4.83354072888174,102.501768075605,59.1814610656072,93.4082662742247,566633.635544232,4.49004639621038,0.9662895331377896
4500,4.5,0.0045,0.956815942294315,-0.0485774487347004,-0.0479543921611223,298.100915499994,-4.83325075375684,102.546070113501,59.210633625756,93.3988841663225,567101.006190526,4.48634596919089,0.9802176010252575
4600,4.6,0.0046000000000002,1.02087779916098,0.0464243162159419,0.0448472311553003,299.587460013209,-4.83363549563649,102.509951617154,59.1873317088171,93.3895020584203,566621.239555803,4.49014462507877,0.9936938298621159
4700,4.7,0.0047000000000001,0.983493369739266,-0.0410037932673146,-0.0305383737493252,296.926370132779,-4.83360290891701,102.546487401568,59.2089016378148,93.3801199505182,566972.795341224,4.48736047682105,1.0075581724031715
4800,4.8,0.0048,1.04132781370793,0.0353414012287633,0.0200197145630682,299.402437450337,-4.8338538475255,102.515452350267,59.1959612551561,93.370737842616,566620.392194707,4.49015133993395,1.0210405567951406
4900,4.9,0.0049000000000002,1.02466145198679,-0.0399584504000906,-0.0142874905602643,299.119154822114,-4.83327367857386,102.563038644222,59.2046581256826,93.3613557347138,566909.724226929,4.48785971473041,1.0350296876781915
5000,5.0,0.0050000000000001,1.06496244847793,0.0238280127170461,0.0183819447076755,299.771773584263,-4.83326271208944,102.53462886726,59.2021054302992,93.3519736268116,566671.30299393,4.4897479364227,1.0487413435947908
5100,5.1,0.0051,1.05066179199178,-0.012467060865375,-0.0166091856110555,300.807213102002,-4.83353231253999,102.546080661237,59.2150632504195,93.3425915189094,566801.665787946,4.48871530698502,1.0625566060908216
5200,5.2,0.0052000000000003,1.07438539498168,0.0033728984588806,0.0068738725147851,299.533048720606,-4.83365013785898,102.553113667481,59.2044466285736,93.3332094110072,566681.946433733,4.48966360982259,1.0763245073851762
5300,5.3,0.0053000000000002,1.084563269857,-0.0096094199262643,0.0111315380557125,298.94743924529,-4.83369830335695,102.559138773586,59.2063841122979,93.323827303105,566676.815919587,4.48970425782867,1.089925695533695
5400,5.4,0.0054000000000001,1.09849224318746,0.0055309328357831,-0.0169699264586635,301.464058333064,-4.8336317150101,102.548051476594,59.219930841556,93.3144451952028,566688.222638341,4.48961388574802,1.1040566868226076
5500,5.5,0.0055,1.12946525109185,0.0015670866034893,0.0112965212667634,300.209912019293,-4.83311467845662,102.567023215591,59.2100768243223,93.3050630873006,566641.771687214,4.48998192574367,1.1177334826469993
5600,5.6,0.0056000000000002,1.13083172993314,-0.0257239900663182,0.0056742096287184,301.460497320898,-4.8333939373118,102.579017695049,59.212800786404,93.2956809793984,566677.120976591,4.48970184090432,1.1319737469472153
5700,5.7,0.0057000000000001,1.15724729675917,0.0271741843197631,-0.0045134568012682,299.62943418342,-4.83344547331322,102.541263885258,59.2264409926637,93.2862988714962,566542.069847139,4.49077208676388,1.1452483351685503
5800,5.8,0.0058,1.14510897933214,-0.0152028278872959,-0.0154291043948372,299.626017732208,-4.83357209603359,102.573136303452,59.224233350579,93.276916763594,566640.046682989,4.48999559445247,1.1594853325746124
5900,5.9,0.0059000000000002,1.17873065952098,0.0072376249404195,0.016918683740763,299.750326372768,-4.83351080517979,102.583408734923,59.2089711058371,93.2675346556918,566493.769317512,4.49115498006645,1.1730402619211049
6000,6.0,0.0060000000000001,1.17636745179159,-0.0221189417504599,-0.0070521863700633,300.332982070348,-4.83337813385388,102.586345239645,59.2260513858072,93.2581525477896,566616.405541362,4.4901829321658,1.1876910422211748
6100,6.1,0.0061,1.21960242213843,0.036140468004914,0.0023007352672287,301.911927386285,-4.83302503550054,102.558837763316,59.231057447933,93.2487704398875,566455.360188621,4.49145950777089,1.2010189146375796
6200,6.2,0.0062000000000001,1.2106428464661,-0.0355380720348778,-0.0017009367033824,301.438900827803,-4.83291651617853,102.608536207082,59.2253014510799,93.2393883319853,566617.766451145,4.49017214758713,1.2155717181269545
6300,6.3,0.0063000000000002,1.23947005034683,0.0264333292096319,0.0105456577669873,302.881265295293,-4.8334644699587,102.578325002199,59.2248947432043,93.2300062240831,566390.048238382,4.49197742997094,1.2286931290028735
6400,6.4,0.0064000000000001,1.22249958419527,-0.01736778458681,-0.0261926535084042,301.94489837306,-4.83360263623678,102.591083765778,59.240731566383,93.2206241161809,566554.948164262,4.4906700073676,1.243544106614839
6500,6.5,0.0065,1.26231141327587,0.0228838843351998,0.0163109121439113,299.711145852075,-4.83348670678522,102.582818655824,59.2284694643784,93.2112420082787,566335.039961131,4.49241373696669,1.2566381238544329
6600,6.6,0.0066000000000002,1.26326992086262,-0.0266662154509504,-0.0016425041589646,297.081742458476,-4.83319782740577,102.607318622648,59.2358003384499,93.2018599003765,566483.387296998,4.49123729009386,1.2717623431799465
6700,6.7,0.0067000000000001,1.29218201368402,0.0292090569517734,0.0053643498507323,300.376582515219,-4.83348986247382,102.579061571786,59.2384388759039,93.1924777924743,566295.597675694,4.49272663197354,1.2841339906357785
6800,6.8,0.0068,1.28433754043812,-0.0359357694337152,-0.0074588042564499,300.866451627162,-4.83317887598523,102.620653571337,59.2404755456408,93.1830956845721,566487.650529585,4.49120349025877,1.299192914667919
6900,6.9,0.0069000000000002,1.32551395123886,0.0257994388018425,0.0144299517096865,302.309264127619,-4.8332420108757,102.597866204289,59.236668165423,93.1737135766699,566268.439146206,4.49294210548447,1.3117124547310004
7000,7.0,0.0070000000000001,1.31536536766939,-0.0207473462905677,-0.0308288181167037,299.839799008475,-4.8332543163309,102.60805171009,59.254877288631,93.1643314687677,566441.698551684,4.49156783434583,1.3272345484501338
7100,7.1,0.0071,1.36044261054551,0.030163753935172,0.0199478172862697,299.722967280325,-4.83349323892067,102.596310983756,59.2388027580697,93.1549493608655,566166.217635797,4.4937533077673,1.339854929571923
7200,7.2,0.0072,1.33600520984314,-0.0454512552270522,-0.0167705640992283,301.759970890807,-4.83369304943234,102.634323551239,59.2459987293718,93.1455672529634,566387.736116892,4.49199576722806,1.35506761551323
7300,7.3,0.0073000000000002,1.38314267953345,0.034987863395809,0.0161506272892835,300.552167834966,-4.83333516065533,102.598726212001,59.2476168595908,93.1361851450611,566149.724672518,4.49388421891157,1.3675219620802823
7400,7.4,0.0074000000000001,1.36346581707635,-0.0233134129714587,-0.0258775580446989,302.492319897006,-4.8333892925835,102.628947334246,59.2582167066353,93.126803037159,566360.747756237,4.49220982090729,1.3829005198952944
7500,7.5,0.0075,1.41266466720895,0.0127416878190922,0.0305351376578218,301.736194023631,-4.83317357747194,102.623972262639,59.2422994752371,93.1174209292568,566124.130812024,4.49408738256335,1.3957927601993807
7600,7.6,0.0076000000000002,1.39906297664515,-0.0185320853796174,-0.0332152059477615,300.494401124625,-4.83306651947845,102.635125097768,59.2624166410971,93.1080388213546,566320.851662765,4.49252628748694,1.4112089259230254
7700,7.7,0.0077000000000001,1.43983935425742,0.0200310691074562,0.021211454007194,299.18355918973,-4.83323463704331,102.617984220797,59.2514563120783,93.0986567134524,566064.504789663,4.49456076422303,1.4237774511321406
7800,7.8,0.0078,1.42501507176092,-0.0201426506879539,-0.020257039887526,298.647981430034,-4.83336734677201,102.643728885571,59.2587613490351,93.0892746055502,566219.258142609,4.49333235607852,1.4382839915234464
7900,7.9,0.0079000000000002,1.46378510740402,0.0146164287541868,0.0239086717015604,299.348792675534,-4.83337382388272,102.631426324532,59.2509533535652,93.079892497648,566019.743465556,4.49491619792196,1.4507464350464176
8000,8.0,0.0080000000000001,1.45573887722244,-0.0171732340606774,-0.0251651578464982,299.478039039341,-4.83299099348452,102.649981277026,59.2669242676706,93.0705103897458,566217.593466955,4.49334556644335,1.4652656758303357
8100,8.1,0.0081000000000001,1.48952279972476,0.0079592962276978,0.031459577281573,300.559928855153,-4.83291980581507,102.639679585141,59.2588592423781,93.0611282818436,566026.661425154,4.49486126120118,1.4784466444517572
8200,8.2,0.0082,1.48060290891356,-0.0066075475270546,-0.0296320570044966,299.352294608858,-4.83288718188282,102.649190684484,59.2754565892316,93.0517461739414,566180.574722672,4.49363935612445,1.4932018173147614
8300,8.3,0.0083000000000002,1.5218437863887,0.0145523525249496,0.0351712945116517,298.850718637482,-4.83299901775545,102.651798368379,59.2544280623284,93.0423640660392,565937.02752532,4.49557316362929,1.5062746249585945
8400,8.4,0.0084000000000001,1.50525509558282,-0.0214726548804267,-0.0245555967970476,301.121034405083,-4.83339376902489,102.664150104722,59.2706161490293,93.032981958137,566102.665421611,4.49425778865064,1.5204081812537944
8500,8.5,0.0085,1.54619679842115,0.0203821600850229,0.0133096191867467,299.629150013471,-4.83333743113557,102.635733941854,59.2715867854511,93.0235998502349,565898.16840422,4.49588186585124,1.5333375610327908
8600,8.6,0.0086000000000002,1.53650710031369,-0.016407477897086,-0.023678417609125,296.510960315981,-4.83324979550333,102.667879892109,59.2746823444863,93.0142177423326,566047.878563143,4.49469278059162,1.547640941576112
8700,8.7,0.0087000000000001,1.57718155399648,-0.001754503033469,0.0308415590320746,297.030294999518,-4.83337919510846,102.665007853543,59.260315325786,93.0048356344305,565837.768474268,4.49636177540288,1.5612199985585697
8800,8.8,0.0088,1.57110441315749,0.0023375859689848,-0.0346089130499959,299.347166575065,-4.83320262352888,102.650372740523,59.2904535262143,92.9954535265283,565987.734672668,4.49517040279747,1.575837212239179
8900,8.9,0.0089000000000002,1.5970505075383,0.0081679193722521,0.0202637807019207,299.878060966084,-4.83306328180328,102.668378485828,59.2721769596513,92.9860714186261,565855.421006026,4.49622150605829,1.5891544265362525
9000,9.0,0.0090000000000001,1.59476892229711,-0.0236649146848927,0.0055280634816289,300.357140510342,-4.83308850403027,102.692225301308,59.2724185878403,92.9766893107239,565932.052541565,4.49561268322066,1.6030357558224553
9100,9.1,0.0091000000000001,1.61089359629297,0.0135425199151119,-0.0135647241100431,299.016331222393,-4.83292784227521,102.662052648616,59.2917464524763,92.9673072028217,565893.151360044,4.49592172503292,1.6161337016118422
9200,9.2,0.0092,1.63379961550101,0.004501544591377,0.0087656041118262,297.827030048531,-4.83298407531053,102.676526742355,59.2813591409061,92.9579250949195,565816.675612411,4.49652939354118,1.6301970372121977
9300,9.3,0.0093000000000002,1.63674957293566,-0.0269035770586909,0.0044125266726142,298.010853184173,-4.83319475138554,102.704161051503,59.2758903934039,92.9485429870173,565859.63103876,4.49618805387566,1.6433753887330784
9400,9.4,0.0094000000000001,1.67027334572152,0.0280459013898231,0.0047761887981974,298.999004704159,-4.83324168722103,102.658919063283,59.2916598163867,92.9391608791151,565703.730040058,4.4974271480706,1.6572786491512455
9500,9.5,0.0095,1.65045380098321,-0.0205023324168341,-0.033691885329564,302.373978552256,-4.83319422887531,102.691493596062,59.3004123118866,92.9297787712129,565909.633179604,4.49579078368419,1.6708512494873824
9600,9.6,0.0096000000000002,1.70410246131099,7.39939178270187e-05,0.056342561854585,300.694138059877,-4.83284063498298,102.70898314348,59.269751395293,92.9203966633107,565656.250249285,4.49780465101504,1.6850398422767099
9700,9.7,0.0097000000000001,1.68041252720769,-0.0148407208307304,-0.0422266046580867,300.382413138422,-4.83296456750252,102.695748610514,59.3080888603327,92.9110145554085,565892.055696352,4.49593042990542,1.6987566084701755
9800,9.8,0.0098,1.73729695352651,0.0498843041113019,0.0298636477513464,300.275261783444,-4.83320355113001,102.667670516076,59.2918248518399,92.9016324475064,565525.080982545,4.49884788279707,1.7123006008062311
9900,9.9,0.0099000000000002,1.694533202781,-0.0632047645354537,-0.0217238634996008,301.438864132603,-4.83337878055573,102.741569659872,59.2918135044759,92.8922503396041,565874.878562646,4.49606690388766,1.726012765812105
10000,10.0,0.0100000000000002,1.76194781437829,0.0420567408770827,0.0425273230701883,301.692795618693,-4.8333202462093,102.686576125666,59.2875315596471,92.882868231702,565474.02477694,4.49925408023926,1.7395602307421756
10100,10.1,0.0101000000000001,1.71532417304897,-0.0380329037787606,-0.0643116590461405,300.804761237516,-4.83309110146804,102.713358400828,59.3222116649873,92.8734861237998,565895.20139833,4.49590543789769,1.7535652986490846
10200,10.2,0.0102,1.79701550394254,0.036531683319426,0.0628806710952482,300.910490011265,-4.83298369616731,102.707046744301,59.2801321101955,92.8641040158976,565401.917894186,4.49982787947159,1.7670038282927683
10300,10.3,0.0103000000000002,1.75358088824605,-0.0626897771676811,-0.0401989782642671,299.437595621819,-4.83276445654803,102.743339402913,59.3128643014315,92.8547219079954,565856.837606319,4.49621024994494,1.7809075065174786
10400,10.4,0.0104000000000001,1.83310891269741,0.0695245309095858,0.0301653462316948,300.150388917298,-4.83299243556561,102.671105514646,59.3060768881786,92.8453398000932,565337.175315326,4.50034320107799,1.7943219536830923
10500,10.5,0.0105,1.77633336136268,-0.0579444113007668,-0.0402491922523414,296.803588163755,-4.83280071835254,102.749523157507,59.3155050717966,92.835957692191,565801.728375342,4.49664818195674,1.8081673099123021
10600,10.6,0.0106000000000003,1.85269951485621,0.0435135548934224,0.0626812643605036,298.879782382489,-4.83305342026696,102.713106756669,59.2886272908764,92.8265755842888,565287.770730203,4.50073651860629,1.8216083407113064
10700,10.7,0.0107000000000002,1.80082525990234,-0.0356982167362866,-0.0689819957766458,298.548127541844,-4.83272078042852,102.735524286981,59.3338652715116,92.8171934763866,565785.372417414,4.49677817292517,1.8355273795346227
10800,10.8,0.0108000000000001,1.88503953540813,0.0461577792837584,0.0529909652954441,300.435334341795,-4.83262308916432,102.718613988823,59.2987430010284,92.8078113684844,565300.239156621,4.50063724905319,1.8487200754033495
10900,10.9,0.0109000000000003,1.83715886599185,-0.0624450903489344,-0.0407959844890639,300.931781968037,-4.83271788556363,102.771148559919,59.319565673701,92.7984292605822,565730.766620996,4.49721221358184,1.863003227337813
11000,11.0,0.0110000000000002,1.9110906092454,0.0528482456799317,0.0341948160109697,301.699450200703,-4.83298927889251,102.702499484593,59.3146130653834,92.78904715268,565248.514743217,4.50104909059824,1.8756899455335663
11100,11.1,0.0111000000000001,1.86153952946453,-0.0347691621435297,-0.0545608408726268,299.386986940865,-4.83278768268615,102.750147794523,59.3360955560062,92.7796650447779,565658.37415559,4.49778776287885,1.8902718130840006
11200,11.2,0.0112,1.92916536241155,0.0273978640243925,0.0645305587911961,299.450621205975,-4.83279176529121,102.745282456328,59.2991799839311,92.7702829368757,565222.52303295,4.50125607096277,1.9030504836757587
11300,11.3,0.0113000000000002,1.88511750414128,-0.0341924067600429,-0.0526890922158847,300.50227138912,-4.83288686552723,102.758282319527,59.3375282524409,92.7609008289735,565602.402008134,4.49823286501951,1.9179862253808269
11400,11.4,0.0114000000000001,1.95759897593801,0.0513029021669754,0.0318442796060865,299.866646863465,-4.8327143659134,102.723124630432,59.3212675750927,92.7515187210713,565196.772586996,4.50146114883442,1.9307692676812027
11500,11.5,0.0115000000000001,1.92023110401604,-0.0422658317515752,-0.0231718665542145,299.217658349065,-4.83228671697287,102.789518418858,59.3273332634982,92.7421366131691,565562.695686721,4.4985486713506,1.9455952725342287
11600,11.6,0.0116000000000003,1.98482971485451,0.0332022246001583,0.0372752693670896,300.988799637464,-4.83223823744251,102.751656593611,59.3200046213637,92.7327545052669,565227.350769478,4.50121762470159,1.957729277027882
11700,11.7,0.0117000000000002,1.95299446798929,-0.0170288256596238,-0.0541684463272416,299.834398086702,-4.83241832831273,102.761493342706,59.349616681519,92.7233723973647,565506.42557071,4.49899629465632,1.9723482042779135
11800,11.8,0.0118000000000001,2.01208007433217,0.0222053461867307,0.048064457303171,299.516214391913,-4.83260389127292,102.764480412347,59.3152009053393,92.7139902894625,565137.738558181,4.50193136940019,1.9848084861882798
11900,11.9,0.0119000000000003,1.97896042693956,-0.0320040160017594,-0.0268413265943791,299.880509841657,-4.83274871664701,102.789212896348,59.3361688053573,92.7046081815603,565416.352581411,4.49971300198756,1.9996527176114853
12000,12.0,0.0120000000000002,2.03032982743027,0.0459373005687233,0.0272757900635503,298.460314816106,-4.83261086119327,102.745027287523,59.3357380257533,92.6952260736581,565111.998480388,4.50213642621013,2.012067290364979
12100,12.1,0.0121000000000001,1.99778017468639,-0.0259339361723369,-0.0405998362842216,300.173292722665,-4.83277506407069,102.785638807832,59.3481419530218,92.6858439657559,565396.316742446,4.49987245743931,2.026326377104355
12200,12.2,0.0122,2.0582084832607,0.0201119724422325,0.0388745120712017,300.685616895226,-4.83252683903727,102.780667810106,59.3260502042227,92.6764618578538,565101.311631026,4.50222156785253,2.039049602297068
12300,12.3,0.0123000000000002,2.03976597770406,-0.0242647120824755,-0.0298289186314162,301.281930847296,-4.83241040478887,102.791161426605,59.351750102028,92.6670797499515,565346.593666952,4.50026822792845,2.0534812424796884
12400,12.4,0.0124000000000001,2.08033640371772,0.0290694663852193,0.0165209440830623,299.958931412799,-4.83240437905712,102.768187892192,59.3445842469684,92.6576976420494,565094.779235155,4.50227361273892,2.0666693688858477
12500,12.5,0.0125000000000001,2.06519106927741,-0.0263815796344097,-0.0018747654551641,298.010140696095,-4.83256691812566,102.807087211674,59.3424895868698,92.6483155341472,565231.484102216,4.50118470893045,2.0806433985031925
12600,12.6,0.0126000000000003,2.09697615534217,0.0072860790482991,0.0168969953363074,300.123803205276,-4.83280320706925,102.787453332179,59.3423446552263,92.638933426245,565064.929635559,4.50251144569857,2.09381410615451
12700,12.7,0.0127000000000002,2.10253252263145,0.0016908741447241,-0.0233346809241015,299.29702416356,-4.8324934776372,102.785396370689,59.3603785532145,92.6295513183428,565168.095371005,4.50168955764711,2.107128889089946
12800,12.8,0.0128000000000001,2.12780047170487,0.0023649284595229,0.0132885050559481,301.086916869647,-4.83248428609633,102.805200965966,59.3447816118153,92.6201692104406,565071.225098072,4.50246128318673,2.120503520253734
12900,12.9,0.0129000000000001,2.1297113240492,-0.0167032349566319,-0.0042199469023177,300.374072063689,-4.83237481692528,102.817375623652,59.3510182587062,92.6107871025384,565140.282162065,4.50191110694417,2.134113271415988
13000,13.0,0.0130000000000002,2.15350169660553,0.0254990227753523,-0.0133546363403639,297.884750859183,-4.83241350375844,102.782878293265,59.3650182643102,92.6014049946362,565026.682471219,4.50281622474804,2.1481027933283614
13100,13.1,0.0131000000000001,2.15938086973205,-0.0041407885117373,0.0030185513200565,298.120998179752,-4.83269838752949,102.809054132946,59.3545100866909,92.592022886734,565013.286564404,4.50292298207213,2.1617767015597185
13200,13.2,0.0132,2.17658299297171,-0.0056817677692954,0.0010392135849017,299.11413516086,-4.83262529532648,102.821084552577,59.3531740936326,92.5826407788318,565009.426856922,4.50295374255983,2.1756220104980684
13300,13.3,0.0133000000000002,2.19224818955116,0.0131696477539661,-0.0064115073434423,302.446263211906,-4.83264784915753,102.796996438277,59.3685258846318,92.5732586709296,564965.909104427,4.50330059256141,2.1889623129782345
13400,13.4,0.0134000000000001,2.19615641303019,-0.0034894352309847,-0.0270536776791351,300.46559791973,-4.83228820995807,102.822991691399,59.3692098790264,92.5638765630274,565058.014847837,4.502566544308,2.2030964422070083
13500,13.5,0.0135000000000001,2.23462184760046,-0.0067127331144046,0.0540355535342651,299.276798002145,-4.83217258013833,102.847527004229,59.3412307758772,92.5544944551253,564869.227254046,4.50407136819071,2.216571589466941
13600,13.6,0.0136000000000003,2.2105541133395,-0.0005967187061952,-0.0490173970450229,299.631589163647,-4.8324862236098,102.816011516127,59.383969606143,92.545112347223,565045.557498521,4.50266581071849,2.2308757621546116
13700,13.7,0.0137000000000002,2.26172791434471,0.0483356688026025,0.0106165756002087,298.344837106284,-4.83260928591427,102.795627796747,59.3714994884969,92.5357302393209,564757.643407397,4.50496127488735,2.2442936942734666
13800,13.8,0.0138000000000001,2.22834003524816,-0.0623806193955671,-0.0157279249149651,299.302216260521,-4.83281771515994,102.878853909219,59.3590647841575,92.5263481314187,565039.213828604,4.50271636194565,2.2585234890313237
13900,13.9,0.0139,2.29590200185367,0.0373102631014524,0.0413516619624852,302.378326430544,-4.83280019317101,102.820282612364,59.359649825633,92.5169660235165,564665.827323189,4.50569379292501,2.2718088770828366
14000,14.0,0.0140000000000002,2.25208779884041,-0.0197870755215102,-0.0831039140243265,302.173680905295,-4.83243613472146,102.827223783753,59.406018157554,92.5075839156143,565087.749667581,4.50232962003445,2.285949930722183
14100,14.1,0.0141000000000001,2.34223901032501,0.033648249819519,0.084427527065223,300.585142445789,-4.83205936989114,102.845016121215,59.3487260519286,92.4982018077121,564583.187938068,4.50635330205059,2.2993000040452802
14200,14.2,0.0142,2.27313463689699,-0.0734622980516052,-0.048932449434691,300.684339898099,-4.832150823919,102.883893171562,59.3883705815696,92.4888196998099,565116.563817694,4.50210005535729,2.313424660900758
14300,14.3,0.0143000000000002,2.3694900926438,0.105699384042326,0.0322942915037917,300.249430056341,-4.83241030621377,102.778914304061,59.387462381481,92.4794375919077,564474.040490087,4.50722465649267,2.3269249671784014
14400,14.4,0.0144000000000002,2.29063009499018,-0.0920403781619607,-0.0498911034068019,299.480773627883,-4.83243436995811,102.902360730061,59.3869872567863,92.4700554840055,565090.166877254,4.50231036102881,2.341416873038993
14500,14.5,0.0145000000000001,2.40766401905651,0.0503651475101788,0.0939567736365491,299.88681860321,-4.83230916179004,102.848133742799,59.3511415782267,92.4606733761033,564394.202806995,4.50786223634725,2.3551164967740656
14600,14.6,0.0146000000000003,2.3257043802105,-0.0468026068152671,-0.10139796017841,299.24534640078,-4.8320073941105,102.85220667253,59.4272633736023,92.4512912682011,565083.10990311,4.50236658760371,2.369378224590717
14700,14.7,0.0147000000000002,2.43223709104948,0.0738184154226087,0.0668062803105921,300.350913886538,-4.83209655119053,102.831940344529,59.3711342406853,92.4419091602989,564380.867397142,4.50796874986313,2.382479783561724
14800,14.8,0.0148000000000001,2.35140739534622,-0.106687897359776,-0.0336914913479131,298.166706572951,-4.83187060574613,102.933055349963,59.3875822592581,92.4325270523968,565034.981053448,4.50275009257577,2.396708216419647
14900,14.9,0.0149,2.45107443313642,0.0949789459109067,0.033211572882125,300.992593176287,-4.83222676428731,102.806678680091,59.3966344868459,92.4231449444946,564369.985803695,4.5080556678149,2.410354125196349
15000,15.0,0.0150000000000002,2.38117478434932,-0.0516858495956332,-0.0669176001561434,299.984904432216,-4.83215329034569,102.882272866685,59.4185128212296,92.4137628365924,564935.650161849,4.50354179722605,2.424504183257219
15100,15.1,0.0151000000000001,2.47473802345743,0.0294953550187345,0.0823049355113618,300.899102774681,-4.83233973493251,102.878606700844,59.3654858974005,92.4043807286902,564354.07014342,4.50818280197819,2.4380749316871517
15200,15.2,0.0152,2.42281322574961,-0.0480596441116194,-0.0485685193003899,297.554691585814,-4.83193577221139,102.893410176812,59.4131856364698,92.394998620788,564831.441277611,4.50437268062154,2.451670815647487
15300,15.3,0.0153000000000002,2.50280383880239,0.0707659754968999,0.0302849730749116,298.17848007672,-4.8317424553609,102.844991533646,59.3992585987706,92.3856165128858,564375.993768926,4.50800767810235,2.4654774474801844
15400,15.4,0.0154000000000002,2.45301359250877,-0.0688824497382487,-0.0225104005672857,300.439787025991,-4.83171980763233,102.932145106126,59.399899593686,92.3762344049836,564802.992757573,4.5045995610349,2.4797234774030406
15500,15.5,0.0155000000000001,2.52125624176507,0.0417237297962307,0.0414474986312635,300.110350187916,-4.83165868671703,102.875072421438,59.3955226206369,92.3668522970814,564390.904029593,4.50788858410368,2.493687149019808
15600,15.6,0.0156000000000003,2.47593610088963,-0.0126149803078842,-0.0611767736104031,299.633836369778,-4.83205620357674,102.888240831733,59.4269566422122,92.3574701891792,564704.514973651,4.50538510988472,2.5077391944607195
15700,15.7,0.0157000000000002,2.54625724614017,0.0227227270999254,0.0508569490655282,297.769669256391,-4.83195532132499,102.899833976265,59.3871857663916,92.348088081277,564332.845562526,4.5083523549137,2.5214757391499103
15800,15.8,0.0158000000000001,2.51183379897072,-0.0387043569350262,-0.0299963421616267,300.06646736222,-4.83206283493987,102.918668246245,59.4146570437356,92.3387059733748,564639.864201005,4.50590097255559,2.5354366512158606
15900,15.9,0.0159,2.56948900861161,0.0527733337646695,0.00111848760465,301.430788538274,-4.83195970177984,102.861393109342,59.4224088521868,92.3293238654726,564341.918554946,4.50827987359449,2.5494046838631443
16000,16.0,0.0160000000000002,2.54588946473515,-0.0349183144322598,-0.0207911989252127,300.126685614334,-4.83164837218771,102.930061783668,59.4165204864612,92.3199417575704,564605.326031039,4.50617660859099,2.563433660904291
16100,16.1,0.0161000000000001,2.59312730487383,0.005039620124179,0.0421496962529029,302.232760541992,-4.83199278390028,102.91728439111,59.399027921586,92.3105596496682,564311.680826967,4.50852144247407,2.5776726226493634
16200,16.2,0.0162,2.57497503916931,-0.0049740576672246,-0.0414175749820728,297.646875858139,-4.83198232904187,102.897804815116,59.4359981499158,92.3011775417661,564498.655539837,4.50702811827586,2.5914920663242658
16300,16.3,0.0163000000000003,2.61491111988976,0.0239094654604991,0.0243774504883921,298.108680225453,-4.83197497179228,102.907669316779,59.4115893890762,92.2917954338639,564263.564382246,4.50890589760541,2.605586878773332
16400,16.4,0.0164000000000002,2.602384031908,-0.0433717931340257,0.0049527135830645,298.842274489194,-4.83166785740739,102.954018446133,59.4129585865716,92.2824133259617,564473.32738471,4.50723035051927,2.619345754244664
16500,16.5,0.0165000000000001,2.64570966759829,0.0463855336160862,0.0050375698761851,300.012079505235,-4.83157008215814,102.896783299413,59.4298700299918,92.2730312180595,564262.73092884,4.5089125575579,2.633410756533921
16600,16.6,0.0166000000000003,2.63644437186889,-0.0216708761277264,-0.0199216562463411,299.507618597781,-4.83149819365872,102.92913843425,59.4351436824527,92.2636491101573,564432.850079743,4.50755357858338,2.6471364366869383
16700,16.7,0.0167000000000002,2.67627972924103,0.0093843832489205,0.0287811371738565,299.400577664657,-4.83167721653868,102.936688802502,59.4132399111219,92.2542670022551,564208.847936714,4.5093431670755,2.6616073776600695
16800,16.8,0.0168000000000001,2.66805458781023,-0.0112763327087668,-0.0156958915633375,296.292171122253,-4.83164058435555,102.933143325696,59.4345823212753,92.2448848943529,564334.684974494,4.50833766023429,2.6753419420321807
16900,16.9,0.0169,2.69503281124228,0.0294192445928537,0.0023222740839027,297.650184868627,-4.83173561395739,102.915571977655,59.434453918389,92.2355027864507,564179.742609658,4.50957579844769,2.6896935412038303
17000,17.0,0.0170000000000002,2.68963656586064,-0.0306007696026321,0.0010636777739873,298.561529623048,-4.83153719538593,102.962618801268,59.4270867333691,92.2261206785485,564310.280037476,4.50853263399348,2.7030100112244844
17100,17.1,0.0171000000000001,2.72180895722837,0.0086269172394887,0.0087821534926641,300.330876294942,-4.83161862051589,102.939821768174,59.4327107389552,92.2167385706463,564181.32884374,4.50956311946939,2.7175406957333936
17200,17.2,0.0172,2.72875756280629,0.0091984047347955,-0.0231060512134469,299.354320215747,-4.83140294665289,102.932439081848,59.4507552017094,92.2073564627441,564254.733380044,4.50897646530393,2.731026484088278
17300,17.3,0.0173000000000003,2.75121872972606,-0.0039914740101088,0.0231293122000072,301.123122281129,-4.83158373298139,102.960876863309,59.4287005119719,92.1979743548419,564143.834273975,4.50986283758863,2.745473413559859
17400,17.4,0.0174000000000002,2.75396118037052,-0.0137119202360325,-0.0003246684327782,298.603186085617,-4.83140203764181,102.964008498427,59.4397031044787,92.1885922469397,564208.021652741,4.50934977101916,2.758969739167487
17500,17.5,0.0175000000000001,2.77823976761299,0.02684138755394,-0.0110734581805316,299.733185439976,-4.83175883890213,102.929003872676,59.4533515154612,92.1792101390376,564088.302681708,4.51030681039057,2.773394416651966
17600,17.6,0.0176000000000003,2.78352332014008,-0.0190654363455367,0.0002759913174464,298.11809185922,-4.8316752427455,102.974660532659,59.4370215779586,92.1698280311354,564126.088719511,4.51000470306554,2.7869888793799924
17700,17.7,0.0177000000000002,2.81497498951943,-0.012858478003739,0.0242857743249397,298.434240420863,-4.83127345086462,102.982889076178,59.4316016059941,92.1604459232332,564062.298625741,4.51051474180348,2.801265548338047
17800,17.8,0.0178000000000001,2.81514901301748,0.0206565301240666,-0.0294211386708042,299.726679774708,-4.83115280595766,102.945329761887,59.4664650309707,92.151063815331,564129.90810668,4.5099741685134,2.8149931238307615
17900,17.9,0.0179,2.82590779826256,-0.0028047028447471,0.0028592281502822,301.353515255081,-4.83139063019574,102.972227186658,59.4512737972887,92.1416817074288,564075.717960324,4.51040743687166,2.829399714718904
18000,18.0,0.0180000000000002,2.83721638087522,-0.0236998045965092,0.02027877512527,300.96609887462,-4.83155450291735,103.002765104234,59.4375048645906,92.1322995995266,564054.884606199,4.51057402866607,2.8430629369546216
18100,18.1,0.0181000000000001,2.85808112501122,0.0173732489839567,-0.0111125195655862,298.502946034867,-4.8313995417621,102.954533770707,59.4664802666786,92.1229174916244,564008.168214076,4.51094763627833,2.8572016957439033
18200,18.2,0.0182,2.87600453644171,0.0197211526318443,-0.0149301835179469,299.468700772674,-4.83140538754416,102.955316902211,59.4679860216191,92.1135353837222,563969.29740333,4.51125854716065,2.8707629371679575
18300,18.3,0.0183000000000003,2.88650611624174,-0.0385743214495187,0.0310503068920894,298.753828736533,-4.83088867345593,103.024387976582,59.4406198882554,92.10415327582,564030.497932158,4.51076904985549,2.88479619693156
18400,18.4,0.0184000000000002,2.9032637332551,0.0159273793365226,0.0006645234453821,301.754138510329,-4.83107263576846,102.980836875613,59.4635947130293,92.0947711679178,563952.530482945,4.5113926717701,2.8985780617206047
18500,18.5,0.0185000000000001,2.90467880436972,0.0104818171780603,-0.0351156766842752,299.833780945546,-4.83098875029285,102.972702534018,59.4824958883292,92.0853890600156,564029.762924586,4.51077492800169,2.9124725367405393
18600,18.6,0.0186000000000003,2.9376785732995,-0.0153428733972436,0.0501287409630129,298.442026223558,-4.83114531885787,103.019704960092,59.4420235986792,92.0760069521134,563845.819222132,4.51224648035325,2.9263363309757686
18700,18.7,0.0187000000000002,2.92773617642279,-0.0152997549079173,-0.0137407106593204,296.985050269395,-4.83101794555017,103.007264880045,59.4694725419089,92.0666248442112,563980.599008768,4.51116814606491,2.9402398037982955
18800,18.8,0.0188000000000001,2.96979010063826,0.0496489997839011,0.0027251232522808,299.287650898502,-4.83113931674341,102.95830556639,59.4810283991875,92.0572427363091,563764.620843356,4.51289637409489,2.954197900240621
18900,18.9,0.0189,2.94608996148921,-0.036483526471332,-0.0122603958141051,300.344565841247,-4.83109116769604,103.035898976878,59.4669293560347,92.0478606284069,563998.27736223,4.51102674487946,2.9676570468918158
19000,19.0,0.0190000000000002,3.00264306279087,0.0133687803743872,0.0570209121895167,300.093866693367,-4.830932647648,103.017215705275,59.4527796177054,92.0384785205047,563704.37148684,4.51337871752935,2.9814225435600266
19100,19.1,0.0191000000000001,2.96880378217066,-0.0008450822244464,-0.0730334609510142,300.176642570995,-4.83086372995917,102.993690393637,59.5071469077804,92.0290964126025,564033.509022921,4.51074496913192,2.995048081883194
19200,19.2,0.0192000000000001,3.03432883577374,0.0338658403626489,0.0498024256906658,301.200253887412,-4.83104196095198,103.001614606734,59.4666553252115,92.0197143047003,563635.612566244,4.51392931270457,3.008745397629891
19300,19.3,0.0193000000000003,2.98956019706263,-0.0661316087528982,-0.0243531046902379,300.721774847675,-4.831184012279,103.060584163646,59.476441259774,92.0103321967981,563993.596805855,4.51106418167858,3.0224098752924737
19400,19.4,0.0194000000000002,3.06453593074002,0.0629392399027926,0.019823750640936,301.258634387824,-4.83135112850184,102.977463851543,59.484524052845,92.0009500888959,563557.838966475,4.51455225591905,3.036310411103956
19500,19.5,0.0195000000000001,3.01956869448392,-0.0397872437200383,-0.0558255798834306,298.769596565278,-4.83098243313354,103.039469866801,59.4981732557881,91.9915679809937,563969.04734581,4.51126054740185,3.0498368222769
19600,19.6,0.0196000000000001,3.09547951861056,0.0261411863473454,0.0610220662677717,300.861210381865,-4.8307729132485,103.040355103743,59.459068942086,91.9821858730915,563545.747650819,4.51464911917566,3.063594007750969
19700,19.7,0.0197000000000002,3.05004718203324,-0.0395667537818483,-0.0535100144915606,300.382826145772,-4.83059464400137,103.048240310525,59.5036824319751,91.9728037651893,563954.218021791,4.5113791721807,3.0770246866085036
19800,19.8,0.0198000000000001,3.12488664067949,0.0599661082687008,0.0276834626441091,301.595890836906,-4.83084722010887,103.002630280912,59.4879520274453,91.9634216572871,563498.097949184,4.51503088032854,3.090933796508945
19900,19.9,0.0199,3.07694500503259,-0.0626929456378369,-0.019778796709826,299.949450221461,-4.83089268819741,103.076174240838,59.4907634671908,91.954039549385,563869.554505709,4.51205654378206,3.104273269805249
20000,20.0,0.0200000000000002,3.14400740258051,0.0463301330860932,0.0286019534560124,300.350876443767,-4.83098571260003,103.022756201567,59.4858886058619,91.9446574414827,563473.65698668,4.51522672213779,3.118019372940325
20100,20.1,0.0201000000000001,3.10101512846051,-0.0291837963848907,-0.0419941225358126,300.543867947391,-4.83094570407751,103.051369083592,59.5101302577299,91.9352753335806,563802.306045974,4.5125947268465,3.1314137077938025
20200,20.2,0.0202000000000001,3.16955148925838,0.0404356206873586,0.0295817084318744,299.440913491699,-4.83064932657095,103.042858807888,59.4864015030313,91.9258932256784,563473.447632533,4.51522839973493,3.145053658889186
20300,20.3,0.0203000000000003,3.13651857529878,-0.0465119662820777,-0.0203487813253495,301.894486508403,-4.83077925183647,103.083297124558,59.4995576030572,91.9165111177762,563761.701323022,4.51291974477207,3.158753314137592
20400,20.4,0.0204000000000002,3.19340904971816,0.0423064065064997,0.0144053818473089,301.894322897972,-4.83059477310839,103.034232254304,59.5037911108151,91.907129009874,563475.938564619,4.51520843947304,3.173046853173849
20500,20.5,0.0205000000000001,3.16958442957998,-0.0247272217776044,-0.0317345325145302,300.92718977674,-4.83032984746301,103.076204145533,59.5127286360204,91.8977469019718,563732.591385393,4.51315278223399,3.1863586075219277
20600,20.6,0.0206,3.22157114301472,0.0082171350145202,0.0425380160393187,300.521508714826,-4.83047894743185,103.076039687767,59.4874586488965,91.8883647940696,563434.794547559,4.51553815608774,3.2002225399223234
20700,20.7,0.0207000000000002,3.19501896466037,-0.0128056981176338,-0.038959153832312,301.213667658585,-4.83085607225509,103.061170204759,59.522941535126,91.8789826861674,563631.987598015,4.51395834379348,3.213769743991673
20800,20.8,0.0208000000000001,3.24808282250907,0.0347985528324286,0.0200152831357781,299.125369672831,-4.8306645953433,103.045220846531,59.5105439004896,91.8696005782652,563369.851388095,4.51605869035811,3.2279086943915414
20900,20.9,0.0209,3.22163425066228,-0.044641355028304,-0.0071293057168057,300.350761921643,-4.83057430538386,103.108002563423,59.5055295396775,91.860218470363,563608.029836148,4.51415022242784,3.241608568764204
21000,21.0,0.0210000000000002,3.27433000085139,0.0244391816788756,0.0327581357150854,300.249500474991,-4.83012712973175,103.070841251225,59.5084628431508,91.8508363624608,563375.125869765,4.51601640970408,3.255688907373034
21100,21.1,0.0211000000000002,3.25146596158339,0.0034987050992029,-0.0561193637580089,301.857641687418,-4.83031083677966,103.073883707764,59.5364047584176,91.8414542545586,563598.718856495,4.51422479882318,3.2690928107469515
21200,21.2,0.0212000000000001,3.29608323348955,0.0060436545196966,0.0435470474426705,303.741669410375,-4.8306890201318,103.097511893987,59.4987318773314,91.8320721466565,563313.653796251,4.51650922377109,3.2834175429429333
21300,21.3,0.0213000000000003,3.2745104072526,-0.0248367781190743,-0.0299561074932722,300.726786943904,-4.83048464776444,103.107135305146,59.5231871793464,91.8226900387542,563540.210640053,4.5146934774314,3.296874992722097
21400,21.4,0.0214000000000002,3.32984139404914,0.0391967543664297,0.012752922587133,300.347102534883,-4.83044407030356,103.059126066821,59.5283981717662,91.8133079308521,563269.566121466,4.51686273548519,3.3113434648315305
21500,21.5,0.0215000000000001,3.30567903376451,-0.0323649633908299,-0.0207671017530052,299.17860066842,-4.83028920614212,103.117369210745,59.5245151614856,91.8039258229499,563493.543908419,4.51506736989423,3.324271284757839
21600,21.6,0.0216,3.35229945930021,0.0061749668644784,0.0368413275233831,300.100672541749,-4.83028281962907,103.11175912326,59.5074840773345,91.7945437150477,563244.101899377,4.51706694249855,3.3386806376917737
21700,21.7,0.0217000000000002,3.34047158754624,0.0009438573458426,-0.0394393529096983,300.625252185365,-4.83007969563975,103.093871351921,59.5449942590607,91.7851616071455,563443.772363523,4.51546620628098,3.351638544761098
21800,21.8,0.0218000000000001,3.3817582351547,0.0234321704669631,0.0071405194771141,300.81034683479,-4.83001117252735,103.095314018917,59.5292055170378,91.7757794992433,563244.674467177,4.51706235066271,3.366204659472506
21900,21.9,0.0219,3.36605955336909,-0.0396506014162528,0.0056141798249288,300.247961959607,-4.83015768349946,103.140431460026,59.5227720528982,91.7663973913411,563372.669832527,4.51603609739051,3.3790234716345213
22000,22.0,0.0220000000000002,3.40498191786372,0.0355941348769882,0.005741094104904,298.011695930941,-4.83012156779578,103.089137806784,59.5381355783799,91.7570152834389,563180.250017962,4.51757907555497,3.393586041673738
22100,22.1,0.0221000000000002,3.39005361118108,-0.0076188519900042,-0.0326528545739119,299.959840097462,-4.83031514523614,103.11367570701,59.5468710263733,91.7476331755367,563339.344132729,4.51630325441554,3.406379202593128
22200,22.2,0.0222000000000001,3.43139841945803,0.0002371869524174,0.0406655028198205,298.77464603213,-4.82988313300573,103.146346176541,59.5153485010026,91.7382510676345,563161.926093746,4.51772606662945,3.4210632097965976
22300,22.3,0.0223000000000003,3.4217386028159,-0.0197733225499603,-0.0267664821118869,302.686883753328,-4.82987794543225,103.129907151263,59.5500593898999,91.7288689597323,563342.950779792,4.51627434003604,3.4341646722693424
22400,22.4,0.0224000000000002,3.46382066084058,0.0500527697016407,-0.0118129090829717,300.603741348549,-4.82967763327966,103.08794454434,59.5590487303037,91.7194868518301,563141.131748446,4.51789288654457,3.448900171506369
22500,22.5,0.0225000000000001,3.45319339307587,-0.0425701389937905,0.0115495726349654,298.688008229014,-4.82967692698083,103.175501635114,59.5281140811788,91.710104743928,563269.067759612,4.51686673185604,3.4620795609966715
22600,22.6,0.0226,3.48958804673568,0.0002162707711625,0.0270597741626076,299.732141341409,-4.83002000596442,103.151515717296,59.5269228045315,91.7007226360258,563069.242323652,4.51846970498266,3.476516482846747
22700,22.7,0.0227000000000002,3.48754934123984,0.026658764893993,-0.0546974985849984,296.634203792906,-4.82968489760205,103.099611527675,59.577152063713,91.6913405281236,563203.169352196,4.51739523442908,3.489739743904596
22800,22.8,0.0228000000000001,3.51904939748696,0.0159856479738929,0.022433584875028,300.124234708971,-4.82983989208614,103.138630487745,59.5430581509323,91.6819584202214,563036.277890386,4.51873425062368,3.504024413132358
22900,22.9,0.0229,3.50009889080962,-0.05991186473549,0.0151756000211234,302.937254945906,-4.82970013417395,103.203576252384,59.5332264068551,91.6725763123192,563240.14728811,4.51709865764512,3.517219482918682
23000,23.0,0.0230000000000003,3.543285696734,0.0512994628168409,-0.017837123758572,302.739296103521,-4.82971290900573,103.108113961745,59.5723795078909,91.663194204417,563031.609496086,4.51877171785085,3.5313614493366465
23100,23.1,0.0231000000000002,3.53515123205151,-0.0017519913560218,-0.0323394274724258,299.15847914402,-4.82951579858169,103.14615839712,59.5701373437833,91.6538120965148,563160.508017959,4.51773744256553,3.5449483203325243
23200,23.2,0.0232000000000001,3.56601869476654,-0.0313838950983192,0.0632179210153509,300.397515051816,-4.82980836959365,103.204650545176,59.5215046773179,91.6444299886126,562962.210660673,4.51932876677666,3.559126387171053
23300,23.3,0.0233000000000003,3.56439894839516,0.0056314970857016,-0.0377355217611674,298.639699761561,-4.82959282447214,103.140465760993,59.5805985778038,91.6350478807104,563113.010196431,4.51811850761442,3.572355448494316
23400,23.4,0.0234000000000002,3.59012837351922,0.0556644394324634,-0.0299454712740327,301.621276186242,-4.82981620466857,103.109465666407,59.5869583932294,91.6256657728082,562946.206740548,4.51945724615131,3.5862774515045976
23500,23.5,0.0235000000000001,3.59457649749312,-0.0661716702297508,0.0510927371084558,300.221258063731,-4.82914478338127,103.238893204747,59.5319821201705,91.616283664906,563075.140168544,4.51842237695916,3.59967299056649
23600,23.6,0.0236,3.61875268938957,0.0051577437380151,0.0164363431639166,300.679412534552,-4.82911507612072,103.172396498475,59.565708445993,91.6069015570039,562973.592851595,4.51923739506133,3.6138253827015308
23700,23.7,0.0237000000000002,3.62087541609877,0.0570630419988959,-0.0583407938091694,297.395646295587,-4.82903808086258,103.109335129256,59.6115837044675,91.5975194491016,563005.139045305,4.51898417403651,3.6274330240968156
23800,23.8,0.0238000000000001,3.63967956438636,-0.0294719376533281,0.0446797155918203,300.711038786972,-4.82957849416707,103.216479333882,59.5456152318516,91.5881373411995,562908.821828591,4.51975740046527,3.6411232602732495
23900,23.9,0.0239,3.64710766840004,-0.0301712220891565,0.0143596468922248,300.780702377882,-4.82959122390078,103.217584097735,59.5558692145231,91.5787552332973,562954.109122636,4.51939380496239,3.6546739876043493
24000,24.0,0.0240000000000003,3.67528794498008,0.0512929224435565,-0.0401727415566416,300.953491380656,-4.82952549293986,103.133907216615,59.6013222420804,91.5693731253951,562869.358146714,4.52007428797324,3.668331545769777
24100,24.1,0.0241000000000002,3.68243623882925,-0.0076193352749414,-0.0072950046701129,301.786975028072,-4.82934842706325,103.198280011307,59.576059035063,91.5599910174929,562924.267821321,4.51963338353451,3.68204551644251
24200,24.2,0.0242000000000001,3.69773292528324,-0.0308741827634167,0.0401379342494371,301.790975030001,-4.82910745943167,103.232693279454,59.5574746385002,91.5506089095907,562878.64150609,4.51999973997847,3.6955098455317827
24300,24.3,0.0243000000000001,3.70885619903564,0.025109682585915,-0.0289883191216827,301.274459210295,-4.82912868955145,103.172494250194,59.5994552739116,91.5412268016885,562889.242387304,4.51991461491883,3.7094829839954557
24400,24.4,0.0244000000000002,3.72262589760521,0.0013322187706887,0.0060297154453656,298.210187662136,-4.82918703979346,103.191953864382,59.5869357530143,91.5318446937863,562819.457343981,4.52047504763504,3.722581342730099
24500,24.5,0.0245000000000001,3.73808945958692,-0.0141795808041404,0.0202356227380197,300.082446611294,-4.82943283211773,103.224461132556,59.5701859122534,91.5224625858841,562780.805837313,4.52078551161966,3.7364526865119765
24600,24.6,0.0246,3.75337521959717,0.0027753852568776,-0.0070576687211581,299.228375415593,-4.8291280362235,103.205705831713,59.5894117481305,91.5130804779819,562802.452421807,4.52061163255226,3.74927691534735
24700,24.7,0.0247000000000002,3.76566186981731,0.0169909775967776,-0.0131494321706939,302.740472710852,-4.82923391217353,103.196089615296,59.5974529024064,91.5036983700797,562768.250091012,4.52088637345036,3.763348458036509
24800,24.8,0.0248000000000001,3.77411621509834,-0.0205007647537926,0.0066283897584705,301.780754082576,-4.82899396322851,103.232030027602,59.5876140264612,91.4943162621775,562813.595318727,4.52052213096621,3.7760799971591057
24900,24.9,0.0249,3.79399063217413,0.0042188819429324,0.0047358997026116,300.215869016225,-4.82924686372624,103.21460008431,59.5927429619284,91.4849341542754,562709.296022358,4.52136001880778,3.7902846321215753
25000,25.0,0.0250000000000003,3.79907170807232,0.0028266098884364,-0.013727310068143,300.244204827852,-4.82939912983364,103.211142095498,59.6019633288184,91.4755520463731,562719.789920045,4.52127570208338,3.803050901924959
25100,25.1,0.0251000000000002,3.82303082510629,-0.0045912117012149,0.0182647576712775,299.702716563853,-4.82910930902854,103.233064972832,59.5889803493232,91.466169938471,562658.999406888,4.5217641874188,3.817483207693155
25200,25.2,0.0252000000000001,3.81980688372525,-0.0109820548013133,-0.0019289479056659,301.782605110793,-4.82903542556839,103.237502459618,59.6011103248337,91.4567878305688,562739.996805084,4.521113351977,3.830179172711788
25300,25.3,0.0253000000000003,3.85075165361341,0.0229168001185464,-0.0072443675999683,301.035196072343,-4.82884657582297,103.212409958196,59.6110989092557,91.4474057226666,562639.782026193,4.52191863164151,3.8448171548019965
25400,25.4,0.0254000000000002,3.85463425474054,-0.0200153629139753,-0.0013650652078988,299.335671365002,-4.82867209156686,103.249165790322,59.6036396516926,91.4380236147644,562711.981306941,4.5213384426929,3.8578372407839994
25500,25.5,0.0255000000000001,3.8790581969163,-0.002321991156551,0.022743667043293,299.865841252371,-4.82911898440362,103.24574440806,59.594680085446,91.4286415068622,562551.023932587,4.52263209026146,3.872081402637334
25600,25.6,0.0256,3.87345393469407,0.0046904891731097,-0.0216879298407431,298.189641414236,-4.82919597335939,103.228954592803,59.6179551533605,91.41925939896,562621.473652732,4.52206578026442,3.8851032821152165
25700,25.7,0.0257000000000002,3.90469945584168,0.0094741019514893,0.0070199798059925,298.290164643105,-4.828896118601,103.239069026136,59.60939923111,91.4098772910578,562538.110834663,4.52273590756722,3.8995552629857295
25800,25.8,0.0258000000000001,3.91043658607997,-0.0217152192494348,0.0039518619244492,299.498069449846,-4.82870129831038,103.273593264887,59.6033539497266,91.4004951831556,562611.409595092,4.5221466714975,3.912576030947929
25900,25.9,0.0259000000000001,3.94081504904715,0.0097778925431449,0.0045264408891454,300.838162379137,-4.82864537909601,103.245223158129,59.6150474575224,91.3911130752534,562509.456734521,4.52296629467638,3.926760829426785
26000,26.0,0.0260000000000003,3.93242116681535,0.0025103357095138,-0.0258106373771949,300.4095496403,-4.82849002431238,103.247985190735,59.6301352044445,91.3817309673512,562609.109534347,4.52216515895507,3.939728835132269
26100,26.1,0.0261000000000002,3.95855591272812,-0.0049103267125187,0.0284740301358259,299.99295188836,-4.82858852126871,103.268887881971,59.6099648483362,91.372348859449,562474.910172957,4.52324409006019,3.9541986175764734
26200,26.2,0.0262000000000001,3.95288620745884,-0.0183794682621767,-0.0144803841435113,298.581655863918,-4.82877520330545,103.271419615396,59.6245242032607,91.3629667515468,562568.313644186,4.52249309380074,3.967438342578917
26300,26.3,0.0263,3.99362702223383,0.0338989420887048,0.0081216256726706,298.096198250579,-4.82866229554897,103.242279756693,59.6272384869849,91.3535846436447,562377.42083206,4.5240282041955,3.981568615245553
26400,26.4,0.0264000000000002,3.97474070841963,-0.0333642366336797,-0.0146012612579695,299.798880295045,-4.82853810776706,103.298046004595,59.6228344670417,91.3442025357425,562581.845763086,4.52238431155914,3.994372124849925
26500,26.5,0.0265000000000001,4.025458410089,0.0118305221166236,0.0400242711739422,300.66341044072,-4.8284537997402,103.281774921526,59.6123217276912,91.3348204278403,562336.286606442,4.5243591314383,4.008288698923323
26600,26.6,0.0266,3.99841861553825,-0.0060247224674124,-0.0470542573508797,301.250635716612,-4.82847384173974,103.267420310295,59.6499694897441,91.3254383199381,562555.427851551,4.52259668520759,4.021446716150143
26700,26.7,0.0267000000000002,4.05200654484907,0.0361724416634261,0.0325217785190286,301.093200411073,-4.82840843164084,103.274992326396,59.6223003983024,91.3160562120359,562277.941858514,4.52482860138084,4.03571673312713
26800,26.8,0.0268000000000001,4.02177788816534,-0.0649159160232217,-0.0101205009324775,300.201655848893,-4.82846954555515,103.330914084573,59.6256429586042,91.3066741041337,562556.141232877,4.52259095007152,4.049228731327044
26900,26.9,0.0269000000000001,4.09321034948931,0.0631999183356452,0.0094105851163914,298.309281828891,-4.82852890886878,103.245713573855,59.6398340067841,91.2972919962315,562168.29944824,4.52571110065094,4.063451891104083
27000,27.0,0.0270000000000003,4.05183301333392,-0.0421088947165059,-0.043339772811052,297.167419555798,-4.82826772645063,103.308492428921,59.6485483447582,91.2879098883293,562534.504837401,4.52276489951912,4.0765521526688
27100,27.1,0.0271000000000002,4.12704257571248,0.0260213481200621,0.0731771807053758,298.835812950033,-4.82800257200571,103.306851825631,59.6122558520827,91.2785277804271,562125.530694584,4.52605543481229,4.09064391126648
27200,27.2,0.0272000000000001,4.069196004771,-0.0290792191546429,-0.0614217257562876,299.788852670028,-4.8279742120583,103.298388980251,59.6689269009959,91.2691456725249,562556.000179836,4.52259208404788,4.103948208081576
27300,27.3,0.0273,4.15540154825803,0.0667432627628847,0.0305846012857189,300.19146030052,-4.82799988899655,103.26590298098,59.6432804296866,91.2597635646227,562079.580380548,4.52642544232694,4.118434110817511
27400,27.4,0.0274000000000002,4.09543546288277,-0.0923595010816346,-0.0149576761742203,300.105099433729,-4.82815482192716,103.377319255191,59.6318431471569,91.2503814567205,562520.284440925,4.52287923408058,4.131595090119018
27500,27.5,0.0275000000000001,4.1869057216199,0.0578380556028143,0.0464726207272695,297.112530301876,-4.82804622035359,103.278261247585,59.6401753836341,91.2409993488183,562002.002475197,4.52705026324038,4.145940712700244
27600,27.6,0.0276,4.12050331007034,-0.0127254223717036,-0.0835481028422579,298.194606935048,-4.82822885136224,103.291269272867,59.6857138926227,91.2316172409162,562444.119568739,4.52349171184822,4.158964913394966
27700,27.7,0.0277000000000002,4.21667252413839,0.025231739094043,0.0842144117244591,298.832101505368,-4.82774793127932,103.335486525254,59.6173463567639,91.222235133014,561982.560672523,4.52720687667302,4.173353222456247
27800,27.8,0.0278000000000002,4.15054495682847,-0.0649058066223378,-0.0378942077914126,300.79034424248,-4.82775273279344,103.366966491296,59.6562093409817,91.2128530251118,562462.360885749,4.5233450096828,4.186249274520392
27900,27.9,0.0279000000000001,4.23845499096999,0.0887710138814711,0.0090476867493387,300.061335335545,-4.82764969793518,103.259039834729,59.6736076986579,91.2034709172096,561981.143655254,4.52721829187867,4.200805210284803
28000,28.0,0.0280000000000003,4.17805766171422,-0.0535766579231272,-0.0360342599781447,298.603860813273,-4.82772033309983,103.360022595363,59.6650101367273,91.1940888093074,562391.829608846,4.52391229619483,4.214156593474933
28100,28.1,0.0281000000000002,4.26214118169172,0.0196064703828664,0.0732547078550973,299.53038425177,-4.82796999755018,103.344862253544,59.62874914416,91.1847067014052,561909.78556465,4.52779321273137,4.228496307663495
28200,28.2,0.0282000000000001,4.20568435221338,-0.0173072995094882,-0.066228502010666,298.911353998557,-4.82777992180963,103.322246810597,59.6923301072271,91.175324593503,562327.977863966,4.52442598163315,4.241148718909074
28300,28.3,0.0283,4.284397430869,0.0528963196773133,0.0271521449056415,301.429873713318,-4.82754069309053,103.315779948625,59.6625432871358,91.1659424856008,561954.36272267,4.52743404450186,4.25548481954199
28400,28.4,0.0284000000000002,4.24380154057641,-0.0715730461849316,0.0012573369888883,299.987925407454,-4.82728868373675,103.408939510225,59.6512339235014,91.1565603776986,562296.584610626,4.52467858222677,4.268818046422466
28500,28.5,0.0285000000000001,4.31093406743543,0.058716444748163,0.0221450044979405,297.55500665835,-4.82720333649438,103.320028272221,59.6701491175197,91.1471782697964,561933.427853058,4.5276027143775,4.283459136793103
28600,28.6,0.0286,4.26411767718663,-0.016886782095668,-0.0541880031330696,300.055067930366,-4.82772082537042,103.33969019847,59.6962706384069,91.1377961618942,562228.528065334,4.52522628476674,4.2967043564733824
28700,28.7,0.0287000000000002,4.32898435899085,0.0095251897523235,0.0603717571529084,298.793541811944,-4.82753779439235,103.372950826994,59.6477952664534,91.128414053992,561894.940264226,4.52791283731896,4.31113947539614
28800,28.8,0.0288000000000002,4.30067290524388,-0.0396294997937822,-0.0268848147801521,300.248481740974,-4.827465515826,103.382178181591,59.6791055106335,91.1190319460898,562182.186739276,4.52559930438866,4.324345391284787
28900,28.9,0.0289000000000001,4.36444228929883,0.0571318992511968,-0.0045695021310004,302.465596856407,-4.8271729870711,103.324756587247,59.6904627179639,91.1096498381877,561918.995967687,4.52771899776327,4.338759444624768
29000,29.0,0.0290000000000003,4.33451571966607,-0.0469884991946601,-0.0066994499528542,300.9124154147,-4.82701426729987,103.404098690596,59.6758341817245,91.1002677302855,562154.776767442,4.52581996701502,4.351624125133339
29100,29.1,0.0291000000000002,4.38938113911461,0.0151500650262091,0.0351712290740251,300.371018138656,-4.82718608230612,103.38064890607,59.6658927693001,91.0908856223833,561875.79246406,4.52806714111945,4.366089502761395
29200,29.2,0.0292000000000001,4.36036539365522,0.0015762570137491,-0.0429284469752143,298.637088069536,-4.82717487581016,103.362027804391,59.704093945083,91.0815035144811,562076.365163414,4.52645133461051,4.3790853326741495
29300,29.3,0.0293,4.40096215335558,0.0167564480951456,0.0324254340868807,299.688778119376,-4.82728438738215,103.375208929672,59.6771017723142,91.0721214065789,561836.017166283,4.52838770657519,4.393750301315205
29400,29.4,0.0294000000000002,4.38746498402116,-0.0355402445588196,-0.0090013079074787,300.458437910754,-4.82721613293367,103.410190636194,59.6845996287186,91.0627392986767,562038.846823753,4.52675349333067,4.406496370533997
29500,29.5,0.0295000000000001,4.43975651224997,0.0257045146561996,0.0116355034326407,302.207358342933,-4.82701206733078,103.357496985293,59.6990662299267,91.0533571907745,561830.723599242,4.52843037302774,4.421070314536759
29600,29.6,0.0296,4.4229577254668,-0.008861815737541,-0.0363292371660235,302.21892287443,-4.82679676065892,103.38697766067,59.7100538479958,91.0439750828723,562036.491128999,4.52677246656394,4.433759518837123
29700,29.7,0.0297000000000003,4.46661442605033,-0.0011546399851322,0.0527169030185429,300.805442727722,-4.82690664225506,103.412711549244,59.6740041436704,91.0345929749701,561779.077550467,4.52884668532071,4.4487211723975815
29800,29.8,0.0298000000000002,4.43941554775526,-0.0157544696670028,-0.0416974857774151,300.490934516365,-4.82704957568652,103.401116816894,59.7090116419272,91.0252108670679,561987.693741483,4.52716552618554,4.461494787989049
29900,29.9,0.0299000000000001,4.49268995279296,0.0366175258233697,0.0115461098000417,300.53286141201,-4.82706210584634,103.375648434331,59.7015600059704,91.0158287591657,561721.250667145,4.52931291138666,4.4763172318224
30000,30.0,0.0300000000000003,4.47292214340025,-0.0441860476950824,-0.0098153845720744,301.448838512289,-4.8270749170919,103.442051196269,59.6926295705322,91.0064466512635,561940.058329166,4.5275492920219,4.489230805387962
30100,30.1,0.0301000000000002,4.52348500547458,0.0144282174483531,0.0264100576200328,301.388062900977,-4.82686576249554,103.40111912699,59.6971460969314,90.9970645433613,561702.286230022,4.529465832021,4.503908241483933
30200,30.2,0.0302000000000001,4.50210575269506,0.0078909383983241,-0.0514970560425251,299.341161347462,-4.8263145553737,103.393860475695,59.7329480180314,90.9876824354592,561941.754953119,4.5275356223693,4.516553528606192
30300,30.3,0.0303,4.54966683491454,0.0064877553623747,0.0457069582166763,300.059002171747,-4.82636103372327,103.433958936046,59.6882340347143,90.978300327557,561680.952449882,4.52963787030677,4.531262122104486
30400,30.4,0.0304000000000002,4.52387667357843,-0.0393183002367634,-0.0097217484103407,299.897415168789,-4.82672937305472,103.452154973251,59.7036632216657,90.9689182196548,561867.032661859,4.52813773606488,4.5445298641171386
30500,30.5,0.0305000000000001,4.56808583925674,0.0624243600855752,-0.0108711410039125,299.827879068428,-4.82682114679819,103.37425042679,59.7287423037267,90.9595361117526,561621.829980365,4.5301147096364,4.55889074498443
30600,30.6,0.0306,4.55932725568261,-0.0320934835432227,-0.0143422504196084,298.898071524571,-4.82660200926248,103.441719316766,59.7177924277635,90.9501540038504,561827.397923766,4.52845717857317,4.572041698597618
30700,30.7,0.0307000000000003,4.61208923183796,0.0064930984112429,0.0455135538285968,299.99757666094,-4.82649239060642,103.446189705047,59.6947589228787,90.9407718959482,561577.032276833,4.5304760825631,4.5863596576733165
30800,30.8,0.0308000000000002,4.58708331997663,-0.0046815801703446,-0.0417117565244441,301.438480474938,-4.82618160816979,103.421423707335,59.7422029636315,90.931389788046,561830.83873726,4.52842944500019,4.599549944078263
30900,30.9,0.0309000000000001,4.62744631151103,0.0236715733818568,0.0054596800691902,303.700952318939,-4.82634953145336,103.421556225843,59.7258575483954,90.9220076801438,561619.889277903,4.5301303636489,4.613802254468171
31000,31.0,0.0310000000000001,4.61494403298522,-0.0499679674053789,0.00750225429095,300.593098043431,-4.82616771621655,103.482099605358,59.7132957608232,90.9126255722416,561772.497927858,4.52889972832683,4.6273775102651395
31100,31.1,0.0311000000000002,4.65490865203529,0.0331416385357197,0.0049574439902841,300.309354972247,-4.82630436288616,103.422521528763,59.73049405638,90.9032434643394,561552.814579585,4.53067146525074,4.641614816894214
31200,31.2,0.0312000000000001,4.64051695573368,-0.0031288117297502,-0.0337049596524975,299.628282648612,-4.82637760069887,103.440682919574,59.7409844603253,90.8938613564372,561692.08952768,4.52954805788053,4.654777072037136
31300,31.3,0.0313,4.67498890227946,-0.0188143169388148,0.0427929865318496,300.246226262116,-4.82650647508947,103.478359384418,59.7072634906024,90.8844792485351,561521.545382142,4.53092376271245,4.668716313734428
31400,31.4,0.0314000000000002,4.67453810534624,0.0028028136773824,-0.0280101259273054,300.399843797777,-4.82627153116348,103.452383613108,59.7413649129857,90.8750971406328,561643.232691544,4.52994207916371,4.682053823323557
31500,31.5,0.0315000000000001,4.707998655505,0.0286173191011611,-0.0020744068780893,301.832565700836,-4.82597576630741,103.432136992183,59.7466843699145,90.8657150327307,561525.334604067,4.53089318764378,4.696168753103099
31600,31.6,0.0316,4.7048220957081,-0.0217751632679891,0.0047381283566129,300.115074741455,-4.8257359819344,103.494775768039,59.727461449426,90.8563329248285,561626.625736271,4.53007602677597,4.709956361078847
31700,31.7,0.0317000000000003,4.72682123016388,-0.0064745691370734,0.032990437611468,299.661325626934,-4.82595054928211,103.478197551479,59.7288490723746,90.8469508169263,561491.720658794,4.53116443152868,4.723968144394955
31800,31.8,0.0318000000000002,4.72181272055233,0.0305016430521913,-0.0422608236823932,300.412680841182,-4.82613387930541,103.4342723599,59.7665609893645,90.8375687090241,561549.742268959,4.53069625313512,4.7374881484611855
31900,31.9,0.0319000000000001,4.75435221435693,-0.013467430242434,0.031325749060401,299.4480681353,-4.82597167818194,103.493411550095,59.7299696034819,90.8281866011219,561468.815942651,4.53134927711965,4.75125926677462
32000,32.0,0.0320000000000001,4.76420824357129,-0.033375284385266,0.022187200309885,299.667379096095,-4.82588576047206,103.506631077973,59.7308675623915,90.8188044932197,561490.970793412,4.53117048285189,4.764970109100979
32100,32.1,0.0321000000000002,4.7880914691396,0.0506306552000396,-0.0450674504913712,301.374407055864,-4.82574295449653,103.424986848463,59.7799240703585,90.8094223853175,561450.85389717,4.53149424493161,4.7790130358007055
32200,32.2,0.0322000000000001,4.78772004635682,-0.0232121076659187,0.0062092098449645,303.661572289062,-4.82574260806962,103.49543785218,59.7499584066924,90.8000402774153,561493.657180492,4.53114880410684,4.792834488483027
32300,32.3,0.0323,4.80350480961697,-0.0386771627779561,0.0358812276206775,301.581943951666,-4.82564576864334,103.545527470092,59.7222146102605,90.7906581695131,561446.544203148,4.53152902892638,4.8065544463139265
32400,32.4,0.0324000000000002,4.82015379090099,0.0258960729863187,-0.0208536725984955,300.357591447051,-4.82586424017626,103.455027390865,59.775079981498,90.7812760616109,561394.364895141,4.53195021599866,4.819988782657894
32500,32.5,0.0325000000000001,4.82416434700794,0.0217554767749494,-0.0287156565824457,300.527746446312,-4.825891357561,103.474528679511,59.7713693453449,90.7718939537087,561407.305179479,4.53184575578971,4.833756212486209
32600,32.6,0.0326000000000001,4.8562378106936,-0.0527185718596664,0.0751968681185588,300.586855969798,-4.82569558263265,103.561215437079,59.7188968421688,90.7625118458066,561326.340174829,4.53249942351636,4.847601428232008
32700,32.7,0.0327000000000003,4.85981182628593,0.0157749531201413,-0.0306840309228569,300.420520467155,-4.82536467835098,103.484905490053,59.7790846439663,90.7531297379043,561419.999200812,4.53174328821324,4.861480688527727
32800,32.8,0.0328000000000002,4.88754860709211,0.0467615716828178,-0.0196170955310213,301.777976593338,-4.82537058273987,103.463566141388,59.7839393229504,90.7437476300022,561291.781318423,4.53277849048643,4.875432409453039
32900,32.9,0.0329000000000001,4.87051127152655,-0.0722789321911524,0.0253833755914835,302.01509321481,-4.82563200943562,103.574988243525,59.7404798802661,90.7343655221,561429.729539099,4.53166474695882,4.889319609573908
33000,33.0,0.0330000000000001,4.92162695871918,0.02073544176174,0.0163667110030952,299.216757196314,-4.82559577977435,103.505742393603,59.7611239526867,90.7249834141978,561190.226634668,4.53359875581588,4.902959035891586
33100,33.1,0.0331000000000002,4.90307433628258,0.0050475252026772,-0.0464056768184061,299.504227852972,-4.82552169464288,103.486624701598,59.7971504580491,90.7156013062956,561366.761864113,4.53217305705539,4.916215014210914
33200,33.2,0.0332000000000001,4.94781294541047,0.0096344537126993,0.0315263846111546,299.432763567579,-4.82515032689406,103.533437176548,59.7571083308722,90.7062191983934,561186.572387685,4.53362827699545,4.9303967146258785
33300,33.3,0.0333,4.92978576382303,-0.0436565181502459,0.0116618404732003,299.543234259524,-4.82495012829523,103.557498624627,59.7676106537811,90.6968370904912,561357.575745184,4.53224722204845,4.943882691052629
33400,33.4,0.0334000000000002,4.97172523525329,0.0495025201639124,-0.0161791930013456,300.934056050158,-4.82510299015631,103.489012679834,59.7939339537483,90.687454982589,561175.348894591,4.53371894944883,4.958273070841213
33500,33.5,0.0335000000000001,4.95409035957367,-0.02613270766961,-0.0122022559696858,302.60869183099,-4.82542274712779,103.545557361214,59.7808066063628,90.6780728746868,561300.620702316,4.53270710811538,4.971086480457988
33600,33.6,0.0336000000000001,4.9986046896941,-0.0095591855439257,0.036403726858458,300.162117457728,-4.82510451034425,103.558658595684,59.7625053030345,90.6686907667846,561141.716440893,4.5339906813272,4.985655233223865
33700,33.7,0.0337000000000003,4.9880371083983,0.0027918432767252,-0.0335218704481735,299.673202885191,-4.8250201504657,103.528853175061,59.7981022939539,90.6593086588824,561256.272862492,4.53306526138425,4.998426448458228
33800,33.8,0.0338000000000002,5.02524226655919,0.0196560032883187,0.0184910682392225,298.944497393101,-4.82491014003261,103.527963836701,59.786864897471,90.6499265509802,561087.908261959,4.53442548980957,5.013196961180325
33900,33.9,0.0339000000000001,5.01703660701063,-0.019201257390733,-0.0079299698728773,299.408081125033,-4.82496320462719,103.571153047828,59.7815109194277,90.6405444430781,561213.622124324,4.53340976225155,5.025484370606569
34000,34.0,0.034,5.05509283790144,0.0121745805182358,0.0262212356809153,298.758598804865,-4.82482484970349,103.54738907593,59.7838547180123,90.6311623351759,561048.772337771,4.5347417883935,5.040484323614604
34100,34.1,0.0341000000000002,5.03681690119044,0.0012849203614169,-0.0452319390580024,301.959074923569,-4.82501439249248,103.550295190351,59.8056746868349,90.6217802272737,561211.193936332,4.53342937691937,5.053054136434341
34200,34.2,0.0342000000000001,5.08459082674586,-0.000565502716424,0.0344122352897737,300.955101536063,-4.82464091088085,103.570481432084,59.7817093663984,90.6123981193715,561037.574492987,4.53483229807947,5.068271331904974
34300,34.3,0.0343,5.07351753148553,-0.0157841229663452,-0.0143886010397931,300.952963113744,-4.8245542299148,103.575919544886,59.7982230999522,90.6030160114693,561163.908729707,4.53381137608481,5.0808655210645925
34400,34.4,0.0344000000000002,5.1045048341157,0.0248892180097838,-0.00274568002057,301.006422694487,-4.82481150284321,103.552958104306,59.8010892058608,90.5936339035671,561008.296913004,4.53506895931255,5.095474989830146
34500,34.5,0.0345000000000001,5.09089831369407,-0.0333087701588655,-0.001076294639205,300.925561512695,-4.82503977826241,103.58494164948,59.7991827950094,90.5842517956649,561105.565340819,4.53428279881985,5.10781973989026
34600,34.6,0.0346000000000001,5.13075738381262,0.0266194879963613,-0.0016465020721724,299.447372271166,-4.82471223155614,103.564219467278,59.8024382749712,90.5748696877627,560965.749606254,4.53541292856607,5.122901567732416
34700,34.7,0.0347000000000003,5.12143210229428,-0.0295745970842197,-0.0059908506951325,301.36506342225,-4.82461274930635,103.591300249249,59.8063781803514,90.5654875798605,561091.276433913,4.53439827012998,5.135576483553453
34800,34.8,0.0348000000000002,5.16956299512765,0.0237811840017763,0.0110519516048596,299.569096710143,-4.82415416824253,103.577514131908,59.8031003429804,90.5561054719583,560927.742299809,4.5357202387881,5.150644999406772
34900,34.9,0.0349000000000001,5.15231210572157,-0.0292963810091612,-0.0071451245037787,300.178924699198,-4.82422985114738,103.592758386342,59.8154160186242,90.5467233640561,561067.69522136,4.53458884715005,5.1630184612971375
35000,35.0,0.035,5.1940560843756,0.0249502000523219,0.0124244096232659,299.543079782243,-4.82424293086932,103.570491913164,59.8137131906166,90.537341256154,560873.007377376,4.53616287427276,5.178044196314836
35100,35.1,0.0351000000000002,5.17114376323809,-0.0268242222155623,-0.0199482901445545,301.656004513153,-4.82459590420346,103.607235644763,59.8159339740294,90.5279591482517,561034.675780301,4.53485572831734,5.190059819239663
35200,35.2,0.0352000000000001,5.22026263174541,0.0077567722352677,0.0355882770313528,299.760068874296,-4.82444335454493,103.599332686548,59.8022433617662,90.5185770403496,560805.355284815,4.53671008893066,5.205279016923388
35300,35.3,0.0353,5.19608716962201,-0.0083309869868247,-0.0405473631478056,298.387953617273,-4.82431885323222,103.599515172759,59.830248210297,90.5091949324474,561010.809735029,4.53504864629724,5.217875864381801
35400,35.4,0.0354000000000002,5.24516421280919,0.0126407094775191,0.0304973746146739,300.668924032025,-4.82433336695765,103.599457320347,59.8119391243461,90.4998128245452,560780.681497879,4.5369096996195,5.233313701985488
35500,35.5,0.0355000000000002,5.22690499350783,-0.0254631421295672,-0.0241159079638731,300.314160393287,-4.82391105965025,103.635599748097,59.8222701928606,90.490430716643,561015.048053278,4.53501438522082,5.245345230884976
35600,35.6,0.0356000000000001,5.28338730629651,0.028237585043516,0.0337090253106399,302.23647018239,-4.82394999349084,103.593427947397,59.8216885512109,90.4810486087408,560723.163020247,4.53737509173505,5.2606765859143305
35700,35.7,0.0357000000000003,5.2420192046966,-0.017506389937684,-0.0577043450821309,299.863016880735,-4.82382035412581,103.618056326343,59.845873275219,90.4716665008386,561025.033415832,4.53493366910277,5.272892137854669
35800,35.8,0.0358000000000002,5.31970885813012,0.0209713038938464,0.0684059277333821,298.585457953577,-4.82394024239814,103.628180533755,59.8016347871837,90.4622843929364,560606.953143847,4.5383156576621,5.288487828091246
35900,35.9,0.0359000000000001,5.26496577274816,-0.0524425702046487,-0.0512655296871953,299.302869439563,-4.82396700960557,103.647361376994,59.8421146628399,90.4529022850342,561032.071696864,4.53487677727923,5.300846760851224
36000,36.0,0.036,5.35986404967188,0.0688105888882073,0.0292796397862076,300.84701909651,-4.82393317902247,103.580871020731,59.8344511696536,90.443520177132,560542.218256356,4.5388397704656,5.316320727877221
36100,36.1,0.0361000000000002,5.28843489786611,-0.0754278333985405,-0.0386869040660779,299.667759002292,-4.82363547103249,103.667651223635,59.8435971617098,90.4341380692298,561039.389626432,4.53481762651465,5.328589576412726
36200,36.2,0.0362000000000001,5.39030407617601,0.0588447826660008,0.060402941206712,301.65425156606,-4.82357949368158,103.619181512707,59.8192419755864,90.4247559613276,560490.696524664,4.53925699217205,5.343752781498329
36300,36.3,0.0363,5.3079923935613,-0.0651784666431658,-0.0768377682515405,303.732756843292,-4.82347758705934,103.654036050069,59.8696273200284,90.4153738534255,561093.263132002,4.53438221490179,5.356025610069824
36400,36.4,0.0364000000000003,5.4267719261737,0.0748669492145875,0.058658706003497,299.692572738481,-4.82308412372515,103.610600171061,59.8311449220412,90.4059917455232,560439.475094555,4.5396718580855,5.371255618227138
36500,36.5,0.0365000000000002,5.33484077598585,-0.0940582680195391,-0.0426594416334618,299.241067633682,-4.82345324906183,103.705925097058,59.845233823623,90.3966096376211,561028.960779976,4.5349019232623,5.383780289467916
36600,36.6,0.0366000000000001,5.45159250014492,0.0674125754364306,0.0684651442505674,299.466271873771,-4.82349135818572,103.613142865124,59.834279587778,90.3872275297189,560366.260994501,4.54026498442583,5.399226029770625
36700,36.7,0.0367000000000003,5.35939263529933,-0.0458892150121834,-0.0876700529957648,298.970041801484,-4.82330030638467,103.65867047126,59.8822047987076,90.3778454218167,561003.279653866,4.53510951810606,5.411560413596775
36800,36.8,0.0368000000000002,5.46943947715034,0.0373448883366625,0.0925236231980023,302.287177999799,-4.82347180587929,103.652630182169,59.8232667417937,90.3684633139145,560360.286615187,4.54031339125596,5.426984542180359
36900,36.9,0.0369000000000001,5.39481107910398,-0.0575632428317042,-0.0665208621907192,299.592731442581,-4.82285601266237,103.69911910054,59.868283095738,90.3590812060123,560975.219339061,4.53533636698702,5.43951670286028
37000,37.0,0.037,5.50355975869289,0.0713656420732906,0.0515692666874385,302.710474795181,-4.82314093465382,103.625124738169,59.8498163657326,90.3496990981101,560343.836244383,4.54044668412727,5.454804506308537
37100,37.1,0.0371000000000002,5.42119624254835,-0.0657895524642428,-0.0563117704233309,299.286982581431,-4.82309925085136,103.704751173436,59.8694975206571,90.3403169902079,560900.564463344,4.53594001225726,5.467246659314903
37200,37.2,0.0372000000000001,5.52770656538807,0.0551177241472996,0.071309257594447,297.753441595614,-4.82303351763471,103.657089649357,59.8395094207371,90.3309348823057,560303.764711508,4.54077140559093,5.482708099502231
37300,37.3,0.0373,5.44646858503494,-0.0519398734991307,-0.0586801728468288,298.362616665143,-4.82297529976678,103.69276273932,59.8840115461211,90.3215527744035,560855.168466716,4.53630715430939,5.494835029922682
37400,37.4,0.0374000000000003,5.55262907770642,0.0609541819736954,0.054597480308516,300.500492873128,-4.8228673935564,103.654327488669,59.8541735983973,90.3121706665013,560309.721858305,4.54072312864555,5.510366017755971
37500,37.5,0.0375000000000002,5.47916571822191,-0.0746321408074301,-0.0463141229266655,303.212397066123,-4.82293471330057,103.727608549479,59.8745277685511,90.3027885585991,560838.253273025,4.53644397185654,5.522681214206457
37600,37.6,0.0376000000000001,5.58497555001656,0.0578495353285659,0.0481801732026952,300.858905639175,-4.82275000764292,103.670145881475,59.8538832804788,90.2934064506969,560276.077882393,4.54099579418598,5.538235187109243
37700,37.7,0.0377000000000001,5.50900480937171,-0.0423671510728529,-0.0613110760681754,298.855220354678,-4.82293343819777,103.710906492051,59.8860433347688,90.2840243427948,560739.254210196,4.53724488546909,5.550097177556685
37800,37.8,0.0378000000000002,5.60200054516802,0.0466440649488577,0.0642431267001997,298.847114305408,-4.82281264516549,103.680443035635,59.8563195160461,90.2746422348926,560238.085741067,4.54130373853743,5.565428147363468
37900,37.9,0.0379000000000001,5.53392425920873,-0.0394736854793946,-0.0567658953758721,298.590292594942,-4.82252761262987,103.720831515712,59.8925286257473,90.2652601269904,560737.08155404,4.53726246567442,5.577279376058978
38000,38.0,0.038,5.63165571648265,0.046005528751554,0.0575668109161394,300.280605235482,-4.8224619940986,103.681602313097,59.8676949161766,90.2558780190882,560234.348760916,4.54133403079275,5.592581082757204
38100,38.1,0.0381000000000002,5.57158393001825,-0.0336328222597703,-0.0606635338435021,300.49237814735,-4.82236119305988,103.733352132568,59.8921854201118,90.246495911186,560684.978442547,4.53768410260284,5.60430941794431
38200,38.2,0.0382000000000001,5.6601217424296,0.0303423875677074,0.0660478911956956,300.498879873425,-4.82250323303362,103.701591073692,59.8653094015607,90.2371138032838,560203.537957705,4.54158380099172,5.619727642601462
38300,38.3,0.0383,5.59054406634876,-0.0341787100573211,-0.0636872314930118,298.378930782147,-4.82255688409238,103.724398039117,59.9044502444076,90.2277316953816,560634.796700365,4.53809026521543,5.631208322916825
38400,38.4,0.0384000000000003,5.68214854305622,0.0368710023157235,0.0583541552724922,300.006057599939,-4.82262994013504,103.704998991267,59.8702351156195,90.2183495874794,560151.538740714,4.54200539905085,5.646684190936858
38500,38.5,0.0385000000000002,5.61782241541561,-0.0543621799656979,-0.0486718505981703,300.750998562041,-4.82237570416369,103.753963945594,59.8998881683103,90.2089674795772,560635.277077831,4.53808637677603,5.657858547382197
38600,38.6,0.0386000000000001,5.70792482875946,0.0597863569629522,0.0308687925787354,301.198523083969,-4.82224471884577,103.699089394223,59.8876935943114,90.199585371675,560166.421140865,4.54188472787298,5.673560919068217
38700,38.7,0.0387000000000001,5.65397168712492,-0.0549258471654318,-0.0437385427516084,299.527894499053,-4.8219961904318,103.757997350407,59.9070728009847,90.1902032637728,560607.683741815,4.53830974321552,5.684653248944512
38800,38.8,0.0388000000000002,5.74254184302841,0.0481199101985226,0.0424434563437197,300.691628228633,-4.82218621233877,103.724760755089,59.8797194207402,90.1808211558706,560113.943319583,4.5423102631018,5.700321758543111
38900,38.9,0.0389000000000001,5.68021458829014,-0.0525843735517797,-0.0481428023993906,299.58277130863,-4.82208216735498,103.761834424355,59.912317462232,90.1714390479684,560560.846841378,4.53868893552406,5.711173621664407
39000,39.0,0.039,5.76419320351425,0.0550112251370483,0.0382088823004125,299.574643004716,-4.82212083634466,103.718643509679,59.8929291209334,90.1620569400663,560087.90265947,4.54252145273316,5.727220099507505
39100,39.1,0.0391000000000002,5.70331731653408,-0.0639954625434601,-0.0346920379950569,300.143739669994,-4.8223047976147,103.776434690102,59.9095270479311,90.1526748321641,560496.950417388,4.53920634421356,5.738249045117413
39200,39.2,0.0392000000000001,5.78990143480164,0.0467995766486317,0.0437970088893835,299.977403279316,-4.82220022896908,103.728356185961,59.8948342822144,90.1432927242619,560041.591363068,4.54289708565159,5.754326398329209
39300,39.3,0.0393000000000001,5.73246571929757,-0.0383303911905547,-0.0509256249400065,299.052820075633,-4.82169771512851,103.775076419779,59.9222513380423,90.1339106163597,560491.973692471,4.53924664877166,5.765321337299136
39400,39.4,0.0394000000000003,5.82038183536245,0.0361567614301525,0.0631772385010831,300.0162429825,-4.82151875863291,103.753325775895,59.8923093969023,90.1245285084575,560036.189374678,4.54294090545785,5.780907742284675
39500,39.5,0.0395000000000002,5.75776957412249,-0.0382843595994862,-0.0619653908563702,300.670072703051,-4.82159909283546,103.782666066312,59.9288209425269,90.1151464005553,560477.714468596,4.53936213263929,5.792163492369188
39600,39.6,0.0396000000000001,5.83876336841449,0.0462164511569528,0.0462800740977224,301.37588830526,-4.82190401164066,103.742392739804,59.9069187201171,90.1057642926531,559997.151209413,4.54325760006508,5.808026630748833
39700,39.7,0.0397,5.77288916376221,-0.042080365543599,-0.0561495863554089,298.375388086225,-4.8218653245023,103.801836362037,59.924675744201,90.0963821847509,560425.749981827,4.53978303696692,5.819217766333071
39800,39.8,0.0398000000000002,5.87459641927327,0.0407131996155298,0.0720614689339459,297.551005201996,-4.82166942302202,103.769291004596,59.8937939281419,90.0870000768487,559903.005190743,4.54402153526613,5.834809807636136
39900,39.9,0.0399000000000001,5.80686876260608,-0.0366612706149446,-0.0638132834557161,298.685629727426,-4.8215530873421,103.788210650387,59.9429689119068,90.0776179689465,560406.503973393,4.53993894647546,5.845900698340407
40000,40.0,0.04,5.89843374338945,0.0544450263240462,0.0470129264332075,300.104060258372,-4.82140016698954,103.760088101589,59.9142519410951,90.0682358610443,559927.927822729,4.54381927892057,5.861710479071356
40100,40.1,0.0401000000000002,5.82924006581088,-0.0695259137238227,-0.0355217640328174,299.50196392437,-4.82110386339088,103.838624579616,59.9274761055142,90.0588537531421,560417.036751102,4.53985362043325,5.872966315009639
40200,40.2,0.0402000000000001,5.93020914075948,0.0606693013624286,0.0442403609375391,301.337991665667,-4.82118757151795,103.763492516438,59.9197364172019,90.0494716452399,559880.889938514,4.54420102376841,5.888826996833563
40300,40.3,0.0403000000000001,5.86046490590508,-0.0489818021850459,-0.0661706961077634,300.593711082479,-4.82120986906912,103.806212606865,59.9541115766252,90.0400895373378,560374.334383622,4.54019957221175,5.9001636749987
40400,40.4,0.0404000000000003,5.95248375078251,0.0518666177479746,0.0645701196676018,299.170378646818,-4.82134849406802,103.795397002004,59.9073322548354,90.0307074294356,559820.422155732,4.544691855738,5.915679283878883
40500,40.5,0.0405000000000002,5.88174595299542,-0.0663555596466455,-0.0393055900014712,297.680026275481,-4.82109727403813,103.843381018483,59.9412544854487,90.0213253215334,560337.96706105,4.54049424241453,5.9268977790785184
40600,40.6,0.0406000000000001,5.98264797726651,0.0848113929933435,0.0267724646152405,300.05952362732,-4.82103524793123,103.755312691703,59.940603027617,90.0119432136312,559798.317614203,4.54487131024277,5.942620246864093
40700,40.7,0.0407,5.91331693078343,-0.0612000087889168,-0.044113413025304,301.397967456711,-4.82087104109994,103.842975840529,59.9510529921542,90.002561105729,560310.561425891,4.54071632484027,5.9541759482802945
40800,40.8,0.0408000000000002,6.00312186136807,0.0325620370648113,0.0630403200376087,303.102224339117,-4.82103691762442,103.816724411047,59.9190575108532,89.9931789978268,559811.59452362,4.54476352068413,5.970045261635192
40900,40.9,0.0409000000000001,5.94402358205308,-0.03242888751821,-0.0698203765190466,300.315372289524,-4.82075862548563,103.828619229718,59.9675606099255,89.9837968899246,560270.525284784,4.54104079802118,5.981061427435245
41000,41.0,0.041,6.03397069423544,0.0416587769668683,0.0520113951153244,300.648027068647,-4.82088686516733,103.803170674107,59.9350766074642,89.9744147820224,559771.411600901,4.54508976435707,5.9968189848368345
41100,41.1,0.0411000000000002,5.97562612929743,-0.0606332577604582,-0.0389710125080483,298.335654827986,-4.82072957639682,103.867249885953,59.9499531602334,89.9650326741202,560197.57306868,4.54163215900802,6.0079973384104335
41200,41.2,0.0412000000000002,6.06063624630394,0.0377794550290857,0.0542738789790286,297.676566886188,-4.82078221184348,103.810026249334,59.9388079645251,89.955650566218,559726.477303481,4.54545463974451,6.023762334207961
41300,41.3,0.0413000000000001,6.00803458492584,-0.0270289565944647,-0.0653750118349191,298.802446134336,-4.82084265200005,103.837790497106,59.9725554045797,89.9462684583158,560132.979180211,4.54215589478515,6.034896104574441
41400,41.4,0.0414000000000003,6.08936743344012,0.0230787352650888,0.0550495091283655,300.264733863801,-4.82054535179661,103.839621017029,59.9347998126508,89.9368863504136,559731.826300004,4.54541120176239,6.051040175214135
41500,41.5,0.0415000000000002,6.0326994360499,-0.0464173311583369,-0.036135336009596,300.489192854069,-4.82029250874076,103.87162709018,59.9651565206614,89.9275042425114,560129.5011296,4.54218409870594,6.06219487945664
41600,41.6,0.0416000000000001,6.11132757404389,0.0539331149259923,0.0276608116067877,299.966791418643,-4.82012052369901,103.81979432084,59.9596841145194,89.9181221346093,559740.496626342,4.54534079378103,6.078535558155777
41700,41.7,0.0417,6.05650918084852,-0.0507898400881487,-0.0281412279811445,301.052990303909,-4.82043812260357,103.877214880649,59.9689771860074,89.9087400267071,560078.433818841,4.54259824985494,6.089765128378051
41800,41.8,0.0418000000000002,6.13604432702664,0.0438526972283542,0.0391310864010008,298.658227250169,-4.82044977481092,103.841854340574,59.951259667997,89.8993579188049,559663.955416271,4.54596242731875,6.105904159359615
41900,41.9,0.0419000000000001,6.08915675009061,-0.0391731173334079,-0.0362842409545698,299.851489274045,-4.82045114853668,103.868443031561,59.979903288837,89.8899758109027,560016.272294562,4.54310247597365,6.1170236391083455
42000,42.0,0.042,6.16092639073917,0.0471053705391489,0.030091251367516,300.385367704683,-4.82021893284703,103.847401074388,59.9600446658373,89.8805937030005,559659.026047197,4.54600246728158,6.133331729770363
42100,42.1,0.0421000000000002,6.11315248782999,-0.0486356728533181,-0.0226165269848179,300.562963211975,-4.82002055560086,103.898704877069,59.9745751161173,89.8712115950983,560012.744511249,4.54313109511002,6.144852049701658
42200,42.2,0.0422000000000002,6.18922801172658,0.0352669195488449,0.0292917491146563,300.755501455457,-4.8199457998479,103.85054557485,59.970477302938,89.8618294871961,559656.489401894,4.54602307205615,6.1606321536251345
42300,42.3,0.0423000000000001,6.14662570388554,-0.0227759223861114,-0.0542158326634591,301.786290251755,-4.82010028149777,103.882164195808,59.9916382489367,89.8524473792939,559965.952380976,4.54351073030239,6.1716196990342755
42400,42.4,0.0424000000000003,6.21835708221574,0.0115115230439226,0.0605228190603138,298.900409024697,-4.81980333449327,103.888761142808,59.9565498584409,89.8430652713917,559615.534975459,4.54635576433477,6.187378607396737
42500,42.5,0.0425000000000002,6.1633610564954,-0.0277318269452063,-0.0508289876805015,297.397779177233,-4.81994777855977,103.898622456979,59.9913471631688,89.8336831634895,559934.993772759,4.54376193940737,6.198900596346549
42600,42.6,0.0426000000000001,6.24381083969406,0.0524102596504863,0.0402087362926752,295.987314927015,-4.81983792168538,103.860091548073,59.9759945594515,89.8243010555873,559525.657253611,4.54708605452524,6.214512124697266
42700,42.7,0.0427,6.19358338981129,-0.0427939030003392,-0.0229580132519275,297.456296428622,-4.81956803315689,103.928487409562,59.9845247464778,89.8149189476852,559915.269280047,4.54392200541052,6.2258276947264966
42800,42.8,0.0428000000000002,6.2717479538448,0.0354858761225077,0.0504677057478531,300.775171444645,-4.81962420294874,103.888728332284,59.9717830373402,89.8055368397829,559523.723029904,4.54710177339699,6.241215751850712
42900,42.9,0.0429000000000001,6.22278426246704,-0.0326996373582434,-0.0561783556929612,301.209984719238,-4.81948743288384,103.900971577076,60.0132998660464,89.7961547318808,559918.549754578,4.54389538328768,6.253018849763326
43000,43.0,0.043,6.30029604306434,0.0442589511763176,0.0331691822242653,299.687847160806,-4.81926604297498,103.891108451298,59.9817223242474,89.7867726239786,559512.344905644,4.54719424229329,6.268501885250227
43100,43.1,0.0431000000000002,6.24469052458132,-0.0659910799370155,-0.0165731294643025,299.325126490916,-4.8193837056508,103.955433170392,59.9895379400849,89.7773905160764,559873.210390437,4.54426335468474,6.280216226995642
43200,43.2,0.0432000000000002,6.32649978386985,0.0612645217611332,0.0296230713938184,299.239630640796,-4.81960579053883,103.877963344669,59.9925394770127,89.7680084081742,559425.504452646,4.54790011001782,6.295575352203997
43300,43.3,0.0433000000000001,6.26906925667875,-0.0349748011880935,-0.0654624996264997,297.642632580562,-4.81934725586668,103.917733831337,60.0234003960697,89.758626300272,559869.049715698,4.54429712544195,6.307378927304658
43400,43.4,0.0434000000000003,6.36494050111729,0.0300576807485019,0.076927879402316,300.120785231487,-4.81908091327719,103.92038355823,59.9758075160655,89.7492441923698,559380.914956286,4.54826263324659,6.322430478134433
43500,43.5,0.0435000000000002,6.29586552702583,-0.0413038206870989,-0.0691806899666838,299.672370423623,-4.81886800941602,103.952100725966,60.0186394945753,89.7398620844676,559892.712220885,4.5441050717646,6.334347374839635
43600,43.6,0.0436000000000001,6.38662569419575,0.0557150001116309,0.04354217089496,303.826059516997,-4.81937200022771,103.89300548367,60.0015373814359,89.7304799765654,559356.486932879,4.54846126340224,6.349333292241749
43700,43.7,0.0437,6.32039347369121,-0.0604730242888748,-0.0520086525786846,299.5880340651,-4.81902501809439,103.966651032289,60.0187456791482,89.7210978686632,559854.98407465,4.54441129510016,6.3613038375886815
43800,43.8,0.0438000000000002,6.42489114489597,0.0497678648507536,0.0628503532296518,300.504422911772,-4.81923090109466,103.914822675643,59.9911850073235,89.711715760761,559260.445427135,4.54924236829197,6.37600187456202
43900,43.9,0.0439000000000001,6.34526192912978,-0.0432589398958564,-0.0817343592061621,298.680708728656,-4.81898531197236,103.953695352729,60.0353623052728,89.7023336528588,559823.093472439,4.54467016976,6.388374425891423
44000,44.0,0.044,6.45423290730686,0.0546841337721736,0.0727156018089672,300.413754296244,-4.8187736173248,103.933820194336,59.9909282095821,89.6929515449567,559243.297494793,4.54938186053209,6.403287781736269
44100,44.1,0.0441000000000003,6.36276727225895,-0.0801165716811802,-0.0444438429090126,298.738813666834,-4.81825123309764,103.994690607525,60.0282984966213,89.6835694370544,559860.832555756,4.54436382276052,6.415547068295509
44200,44.2,0.0442000000000002,6.47489363638986,0.0906126634803856,0.0309408926540166,302.637994554046,-4.8186417670286,103.898855579104,60.0210141677218,89.6741873291523,559218.516264621,4.54958346200941,6.430281718345325
44300,44.3,0.0443000000000001,6.39481784471908,-0.0782806031652548,-0.0477611494589239,298.962832185204,-4.81844089893245,103.988400461617,60.0376714415666,89.6648052212501,559797.232635596,4.54488011894681,6.442534617520519
44400,44.4,0.0444000000000001,6.5085124845927,0.0558337355041173,0.0667838631626456,299.498426283425,-4.81870007929295,103.947550227166,59.9993421018659,89.6554231133479,559161.564576358,4.55004684589606,6.457471784552997
44500,44.5,0.0445000000000002,6.42144511634328,-0.0598300673732071,-0.0580254761687925,298.980245495771,-4.8184937814706,103.988110870636,60.0440617629322,89.6460410054457,559738.096220742,4.54536028622145,6.469738862579593
44600,44.6,0.0446000000000001,6.52081224057803,0.0595266674887446,0.0493417280691928,301.108710284548,-4.81853613935051,103.937874962144,60.020286720014,89.6366588975435,559187.634816179,4.54983471528893,6.4844074899994455
44700,44.7,0.0447,6.45674555138058,-0.0438329187104521,-0.0486187299631929,299.685623415277,-4.81817093573739,103.997261833361,60.0431495769318,89.6272767896413,559661.679136478,4.54598091685054,6.496530147283577
44800,44.8,0.0448000000000002,6.5522199785101,0.0319079869708616,0.0651874620449794,299.321034567009,-4.81793118599537,103.967144225532,60.0183748921203,89.6178946817391,559210.19958093,4.54965112430636,6.511078365144442
44900,44.9,0.0449000000000001,6.49235958353275,-0.0240933680019574,-0.0573402042015762,298.846296250029,-4.81792323782569,103.989582024752,60.0539125043085,89.6085125738369,559603.481784644,4.54645368740945,6.523408352906374
45000,45.0,0.045,6.56833134556361,0.0328387295091062,0.0472913989193217,298.068677945349,-4.81816459741017,103.971075800662,60.0256633985931,89.5991304659347,559182.152104665,4.54987932585293,6.538052083560992
45100,45.1,0.0451000000000003,6.52085970204206,-0.0358695899674619,-0.0335882425683572,299.19980411732,-4.81825664883608,104.014908852819,60.0413610591414,89.5897483580325,559505.600617172,4.54724905423739,6.549914510976497
45200,45.2,0.0452000000000002,6.59684489546356,0.0304385989204905,0.0350287787610426,298.964755638912,-4.81781216724207,103.972373574857,60.0383277734571,89.5803662501303,559189.978693172,4.54981564439475,6.564621690843943
45300,45.3,0.0453000000000001,6.56067038685967,-0.0203462647047522,-0.0409126287042201,300.471467026808,-4.81773192295668,103.995535910792,60.063284414322,89.5709841422282,559488.443087486,4.5473885022664,6.57670655280703
45400,45.4,0.0454000000000001,6.61292772572021,0.0290740202059277,0.0091452005627059,303.099275584001,-4.81797121146722,103.993753773084,60.0417176645248,89.561602034326,559219.383321325,4.54957640798561,6.591436613190755
45500,45.5,0.0455000000000002,6.57909769401919,-0.0567381547171983,-0.0006297296936229,302.617499139946,-4.81792895703923,104.040962288114,60.0451032222877,89.5522199264238,559446.179364333,4.54773203766948,6.603397121230187
45600,45.6,0.0456000000000001,6.63414255707548,0.0467219281804485,0.0007146136412562,299.709459298284,-4.817797227854,103.987034509621,60.0548694665132,89.5428378185216,559188.555722895,4.54982722233632,6.618171891807865
45700,45.7,0.0457,6.60993003566757,-0.0326439080293452,-0.0187259360027002,298.644020497501,-4.81799703570612,104.004353816393,60.0697058227398,89.5334557106194,559361.243872156,4.54842258222032,6.629975386909448
45800,45.8,0.0458000000000002,6.66017925338097,0.0312528279889882,0.0109947879654244,297.949041281511,-4.81761283818436,104.006272857588,60.0525512848834,89.5240736027172,559153.222028104,4.55011473245,6.644703913566767
45900,45.9,0.0459000000000001,6.63816676314568,-0.0302170298341032,-0.0082063147421711,300.489211681581,-4.81756368208327,104.049693973159,60.0548925188288,89.514691494815,559349.842985245,4.54851528994543,6.656428160320199
46000,46.0,0.046,6.68387778933521,0.0163470443366004,0.0238686550690539,300.275223121348,-4.81727474271533,104.015617514475,60.0616090467354,89.5053093869128,559170.578748534,4.54997349635437,6.671398739621252
46100,46.1,0.0461000000000003,6.66886230525178,0.0089091368061859,-0.0565251910677101,302.201992734687,-4.81733637481117,104.017523645491,60.0849467844228,89.4959272790106,559339.465825882,4.54859967638857,6.683116191244662
46200,46.2,0.0462000000000002,6.7126674969405,-0.0261532249994977,0.0490279868218509,302.026114572992,-4.81731730138082,104.050169117899,60.0498973612748,89.4865451711084,559130.008359337,4.550303641746,6.698160139661346
46300,46.3,0.0463000000000001,6.70589522887511,0.0001692151924656,-0.0276294768895062,296.887210634399,-4.81702003323709,104.044046711725,60.0719475702338,89.4771630632062,559243.768666079,4.54937802760945,6.709716926966182
46400,46.4,0.0464,6.73284702568581,0.0088081662422324,0.0109265274508327,299.148938898477,-4.81731972470726,104.027740362818,60.0724770896613,89.4677809553041,559102.419057707,4.55052817967572,6.725112574200895
46500,46.5,0.0465000000000002,6.72836140713694,-0.0121753359331053,-0.0100312205705581,297.797923969884,-4.81675872776256,104.058948777455,60.0751680614784,89.4583988474018,559236.552098632,4.5494367342395,6.736629484008039
46600,46.6,0.0466000000000001,6.76220519067782,0.0124602207337842,0.0160060303524908,301.065617776997,-4.81687859135651,104.052274304226,60.0693969498432,89.4490167394997,559088.320902002,4.55064292729684,6.752400797934337
46700,46.7,0.0467,6.75696241811432,-0.0162192119425247,-0.004230532658859,299.359633820161,-4.81660051041977,104.051472118461,60.0888339678959,89.4396346315975,559206.256783247,4.54968320254886,6.763960210321284
46800,46.8,0.0468000000000002,6.78585789021167,0.035715653637729,-0.0067883321587314,299.544144755178,-4.81666943981197,104.044929864323,60.0851623843447,89.4302525236953,559078.277012541,4.55072467998947,6.779482721831562
46900,46.9,0.0469000000000001,6.77247574485584,-0.0488626543105442,0.0154502751747345,298.892664265862,-4.81683744644875,104.092245378205,60.0764209800653,89.4208704157931,559192.479063809,4.54979530037035,6.790788871357644
47000,47.0,0.0470000000000001,6.81520183539009,0.0396653550136197,-0.0081161312449295,299.603869745124,-4.81697698320953,104.049043530038,60.0870622212093,89.4114883078909,559000.745843087,4.55135584731604,6.806399357858329
47100,47.1,0.0471000000000003,6.80484041299466,-0.0213344435016927,-0.0107273487407558,301.147592560831,-4.81668836188488,104.076488641691,60.092339771453,89.4021061999887,559138.627355632,4.55023349983787,6.817666721304784
47200,47.2,0.0472000000000002,6.84259224254281,0.0109971793242703,0.0102749861677663,301.124262881782,-4.81632551317586,104.081174678495,60.085339072228,89.3927240920865,559039.987111879,4.55103636931395,6.832802676001992
47300,47.3,0.0473000000000001,6.83603318270378,0.0001824805170249,-0.0239526796591298,301.133508519009,-4.81628820951136,104.087238132711,60.0971024245243,89.3833419841843,559123.320580419,4.5503580687814,6.844363901584284
47400,47.4,0.0474,6.86897189833117,-0.0001694171853055,0.0165205273726576,300.352313055856,-4.81636674027793,104.081392439294,60.0912749994281,89.3739598762821,558979.026718053,4.55153269020637,6.859564358335173
47500,47.5,0.0475000000000002,6.86266040251719,0.0013510692353159,-0.026405092760716,299.465156735915,-4.81638810923734,104.094232874751,60.0989349635182,89.3645777683799,559060.556526977,4.55086892384652,6.8713166807774115
47600,47.6,0.0476000000000001,6.9021255336719,-0.0059561146459295,0.0341345000012149,298.986634111203,-4.81617875067711,104.094919178877,60.0915920356241,89.3551956604777,558937.248392726,4.55187289908316,6.886350667518727
47700,47.7,0.0477,6.88554491395309,0.0023418770952716,-0.0369574528328457,300.795050040418,-4.81579540355924,104.091754875753,60.1182024914931,89.3458135525755,559109.053790935,4.55047418029883,6.89857640397468
47800,47.8,0.0478000000000002,6.92358662804847,0.0077011436300501,0.0247981209812656,303.763280506972,-4.81603988263892,104.10402582591,60.0966724967465,89.3364314446733,558916.011476121,4.55204585484605,6.913510165590746
47900,47.9,0.0479000000000002,6.91125929339705,-0.0287342587576373,-0.0010843083995845,300.766193270985,-4.81587376820204,104.129810456978,60.1024332702856,89.3270493367712,559049.317166857,4.5509604164092,6.926090209855184
48000,48.0,0.0480000000000001,6.95635430408944,0.0389469137427191,0.0043592325126851,298.456906224047,-4.81576093848741,104.087947031755,60.1113406542519,89.317667228869,558848.679037427,4.55259430447105,6.940718769160028
48100,48.1,0.0481000000000003,6.93864688549281,-0.0313238086805056,-0.0093355493574995,299.555210993849,-4.81582565707754,104.11705297306,60.1192475244156,89.3082851209668,559019.752120865,4.55120110442337,6.952893762967719
48200,48.2,0.0482000000000002,6.98369581612843,0.0287138671474937,0.014603169991003,299.694281130974,-4.81560452926455,104.114170439791,60.1069040636888,89.2989030130646,558830.789645746,4.5527400429382,6.967373371076254
48300,48.3,0.0483000000000001,6.96602578845303,-0.0303858962814458,-0.0059520479584687,299.978856122657,-4.81550796787716,104.137520773139,60.1179908086798,89.2895209051624,559000.484762519,4.55135797302183,6.979972597745971
48400,48.4,0.0484,7.00998950328948,0.0319551707720403,0.0026045977702597,300.238434917324,-4.81547845171365,104.109272502038,60.1207862023281,89.2801387972602,558816.112444107,4.55285961981176,6.994490462085519
48500,48.5,0.0485000000000002,6.99661759437074,-0.0240106173918077,-0.0170543688204095,300.240122984195,-4.81540607008249,104.145454052833,60.1223296861258,89.270756689358,558965.925988072,4.55163936647768,7.006938741921329
48600,48.6,0.0486000000000001,7.0390511194604,0.004979234634824,0.0342470600035916,300.333512525085,-4.8153863998071,104.135297548727,60.1127068321857,89.2613745814558,558763.227385484,4.55329053264943,7.021111080336546
48700,48.7,0.0487,7.01687139706584,0.0027118609351898,-0.0482595621891905,298.117922405069,-4.81515808341857,104.135302047342,60.1396604527033,89.2519924735536,558955.035472143,4.55172804928378,7.033774622621626
48800,48.8,0.0488000000000002,7.06896517167822,0.0048504428824993,0.0468793398346769,297.130125981929,-4.81509438570917,104.137964311785,60.1176320093116,89.2426103656514,558705.84462861,4.5537581854691,7.048291071656091
48900,48.9,0.0489000000000002,7.04434717025531,-0.0233267691096199,-0.0274225710122926,297.619862706235,-4.81505996099585,104.160673459614,60.1349263168335,89.2332282577492,558929.674238394,4.55193458231349,7.061160823826624
49000,49.0,0.0490000000000001,7.09746163993728,0.0300247106337428,0.0224220326011659,298.909993330604,-4.81480329520994,104.133822801875,60.1315549472141,89.223846149847,558695.517061142,4.55384236234802,7.075339033793872
49100,49.1,0.0491000000000001,7.06259443787336,-0.0229257181810408,-0.0183754064690713,301.661363575922,-4.81487765389733,104.170164894001,60.1413185070668,89.2144640419449,558922.467297201,4.55199327654528,7.087895890044541
49200,49.2,0.0492000000000002,7.11256310536369,0.0333204766836898,0.0300848091593772,300.489056663483,-4.81476929521665,104.1628562921,60.125790866595,89.2050819340427,558680.198436115,4.55396722555917,7.102095440763669
49300,49.3,0.0493000000000001,7.08799296461382,-0.0318760616354122,-0.0125888524625154,300.11119948144,-4.81502067308292,104.172806986027,60.1460478956172,89.1956998261405,558863.028250821,4.55247741331192,7.1145066922948415
49400,49.4,0.0494,7.15038675852745,0.0447364125619321,0.0054746913791878,299.175462450512,-4.81514767239881,104.137960824034,60.143101532527,89.1863177182383,558589.957056914,4.55470292851637,7.128734125833695
49500,49.5,0.0495000000000002,7.11842727917728,-0.0402635964568084,-0.0109716993356595,298.734603757848,-4.81494409049617,104.191352154385,60.1442040810963,89.1769356103361,558827.797378315,4.55276442078021,7.140984072453541
49600,49.6,0.0496000000000001,7.17935011035132,0.0279842195929857,0.0318261666147076,297.809782037937,-4.81457504958099,104.169706162992,60.1359951227762,89.1675535024339,558576.669422186,4.55481127752578,7.155308687100732
49700,49.7,0.0497,7.14673797298775,-0.0107655700376384,-0.042195921968884,299.872850323981,-4.81447103517028,104.183811965677,60.1619809485245,89.1581713945317,558834.904642745,4.55270651870509,7.167526227631839
49800,49.8,0.0498000000000002,7.20384065546316,0.0135387089717826,0.0453250557358356,298.62116442964,-4.81399271978436,104.176417216956,60.1476951917799,89.1487892866295,558603.763028406,4.55459035838537,7.181816901507348
49900,49.9,0.0499000000000002,7.17639183466655,-0.0068648167199443,-0.0444363942862633,301.600179040805,-4.8142415187863,104.197982206478,60.1641998242294,89.1394071787273,558813.893786539,4.55287769602025,7.194148525088507
50000,50.0,0.0500000000000001,7.23544027498674,0.0017922732697246,0.049705092666526,299.194229709992,-4.81415588805493,104.199041987147,60.1402449626628,89.1300250708251,558538.285364406,4.55512429481365,7.20880506912932
50100,50.1,0.0501000000000003,7.20063164268285,-0.0169895712142051,-0.0391940536817586,301.535592092908,-4.81462336159962,104.198436842275,60.1693764146323,89.1206429629229,558746.769855515,4.55342464691986,7.221167725812339
50200,50.2,0.0502000000000002,7.24778705863757,0.0277160556359214,0.0073166536389782,298.634685512394,-4.81412193978607,104.181175193782,60.1659970960175,89.1112608550207,558564.022608691,4.55491440598805,7.235825102900945
50300,50.3,0.0503000000000001,7.231829190092,-0.027232370977667,-0.0149874190765068,300.839611532984,-4.81418140536494,104.220038015922,60.1666251781032,89.1018787471185,558719.386346124,4.55364781574061,7.2478313027351415
50400,50.4,0.0504,7.27703412890152,0.0271201663925602,0.0090175028280709,300.954340452558,-4.81404529660901,104.201947938309,60.1609230765949,89.0924966392164,558510.649145728,4.55534969143107,7.262380792907137
50500,50.5,0.0505000000000002,7.2604456477517,-0.0244188419668488,-0.0045937358977474,299.53630059831,-4.81372188828792,104.224777985825,60.1730659758963,89.0831145313142,558686.930158341,4.5539123539652,7.274011488082753
50600,50.6,0.0506000000000001,7.31034671241397,0.0276677044021544,0.0097353210737535,299.562323897596,-4.81363169679033,104.20648588792,60.1700059082171,89.073732423412,558501.64359524,4.55542314409161,7.289029855654268
50700,50.7,0.0507,7.2870307003049,-0.0218187600130288,-0.0113222801399949,300.311257948915,-4.8138489631275,104.226972411738,60.1803685684939,89.0643503155098,558648.799744483,4.55422317994891,7.300599635622385
50800,50.8,0.0508000000000003,7.32571131685361,0.0115846081692288,0.019375611926485,300.216740444195,-4.81404338866169,104.216707926276,60.1719289670781,89.0549682076076,558456.612092008,4.55579047352705,7.315643807956067
50900,50.9,0.0509000000000002,7.30942884284433,-0.0077689934015352,-0.0372160834079238,299.825991553607,-4.81383675899111,104.231652672747,60.1868991722273,89.0455860997054,558616.796252066,4.55448409413549,7.327241504725451
51000,51.0,0.0510000000000001,7.35678458347472,-0.0028612304005721,0.0228548494032472,302.37962375009,-4.81365758312637,104.231069128066,60.1762492347987,89.0362039918032,558455.976590609,4.5557956578412,7.342172771232717
51100,51.1,0.0511000000000001,7.34351375452481,-0.000250067417958,-0.0314423717108725,299.77207336867,-4.81317435767097,104.245436468483,60.1910266084705,89.026821883901,558611.243446775,4.55452936741574,7.3537266738847205
51200,51.2,0.0512000000000002,7.37914050807087,0.0021078300549745,0.0385409512778752,300.060388773892,-4.81317281506571,104.245208562353,60.1778992082686,89.0174397759988,558429.335397376,4.5560130028565,7.368597968425883
51300,51.3,0.0513000000000001,7.35856799145261,-0.0101001798140641,-0.0277525045039832,300.345389485296,-4.8133017609976,104.248386822993,60.199091032329,89.0080576680966,558584.140591725,4.55475035605523,7.379903111086099
51400,51.4,0.0514,7.40737726243133,0.0325173232019138,0.0107352857750926,299.054352727984,-4.81344922809792,104.229641311841,60.1915941368915,88.9986755601944,558355.286550037,4.55661721941798,7.394760740132727
51500,51.5,0.0515000000000002,7.38943196634547,-0.0377661865707226,0.0042811306130108,298.496027938837,-4.81341203432296,104.281416413637,60.186247034861,88.9892934522922,558524.133376774,4.5552397133942,7.406202718208622
51600,51.6,0.0516000000000001,7.43959221056505,0.0281234887612747,0.0091970889505285,299.828351339035,-4.81313742748675,104.249958040307,60.1911048629073,88.97991134439,558341.839205842,4.55672696294034,7.421224647712634
51700,51.7,0.0517,7.41771132602679,-0.0343898421914138,-0.0229985438251182,300.431402712418,-4.81294980118308,104.258983082279,60.2140094298244,88.9705292364879,558543.760677268,4.5550796416774,7.432525708132347
51800,51.8,0.0518000000000003,7.47409366856685,0.0332192775945697,0.0177966319525594,299.273576532126,-4.81262390947228,104.265109749292,60.1911168129208,88.9611471285857,558305.338490292,4.55702487124113,7.446959252070107
51900,51.9,0.0519000000000002,7.44168933223177,-0.0494054868252926,-0.0001706282912082,300.255034898593,-4.81264639425776,104.308860736872,60.1967978026008,88.9517650206835,558533.416192717,4.55516400538711,7.4581206035185295
52000,52.0,0.0520000000000001,7.4939230435736,0.0463382189431165,0.0019233731531591,301.704961255471,-4.81275305600768,104.243994965721,60.2126434876713,88.9423829127813,558274.12760171,4.5572796363977,7.472862905669084
52100,52.1,0.0521000000000001,7.46459635795245,-0.0227032464115217,-0.0348204155505336,298.168173394372,-4.81245676065193,104.294022786061,60.2163040954722,88.9330008048791,558517.084252049,4.55529720573204,7.484215297953174
52200,52.2,0.0522000000000002,7.52504382702095,-0.0006958399315429,0.0617770063257815,299.279023753254,-4.81266847503165,104.294169716901,60.1877637689336,88.9236186969769,558194.260371998,4.5579316984582,7.499092087261045
52300,52.3,0.0523000000000001,7.49184162952452,0.000879121038592,-0.0643184971238161,298.076898658868,-4.81241569798087,104.282954256803,60.2319229855349,88.9142365890747,558484.80143322,4.55556052146422,7.510680688698493
52400,52.4,0.0524,7.55156090741717,0.0240695983989895,0.0353841285300991,300.089830891367,-4.81216808549033,104.278748296609,60.2112186831886,88.9048544811725,558211.401099379,4.55779174025508,7.525293821848407
52500,52.5,0.0525000000000002,7.50395779605012,-0.0514507485222721,-0.0158933897050055,302.278490058929,-4.81217820719021,104.337231800953,60.2159082960854,88.8954723732703,558509.023081767,4.55536295404575,7.536865669002834
52600,52.6,0.0526000000000001,7.57341200940158,0.0493224719867145,0.0313112158403638,300.481878882177,-4.81201200686219,104.286523345786,60.2140988950813,88.8860902653681,558161.895338551,4.55819599025795,7.551806891791001
52700,52.7,0.0527000000000001,7.53395277543152,-0.0438537862034767,-0.0321296070933828,301.022270441309,-4.81224908776691,104.319433354193,60.2357371276871,88.8767081574659,558479.722772564,4.55560194847588,7.563503289316316
52800,52.8,0.0528000000000003,7.60660085239321,0.0384246188563563,0.0367980833651704,300.720205345519,-4.81222238629442,104.305923563354,60.2097143874571,88.8673260495637,558107.235227526,4.55864241252804,7.577709885496094
52900,52.9,0.0529000000000002,7.55673247712041,-0.0565115295881088,-0.0248476300048986,298.871370259244,-4.81185839798168,104.340703302989,60.235681754311,88.8579439416615,558475.145366936,4.55563928735867,7.589391927001423
53000,53.0,0.0530000000000001,7.64268063209502,0.0644211138611112,0.0273428158124189,299.236198327047,-4.81140923764116,104.283703835251,60.2328421655209,88.8485618337594,558084.81560526,4.55882554426371,7.603827773063074
53100,53.1,0.0531,7.57149123866889,-0.0447875061387363,-0.0421380644490078,301.622680934742,-4.81147938943382,104.354193437654,60.244613738046,88.8391797258572,558512.207354522,4.55533698233385,7.615467574028145
53200,53.2,0.0532000000000002,7.66963715940391,0.0238075289778535,0.0721165300400451,301.014012445761,-4.81158396440025,104.330246024582,60.2121865349487,88.829797617955,558024.545669093,4.55931792426147,7.6301005960254695
53300,53.3,0.0533000000000001,7.5954732233428,-0.0285664960551958,-0.0744176917635171,299.640118963231,-4.81162432181152,104.342363895002,60.2598494007148,88.8204155100528,558472.141623758,4.55566378987082,7.641754503110557
53400,53.4,0.0534,7.69329608017016,0.0418029500818712,0.061156730699008,297.774097702084,-4.8113381119884,104.31190975433,60.2310260544078,88.8110334021506,557983.146659163,4.55965619836375,7.656043785521145
53500,53.5,0.0535000000000002,7.62277874482493,-0.042487585323016,-0.0544783781667399,301.099272408254,-4.81149947049849,104.371597533865,60.2521622948861,88.8016512942484,558439.346055369,4.55593133116144,7.667666661857378
53600,53.6,0.0536000000000001,7.72346435502821,0.0555422407927842,0.0490054225190831,300.528215953747,-4.81090422728589,104.330877881042,60.2331257712339,88.7922691863462,557986.14837877,4.55963166942257,7.682011960026006
53700,53.7,0.0537000000000001,7.65347592690366,-0.0511855495118993,-0.0525567540125189,302.196968143065,-4.81095528194841,104.376002275606,60.2628244735523,88.782887078444,558443.711997732,4.55589571265025,7.694032466236821
53800,53.8,0.0538000000000003,7.75208381545275,0.0563252576147058,0.0395587128954215,299.964085074395,-4.81082730299605,104.344816684481,60.233714846894,88.7735049705418,557948.219660476,4.55994162826645,7.708227408050375
53900,53.9,0.0539000000000002,7.68414550632896,-0.0649159897243084,-0.0345555241303212,299.868362193725,-4.81091447436734,104.390660107328,60.2611308432773,88.7641228626396,558388.39912561,4.55634701084583,7.7199118532085915
54000,54.0,0.0540000000000001,7.77579017767071,0.0720941715799489,0.028898818120195,301.338517209794,-4.81115127142614,104.329271295592,60.247945491373,88.7547407547374,557878.950805663,4.56050781190567,7.734067441412004
54100,54.1,0.0541,7.7077100927192,-0.0611415057106032,-0.0418615378250858,299.244079331609,-4.81088487220378,104.401972038976,60.2647413269881,88.7453586468353,558364.305937215,4.55654361533104,7.745815232495663
54200,54.2,0.0542000000000002,7.79822136500657,0.0386957100598445,0.0502419339383202,301.202920739354,-4.81106154876539,104.360858002393,60.2418212396686,88.735976538933,557873.15957639,4.56055515411219,7.760261839666473
54300,54.3,0.0543000000000001,7.74048810831998,-0.0234545597416032,-0.0651599049916949,299.495683805591,-4.81055808337327,104.387909276706,60.2810549483186,88.7265944310309,558322.147741144,4.5568876741507,7.7720601258648365
54400,54.4,0.0544,7.82547235689176,0.028267661759133,0.0567482379160438,301.608474483398,-4.81049728845539,104.369159369174,60.2517130344167,88.7172123231287,557891.149092013,4.56040809643199,7.786883038008162
54500,54.5,0.0545000000000002,7.76582801304434,-0.0316463592320052,-0.0475541891253629,300.1579483791,-4.81018838989828,104.411809869447,60.2780758011214,88.7078302152265,558304.284561249,4.55703347368427,7.798552415336745
54600,54.6,0.0546000000000001,7.84843170187055,0.0445707923391461,0.0419370097132791,299.663610959451,-4.81040013016379,104.369188024464,60.2607912378723,88.6984481073243,557857.345375183,4.56068443722986,7.813130020481612
54700,54.7,0.0547000000000001,7.78925739805404,-0.0478861226943697,-0.0387659757750834,299.209968291079,-4.81050238702437,104.416555271263,60.2804203610571,88.6890659994221,558233.268404896,4.55761320087001,7.82458626573617
54800,54.8,0.0548000000000003,7.86721495828175,0.0332280350573217,0.0342453890621244,300.331627639936,-4.81045952366949,104.388861003341,60.2615699888983,88.6796838915199,557851.669901182,4.56073083674312,7.839416875388049
54900,54.9,0.0549000000000002,7.82105684104522,-0.0379202407788859,-0.0335672347480538,298.634870579803,-4.80991229791082,104.419326703109,60.2881159338648,88.6703017836177,558201.227312395,4.55787481066054,7.850766664916276
55000,55.0,0.0550000000000001,7.89685900194321,0.049292080300473,0.0244329372048751,300.60849507574,-4.80990741730437,104.389932959307,60.2716974586856,88.6609196757155,557833.091180029,4.56088273261988,7.866056473180909
55100,55.1,0.0551,7.84160564451017,-0.0472102955040267,-0.0193552139189519,300.52737728081,-4.80985405091568,104.440023512473,60.285797349215,88.6515375678133,558172.251622269,4.55811141785081,7.876735882099759
55200,55.2,0.0552000000000002,7.91612012457657,0.039473955178678,0.0314090916336566,299.653336582619,-4.80973252058221,104.396606366999,60.2809352928556,88.6421554599111,557836.171067505,4.56085755138148,7.89200816987972
55300,55.3,0.0553000000000001,7.87684388057238,-0.0174902019979912,-0.0526312354580692,299.595542270862,-4.80975989855057,104.424857430761,60.3024607242522,88.6327733520089,558127.297821385,4.55847854634262,7.902321440638556
55400,55.4,0.0554,7.94614147604649,0.0139325790761621,0.0517289402062094,298.998199164241,-4.80976613883802,104.425802924812,60.2713567326615,88.6233912441068,557785.416863797,4.56127255451036,7.917885098669653
55500,55.5,0.0555000000000002,7.89719774767106,-0.026405811190819,-0.0459214481642969,298.797094986105,-4.80985826882989,104.448914972324,60.2983689649364,88.6140091362045,558099.821200485,4.55870297140449,7.927956718817402
55600,55.6,0.0556000000000002,7.97532791456526,0.0436650575861268,0.0279466901736344,299.330867680756,-4.80981694496124,104.40910619221,60.287675754225,88.6046270283024,557729.120526166,4.56173296249393,7.944213358816314
55700,55.7,0.0557000000000001,7.92429187136769,-0.0395598206245423,-0.0286910928119171,298.968880047899,-4.80925953921485,104.466314198083,60.3015672800282,88.5952449204002,558104.192665743,4.5586672644309,7.954254032894848
55800,55.8,0.0558000000000001,8.00290731765759,0.0332516101479156,0.0383632101357729,302.1506677691,-4.80936284559656,104.438070910914,60.2853596697471,88.585862812498,557744.269834046,4.56160905786442,7.970094128035615
55900,55.9,0.0559000000000002,7.95208878065347,-0.0353764920776896,-0.0406576662387038,300.934593384149,-4.80923346306239,104.457816020995,60.3170093744735,88.5764807045958,558083.474565941,4.55883649883338,7.979695952777517
56000,56.0,0.0560000000000001,8.02546856004345,0.0455053301005564,0.0279143684496894,298.88152648693,-4.80916584411847,104.433906410596,60.2955333022439,88.5670985966936,557697.993269735,4.56198757024473,7.995264780215244
56100,56.1,0.0561,7.98027209589116,-0.0466996587326531,-0.0198823562714406,297.637870827877,-4.80920193751296,104.48622616566,60.3051155643328,88.5577164887914,558006.948735722,4.55946170385761,8.005742821676051
56200,56.2,0.0562000000000002,8.04595025838212,0.0364176721918471,0.0208121252719848,297.098301158833,-4.80934921065437,104.438987937363,60.3032740858851,88.5483343808892,557678.553518346,4.56214659358111,8.021267888533757
56300,56.3,0.0563000000000001,8.00761102971244,-0.0252406864820024,-0.0398465671627336,299.586614683688,-4.80951972232225,104.46489408841,60.3231491667518,88.538952272987,557941.611552557,4.55999563496852,8.031755410809069
56400,56.4,0.0564,8.07083432849508,0.0086532779334757,0.0441491823686373,299.825015638363,-4.8089421664821,104.470085723241,60.2993982753678,88.5295701650848,557690.549420877,4.56204846198119,8.047006696094673
56500,56.5,0.0565000000000003,8.03465644785062,-0.0227503480655668,-0.038372466041299,301.006934814969,-4.80878783976934,104.486784899057,60.3248066915846,88.5201880571826,557955.589679906,4.55988139612788,8.05793537482914
56600,56.6,0.0566000000000002,8.09781764590871,0.0286504444912381,0.0225554429797315,300.730941554676,-4.80852765899324,104.459224303955,60.3183520378991,88.5108059492804,557689.617682244,4.56205608384946,8.0729844193159
56700,56.7,0.0567000000000001,8.05592217722573,-0.0349718442498887,-0.0284286634971524,299.93779597593,-4.80843174066303,104.505795942635,60.3264839441326,88.5014238413783,557954.32561999,4.55989172665679,8.083873863429513
56800,56.8,0.0568000000000003,8.1236560596372,0.033431050703053,0.0386118205143638,295.926419108224,-4.80809332317597,104.481493973915,60.3133629127162,88.492041733476,557644.128285295,4.56242823011547,8.09889534788911
56900,56.9,0.0569000000000002,8.07759131246874,-0.0275135196883963,-0.0367383145403529,298.494225685543,-4.808557890723,104.494888100362,60.3410044188223,88.4826596255739,557912.058935365,4.56023717806342,8.110010195747817
57000,57.0,0.0570000000000001,8.15253157575137,0.0418806490271706,0.0271020265095083,299.243090936697,-4.80848856607121,104.478652997164,60.320756917526,88.4732775176717,557579.070332325,4.56296057118962,8.124914314957897
57100,57.1,0.0571,8.10607262709944,-0.0544863995994467,-0.021453688431237,300.915880971675,-4.80809109179342,104.534307975589,60.3344458603986,88.4638954097695,557943.517385751,4.55998005885593,8.135869373813899
57200,57.2,0.0572000000000002,8.18277559022903,0.0498806115021072,0.0195014480399119,302.224762226374,-4.80809474469319,104.477692944612,60.3339199705887,88.4545133018673,557577.338067796,4.56297474725849,8.150690604561483
57300,57.3,0.0573000000000001,8.12902467770232,-0.0380554010275431,-0.0509247370255832,300.673319767232,-4.80801346736325,104.527745470506,60.3494097903103,88.4451311939651,557928.492778468,4.56010285579226,8.161820003226723
57400,57.4,0.0574,8.21498863079918,0.0213437151058107,0.0728077622930954,299.819081833927,-4.80809404664449,104.519490974994,60.3109213437778,88.4357490860629,557469.495365989,4.56385745658898,8.176105424353304
57500,57.5,0.0575000000000003,8.14072366732671,-0.0272929054015432,-0.072993353673991,299.293238384753,-4.80801477055094,104.521516158935,60.3657125326354,88.4263669781607,557927.559401861,4.56011048454846,8.187231110766408
57600,57.6,0.0576000000000002,8.24869789727085,0.0653510248385136,0.0496742819052921,299.453505640549,-4.80746005939854,104.485029449846,60.339932881583,88.4169848702585,557435.461456466,4.56413610034685,8.20188674481935
57700,57.7,0.0577000000000001,8.16036322954576,-0.088236028167513,-0.030945938963308,300.811380034181,-4.80733164581504,104.598352746091,60.3411105297278,88.4076027623563,557991.725010936,4.55958609994996,8.21299484487077
57800,57.8,0.0578000000000001,8.2890077115835,0.0666093856942088,0.0661260374344568,299.840072800056,-4.80732110860675,104.500364264777,60.3349918447602,88.3982206544541,557353.311686375,4.56480882036743,8.227362758391616
57900,57.9,0.0579000000000002,8.18370853774564,-0.0434306443950298,-0.10516578642292,299.936593109434,-4.80752149167108,104.518072757463,60.3986525396863,88.3888385465519,557976.707762916,4.55970881552998,8.238620092927844
58000,58.0,0.0580000000000001,8.32062805310047,0.0605682533437834,0.0916519624262965,299.546532185961,-4.80748679967661,104.533793623133,60.3185583665675,88.3794564386498,557261.437616021,4.56556140710394,8.253087250749742
58100,58.1,0.0581,8.19681807680908,-0.114892586857785,-0.0323075983348623,300.27533129508,-4.80736799458149,104.616793963445,60.354817917266,88.3700743307476,557979.920993764,4.5596825576012,8.263883806969996
58200,58.2,0.0582000000000002,8.33442914659213,0.121405463087396,0.0184739717771804,303.558143340411,-4.80718459238898,104.459052449715,60.3789389334915,88.3606922228454,557302.085471067,4.56522840946564,8.278568219660212
58300,58.3,0.0583000000000001,8.23493108632502,-0.0673094611200948,-0.06903450010454,300.636838124128,-4.80674141217962,104.582150085064,60.3852657647167,88.3513101149432,557958.042577424,4.5598613499579,8.289751588657488
58400,58.4,0.0584,8.37257494815902,0.0194040439146976,0.115233837299283,299.867257412453,-4.80679286313812,104.58273409429,60.3157922033459,88.341928007041,557260.038882261,4.5655728667537,8.304656795607624
58500,58.5,0.0585000000000003,8.26844913532451,-0.0313386277060303,-0.0865401891863575,298.941249806796,-4.80685321515423,104.556075056954,60.4008132319016,88.3325458991388,557844.050429102,4.56079313078614,8.316004885791735
58600,58.6,0.0586000000000002,8.36835113948041,0.0688717528657249,0.0332509952564535,300.282611866755,-4.80694686873765,104.514465549637,60.3741812962937,88.3231637912366,557316.981161461,4.56510639231694,8.330935820693394
58700,58.7,0.0587000000000001,8.29602061586189,-0.0744276560139042,-0.0200127194716409,300.547110222446,-4.80677626534267,104.634534309731,60.3625187594845,88.3137816833344,557790.20191384,4.56123342525109,8.342269345209665
58800,58.8,0.0588,8.39587896608638,0.0393397203642787,0.0562445410506279,301.28686877034,-4.8065859172846,104.560728958664,60.3612834252086,88.3043995754322,557326.135538413,4.56503140802663,8.356987766715601
58900,58.9,0.0589000000000002,8.33309803059174,-0.0159005588106204,-0.0719857914310267,302.629921492241,-4.80635861749445,104.567861545156,60.4105923224976,88.29501746753,557760.195184282,4.56147881332113,8.36829621656431
59000,59.0,0.0590000000000001,8.41160302347734,0.0248009975538197,0.0447101032500999,304.761986618603,-4.8061948805738,104.594670061117,60.3623949344386,88.2856353596278,557398.843899272,4.56443593504605,8.383054587256549
59100,59.1,0.0591,8.36343657929645,-0.0652066006770753,-0.0138783763439973,301.054904011109,-4.80599188716579,104.637896563554,60.379560144032,88.2762532517256,557728.500192093,4.5617380362859,8.394353090779134
59200,59.2,0.0592000000000002,8.43618559610698,0.0657591928220137,0.0126166000777787,299.670325883599,-4.80601888601161,104.548171297507,60.3950665259584,88.2668711438234,557334.127051094,4.56496595087155,8.408982345989475
59300,59.3,0.0593000000000001,8.38545026656583,-0.0308979903777129,-0.0387532148438938,299.592255850491,-4.80609422212248,104.605624733087,60.4033172820917,88.2574890359213,557657.304500268,4.56232042997607,8.419889840560804
59400,59.4,0.0594,8.45974232133621,0.0080099128331138,0.0606974857422215,298.403447765461,-4.80600680732183,104.621777422679,60.3618285201336,88.2481069280191,557301.07275805,4.56523670527999,8.434675439618779
59500,59.5,0.0595000000000003,8.41625551660098,-0.0315717266470627,-0.027122700600304,298.364994946448,-4.80593644623565,104.619379605787,60.4017359964764,88.2387248201169,557597.456950213,4.56281010885982,8.445934782349093
59600,59.6,0.0596000000000002,8.49126370106087,0.0597230190614579,0.0104816768480415,299.073994258229,-4.80557785264839,104.566077128041,60.4068167203062,88.2293427122147,557300.983474784,4.5652374366608,8.460568504475644
59700,59.7,0.0597000000000001,8.44313044744095,-0.0400889027480482,-0.0243428269047326,301.488585226359,-4.8055228517124,104.650849730458,60.3989450018535,88.2199606043125,557620.807909012,4.56261903637948,8.471821007883431
59800,59.8,0.0598,8.50863408454827,0.0147853873634615,0.0469336266782256,301.207907322063,-4.8055091905524,104.629910165745,60.3824545872925,88.2105784964103,557297.745415562,4.56526396199542,8.48647758840913
59900,59.9,0.0599000000000002,8.4791802219295,-0.0052161000225733,-0.0486876870009955,297.843104416621,-4.80532409569978,104.614529717839,60.42486489516,88.2011963885081,557547.883053912,4.56321580724386,8.497826010755022
60000,60.0,0.0600000000000001,8.5411154913802,0.0385381298427927,0.0227833661324048,298.552656942768,-4.80537737282323,104.612824545341,60.3990444941669,88.1918142806059,557241.270045968,4.56572664303397,8.512760339998986
60100,60.1,0.0601,8.49761280088642,-0.0543301863865579,-0.0007239948045209,299.347785772743,-4.80532030836805,104.671711447923,60.4023142608368,88.1824321727037,557525.809251984,4.56339647604916,8.523763244097585
60200,60.2,0.0602000000000002,8.56223265904585,0.0444778158266717,0.0111396670049246,301.456642446587,-4.80536051797896,104.609026937748,60.4136817725319,88.1730500648015,557237.493476336,4.56575758636566,8.538683819180944
60300,60.3,0.0603000000000001,8.52510283991513,-0.0185502767398081,-0.0371309988728685,301.230390729319,-4.80497334370434,104.642887482705,60.4316472041963,88.1636679568993,557524.295115645,4.56340886941838,8.549773899174529
60400,60.4,0.0604000000000001,8.59159138106818,0.0094622290281899,0.0499927603213008,301.767864554822,-4.80472522360347,104.657866906711,60.3986088482912,88.1542858489971,557239.95192405,4.56573744302119,8.565348807498056
60500,60.5,0.0605000000000003,8.55274096408401,-0.0302860281091093,-0.0375108215744658,302.014560328996,-4.80485693739168,104.669674712095,60.4275833164883,88.1449037410949,557510.82987958,4.56351908678886,8.576219569513842
60600,60.6,0.0606000000000002,8.6297566861779,0.0498196195306219,0.020755990670518,299.350856886253,-4.80486406720471,104.615069070246,60.425079657316,88.1355216331928,557137.584521921,4.56657634295153,8.59162864033522
60700,60.7,0.0607000000000001,8.57750127539829,-0.0418543706246413,-0.0241025353670898,300.379693032776,-4.8049942918455,104.686468149132,60.4246355953433,88.1261395252906,557454.382131276,4.56398118805679,8.602220195583925
60800,60.8,0.0608,8.6459533780976,0.0080523339334945,0.0548583013406716,300.863930830474,-4.80485714904363,104.674135301679,60.403726272554,88.1167574173884,557136.51089451,4.56658514295196,8.617191929979699
60900,60.9,0.0609000000000002,8.59865102482942,-0.0049604495877969,-0.0600880858021865,300.001889327495,-4.80433824699271,104.655397862931,60.4579739360258,88.1073753094862,557477.682614042,4.56379043070751,8.628098679016098
61000,61.0,0.0610000000000001,8.66883671870308,0.0460228738637055,0.019783426806244,301.392425056419,-4.80420850680612,104.657091686969,60.4280709723031,88.097993201584,557151.633620294,4.56646119246753,8.643701368468024
61100,61.1,0.0611,8.62021014798747,-0.0749260337399414,0.0031797075172526,300.498446216126,-4.80429450930114,104.743563895512,60.4176576136803,88.0886110936818,557456.51166945,4.56396375320409,8.655106232556118
61200,61.2,0.0612000000000002,8.69716447043774,0.0518573455879266,0.0204842978184529,299.602374271283,-4.80447589562031,104.650550137511,60.4360583163658,88.0792289857796,557071.771015708,4.56711584686495,8.669599045311037
61300,61.3,0.0613000000000001,8.64769790219571,-0.0083669305684251,-0.0646698671003537,300.544699015544,-4.80445401660632,104.666548927344,60.4688166686325,88.0698468778774,557399.552787118,4.56443013010211,8.680893671655225
61400,61.4,0.0614000000000001,8.72514821255579,0.0040735600068488,0.060408473395756,301.197507874025,-4.80417817597933,104.7087384157,60.4144716988647,88.0604647699752,557063.72948619,4.56718177576133,8.695438270060908
61500,61.5,0.0615000000000003,8.67103095214291,-0.0415145996051817,-0.0299395578516215,300.267031640839,-4.80375268217555,104.729240761258,60.4483876417267,88.051082662073,557426.199091312,4.56421193943594,8.707166839859738
61600,61.6,0.0616000000000002,8.75223445429932,0.0655614390821098,0.0054507419124607,301.394641738286,-4.80379124660409,104.647485901465,60.4615106493377,88.0417005541708,557052.61278298,4.56727291976306,8.7213958756778
61700,61.7,0.0617000000000001,8.70304760195635,-0.0441499937934184,-0.0311156297659914,299.020878913925,-4.80391790254675,104.728653981368,60.4545310415167,88.0323184462686,557360.924827629,4.5647464684285,8.73308307475111
61800,61.8,0.0618,8.78867064349515,0.0223401913198578,0.0641127153641259,296.373946509128,-4.80361235753009,104.718619560525,60.4235350885973,88.0229363383665,556962.417117343,4.5680125535489,8.747118246113718
61900,61.9,0.0619000000000002,8.72563399319628,-0.0165371601428587,-0.0540319876504991,300.800384536814,-4.80382992509081,104.705198130199,60.4772445315407,88.0135542304643,557326.633859667,4.565027326305,8.758833704491801
62000,62.0,0.0620000000000001,8.79799470813149,0.0444502694324031,0.0232958341297931,300.785506153683,-4.80347133737815,104.696893427106,60.4552890830408,88.0041721225621,557020.731694729,4.56753432768333,8.772904221204623
62100,62.1,0.0621,8.75811345130209,-0.0575583004759797,-0.0003218758059314,300.141334208898,-4.80321316608397,104.772450199439,60.4495093950081,87.9947900146599,557310.005568583,4.56516353165289,8.784587701461554
62200,62.2,0.0622000000000002,8.82657816113179,0.0375599357767483,0.0202114618879863,299.56937404295,-4.80311414874115,104.705997782542,60.4627763386562,87.9854079067577,557019.36877374,4.5675455035755,8.798527043631001
62300,62.3,0.0623000000000002,8.7888244046568,0.0006478826000669,-0.0465699816101418,297.219205019409,-4.80321290303829,104.713740318575,60.4881247749328,87.9760257988555,557234.674424892,4.56578068454333,8.810112137984659
62400,62.4,0.0624000000000001,8.8476102227121,0.0210897537807276,0.0489303889759969,296.427737466702,-4.80317872310465,104.744890561081,60.4461019715586,87.9666436909533,556953.796741799,4.56808325597328,8.823696668073945
62500,62.5,0.0625000000000001,8.81257285968225,-0.0355994915223136,-0.0152937677139709,298.725280014152,-4.80307114391907,104.769690610088,60.4679552319819,87.9572615830511,557227.631808135,4.56583838994364,8.835420157117412
62600,62.6,0.0626000000000002,8.87073749576212,0.0401111857952831,0.0082098812013599,299.105594516091,-4.8027081150012,104.710691096131,60.4824758879887,87.9478794751489,556988.155030844,4.56780146986442,8.849457884566556
62700,62.7,0.0627000000000001,8.84629058333942,-0.0137751027396571,-0.0190967783935248,298.73671279422,-4.80246422152487,104.757116912676,60.4844664810613,87.9384973672467,557194.001088374,4.56611397157421,8.861338230160724
62800,62.8,0.0628,8.88687708126287,-0.0012314114546123,0.0416018744429678,299.871458859315,-4.80255386907125,104.774267869895,60.4603786017705,87.9291152593445,557003.854483387,4.56767272392878,8.87496413445908
62900,62.9,0.0629000000000002,8.86278928312936,-0.0149710612550144,-0.0269940194250221,300.907324903016,-4.80293765627344,104.756333369197,60.4921651632331,87.9197331514423,557141.84696943,4.5665414060821,8.88663640229196
63000,63.0,0.0630000000000001,8.91679230846632,0.0320803446815261,-0.0002457032627588,297.570276219934,-4.80266768841539,104.737816227468,60.4877240459301,87.9103510435401,556943.02930553,4.56817157119179,8.900327954540279
63100,63.1,0.0631,8.90120216871941,-0.0391422071361719,0.0014663154543045,299.38543019068,-4.8025862796257,104.802690052017,60.4742364689726,87.900968935638,557104.26886445,4.56684943095634,8.912121170585756
63200,63.2,0.0632000000000002,8.94095185682436,0.0026454484576537,0.0186327226940432,300.13302883227,-4.80230302125377,104.773233382954,60.4822234448898,87.8915868277358,556961.788506048,4.56801770920652,8.925991607826342
63300,63.3,0.0633000000000002,8.92895646113956,0.0122794930490587,-0.0400495371953216,300.391234437338,-4.80217921364821,104.756735129568,60.5111283891329,87.8822047198336,557080.747731588,4.56704225304302,8.937693997462015
63400,63.4,0.0634000000000001,8.96766610494678,0.0009255753522474,0.0206315080744388,300.698263544262,-4.80209072305859,104.788642172155,60.4847221104957,87.8728226119314,556947.782869469,4.56813258172759,8.951559525288845
63500,63.5,0.0635000000000003,8.94662709408314,-0.0316072563981969,-0.00843377400757,302.121520534142,-4.8022035957575,104.812614551176,60.4906883134768,87.8634405040292,557070.660667808,4.56712494999646,8.96317008446197
63600,63.6,0.0636000000000002,8.98568347138329,0.0347383137222073,-0.007474550550077,299.24684271201,-4.80201655192446,104.76602911625,60.5064564381722,87.854058396127,556908.736651651,4.56845286454606,8.976734393543635
63700,63.7,0.0637000000000001,8.97927991587024,-0.0185929557688182,-0.0051801132461931,298.382218122484,-4.80199915641335,104.800451032714,60.5029391255753,87.8446762882248,556999.840662929,4.56770563923124,8.988254199242391
63800,63.8,0.0638,9.01436840706994,0.0031298850670107,0.0194229391360923,298.807001998169,-4.80169782356334,104.810547038299,60.4918433892977,87.8352941803226,556891.856264525,4.56859134251454,9.00151512310546
63900,63.9,0.0639000000000002,9.00272418900087,-0.0044215825862546,-0.0183858712800725,301.512319924634,-4.80159701308579,104.80209342101,60.5169044236423,87.8259120724204,557018.130282124,4.56755565919972,9.013246843688759
64000,64.0,0.0640000000000001,9.03487010453157,0.027180382810428,-0.0011024880335024,299.074875111977,-4.80118888381777,104.793462942594,60.5167132990116,87.8165299645182,556911.001631041,4.56843428446495,9.02647394264356
64100,64.1,0.0641,9.0267376114186,-0.0256389977411587,0.0061530954516293,299.036934195028,-4.8011978342471,104.835773205089,60.5076164142217,87.807147856616,556992.591036301,4.56776509093843,9.03804929351954
64200,64.2,0.0642000000000003,9.06379171681533,0.0027092347747165,0.0171062766916613,298.604864098592,-4.80132452139981,104.813456251625,60.5126051389908,87.7977657487138,556860.427767941,4.56884918801808,9.051148945491157
64300,64.3,0.0643000000000002,9.05604365203302,0.0166912586322831,-0.0367578361140567,297.88855543759,-4.80145589910427,104.799206143864,60.5346807597973,87.7883836408116,556928.319603021,4.5682922266558,9.06326903504989
64400,64.4,0.0644000000000001,9.08209167545866,-0.007494886948687,0.0274995924322618,299.726779160397,-4.8013983404952,104.836646518251,60.5088516510852,87.7790015329095,556830.054334566,4.56909840523496,9.076436182239355
64500,64.5,0.0645000000000001,9.07350196999601,-0.0223228494370916,0.0003612373336489,299.309880886517,-4.80098953953813,104.851141922295,60.5193154710701,87.7696194250073,556943.817130622,4.56816510928293,9.088180262063181
64600,64.6,0.0646000000000002,9.1086484019023,0.0340519636940173,-0.020758274486674,300.797545881888,-4.80095369405949,104.800184402338,60.5426658690803,87.7602373171051,556828.39809922,4.56911199560194,9.100733475737766
64700,64.7,0.0647000000000001,9.10598555281098,-0.0183256010184878,-0.0058085849706599,299.154235531779,-4.80053881547023,104.847612619988,60.5330987608566,87.7508552092029,556932.818359167,4.5682553251983,9.113025220151437
64800,64.8,0.0648,9.13701078067921,-0.0072153182726037,0.0207954886071012,301.261187234881,-4.80058889147668,104.871375233363,60.5138629324197,87.7414731013007,556822.482151138,4.56916054003076,9.125686268197832
64900,64.9,0.0649000000000002,9.1332590235304,-0.0053237415532952,-0.0255267318924304,300.228414067732,-4.80048428613068,104.843186334421,60.544595724405,87.7320909933985,556895.970259694,4.56855759265152,9.138112538679412
65000,65.0,0.0650000000000001,9.16696686443927,0.0256012155741884,-0.0056416754207574,298.161670140664,-4.8004651450148,104.833877171138,60.5420174155143,87.7227088854963,556763.262398921,4.56964653573718,9.150893653897427
65100,65.1,0.0651,9.1502073018839,-0.0307143556815271,0.0087450951237714,298.859515279369,-4.80054972867952,104.896438656681,60.5229685776142,87.7133267775941,556860.673550072,4.56884717146073,9.163082321231936
65200,65.2,0.0652000000000003,9.17763543436277,-0.0075885773516914,0.0163326942584397,302.134538216198,-4.8005179859111,104.861912950497,60.5406150032296,87.7039446696919,556780.134588046,4.56950806107583,9.175914252754511
65300,65.3,0.0653000000000002,9.18084010234146,0.0309627897025359,-0.0502854828694738,299.602027036498,-4.79982921413274,104.832234346886,60.575674169923,87.6945625617897,556885.313532582,4.56864501796223,9.188251465200485
65400,65.4,0.0654000000000001,9.20855255864965,-0.0146118449664712,0.034293394363543,300.782112825626,-4.79990381270796,104.895713699569,60.5321565756207,87.6851804538875,556762.644605338,4.56965160629702,9.20083979129695
65500,65.5,0.0655000000000001,9.20534789326356,-0.0286513189461017,0.0170103471296527,300.165880307217,-4.79992930875013,104.911111106837,60.5347920414554,87.6757983459853,556809.030962872,4.56927092013457,9.212953234001047
65600,65.6,0.0656000000000002,9.2295401724187,0.046236116888817,-0.0320315711261801,299.830499299191,-4.79995359498059,104.833697548378,60.5770585448726,87.6664162380831,556727.069617722,4.56994360808421,9.225486553789953
65700,65.7,0.0657000000000001,9.23654005721095,0.0010378688833008,-0.0042510546132183,297.446145431936,-4.79964554268758,104.874530217095,60.5650306558708,87.657034130181,556773.737801882,4.5695605602581,9.237952385941135
65800,65.8,0.0658,9.25867049230538,-0.0251799417302345,0.0440561436128287,299.220078034468,-4.79977368700969,104.936249871316,60.5271072519216,87.6476520222788,556692.97942145,4.57022345762482,9.250338677654765
65900,65.9,0.0659000000000002,9.25275787392121,0.0050604472069351,-0.0234269367680257,299.415888035301,-4.79943971594536,104.888596649998,60.5720815412719,87.6382699143766,556794.028139795,4.56939403920507,9.262864452557803
66000,66.0,0.0660000000000001,9.28025503117184,0.0299860486725579,-0.0164784960594685,299.383170218878,-4.79906516973286,104.858379793954,60.5885806285456,87.6288878064744,556725.637529646,4.56995536353664,9.275690651501412
66100,66.1,0.0661,9.28262320424494,-0.030067720087922,0.0146336617170693,301.616560520911,-4.79920998889111,104.950273302876,60.5463089738942,87.6195056985722,556765.152736236,4.5696310208054,9.287992063004914
66200,66.2,0.0662000000000003,9.30103041231219,-0.0243564364254782,0.0291086002664206,299.58522890384,-4.79918187653707,104.941146801743,60.5512091405285,87.61012359067,556702.175950796,4.57014795909803,9.300387170162576
66300,66.3,0.0663000000000002,9.3177885662242,0.0496426128481187,-0.0461867928080355,299.1665178934,-4.79934620958935,104.85753130218,60.6013654733867,87.6007414827678,556659.750711601,4.57049626813254,9.313189894164543
66400,66.4,0.0664000000000001,9.31852934544971,-0.0146768379348305,-0.0033448666315823,298.060406212731,-4.7990521570331,104.931347440606,60.5709818265272,87.5913593748656,556712.701084189,4.57006155651228,9.325541816538061
66500,66.5,0.0665,9.34388951865971,-0.0442222296164736,0.0498718095323848,299.431688193125,-4.79893564536231,104.97258213716,60.5462031779895,87.5819772669634,556644.00974334,4.57062551417747,9.338361073908793
66600,66.6,0.0666000000000002,9.34433349470027,0.0334614373984934,-0.0555543440972939,299.949194458213,-4.79867695688238,104.889165662016,60.6085291327954,87.5725951590612,556714.579966746,4.57004613279381,9.350622693007535
66700,66.7,0.0667000000000001,9.37284286469744,0.0213603121030186,0.0075406373687775,301.618362500656,-4.79860816314133,104.911482355277,60.5909367258981,87.563213051159,556611.762009191,4.57089031691169,9.36353872134776
66800,66.8,0.0668,9.3552001692559,-0.0608571042132303,0.025823867937006,301.930994270967,-4.79861118220252,104.997356654855,60.5629435289542,87.5538309432569,556750.344127337,4.56975256519116,9.375827337045996
66900,66.9,0.0669000000000002,9.40547979480174,0.0364927538900024,0.0019108074400356,298.373650207612,-4.79855467264599,104.91433799531,60.5935674123575,87.5444488353546,556531.793239167,4.57154711402732,9.388811037042426
67000,67.0,0.0670000000000001,9.39182117038064,0.0032475872066751,-0.0429713953833362,298.684767711043,-4.79855904500527,104.917547788957,60.6147112498116,87.5350667274525,556683.359119881,4.57030243776169,9.400934132710011
67100,67.1,0.0671,9.43682326987237,0.0056258027935617,0.0379814758772213,299.824963728641,-4.79829397385689,104.97416081374,60.5690564760374,87.5256846195503,556504.571634779,4.57177073275989,9.4139036847899
67200,67.2,0.0672000000000001,9.40545379389106,-0.0352226530284301,-0.0099113994797248,301.340895574495,-4.79817436577781,104.983339064882,60.5933796576915,87.5163025116481,556717.045738999,4.5700258914647,9.426064279803661
67300,67.3,0.0673000000000002,9.46128903348406,0.0403782548297893,-0.0067949743340672,300.527406491091,-4.79791930457991,104.919478808591,60.6149154624945,87.5069204037459,556516.478696014,4.57167291651158,9.439549937875839
67400,67.4,0.0674000000000001,9.43210755019199,-0.0176374602301765,-0.0306892888254595,301.66228933804,-4.79806269360649,104.974217238633,60.6087429436691,87.4975382958437,556690.430742198,4.57024438134303,9.451676327312226
67500,67.5,0.0675,9.47827945004545,-0.0121506143520422,0.0469216730845901,298.840941718744,-4.79785163934858,104.994283050385,60.5818127598121,87.4881561879415,556489.764246852,4.57189238096818,9.465080756469662
67600,67.6,0.0676000000000002,9.4632426556288,0.0003970621301053,-0.0295953883057295,298.704656918333,-4.79816562800849,104.970680206065,60.6132116235792,87.4787740800393,556593.327438374,4.57104170643989,9.47739999871464
67700,67.7,0.0677000000000001,9.49883596356754,0.0226475730252077,0.0112785715564709,299.913376080614,-4.79800353475802,104.958148095886,60.6108099769165,87.4693919721371,556445.141374617,4.57225901364123,9.490755527454521
67800,67.8,0.0678,9.49161548603948,-0.0260810936532597,0.0001833544095764,297.255912490999,-4.79719570927034,105.004440580908,60.6098065232766,87.4600098642349,556621.638249035,4.57080921476622,9.502460847959307
67900,67.9,0.0679000000000002,9.52317613748488,0.0159189438758611,0.0065074722351877,301.522723552415,-4.79743429045375,104.991491729663,60.6079092159733,87.4506277563327,556475.873801294,4.5720065020383,9.515668299794447
68000,68.0,0.0680000000000001,9.51352731470779,-0.0215470785619537,-0.0143603778708635,301.220514220381,-4.79724450925086,104.997602524074,60.6262356085744,87.4412456484305,556616.814282001,4.57084882807363,9.527625623053654
68100,68.1,0.0681000000000001,9.55246264961045,0.0218777295250615,0.0045000783512173,301.914704876972,-4.79736005506625,104.983563929445,60.6216176305419,87.4318635405284,556440.2895656,4.57229888086135,9.54105831596658
68200,68.2,0.0682000000000003,9.53975803923226,-0.0178494243974252,-0.0111762150199051,298.1063289245,-4.7971463478412,105.022948937008,60.6191562474077,87.4224814326261,556566.708822809,4.57126032318427,9.55258388700009
68300,68.3,0.0683000000000002,9.58328020838531,0.000178293191828,0.0262528434470054,298.320688406414,-4.79711506190431,105.011393628555,60.6138789877886,87.413099324724,556397.306101032,4.57265210551716,9.566117461657834
68400,68.4,0.0684000000000001,9.56820896858871,0.007134149911733,-0.0284675002356947,299.048054783119,-4.79665009116419,105.002822633005,60.6408603294022,87.4037172168218,556539.804464448,4.57148130796363,9.577701221230207
68500,68.5,0.0685,9.59749063419437,0.0114042328521213,0.0146964860292512,301.277317152682,-4.79663142032757,105.014067382879,60.6285291441793,87.3943351089196,556426.48657882,4.57241230353718,9.590856469408417
68600,68.6,0.0686000000000002,9.59443511904658,-0.0252073759467231,0.0009848562999083,298.957288635639,-4.79633756781664,105.04618252081,60.6294579117371,87.3849530010174,556545.424381013,4.57143514579537,9.602531399550402
68700,68.7,0.0687000000000001,9.63055384365323,0.0298498376887609,0.0053178728878353,298.242464304045,-4.79637312010306,105.014160565012,60.63554218482,87.3755708931152,556371.860650779,4.57286123397945,9.615652933218364
68800,68.8,0.0688,9.61038725940295,-0.0162268988044265,-0.0165759370112645,297.696358306175,-4.79637760582141,105.031483445119,60.6488205295832,87.366188785213,556525.731873697,4.571596904749,9.62713827976573
68900,68.9,0.0689000000000002,9.66180824056455,0.0217179714997398,0.0155775631312368,299.129288251606,-4.79636360261015,105.031731041063,60.6334794768314,87.3568066773108,556326.521508329,4.57323391009478,9.640370706458402
69000,69.0,0.0690000000000002,9.63514775596697,-0.0275836735540192,-0.0146346363096989,299.326606426084,-4.795817532247,105.062362204382,60.6460832459788,87.3474245694086,556544.664091614,4.57144139078145,9.651885737563019
69100,69.1,0.0691000000000001,9.68656830129623,0.0131644391023991,0.0277067689606568,301.395569497186,-4.79581495937118,105.032767865396,60.6466102540085,87.3380424615064,556332.96665356,4.57318092895131,9.664963230683002
69200,69.2,0.0692000000000001,9.65605294280743,-0.0106444522473619,-0.0452260396321754,301.662490288447,-4.79597313068755,105.048837994936,60.6663306002129,87.3286603536042,556539.224159439,4.57148607466001,9.676638797528394
69300,69.3,0.0693000000000002,9.71491243238694,0.0157296033179142,0.0338342050795502,299.758110562302,-4.79592537997494,105.050639019593,60.6419500047705,87.319278245702,556265.331421055,4.57373697323079,9.690034709458075
69400,69.4,0.0694000000000001,9.68486710617161,-0.0361370933236942,-0.0210352312219567,299.485565112154,-4.79578660333308,105.08209789212,60.6574938038479,87.3098961377999,556514.736213589,4.57168723070524,9.701400756348608
69500,69.5,0.0695,9.74080711173749,0.0377970968524699,0.016325649407583,300.745913671519,-4.7957330919277,105.042800166193,60.6570708443628,87.3005140298977,556242.957467713,4.5739209442389,9.714724986295307
69600,69.6,0.0696000000000002,9.70268944581519,-0.0276096762514449,-0.0247673067144656,299.079392543838,-4.79530950318144,105.077360661442,60.6740343186796,87.2911319219955,556521.764733273,4.57162949317236,9.72653162362603
69700,69.7,0.0697000000000001,9.76446039194476,0.0249743048551075,0.0266212607713153,302.463147370284,-4.79543232853726,105.076694020624,60.6494648022823,87.2817498140933,556233.085198326,4.5740021241991,9.739851687657385
69800,69.8,0.0698,9.71554755908839,-0.0427549806414849,-0.0257553114206556,303.470258945042,-4.79503160724433,105.110885690547,60.6714350429873,87.2723677061911,556555.810829892,4.57134983363705,9.751473216266824
69900,69.9,0.0699000000000002,9.79203504862765,0.0397428464415609,0.0229971705179343,301.309000965134,-4.79480970551272,105.053757049171,60.6754985636278,87.2629855982889,556230.77031995,4.57402115992882,9.764757179406068
70000,70.0,0.0700000000000002,9.74493844637605,-0.0152263907404051,-0.0458679440504117,300.20312433535,-4.79494112604973,105.093472506065,60.687928010092,87.2536034903867,556495.20215188,4.57184770580032,9.776247549568863
70100,70.1,0.0701000000000001,9.81591637778747,0.0120219217343485,0.0617525672620605,299.374492404119,-4.79488376584985,105.102184857074,60.6524387696342,87.2442213824845,556156.072331748,4.57463550218928,9.789155201294689
70200,70.2,0.0702000000000001,9.76302151412174,-0.0268700520881891,-0.0432774998083978,299.831023261344,-4.79489677788218,105.108399111703,60.6904355922254,87.2348392745823,556477.541039,4.57199280405218,9.800912171505853
70300,70.3,0.0703000000000002,9.84443670710546,0.0509171226245007,0.012928709616505,300.512290251806,-4.79475369880746,105.070458086375,60.681748324843,87.2254571666801,556137.224302164,4.57479054102055,9.813588801478653
70400,70.4,0.0704000000000001,9.79596296989449,-0.0583542268375673,-0.0090497817494151,300.483491065319,-4.79426632195404,105.152235484248,60.6788010144683,87.2160750587779,556483.176279451,4.57194650565559,9.825522157356906
70500,70.5,0.0705,9.86558900000682,0.0442262318522941,0.0264168439416955,302.631231368505,-4.79431594905581,105.101002160393,60.6785794383558,87.2066929508757,556150.176641192,4.57468399742755,9.837827244427046
70600,70.6,0.0706000000000002,9.81079370965852,-0.0231237616383906,-0.0569833097727575,301.465626056103,-4.79442489616417,105.109578110243,60.7154055688644,87.1973108429735,556473.240329205,4.5720281387508,9.84957565651792
70700,70.7,0.0707000000000001,9.89859552769351,0.0333547618997184,0.0381167032703692,298.90257760561,-4.79419410318699,105.116817224696,60.6754643119934,87.1879287350714,556085.628882909,4.57521500485077,9.861827347223413
70800,70.8,0.0708,9.83709186021542,-0.0557363323034075,-0.0255634811587826,300.51501090334,-4.79428296525135,105.172132740594,60.6882059471114,87.1785466271692,556435.211489084,4.57234060806174,9.873786731379726
70900,70.9,0.0709000000000003,9.92565755759956,0.0450541621823673,0.026025744224111,301.255990293608,-4.79413340941306,105.0951845821,60.6986033657288,87.169164519267,556063.513056133,4.57539697086748,9.886288998865826
71000,71.0,0.0710000000000002,9.86623515714193,-0.0108134951354339,-0.0611256333547317,299.951289177207,-4.79370483859425,105.133585763236,60.7222495209908,87.1597824113648,556423.503592342,4.57243681624015,9.898342342104113
71100,71.1,0.0711000000000001,9.94265323095034,0.0034579455916126,0.0597331526477649,302.521332492736,-4.79364668775954,105.161689191719,60.6759967660774,87.1504003034626,556088.430057597,4.57519195819888,9.910252216057467
71200,71.2,0.0712000000000001,9.8955119216929,-0.0394986757277266,-0.0326738680205757,301.430697869053,-4.79337754239928,105.164795598718,60.7161465003493,87.1410181955604,556412.928396366,4.57252372007174,9.922830587124508
71300,71.3,0.0713000000000002,9.96870049885618,0.0681795261404103,-0.0075080520384127,299.868058723773,-4.79353486864525,105.10210702876,60.7196784921796,87.1316360876582,556053.725572439,4.57547750557337,9.935048946987017
71400,71.4,0.0714000000000001,9.92705281866386,-0.0657147841562128,0.0072175282055473,298.926488180349,-4.79350379232745,105.198457733677,60.6994206468841,87.122253979756,556317.884059444,4.57330491459646,9.947262315310237
71500,71.5,0.0715,9.98539901963649,0.0085699020267238,0.0301815450203482,300.213549518511,-4.79347770149561,105.167487741839,60.6965835102401,87.1128718718538,556068.222431306,4.57535822155574,9.959585497852874
71600,71.6,0.0716000000000002,9.95771325008775,0.0016748920993325,-0.0515542260136314,300.544081190673,-4.79316381579548,105.137536845221,60.7446232444532,87.1034897639516,556289.927136355,4.57353475074399,9.972142211417648
71700,71.7,0.0717000000000001,10.0052727493174,0.0118338626952617,0.0243046430038881,301.950184234658,-4.79292565438314,105.164811624382,60.7153164487821,87.0941076560494,556105.877272467,4.57504841654535,9.984057970378215
71800,71.8,0.0718,9.97455666536353,-0.0418523685500458,-0.0133606601852039,302.611487971003,-4.79275557427919,105.221005422446,60.7116932923887,87.0847255481472,556309.889715246,4.57337063439452,9.996732023507521
71900,71.9,0.0719000000000003,10.0228750805862,0.0205152317437869,0.015605158889879,301.02515204688,-4.79266098760896,105.162106759757,60.7289958164648,87.075343440245,556097.027836021,4.57512122146638,10.008470283967775
72000,72.0,0.0720000000000002,10.0051000140091,0.0048072324695254,-0.0219809134666065,298.97659290929,-4.79270022648167,105.174963202754,60.7405997495132,87.0659613323429,556211.346629029,4.57418089125005,10.02163075590176
72100,72.1,0.0721000000000001,10.0419583188535,0.0035246770200648,0.0285949779693382,299.141434370082,-4.79275933898897,105.201242647823,60.7147286363114,87.0565792244407,556053.4327565,4.57547991500503,10.033025539320686
72200,72.2,0.0722000000000001,10.0359097964307,-0.016971709651516,-0.0004380578572616,297.94144425128,-4.79243726061394,105.200692768312,60.7350591411328,87.0471971165385,556176.775691039,4.57446521402449,10.046137613561488
72300,72.3,0.0723000000000002,10.0608642401076,0.0393247685207648,-0.0218731544542002,300.356968947036,-4.79229736811972,105.17598278498,60.746359219889,87.0378150086363,556089.651030472,4.57518191272282,10.057487671653767
72400,72.4,0.0724000000000001,10.0587919387917,-0.0268765093066514,0.0128692208883855,300.834029426819,-4.79200366660697,105.231659129981,60.7310317899345,87.0284329007341,556183.679282354,4.57440843379253,10.070149713894423
72500,72.5,0.0725,10.0895901716024,0.0054362895586875,0.0143611968893684,300.536890006508,-4.79196846973597,105.217591284526,60.7340973887926,87.0190507928319,556077.443134194,4.57528235439139,10.081215544644275
72600,72.6,0.0726000000000002,10.0862993195074,0.0163059549886208,-0.0284164351843435,300.109625405291,-4.79197027163507,105.201047736597,60.7561673352552,87.0096686849297,556132.082518281,4.57483283777884,10.094261563105688
72700,72.7,0.0727000000000001,10.1090610430075,-0.0054891033784131,0.0170665266903726,300.377682621945,-4.79196976868483,105.221584782438,60.7431105972027,87.0002865770275,556061.145116935,4.57541645480721,10.105653898086583
72800,72.8,0.0728,10.1118906682987,-0.0066751779766148,-0.0061833757646593,301.052361535177,-4.79200139188377,105.238092720397,60.7433465563373,86.9909044691253,556090.569214864,4.57517435844865,10.118434889636937
72900,72.9,0.0729000000000003,10.1281706683688,0.0098513655692818,-0.0073557734589104,301.344592671727,-4.79196445237637,105.223783425292,60.7536514535177,86.9815223612231,556049.30592871,4.57551387281679,10.130143908249774
73000,73.0,0.0730000000000002,10.1463333670738,-0.0124189543381641,0.0034783627840563,301.909744399106,-4.79183611591524,105.231722362431,60.7568674891483,86.9721402533209,556060.710898809,4.57542002767024,10.142807805005168
73100,73.1,0.0731000000000001,10.1546876715873,-0.0021749640314381,-0.0143464359974787,303.022969609623,-4.79163710752102,105.24816344934,60.7542609937076,86.9627581454187,556063.737406903,4.57539512486717,10.154544439407653
73200,73.2,0.0732,10.1766357964215,-0.006790901925792,0.0100011875917216,300.428587036834,-4.7911260574232,105.252081328746,60.7554677888945,86.9533760375166,556035.487579599,4.57562758147293,10.16667104905246
73300,73.3,0.0733000000000002,10.173508307705,-4.52715429854055e-05,-0.0133093885418441,300.465310663074,-4.79123292731589,105.238984470262,60.7742100249421,86.9439939296144,556077.800086446,4.575279417469,10.178799442310838
73400,73.4,0.0734000000000001,10.1986231961898,0.0195851204978396,-0.0075489756342415,300.314349825495,-4.79146763663304,105.247052448133,60.7626591556001,86.9346118217122,555954.734092496,4.57629220011943,10.190885806757267
73500,73.5,0.0735,10.1993241087872,-0.0403355202886016,0.0181353730948897,298.855653981529,-4.79110983436143,105.28498766918,60.7560345407666,86.92522971381,556034.473262291,4.57563592832636,10.203424086221414
73600,73.6,0.0736000000000002,10.234045337402,0.0396606402898274,-0.0109195848816204,299.568346453026,-4.79086179720937,105.234857846882,60.7795110094903,86.9158476059078,555924.469414262,4.57654133470256,10.215615341454667
73700,73.7,0.0737000000000001,10.2074002231624,-0.0056832027235819,-0.0299883351888103,300.848580523041,-4.79079661555448,105.265881256531,60.7870072513199,86.9064654980056,556096.907817638,4.57512220888179,10.227869389998112
73800,73.8,0.0738,10.2553832035613,-0.0138257207253799,0.0552095927339525,299.796582631272,-4.79054072606256,105.294550535997,60.7558413370887,86.8970833901034,555903.149314653,4.57671685505578,10.239641017770193
73900,73.9,0.0739000000000001,10.2344712868532,-0.0019080319147366,-0.0317905260669519,298.670207390126,-4.79035542993075,105.273317550537,60.7928389198132,86.8877012822012,556069.457264245,4.57534806130873,10.252370804930923
74000,74.0,0.0740000000000002,10.2821455849789,0.0372461045261202,0.0117274469690957,298.827184334721,-4.7903387999452,105.244891454288,60.7920422295837,86.878319174299,555851.993822786,4.57713805387212,10.264483914128293
74100,74.1,0.0741000000000001,10.2463754716668,-0.04777547926121,0.004776570870059,297.18287776446,-4.79036552924078,105.330481865379,60.7730898969768,86.8689370663968,556070.551604042,4.57533905708174,10.27704795275491
74200,74.2,0.0742,10.3197121101566,0.0215457661797438,0.0341943900569429,298.686233884986,-4.79053616756138,105.289575666619,60.7702833285948,86.8595549584946,555768.894582028,4.57782243311829,10.289142647091436
74300,74.3,0.0743000000000002,10.2624840644157,-0.0087643708957562,-0.0727624798202006,299.815647217541,-4.79017779326436,105.274418997377,60.824310093417,86.8501728505924,556122.840040672,4.57490886916439,10.301731526672809
74400,74.4,0.0744000000000001,10.3534267398422,0.0326319839277423,0.0576704681195095,300.751105238868,-4.78993556239476,105.300482240759,60.7717148382169,86.8407907426902,555719.480130243,4.57822949206437,10.313642280789368
74500,74.5,0.0745,10.2747164328705,-0.100170198948585,-0.015587794995358,300.371904209013,-4.78973592242639,105.379887225231,60.786655694033,86.8314086347881,556215.166022108,4.57414948147213,10.325940766138181
74600,74.6,0.0746000000000002,10.3917173730538,0.0947637151266432,0.0148322883509778,300.769840208667,-4.78971891480521,105.236773781439,60.8134824790877,86.8220265268858,555644.881521473,4.57884414642743,10.337895284547889
74700,74.7,0.0747000000000001,10.2954736328861,-0.0359157686349824,-0.081173394972043,299.06769282747,-4.78962410538884,105.31963889731,60.8308578161182,86.8126444189837,556181.178174351,4.57442900458851,10.350025566401698
74800,74.8,0.0748000000000001,10.4172218373259,0.0023085207298508,0.116629357100908,299.559445466215,-4.78982689744761,105.358477821398,60.7500398122562,86.8032623110815,555587.034013277,4.57932089391806,10.362302038202952
74900,74.9,0.0749000000000001,10.3231258598819,-0.0521328978255605,-0.0763428207816279,297.365404050257,-4.78930167290725,105.345372616961,60.8292162216758,86.7938802031793,556181.819636047,4.57442372875805,10.374445301229184
75000,75.0,0.0750000000000002,10.4546240669516,0.100156975824166,0.018620923141967,301.308319885322,-4.78924865607722,105.251236499047,60.8236361170721,86.7844980952771,555573.781042402,4.579430131626,10.386267500793426
75100,75.1,0.0751000000000001,10.3409413035399,-0.0971405395738636,-0.0298135479173157,302.283584182399,-4.78920170234068,105.402782451365,60.8101119122244,86.7751159873749,556189.878268472,4.57435744995502,10.398446525358446
75200,75.2,0.0752,10.4674266269609,0.0464038579787043,0.0741407958040795,300.078250929751,-4.78890763296039,105.337683604152,60.7875515992674,86.7657338794727,555580.071857248,4.57937827888952,10.410273903833595
75300,75.3,0.0753000000000002,10.3662417011203,-0.0213318896516322,-0.0876152333229799,299.469267966967,-4.78898408192976,105.330143145075,60.8577769867106,86.7563517715705,556121.95372188,4.5749161604207,10.422391915319757
75400,75.4,0.0754000000000001,10.4823267369932,0.0479938387653014,0.0567782204216898,299.559822001112,-4.78912035210243,105.328432171847,60.8046237973469,86.7469696636683,555567.123745382,4.57948500641118,10.43397867425188
75500,75.5,0.0755,10.4016678533226,-0.0703870951572397,-0.0266206136551349,300.56641729301,-4.78887405857479,105.408383590881,60.8176907411533,86.7375875557661,556048.173297334,4.57552319281967,10.446080077041408
75600,75.6,0.0756000000000002,10.5022245484059,0.0523828458669404,0.034071442259846,299.595378573263,-4.78822306652587,105.323223039508,60.8284308463932,86.7282054478639,555636.944272441,4.57890955501238,10.45795598503675
75700,75.7,0.0757000000000002,10.4334178142969,-0.0155216240575093,-0.0534927612933892,298.130303214271,-4.78791339981923,105.362534024426,60.8553863265976,86.7188233399617,556030.49061955,4.57566870193055,10.470449668528374
75800,75.8,0.0758000000000001,10.5206059586162,0.0193316111629721,0.0586294238806947,298.563088502499,-4.78803432641938,105.378667504439,60.8085892316393,86.7094412320596,555627.86553123,4.57898437259705,10.482075352510073
75900,75.9,0.0759000000000001,10.4604135426427,-0.0418306112875099,-0.0249577158262438,298.14563083463,-4.78813339871516,105.399223143369,60.8399394721106,86.7000591241574,555962.599436837,4.57622745814938,10.494443828957259
76000,76.0,0.0760000000000002,10.5325990321776,0.0616947579682796,0.0100714225380519,298.473908300715,-4.78804031527029,105.33475143551,60.8466550285125,86.6906770162552,555623.71995099,4.57901853699007,10.506156525896632
76100,76.1,0.0761000000000001,10.4843963744281,-0.0390731414992161,-0.0198870437305518,301.221670620807,-4.78775900297322,105.409080543149,60.846783672963,86.681294908353,555956.794485862,4.57627524023661,10.51895499598021
76200,76.2,0.0762,10.5575106231735,0.0067587020270816,0.0331399356974765,301.358150334941,-4.78747630571657,105.398310081096,60.830984438703,86.6719128004508,555695.492066124,4.57842712343655,10.530706542274839
76300,76.3,0.0763000000000002,10.527937242368,-0.0083898788280728,-0.0353329888472499,299.639629102961,-4.78739922001358,105.385443388205,60.8655487756966,86.6625306925486,555883.183659423,4.57688123698619,10.543244425380248
76400,76.4,0.0764000000000001,10.5686915782385,0.0190190638088719,0.0150372925447705,299.752495911678,-4.78754165605249,105.382986795131,60.8512942754317,86.6531485846464,555679.878276702,4.57855577052237,10.554782306152553
76500,76.5,0.0765,10.5484360008501,-0.0324768624993186,-0.0001702085597778,300.269810442742,-4.7875332060711,105.426056119382,60.8484844889965,86.6437664767442,555821.125765933,4.57739224960366,10.567575927865587
76600,76.6,0.0766000000000003,10.5910701196065,0.0084920661630875,0.01361821990016,300.136526776139,-4.78735296035352,105.396174499725,60.8570426757418,86.634384368842,555681.560543782,4.57854190942963,10.578862282179482
76700,76.7,0.0767000000000002,10.5803119638304,-0.0009853835074677,-0.0262610935081835,300.076982823173,-4.78697026420392,105.401943196738,60.8750591945436,86.6250022609398,555816.292657694,4.57743205238109,10.591227827220617
76800,76.8,0.0768000000000001,10.6113122486061,0.000100838044016,0.0202929095593666,300.449190344605,-4.78649334418958,105.426362768988,60.8572967031273,86.6156201530376,555722.652179714,4.57820335965753,10.602577589377686
76900,76.9,0.0769000000000001,10.6029556761653,-0.0251819582340921,-0.001713113918268,302.758246224533,-4.78681878401652,105.443341011088,60.8626128431422,86.6062380451354,555800.49006893,4.57756219849937,10.614887478483984
77000,77.0,0.0770000000000002,10.6369412325633,0.0213169354221425,-0.0094489368128627,300.586100256288,-4.78677485066139,105.409327897039,60.8753150692782,86.5968559372332,555676.960764014,4.57857980965931,10.6263943843407
77100,77.1,0.0771000000000001,10.6305958547396,-0.0122367896280283,-0.0142730783719212,299.419661265855,-4.78661448559733,105.427440684571,60.879953309181,86.5874738293311,555754.571713667,4.57794041244122,10.638301586107463
77200,77.2,0.0772,10.6606697848125,-0.0049795493494147,0.0138196593382076,300.818871713253,-4.78664090240155,105.447067207168,60.8652160163496,86.5780917214289,555663.2595518,4.578692705541,10.649980491628147
77300,77.3,0.0773000000000002,10.6488955649949,-0.0027020098064262,-0.0099649525242221,301.772892885268,-4.78657507778363,105.449403389779,60.8776453816549,86.5687096135267,555728.816972172,4.57815257288405,10.661936210764251
77400,77.4,0.0774000000000001,10.6762588976689,0.0082385896846087,0.0051296929121084,302.021662189093,-4.786245377148,105.439529656253,60.8842974151987,86.5593275056245,555677.27011994,4.57857726067832,10.673735821667465
77500,77.5,0.0775,10.6838989402781,-0.0076082136612414,-0.0006164113216309,299.510897919609,-4.78569711025025,105.462136857289,60.884614976928,86.5499453977223,555739.068635265,4.5780681201608,10.68561868940234
77600,77.6,0.0776000000000003,10.7019797487103,0.0037839334139662,-0.0011366304981223,301.021437005872,-4.78602455783737,105.460316589784,60.8829399451215,86.5405632898201,555653.947611318,4.57876943767643,10.698300556076521
77700,77.7,0.0777000000000002,10.7105682692398,-0.0029325637839413,0.0060100043380911,298.865498088864,-4.78600312311809,105.469679447981,60.8827013463972,86.5311811819179,555640.856130075,4.57887731828591,10.709868430967125
77800,77.8,0.0778000000000001,10.7225866125629,0.0023527937627824,-0.0072012423455883,297.895477397276,-4.78572390088857,105.473339954772,60.8889595657689,86.5217990740157,555657.004281632,4.57874424985641,10.722200739458504
77900,77.9,0.0779000000000001,10.7435303424667,-0.0040996669626279,0.0066567879160374,300.575354145106,-4.78573590869213,105.471138132429,60.8915190256899,86.5124169661135,555608.506387127,4.57914391878344,10.733752000124104
78000,78.0,0.0780000000000002,10.7413601390992,-0.007598208879218,-0.0111652840051993,301.44484253816,-4.78548294077896,105.485673959488,60.8978820538715,86.5030348582113,555682.877831631,4.57853105565338,10.746119039633117
78100,78.1,0.0781000000000001,10.7671122372006,0.0097958826486352,0.0170670485847833,302.898151081921,-4.78535343271207,105.48448894625,60.895201708822,86.4936527503091,555591.911974169,4.57928068860234,10.757874540347533
78200,78.2,0.0782,10.7535149580419,-0.0112740529855324,-0.0272322901453399,303.927821341545,-4.78514297507272,105.493953446454,60.9134336663686,86.484270642407,555747.83108245,4.57799593799855,10.770249370060348
78300,78.3,0.0783000000000002,10.8060086705748,0.0227659150257724,0.0132579136470282,300.888055442007,-4.78492060588743,105.488185044153,60.9000105020107,86.4748885345047,555534.709543254,4.57975220907213,10.782128988314374
78400,78.4,0.0784000000000001,10.7783075547688,-0.0215428120258675,-0.008001479188985,298.548093848161,-4.7848713103394,105.517621756799,60.9064024300691,86.4655064266026,555687.760702376,4.57849082375171,10.794029788864789
78500,78.5,0.0785,10.8256498991671,0.028502247658852,0.0153329338792622,299.936544857111,-4.78503923757842,105.488732283025,60.9074552253659,86.4561243187004,555484.942157132,4.58016252135827,10.805748163270927
78600,78.6,0.0786000000000003,10.7882831617854,-0.0123225499170959,-0.0265649617516386,299.190413842189,-4.78479491630004,105.516739106335,60.9213737345529,86.4467422107982,555699.083371206,4.57839753452937,10.817686838431019
78700,78.7,0.0787000000000002,10.8594199390913,0.0232484219617048,0.0393014182796345,299.425052126567,-4.78438511404912,105.509246742509,60.9044531131084,86.437360102896,555445.004099157,4.58049184792519,10.829144193573798
78800,78.8,0.0788000000000001,10.8046963308964,-0.0357636967635985,-0.0437200099021588,301.328615676977,-4.78421401800809,105.532791131449,60.934521069118,86.4279779949938,555782.898333733,4.57770708827969,10.840959209828785
78900,78.9,0.0789,10.8851223017769,0.0490176070030044,0.0362852768947884,298.657252443622,-4.78388565719667,105.50402370724,60.9163214269568,86.4185958870916,555405.144750171,4.58082057268552,10.853235262080824
79000,79.0,0.0790000000000002,10.8195189223492,-0.0508056290031305,-0.0302845677380783,298.833738980455,-4.78426885108031,105.561201614713,60.928647964498,86.4092137791894,555758.251895006,4.57791009773008,10.864797774225728
79100,79.1,0.0791000000000001,10.9173671175427,0.0572430379106326,0.0417818139880858,298.903463450949,-4.78416679595013,105.508113839712,60.916779867315,86.3998316712872,555310.254802327,4.58160333119117,10.876632208559547
79200,79.2,0.0792,10.8427302173974,-0.0392195337508515,-0.0485759439383633,299.443458156245,-4.7840146118062,105.554370772645,60.9456137009929,86.390449563385,555756.319556793,4.57792601490511,10.888270639158247
79300,79.3,0.0793000000000002,10.9504958817974,0.040210153258728,0.0673410957989602,300.265933142955,-4.78373180871859,105.541882038518,60.909603903849,86.3810674554828,555301.92136028,4.58167208752781,10.900104915621622
79400,79.4,0.0794000000000001,10.859112518269,-0.054451651620813,-0.0583983941899009,301.068277093949,-4.78359176783224,105.580859197209,60.9516640142024,86.3716853475806,555830.216343261,4.57731738656638,10.911565177009711
79500,79.5,0.0795,10.976921042713,0.0715926735816469,0.0348943951049324,301.780331550604,-4.78363205502111,105.503802502367,60.9409002943714,86.3623032396785,555266.144458908,4.58196729376726,10.92331204393755
79600,79.6,0.0796000000000003,10.8830795871469,-0.0645236601677793,-0.050902867360784,298.0902693499,-4.78347785178954,105.594382899784,60.9518170695868,86.3529211317762,555782.038094985,4.57771417364904,10.935224154998913
79700,79.7,0.0797000000000002,11.0083964468781,0.0468037447755503,0.0597370364542879,300.330482854124,-4.78370465392978,105.554560865474,60.9182367584053,86.3435390238741,555206.02860838,4.58246341385019,10.946851221484458
79800,79.8,0.0798000000000001,10.9025662108459,-0.050183185221418,-0.0658318644925334,299.240888785936,-4.78322518266459,105.579324285515,60.9746222210643,86.3341569159719,555789.897904559,4.57764943702495,10.958673166570447
79900,79.9,0.0799,11.0292697755825,0.0664110922972628,0.0400506434758603,301.236371777851,-4.78299233264763,105.540050038227,60.942550276479,86.3247748080697,555230.575814166,4.58226081932941,10.97023236923683
80000,80.0,0.0800000000000002,10.933009028454,-0.0775494745264268,-0.0308457426586144,300.190038269212,-4.78278224915783,105.632014070102,60.9534956131651,86.3153927001675,555753.7837506,4.5779469031716,10.981960965618326
80100,80.1,0.0801000000000001,11.0379270086018,0.0510863817069886,0.0465423690682706,300.909695376054,-4.78286110624174,105.551023373388,60.9510083070628,86.3060105922653,555244.653194,4.58214464310749,10.993519680817128
80200,80.2,0.0802,10.9626202923122,-0.0194570460143535,-0.0722366571100728,298.813522309974,-4.78267009173627,105.583064213619,60.988300030909,86.2966284843631,555692.606638449,4.57845089686843,11.00511331018841
80300,80.3,0.0803000000000002,11.0627734593156,0.0231093764806339,0.0665190615397832,299.603937652114,-4.78276302168112,105.593820270374,60.9373827425691,86.2872463764609,555224.868237141,4.58230792385961,11.016568317899889
80400,80.4,0.0804000000000001,10.9879901293309,-0.0513065392495372,-0.0376991864513446,299.64184995701,-4.78261425979344,105.624202700954,60.9746223842104,86.2778642685587,555663.601080707,4.57868989132767,11.028348161889792
80500,80.5,0.0805,11.0741979771321,0.0664623071646303,0.0074060159178116,301.237224511849,-4.78237900119524,105.5573341006,60.9762852489726,86.2684821606565,555266.577671425,4.58196371896974,11.039945211325744
80600,80.6,0.0806000000000003,11.013416088938,-0.061162821244022,-0.0224781621449496,301.984769658862,-4.78216201608374,105.644767042504,60.9748026795323,86.2591000527543,555652.555642864,4.57878090797842,11.051690852891475
80700,80.7,0.0807000000000002,11.0910636495722,0.0222203356797818,0.0397678034918714,301.373034674046,-4.78209247742851,105.619393603086,60.9560971097073,86.2497179448521,555288.277720934,4.5817846609137,11.063190251706725
80800,80.8,0.0808000000000001,11.0380993680861,-0.0177627287903956,-0.055701866388663,298.937925050074,-4.78200622249136,105.617722656365,60.9999208181006,86.24033583695,555618.258976392,4.57906354253751,11.074760916213837
80900,80.9,0.0809,11.1240228235209,0.035345707779555,0.0353777840358014,298.095718977522,-4.78188752779396,105.604219015628,60.9710407668148,86.2309537290478,555223.790949065,4.58231681480732,11.086505358748633
81000,81.0,0.0810000000000002,11.0706578576597,-0.0496595926855222,-0.0104848274311889,298.499054615048,-4.78168364485038,105.668915471936,60.9764573802686,86.2215716211456,555552.842378076,4.57960272933951,11.09843122637367
81100,81.1,0.0811000000000001,11.1334435868961,0.0389927402626382,0.0137153002037772,300.038123590492,-4.78158015116054,105.612371052189,60.9863587545542,86.2121895132434,555285.294087952,4.58180927954483,11.110112323185483
81200,81.2,0.0812,11.1002341051684,-0.0142052220685447,-0.0335835101751936,299.730695903637,-4.7814023336911,105.633626012019,61.0048994876079,86.2028074053412,555505.436555438,4.57999354429911,11.121654337231961
81300,81.3,0.0813000000000002,11.1602608840128,0.0217226979767376,0.0265423160694636,299.700119826444,-4.78124087094363,105.651413369638,60.9758047022131,86.193425297439,555273.556112651,4.58190613480395,11.133460726534848
81400,81.4,0.0814000000000001,11.1151971558407,-0.0408933731660305,-0.0054677422212811,299.481884042797,-4.78103339358679,105.679365319226,60.9945385557757,86.1840431895368,555530.631928584,4.57978582461683,11.145003325807853
81500,81.5,0.0815000000000001,11.1786285476204,0.0424194597139751,0.0067691196683841,300.158652595501,-4.78098926202928,105.615221456501,61.0091103503144,86.1746610816346,555265.627299332,4.58197156128922,11.156697193217582
81600,81.6,0.0816000000000003,11.1482296928652,-0.0144533245857282,-0.0303553268876774,299.949884280663,-4.78096772467609,105.665927355352,61.0099901487227,86.1652789737324,555479.73827194,4.58020542956585,11.167950561512212
81700,81.7,0.0817000000000002,11.1958400215171,-0.0235999354603295,0.050794475582643,301.08853233749,-4.78108485410718,105.689892025739,60.9805704249707,86.1558968658302,555277.331696145,4.58187498033719,11.179414306473621
81800,81.8,0.0818000000000001,11.1781956922036,0.0023761122408153,-0.0386936440139772,299.227138764806,-4.78074473902668,105.652494996183,61.024792216105,86.146514757928,555422.896074223,4.58067416959162,11.190824884549645
81900,81.9,0.0819,11.2215153493582,0.03056887007605,-0.004296545122891,300.289762748571,-4.78052154001319,105.645981419513,61.0183864892187,86.1371326500258,555269.874666527,4.58193651289819,11.202253623177942
82000,82.0,0.0820000000000002,11.2030698296204,-0.0514589313493875,0.0226597626520587,300.70938589897,-4.78013340302032,105.725292314236,60.997547211389,86.1277505421236,555436.442945763,4.58056244879019,11.213906095754586
82100,82.1,0.0821000000000001,11.2297891874775,0.0161895818559159,-0.0019974058445458,301.773195055245,-4.78011997784306,105.682213017612,61.0172673457389,86.1183684342215,555329.118430776,4.5814477015653,11.22547558224283
82200,82.2,0.0822,11.2324588029395,0.0072193780125875,-0.021196946787034,299.168517341554,-4.7801409042076,105.66748589553,61.0348387803907,86.1089863263193,555351.121264089,4.58126618607672,11.237310905209943
82300,82.3,0.0823000000000002,11.2555127316732,-0.009446157334688,0.0220810290771831,298.574367741989,-4.78008150401425,105.706730520254,61.0103577178712,86.0996042184171,555274.036099033,4.58190217414236,11.249082047489436
82400,82.4,0.0824000000000002,11.2512860332363,-0.0029091478428991,-0.0088772343877319,299.778468060743,-4.77996063912004,105.714373725721,61.020111675335,86.0902221105149,555342.444606197,4.5813377636768,11.260857086254298
82500,82.5,0.0825000000000001,11.2698682808595,0.0121752650599911,-0.0026770775520951,300.46507682,-4.77961977222238,105.687573957705,61.0390683030042,86.0808400026127,555313.614520333,4.58157561190822,11.27194226813861
82600,82.6,0.0826000000000001,11.2821024404932,0.0028625453701715,-0.0073248579860879,301.342874271239,-4.77949408596958,105.711210329634,61.034411279875,86.0714578947105,555334.895853263,4.58140003850797,11.284461576520346
82700,82.7,0.0827000000000002,11.2985756412215,-0.0107505209146523,0.0053518817372994,299.003842105739,-4.77929136576138,105.73903199705,61.0224238861233,86.0620757868083,555311.415774298,4.58159375257835,11.29536484566096
82800,82.8,0.0828000000000001,11.3124325858964,0.0021719067501662,0.0098538846848372,297.541852651585,-4.77949867029426,105.712589546301,61.0362174529639,86.0526936789061,555237.503108906,4.58220364979188,11.307767971280368
82900,82.9,0.0829,11.3128131890435,0.0161638867683614,-0.0252075901915763,299.249618750945,-4.77946102310093,105.706232628627,61.0504568630121,86.0433115710039,555273.093880923,4.58190994896749,11.318797922107906
83000,83.0,0.0830000000000002,11.3407814515452,-0.0030752395017201,0.0192321850573944,299.724732275417,-4.77906889188931,105.738338920185,61.0341931011853,86.0339294631017,555233.22986528,4.58223891582332,11.331046555805658
83100,83.1,0.0831000000000001,11.3337102733674,-0.0190181590544657,0.0007457263436908,300.748933884998,-4.7788641278353,105.754181641101,61.041639566118,86.0245473551995,555323.60610655,4.58149317851762,11.342081976421968
83200,83.2,0.0832,11.3683978748616,0.0217391956397639,-4.47242494049131e-05,299.862516144689,-4.77860720269854,105.725015501953,61.053770016145,86.0151652472973,555220.217519507,4.5823463068644,11.354086960468111
83300,83.3,0.0833000000000002,11.3512764865089,-0.0136169328865408,-0.0193090923525741,299.642502834479,-4.77873011283925,105.743419358394,61.0609687191794,86.0057831393951,555321.764015494,4.58150837606281,11.365105784771954
83400,83.4,0.0834000000000002,11.3989846189861,0.0054884096119433,0.0380499714137315,299.320275389838,-4.77893089977563,105.752742502499,61.0388295459657,85.996401031493,555108.800205313,4.58326604137055,11.376866485064694
83500,83.5,0.0835000000000001,11.3655067833308,-0.0227975307135308,-0.0341491451593081,299.269039863014,-4.77867595229967,105.762811556223,61.0655607131503,85.9870189235908,555344.185731364,4.58132340018352,11.388918183259998
83600,83.6,0.0836000000000001,11.4210856565071,0.0222608788954383,0.0265694978117828,301.058509059044,-4.77847996986789,105.736010608278,61.0617245848181,85.9776368156886,555108.005446483,4.58327260332088,11.40033838547029
83700,83.7,0.0837000000000002,11.3868735732673,-0.0243950943074433,-0.0229961597608803,299.285997876533,-4.7780115268463,105.780942654026,61.0703239414775,85.9682547077864,555361.496371452,4.58118060014963,11.41222646810359
83800,83.8,0.0838000000000001,11.4489350937202,0.0224472335550031,0.0287152808059571,300.923466862313,-4.77804746730491,105.768091157898,61.0538243478556,85.9588725998842,555083.413390964,4.58347565765758,11.423856034667434
83900,83.9,0.0839,11.4015426787608,-0.0384107275433095,-0.0250427537550543,300.240240887615,-4.77788425783249,105.785996660585,61.0815389825727,85.949490491982,555368.776383289,4.58112054807177,11.435997702404656
84000,84.0,0.0840000000000002,11.4758055318936,0.0469929347818385,0.0162459566314945,298.671203878589,-4.77788830861497,105.751690655062,61.0717868773441,85.9401083840798,555039.43867978,4.58383879765127,11.447026832021685
84100,84.1,0.0841000000000001,11.4231098390502,-0.0457979113740889,-0.0223433714736851,298.696838622329,-4.77791289989515,105.80955552953,61.0784019528226,85.9307262761776,555342.662615131,4.581335965197,11.45934556397507
84200,84.2,0.0842,11.5140889045337,0.0319677407228979,0.0453928942336147,298.763813811445,-4.77744615557631,105.774254058697,61.0677557711465,85.9213441682754,555000.01379143,4.58416441445906,11.470154611513088
84300,84.3,0.0843000000000002,11.4409461557804,-0.0279908688051609,-0.0572817233712987,299.803499375064,-4.77718695660675,105.806673079447,61.1012467148987,85.9119620603732,555413.930483658,4.58074811164972,11.482735638560184
84400,84.4,0.0844000000000002,11.5499488704338,0.0417156459286116,0.0629619474423701,300.86692350767,-4.77715029408448,105.782171878991,61.0691320346419,85.902579952471,554932.850255891,4.58471923598283,11.494048576249213
84500,84.5,0.0845000000000001,11.4508081224539,-0.0597139803905012,-0.0537710335216792,301.055132108305,-4.77717453117902,105.84000959221,61.1004812703755,85.8931978445688,555460.618797243,4.58036308452618,11.506828083073687
84600,84.6,0.0846,11.571390478313,0.0671280315629762,0.0484182723569288,300.370283189903,-4.7772705634002,105.772985932194,61.0801591162022,85.8838157366667,554863.626108905,4.58529122027473,11.517923987965482
84700,84.7,0.0847000000000002,11.4679708709103,-0.057608280610603,-0.0663881925668744,298.528951901703,-4.77707504710172,105.82838789773,61.1187585186903,85.8744336287645,555444.397047402,4.58049685399894,11.530426131271724
84800,84.8,0.0848000000000001,11.5958735366193,0.0557261245637244,0.0696852423810911,300.531473856785,-4.77677760726889,105.807322348295,61.0725066826452,85.8650515208623,554852.956441703,4.58537939414274,11.54132499895365
84900,84.9,0.0849,11.4898639361225,-0.0696649567911782,-0.0641445114070548,299.977065499084,-4.77629872984685,105.868922823013,61.1150555396614,85.8556694129601,555502.072836234,4.58002127743097,11.553905433421233
85000,85.0,0.0850000000000002,11.6419259773643,0.0785468160292201,0.0689602507873754,301.149688848673,-4.77628177595249,105.772934276344,61.0995740575445,85.8462873050579,554797.189726124,4.58584030409908,11.564622181841631
85100,85.1,0.0851000000000001,11.4981759395868,-0.0654059867755416,-0.0815595580977537,301.061783888736,-4.77639067019096,105.863074464805,61.1323958893481,85.8369051971557,555507.555866407,4.57997607121444,11.577020524177446
85200,85.2,0.0852,11.6568868768615,0.0530093517139785,0.0913619850043451,299.463629836535,-4.77634854709457,105.833000996368,61.0740490089522,85.8275230892535,554759.060141924,4.58615549711992,11.587828306609106
85300,85.3,0.0853000000000003,11.5312190339656,-0.0794852521055225,-0.0543956800381181,299.130889523644,-4.77612031555688,105.873776193863,61.1331450129654,85.8181409813513,555449.070778224,4.58045831219474,11.60030388084525
85400,85.4,0.0854000000000002,11.6785019143283,0.10593316110063,0.0289103310759263,300.487421392226,-4.77588271419154,105.788738397031,61.1162900421488,85.8087588734491,554789.25554956,4.58590588732064,11.61116466794268
85500,85.5,0.0855000000000001,11.5640304208943,-0.0854766779125009,-0.0378132275733839,300.739336376113,-4.77566232100694,105.918890619139,61.1185337124351,85.7993767655469,555431.47065719,4.58060345452993,11.62326857621586
85600,85.6,0.0856,11.6908206340024,0.0434015282740323,0.0741151853372257,300.73076351647,-4.77560321190232,105.851954096916,61.0977765070195,85.7899946576447,554831.265397132,4.585558658858,11.634132446170602
85700,85.7,0.0857000000000002,11.597745682619,-0.0086979667121798,-0.0874861957527582,300.53547721254,-4.77558388320851,105.847589416177,61.1623920316398,85.7806125497425,555334.400708606,4.58140412335441,11.645974497023003
85800,85.8,0.0858000000000001,11.7082072733873,0.0242708103541134,0.0606121769026082,299.784499715719,-4.7754254667925,105.862133064891,61.1093370889826,85.7712304418403,554868.222633113,4.58525323575654,11.657214698003646
85900,85.9,0.0859,11.6304033894949,-0.0551507218196907,-0.0087249829824126,298.513462581619,-4.77510557500323,105.922701506692,61.1232974962507,85.7618483339382,555251.776439028,4.58208585943415,11.669063378150671
86000,86.0,0.0860000000000002,11.7051379799065,0.0597219482739913,0.0095504461952917,299.976247875148,-4.77485734231302,105.839198513597,61.1451043700486,85.7524662260359,554951.273294181,4.58456703440749,11.680285882928121
86100,86.1,0.0861000000000001,11.6749083712493,-0.0344929734389304,-0.0087333338790898,299.731439865078,-4.77452237996661,105.895702818697,61.1471750261084,85.7430841181338,555205.59678348,4.58246697797457,11.691655676138115
86200,86.2,0.0862,11.7214782132799,0.012628729697348,0.0284623665451675,300.693718310777,-4.7746570416386,105.909332250504,61.1223475425411,85.7337020102316,554990.862587293,4.58424000241407,11.703113410507259
86300,86.3,0.0863000000000003,11.6972197017947,-0.0049415673168765,-0.0157477436490193,299.108106376725,-4.77481162355423,105.896854832571,61.1493481671133,85.7243199023294,555109.860561297,4.58325728653854,11.714086436132028
86400,86.4,0.0864000000000002,11.7399466613887,0.0104476220116554,0.009521118134561,299.143996585681,-4.77464924593181,105.878842602952,61.1522992871313,85.7149377944272,554981.479562828,4.58431750776819,11.725740992333407
86500,86.5,0.0865000000000001,11.733138782683,0.0114150240522732,-0.015141801041046,300.27256769555,-4.77440565431866,105.909856644217,61.1502444963588,85.705555686525,555064.62887508,4.58363077179531,11.736424629947278
86600,86.6,0.0866,11.7516691196342,-0.0162578301205446,0.016450552474957,299.861570493539,-4.77399832043576,105.930683606619,61.14464800451,85.6961735786228,555062.202731398,4.5836508065712,11.748337378913535
86700,86.7,0.0867000000000002,11.7740127755619,0.0148841687348467,-8.10774854841073e-05,300.901744391085,-4.77397254961154,105.91264381995,61.1557473466966,85.6867914707206,555007.648305176,4.58410135610961,11.758723505740708
86800,86.8,0.0868000000000001,11.7610137906117,0.0052273495057373,-0.0236661518923796,300.512437562608,-4.77403841133161,105.930963320456,61.1588227226555,85.6774093628184,555070.778665971,4.58357998841444,11.770718450318233
86900,86.9,0.0869,11.7854389041477,-0.0159489860104244,0.0436609910815291,298.047005279798,-4.77415438779164,105.94234272352,61.1447329683184,85.6680272549162,554941.739560015,4.58464579590668,11.780966994506578
87000,87.0,0.0870000000000002,11.777690288656,0.0085672539466343,-0.0213512432090009,297.132541249519,-4.77376431849817,105.923097702493,61.1743295233589,85.658645147014,555048.703070882,4.58376228819339,11.793732960295724
87100,87.1,0.0871000000000001,11.8160299389673,0.0362890678046348,-0.0018681158363466,298.101657343451,-4.77337609371997,105.920105894741,61.1709734034952,85.6492630391118,554941.786793397,4.58464540568859,11.803187382265975
87200,87.2,0.0872000000000001,11.7924316475744,-0.0552213073937916,0.0188475532166979,299.919506254505,-4.77323868977062,105.988093851322,61.1582501092168,85.6398809312097,555121.677806544,4.5831597196851,11.815981003929297
87300,87.3,0.0873000000000001,11.8484433062475,0.0335360542429019,0.0162908153431619,299.560321041943,-4.77303027155438,105.938912704889,61.1683511865405,85.6304988233075,554894.933273203,4.58503251820884,11.82507234452645
87400,87.4,0.0874000000000002,11.8134271797207,0.0023191147610782,-0.0396762175841777,297.680492488455,-4.77284729295997,105.93736536069,61.2004373698915,85.6211167154053,555117.06922599,4.5831977690659,11.838189321343368
87500,87.5,0.0875000000000001,11.8709716696213,0.0076000973473891,0.0364815478447833,298.315129882602,-4.77318615966928,105.959606666408,61.1652265460908,85.6117346075031,554853.362959043,4.58537603463127,11.8467699808422
87600,87.6,0.0876,11.8294670244899,-0.0252341637192665,-0.0221074105164477,299.218876774564,-4.77317703199477,105.995613992244,61.175435567619,85.6023524996009,555073.71870101,4.58355571076389,11.860790285703395
87700,87.7,0.0877000000000002,11.8933509901292,0.0330267561167666,0.02944043318924,299.134571393635,-4.77270453731794,105.941528726807,61.187377260886,85.5929703916987,554837.966945233,4.58550327270249,11.868977737201007
87800,87.8,0.0878000000000001,11.8513767369505,-0.0173722063893248,-0.0324526547511554,299.188634869384,-4.77244640407768,105.980576932212,61.2026124031823,85.5835882837965,555119.816423716,4.58317508756524,11.88257848271246
87900,87.9,0.0879,11.9192221572569,0.0261428367026908,0.0345504549791094,300.024986112541,-4.77231933675168,105.996971547929,61.1681585186519,85.5742061758943,554832.308318524,4.58555003935775,11.890578141122957
88000,88.0,0.0880000000000002,11.8759347276104,-0.042339062360851,-0.0124882988889057,300.031468443914,-4.77219484796574,106.007468167962,61.199015290509,85.5648240679921,555106.302439874,4.58328666430973,11.904634651151806
88100,88.1,0.0881000000000002,11.9453466966902,0.0533069628419228,-0.0003287980149882,299.527511659965,-4.77205479467263,105.954533710991,61.2048848347903,85.5554419600899,554821.482874003,4.58563951069058,11.912782217991346
88200,88.2,0.0882000000000001,11.9048204912956,-0.0211533260693344,-0.0277911071054212,297.684111723159,-4.77188071416337,106.020012565914,61.2006228350977,85.5460598521877,555064.822499871,4.58362917287476,11.92650949868359
88300,88.3,0.0883000000000003,11.9592476508323,-0.0042339244820451,0.0598065665094849,297.291999066663,-4.77179188696345,106.020025965782,61.1801626616327,85.5366777442855,554818.471780628,4.58566439772922,11.934851143297585
88400,88.4,0.0884000000000002,11.9194930800351,0.0181661522555384,-0.04676050222707,298.371167336218,-4.7715800157679,105.995756860785,61.2258111804772,85.5272956363833,555044.454556088,4.58379737399911,11.948713480970554
88500,88.5,0.0885000000000001,11.9878118696948,0.0307990824050938,0.0208524534252706,298.891418256887,-4.77114752793452,106.002514768489,61.2050609173265,85.5179135284812,554830.847968481,4.5855621088168,11.95736264596768
88600,88.6,0.0886,11.9484553352393,-0.0548093057855124,0.0257607403599151,299.846165569875,-4.7710770260235,106.069233261882,61.1968604935697,85.508531420579,555044.776374064,4.58379471628849,11.9704564396856
88700,88.7,0.0887000000000002,11.9989440586185,0.0402811079208603,0.0015112180889153,300.216997307592,-4.77116260345448,106.005067665277,61.2176861220848,85.4991493126768,554836.893615401,4.5855121433409,11.97996017548547
88800,88.8,0.0888000000000001,11.9797556689533,-0.0042345160835047,-0.0202729181804923,299.191755100718,-4.77110209562222,106.016681815461,61.234848103638,85.4897672047746,554992.336893552,4.58422782463561,11.992893423051807
88900,88.9,0.0889,12.0173132704059,-0.0114787668569934,0.0317192516869206,300.370605433893,-4.7711178978497,106.053035298391,61.2053616508217,85.4803850968724,554854.408838004,4.58536739137594,12.002483907416366
89000,89.0,0.0890000000000002,12.0004869355411,0.0007065022645281,-0.0161913702518664,297.839833365094,-4.77058966616122,106.052946035599,61.2249374311744,85.4710029889702,554970.486196581,4.58440831814929,12.01491492196549
89100,89.1,0.0891000000000002,12.0300843617737,0.0072341485598752,0.0074362947532006,301.150443839248,-4.77072612961954,106.031038685127,61.2334110098164,85.461620881068,554871.723786066,4.58522430353272,12.02486044496784
89200,89.2,0.0892000000000001,12.0264562621237,-0.0132209530549799,-0.0050932976973529,300.601127610086,-4.77040235386364,106.069556504773,61.2274685573016,85.4522387731658,554958.493159911,4.58450739038217,12.03688937820621
89300,89.3,0.0893000000000001,12.0626036830272,0.0025501445870391,0.0127537651839047,300.609919203881,-4.77022527449486,106.081830314082,61.2180160087571,85.4428566652636,554876.094811206,4.58518818352162,12.047686193989247
89400,89.4,0.0894000000000002,12.0479035832784,-0.0177389617524786,-0.0065186389835242,302.879284619839,-4.77056557007062,106.062137478184,61.2434767185805,85.4334745573614,554942.87745026,4.58463639525674,12.05895009611361
89500,89.5,0.0895000000000001,12.0705650315368,0.0242782249236157,-0.0147260561719938,299.122337659499,-4.77025704121087,106.046910366525,61.249649879412,85.4240924494592,554858.194122907,4.58533610965002,12.069722750614575
89600,89.6,0.0896,12.0829015641635,-0.0095139320318879,0.0183556945017481,299.02220785914,-4.77013802474583,106.095178461258,61.2274254401431,85.4147103415571,554848.374716247,4.58541725845027,12.080878881038062
89700,89.7,0.0897000000000002,12.0887279581439,-0.0228021602419338,0.01986986484653,299.285835603813,-4.7696788423293,106.094919126945,61.240274652222,85.4053282336548,554902.500687012,4.58496999039837,12.091819176237877
89800,89.8,0.0898000000000001,12.1093403904088,0.0352805960685644,-0.0204780966231942,302.033270966969,-4.76961898071224,106.058185584599,61.2626801085312,85.3959461257527,554852.362991398,4.58538429850105,12.102606812827348
89900,89.9,0.0899,12.0979059074621,-0.0172151216910632,-0.0142945656164011,301.905574668578,-4.76953219156749,106.109665776422,61.2504440396618,85.3865640178505,554949.83404624,4.58457892436269,12.113838772431093
90000,90.0,0.0900000000000002,12.1442539897349,-0.0161217384385137,0.0490149953662782,299.581329997071,-4.7693084414529,106.115398249465,61.2359572917494,85.3771819099483,554787.587061325,4.5859196791397,12.124264208958131
90100,90.1,0.0901000000000002,12.1116175101584,0.0087138546613276,-0.049805375407129,299.99045339481,-4.76936805091933,106.075764929965,61.2840324129165,85.3677998020461,554954.777166179,4.58453808838032,12.135839267343407
90200,90.2,0.0902000000000001,12.1641162891467,0.029753084764953,0.0214884509967212,298.356213866109,-4.76913471513614,106.078682543573,61.264344068343,85.3584176941439,554730.776553627,4.58638932754619,12.145681354933796
90300,90.3,0.0903000000000003,12.1370121941952,-0.0591608899941575,0.0010772046684309,298.484778302346,-4.76904089845996,106.156475870634,61.2520296231693,85.3490355862417,554965.000355595,4.58445363512429,12.156892509972101
90400,90.4,0.0904000000000002,12.2018182769923,0.0383655883822366,0.0225990615715555,299.810803232523,-4.76884862820572,106.098966846756,61.2596561183344,85.3396534783395,554672.436069737,4.58687172428212,12.166703733307028
90500,90.5,0.0905000000000001,12.1422029373475,-0.0093619907468231,-0.0644437997660874,300.495651406254,-4.76849061338569,106.10242387848,61.3050475120558,85.3302713704373,555040.489471428,4.58383011961856,12.178270140085512
90600,90.6,0.0906,12.2283576476294,0.021505120697316,0.0548571396983494,299.872513017089,-4.76822459675766,106.132944446303,61.2531638181646,85.3208892625351,554669.27801645,4.5868978399981,12.187731741213096
90700,90.7,0.0907000000000002,12.1649959721481,-0.058159650134905,-0.0250270083589695,297.995195582649,-4.76816057233629,106.190011903723,61.2658440718142,85.3115071546329,555021.370156915,4.5839880228894,12.199773640655074
90800,90.8,0.0908000000000001,12.2554733335952,0.0492114855513374,0.022577347782136,299.3623463237,-4.76844542255825,106.088052190401,61.2857173673548,85.3021250467307,554607.323614169,4.58741023588958,12.209320192910688
90900,90.9,0.0909,12.1780234882365,-0.0153620881207508,-0.060196110601785,299.720884712477,-4.7683041025645,106.135583709295,61.3082308308577,85.2927429388286,554998.587432882,4.5841761958622,12.221135593056854
91000,91.0,0.0910000000000002,12.2776156301377,0.0252848023950553,0.0606287356186187,298.504014943311,-4.76785855522994,106.172860611352,61.2496001163847,85.2833608309263,554601.555038124,4.58745795091049,12.230162397960106
91100,91.1,0.0911000000000002,12.1994732195346,-0.0644146173820326,-0.0239913879823008,298.825887208055,-4.7676268487595,106.18602187204,61.2965785392775,85.2739787230242,555034.66912834,4.58387818772212,12.242158460732266
91200,91.2,0.0912000000000001,12.2902995716915,0.0719150461514983,0.0008965060619501,300.738242716851,-4.76767715769155,106.08869975241,61.314186053683,85.264596615122,554624.226147228,4.58727043158693,12.251418615645344
91300,91.3,0.0913000000000001,12.2189586530323,-0.0441939238322224,-0.0454479140560333,300.702508287259,-4.76756669852476,106.195426307875,61.3021423930774,85.2552145072198,555012.055592119,4.58406495428761,12.263433008280838
91400,91.4,0.0914000000000002,12.3060721261711,-0.0035061861095378,0.0710874682882828,299.408302048494,-4.76747366497229,106.195422111126,61.2654280744638,85.2458323993176,554618.591729527,4.58731703405952,12.272723221507281
91500,91.5,0.0915000000000001,12.2510167901079,-0.0050404985833426,-0.063077919566095,298.340798783231,-4.76761056294577,106.158560152567,61.3258453340678,85.2364502914154,554911.74615608,4.58489359951547,12.284627224983154
91600,91.6,0.0916,12.3286142963263,0.048276681560391,0.0077820903101774,299.652432339506,-4.76743567887478,106.147215428022,61.3049635519083,85.2270681835132,554602.4621112,4.58745044795138,12.294148913920052
91700,91.7,0.0917000000000002,12.2758063107723,-0.0686136507616,0.0154084217098944,298.671245812312,-4.76680290574576,106.248153778901,61.2899738640164,85.217686075611,554933.018390775,4.58471784689403,12.306051817466715
91800,91.8,0.0918000000000001,12.3402193449428,0.0287670075240558,0.0159096503240025,300.885322325675,-4.76673999333321,106.178285736108,61.3092411666092,85.2083039677088,554681.359230492,4.5867979352624,12.315188423242912
91900,91.9,0.0919,12.3118325685404,0.008201103677991,-0.0492487844354077,299.841932774097,-4.76651372184318,106.165231781227,61.3463600379313,85.1989218598066,554887.843591272,4.58509110017739,12.327392335257125
92000,92.0,0.0920000000000001,12.3513044776973,-0.0113539775979804,0.0376051451680699,301.020092089836,-4.76675664686677,106.217868963027,61.3010181237779,85.1895397519044,554691.541651923,4.58671373583607,12.336578983868153
92100,92.1,0.0921000000000002,12.3278310713646,-0.0188700519715773,-0.0033161676341463,297.895852535872,-4.7666261010819,106.24057311809,61.3078400535649,85.1801576440022,554810.740640255,4.58572829774515,12.348000024890663
92200,92.2,0.0922000000000001,12.3714905500362,0.0258221406970257,-0.0050309419042575,298.707070340921,-4.76652115036371,106.175946174353,61.337276726777,85.1707755361001,554678.371428193,4.58682264227483,12.357617456114058
92300,92.3,0.0923,12.3504670294724,-0.0033980254983312,-0.0165664654615958,299.305708071935,-4.76611558022651,106.206702981483,61.3410018697276,85.1613934281979,554811.623156238,4.58572100341614,12.36924101401841
92400,92.4,0.0924000000000002,12.3894832886121,-0.0080591569536893,0.0287853019252245,299.097835096573,-4.76585234847348,106.248235140369,61.3121580846632,85.1520113202957,554706.478726582,4.58659022531629,12.379219387639196
92500,92.5,0.0925000000000001,12.380697305123,-0.0147776877709421,-0.0072982934599181,299.695253797534,-4.76570521489447,106.237575003707,61.3360831717214,85.1426292123935,554806.122601407,4.58576646796455,12.390256729594824
92600,92.6,0.0926,12.3967839067241,0.016484553441678,-0.0112025197809809,302.988522291044,-4.76581518145888,106.209535836886,61.3512382026703,85.1332471044913,554735.604927599,4.58634940798332,12.400771964654988
92700,92.7,0.0927000000000002,12.4120559477594,8.61081404441023e-05,0.0012735198434244,298.436412259757,-4.76508559318848,106.250309318452,61.3376509271727,85.1238649965891,554764.518696621,4.58611037206273,12.411404852096375
92800,92.8,0.0928000000000001,12.4284708564424,-0.0202011320526386,0.0247954015558233,299.38465863624,-4.76533001902914,106.266511106544,61.3305556822786,85.1144828886869,554723.783976634,4.58644714132922,12.421936330526007
92900,92.9,0.0929,12.432887845645,0.0204053459247976,-0.0139281698064579,300.133743669255,-4.76558814825438,106.226009385592,61.3574911323897,85.1051007807847,554694.743272125,4.58668726196817,12.43246203184675
93000,93.0,0.0930000000000003,12.439400549758,0.0010049576324366,-0.0139695606632142,298.43396470399,-4.7651299417269,106.247800810287,61.3567727205665,85.0957186728825,554740.876292283,4.58630582669819,12.444017838877869
93100,93.1,0.0931000000000002,12.4672934307843,-0.0158493097385179,0.0327338234973593,299.244214238558,-4.76481846839212,106.2830492726,61.3354592730528,85.0863365649803,554670.990535517,4.5868836781794,12.454127394292321
93200,93.2,0.0932000000000001,12.4480698047391,-0.0071735799062748,-0.0250099988391451,300.732861952129,-4.76477988596104,106.27337854775,61.3603513399672,85.0769544570781,554784.424738914,4.58594581930502,12.465833435738809
93300,93.3,0.0933,12.4922253810182,0.0332814780667127,0.0035214743214759,298.813599655811,-4.76438172225207,106.242666655446,61.3686556734184,85.0675723491759,554637.98802763,4.58715661055697,12.475407338099368
93400,93.4,0.0934000000000002,12.4688599177092,-0.0262252967170471,-0.0098629254812038,300.166592396521,-4.76443442028449,106.297003071268,61.3617915010934,85.0581902412737,554798.386056456,4.58583041549812,12.487722515985482
93500,93.5,0.0935000000000001,12.5231573886355,0.0122219618234128,0.0295391177693876,298.353432315626,-4.7642721354592,106.296103468696,61.3454705443638,85.0488081333716,554584.948485957,4.58759531825156,12.49719166312967
93600,93.6,0.0936,12.4908233274418,-0.021952798442913,-0.0208022945481184,297.611399843395,-4.76430917107066,106.284772749427,61.3800943960881,85.0394260254694,554777.603957162,4.58600220178213,12.509814705591442
93700,93.7,0.0937000000000002,12.5451729091884,0.0402449825089799,0.0148322676900708,297.845711519313,-4.76413542250139,106.261837550175,61.3738814988494,85.0300439175672,554540.558640657,4.58796254593817,12.51856297055714
93800,93.8,0.0938000000000001,12.5009172001214,-0.0399260110961347,-0.0120954330904822,299.342887874062,-4.76371710136732,106.340489826542,61.3671105795779,85.020661809665,554828.565868277,4.58558096998017,12.53166716399925
93900,93.9,0.0939000000000001,12.5746277975218,0.0130085503165271,0.0446759782982195,300.485460183362,-4.76360193517574,106.31054687401,61.3612974425432,85.0112797017628,554558.593958649,4.58781333652306,12.539857435157776
94000,94.0,0.0940000000000001,12.5237567048914,-0.0016379369941892,-0.0545461149063756,299.478293095899,-4.76340830573549,106.292214214687,61.4095854873453,85.0018975938606,554838.055593572,4.58550254006123,12.552838922404494
94100,94.1,0.0941000000000002,12.5870779956266,0.0317213608485621,0.0403727919721441,300.112232077002,-4.76356561119554,106.300701393878,61.3747968696121,84.9925154859584,554506.805841035,4.58824181497302,12.561066433659768
94200,94.2,0.0942000000000001,12.5331523959611,-0.0525638474203423,-0.0131784270828789,299.02570635787,-4.76360416013192,106.366036483496,61.3782096521929,84.9831333780562,554817.220707473,4.58567473807449,12.574672660228567
94300,94.3,0.0943,12.6224899187188,0.0458808316348423,0.0318564913811616,297.50280917841,-4.76319900931897,106.301867807724,61.3828151424865,84.973751270154,554462.89578561,4.58860517554039,12.58262696673179
94400,94.4,0.0944000000000002,12.5547411769084,-0.0187528779160206,-0.0551777418938111,299.574958519747,-4.76277592019423,106.326129934144,61.4197764135485,84.9643691622518,554862.117682718,4.58530368566592,12.596310942672664
94500,94.5,0.0945000000000001,12.6425070195078,0.0167972740317502,0.0500845494697057,302.073933837435,-4.76281599087397,106.335560307509,61.3808581432075,84.9549870543496,554498.477085891,4.58831073192085,12.604642857995405
94600,94.6,0.0946,12.5893670395743,-0.0469044294170589,-0.0336139124949202,299.892968956518,-4.76254441155236,106.372041929351,61.4038109922151,84.9456049464474,554834.855002345,4.58552899175054,12.618119987927859
94700,94.7,0.0947000000000002,12.664236209019,0.0432048487088833,0.0240810226635554,298.278685000408,-4.76246118736104,106.315089392924,61.4045983045345,84.9362228385452,554483.653099635,4.58843339929769,12.62610216892999
94800,94.8,0.0948000000000001,12.6021258234625,-0.0321243545643512,-0.0291859126443942,299.234003603398,-4.76264318833417,106.36379034373,61.4167515359427,84.9268407306431,554786.156857418,4.58593150135293,12.639300890423744
94900,94.9,0.0949000000000001,12.6785138665221,0.0230870225509057,0.0404868710184451,299.758556875201,-4.76242170819672,106.356200452667,61.3940511229298,84.9174586227409,554480.265351518,4.58846143358057,12.647429293233367
95000,95.0,0.0950000000000003,12.6305810055245,-0.0151401995577442,-0.0338053795583747,300.062436523933,-4.76184927381882,106.363748386676,61.4311396048004,84.9080765148387,554793.301156801,4.5858724464445,12.660747436690755
95100,95.1,0.0951000000000002,12.69491372062,0.0400481105997768,0.0143445988708188,299.600183796181,-4.76159114216432,106.345641345363,61.4193839560651,84.8986944069365,554531.425017995,4.58803811373611,12.669161512256482
95200,95.2,0.0952000000000001,12.658434671861,-0.0417428841786102,-0.0025291544506688,299.126126765554,-4.7615832371433,106.415113711997,61.4104411116242,84.8893122990343,554751.577266465,4.58621735837787,12.681700611041625
95300,95.3,0.0953,12.7141386716584,0.0221875607762728,0.0215873644979162,298.492037135969,-4.76162936644304,106.378003277244,61.4137140455439,84.8799301911321,554526.379031412,4.58807986319951,12.690861798761148
95400,95.4,0.0954000000000002,12.6881740653997,0.0001141737071354,-0.0323785089263133,298.401871313536,-4.76161391508032,106.37330416896,61.4406144701751,84.8705480832299,554683.448288962,4.58678066038408,12.70301503877065
95500,95.5,0.0955000000000001,12.7189663777205,-0.002464627455386,0.0218864903464957,300.372782021228,-4.76132245528096,106.401406049888,61.4199888642526,84.8611659753277,554582.415457843,4.58761627186927,12.712169205500489
95600,95.6,0.0956,12.7076564399267,-0.0108190458705812,-0.0023737791828,300.058193175078,-4.76083463470149,106.420525949612,61.4277119416059,84.8517838674255,554690.486111756,4.58672246405605,12.723546866437445
95700,95.7,0.0957000000000002,12.7393079274898,0.0196067948726658,-0.0190018529377909,302.046657359194,-4.76097280437046,106.388809852245,61.4439187046226,84.8424017595233,554610.146519094,4.58738688647373,12.733593456363044
95800,95.8,0.0958000000000001,12.7502010816839,-0.0047157021342195,-0.0002786028515517,299.5896027722,-4.7608432748016,106.409452815881,61.4392820020348,84.8330196516211,554614.561408626,4.58735036957035,12.743929922239207
95900,95.9,0.0959000000000001,12.7489817836147,-0.0128154433083886,0.0048412338911954,299.00246416013,-4.76081495102445,106.43400771416,61.4328353579164,84.8236375437189,554622.990671438,4.58728065017083,12.754642117719659
96000,96.0,0.0960000000000001,12.7683372075906,0.0151299923266115,0.0034572455008127,299.65610350774,-4.76062786573074,106.417179283404,61.441689728835,84.8142554358167,554553.879675383,4.58785233769577,12.76462562948681
96100,96.1,0.0961000000000002,12.760259921976,-0.0129843673111797,-0.0150791478447109,299.547093165259,-4.76025332884598,106.426127434214,61.4567464925776,84.8048733279145,554675.054181454,4.58685007387164,12.775669498419123
96200,96.2,0.0962000000000001,12.8155164602144,0.0270898707092664,0.0249498821900244,300.331760647719,-4.75990203828152,106.423175155465,61.4449998533041,84.7954912200124,554492.300370205,4.58836184298381,12.785387193544524
96300,96.3,0.0963,12.7571850151795,-0.0437240691403149,-0.0292862922600441,304.541779572901,-4.75977196605626,106.480259001736,61.4563981907554,84.7861091121102,554831.242590474,4.58555884735003,12.796821031559983
96400,96.4,0.0964000000000002,12.852604100371,0.0457739445634559,0.0399254959421054,302.641159230957,-4.75967372639062,106.426664754833,61.447520762745,84.776727004208,554410.520545165,4.5890386617216,12.805894411974112
96500,96.5,0.0965000000000001,12.7763221300184,-0.040933153330569,-0.0514260555474895,301.59381559994,-4.75975804680853,106.460989668135,61.4802413687922,84.7673448963058,554823.238799518,4.58562499788567,12.81774420991212
96600,96.6,0.0966,12.8837362925973,0.0506844630465344,0.0380896259403488,301.046946519358,-4.75978622786824,106.438775425155,61.4453522696359,84.7579627884036,554331.320309052,4.58969432185161,12.826567294692307
96700,96.7,0.0967000000000002,12.7781422363145,-0.0741120216687202,-0.0404851166746127,299.438300671822,-4.75958604840493,106.502713789208,61.4733873909438,84.7485806805014,554855.956503111,4.58535460136616,12.838534193640108
96800,96.8,0.0968000000000001,12.9180812267658,0.0727161467352526,0.0555909280453261,298.961283659798,-4.75932775088359,106.421375612434,61.4604089702614,84.7391985725992,554253.783580053,4.59033639213667,12.846987362669857
96900,96.9,0.0969000000000001,12.786806902027,-0.0507160197171529,-0.0786446797395494,300.657721400771,-4.75901816528926,106.49475751846,61.4979546602367,84.729816464697,554913.341752023,4.58488041612794,12.859281769238942
97000,97.0,0.0970000000000001,12.9403414774903,0.0592870193893249,0.0807594269321581,299.846476155559,-4.75854955229718,106.463210929912,61.4504904014164,84.7204343567948,554259.425345187,4.59028966744671,12.8676087796108
97100,97.1,0.0971000000000002,12.8041559633889,-0.0805566198559292,-0.0628310024134374,300.812606088348,-4.75870199525943,106.5289858684,61.4956464662454,84.7110522488926,554947.935923986,4.58459460527745,12.879950635444747
97200,97.2,0.0972000000000001,12.9660039097856,0.0848124188207365,0.0536443705109228,301.001605535414,-4.75879033326729,106.446444367653,61.4686826277881,84.7016701409904,554213.421109529,4.59067069894027,12.888622653543376
97300,97.3,0.0973,12.831992495029,-0.075295144250904,-0.0624463071769025,297.567243069584,-4.75827604962748,106.533646520424,61.5016452144406,84.6922880330883,554903.408069932,4.58496249301522,12.901068666327244
97400,97.4,0.0974000000000002,12.9819508172562,0.0611993650565598,0.0793056044841413,301.74973605156,-4.75861579661326,106.476777519584,61.4626994963795,84.682905925186,554194.590636874,4.59082668115397,12.909544246128505
97500,97.5,0.0975000000000001,12.8423760628321,-0.0562264397671381,-0.08993969953235,301.642919381023,-4.75842933429309,106.526459148327,61.5213549805112,84.6735238172839,554920.817863803,4.5848186468135,12.921503584895124
97600,97.6,0.0976,12.9979162743653,0.0542216937099544,0.0630850619270074,301.900706160455,-4.75830525247917,106.465841334438,61.4876944054017,84.6641417093817,554240.182644297,4.59044903801173,12.929906706073007
97700,97.7,0.0977000000000002,12.8713284793166,-0.070992015052319,-0.0637601878764781,303.344829335804,-4.75829127207735,106.548551429947,61.5155306867914,84.6547596014795,554860.367783187,4.58531814663886,12.942297796455396
97800,97.8,0.0978000000000002,12.9974261940687,0.0537482913061006,0.0536070788944107,300.719276734081,-4.75776317481623,106.513299866195,61.4815725963532,84.6453774935773,554309.157365185,4.58987783160653,12.95075873975873
97900,97.9,0.0979000000000001,12.9114520692628,-0.048580288383389,-0.0364339960049442,298.431983948627,-4.75732688975983,106.54619723685,61.5217134884924,84.6359953856751,554780.877145955,4.5859751445211,12.962835609906367
98000,98.0,0.0980000000000001,13.0166052979928,0.0435975737449712,0.0330868752731638,300.162240859452,-4.75751210313234,106.502051444639,61.5039307575797,84.6266132777729,554329.264691166,4.58971134180409,12.971606788182736
98100,98.1,0.0981000000000002,12.9470400463762,-0.0235686141149152,-0.0370664191317641,299.189417339788,-4.75742576042382,106.555910841754,61.5191241630055,84.6172311698707,554685.099991286,4.58676700219085,12.98317983711695
98200,98.2,0.0982000000000001,13.0189465110978,0.0040490734414857,0.0453410941759521,298.887243128185,-4.75731462568335,106.54230730796,61.500849128625,84.6078490619685,554388.054821973,4.58922462545476,12.992080718232165
98300,98.3,0.0983,12.9896160653783,0.0056133405424998,-0.0328873060572969,299.729000690636,-4.75697962974793,106.550508618055,61.5258457053193,84.5984669540663,554594.568897199,4.58751573839982,13.003600304433714
98400,98.4,0.0984000000000002,13.0190513804255,0.0102948372371657,0.005186093713827,301.076624712363,-4.75667401954833,106.559224151188,61.5187811782062,84.5890848461641,554514.744844737,4.58817612498174,13.013316005288932
98500,98.5,0.0985000000000001,13.0192635264264,-0.0159450511933011,0.0112574162239965,301.156838279238,-4.75655036295658,106.570780417949,61.5237927844631,84.5797027382619,554558.544707013,4.58781374397744,13.023876469855493
98600,98.6,0.0986,13.0371144148992,0.0157855224278395,-0.0207078523541588,299.391212598692,-4.7564282036234,106.56193587547,61.5330069935011,84.5703206303598,554534.048933832,4.58801640429214,13.033986275378208
98700,98.7,0.0987000000000001,13.0504172547379,0.0036658702170637,0.0141348467205773,299.267964928323,-4.75655334632682,106.567604883281,61.5281347315802,84.5609385224576,554458.121043753,4.58864469052694,13.043713112110936
98800,98.8,0.0988000000000002,13.0461011766129,-0.0141639124963494,-0.0007733569870362,298.127552999031,-4.75630105596634,106.574262164775,61.5399874869579,84.5515564145554,554538.042029841,4.58798336708169,13.054811522314676
98900,98.9,0.0989000000000001,13.0814304426114,0.0239972613898066,0.0004461401148433,300.911770086848,-4.75590366162917,106.582484077588,61.5330011352155,84.5421743066532,554456.333058147,4.58865948777998,13.063709879265252
99000,99.0,0.099,13.0605866722533,-0.0367349430077695,-0.0061908468255524,300.450456004732,-4.75551939088567,106.616848948693,61.5394329938635,84.532792198751,554631.5207162,4.58721009934956,13.075763841987825
99100,99.1,0.0991000000000002,13.1133376894639,0.026300339149893,0.0273462394316028,297.440389057301,-4.75526163755279,106.57703051316,61.5441776493418,84.5234100908488,554405.587953099,4.58907949077561,13.084474428077629
99200,99.2,0.0992000000000001,13.0687845065281,-0.0028700435548432,-0.0407682522033962,299.582151232713,-4.75568242293423,106.60322821461,61.5584170800379,84.5140279829466,554608.601888387,4.58739966272462,13.096985281653424
99300,99.3,0.0993,13.1314697726181,0.012975849164731,0.029379306644378,298.958240753728,-4.75553378980497,106.609698641007,61.5345663642344,84.5046458750444,554365.820963992,4.58940868472521,13.104228363472778
99400,99.4,0.0994000000000002,13.0891768168402,-0.0398739977161016,-0.0062554650529931,298.417950962242,-4.7551363518955,106.634356659538,61.5549536455968,84.4952637671422,554616.170431484,4.58733706099409,13.117670709341994
99500,99.5,0.0995000000000001,13.1551172129643,0.0545536317229095,-0.0040933096954308,300.81251217641,-4.75481948496501,106.591216515095,61.5617852565272,84.48588165924,554391.75783898,4.58919397208267,13.12453862311587
99600,99.6,0.0996,13.1051294583767,-0.03938465856007,-0.0145556094829795,300.815986203644,-4.75470373452971,106.646203052616,61.5656911561382,84.4764995513378,554651.340404473,4.58704618182591,13.138220340521306
99700,99.7,0.0997000000000003,13.1764359508061,0.0113367000408334,0.0437212964030661,301.488003806613,-4.75482548703135,106.629509556176,61.5491306290856,84.4671174434356,554353.773570327,4.58950842322388,13.144798764142951
99800,99.8,0.0998000000000002,13.1230018877926,-0.0094803944234507,-0.0485259064570801,300.507544459303,-4.75475872174239,106.644713475726,61.5778960049156,84.4577353355334,554630.322674675,4.58722000805444,13.158595949623944
99900,99.9,0.0999000000000001,13.1943716421713,0.0211594375688084,0.0428259462910439,299.343998097952,-4.75456737475308,106.625669684506,61.562529439091,84.4483532276313,554331.314042746,4.58969437373471,13.165301298978346
100000,100.0,0.1,13.1514002502078,-0.0372251919305574,-0.0174323920881468,298.248229627999,-4.75421443949798,106.661936654153,61.5801539167929,84.4389711197291,554616.987780959,4.58733030054928,13.178936057845286
100100,100.1,0.1001,13.2246678832216,0.0497494759683862,0.0204623902620664,300.490809679087,-4.75384349390492,106.629426528572,61.5726391863542,84.4295890118269,554318.684742763,4.58979894287278,13.185494715114858
100200,100.2,0.1002,13.1517647974785,-0.0403038343070236,-0.0326316893471468,301.779933240879,-4.7535695430547,106.680175147587,61.5940334512067,84.4202069039247,554713.552929546,4.58653173301879,13.198694479923503
100300,100.3,0.1003,13.2477063770783,0.0130928588908485,0.0511358264389889,301.428110137696,-4.75372911550489,106.668559445923,61.5634247695507,84.4108247960225,554315.912007193,4.58982190143939,13.205681346369744
100400,100.4,0.1004,13.1804103318088,-0.0137321063037208,-0.059809996636713,299.832960838289,-4.75368926883345,106.678899710029,61.6012667626748,84.4014426881203,554648.753003279,4.58706758010492,13.217883805441621
100500,100.5,0.1005,13.2671075528754,0.0301471282825831,0.042586924962226,298.945527593315,-4.75358237964265,106.64425934497,61.586004774503,84.3920605802181,554269.657749722,4.59020492584097,13.225756238235203
100600,100.6,0.1006,13.2018267588828,-0.0459420521027005,-0.0244957478942861,298.47742203974,-4.75337963576457,106.708591683795,61.5962947346449,84.3826784723159,554635.014257669,4.58718120537732,13.237730253507975
100700,100.7,0.1007,13.2792346027833,0.0443528814211628,0.0216982011592909,300.817431008645,-4.75316461618554,106.680618865339,61.5824728664937,84.3732963644137,554303.559417515,4.58992418508105,13.24606725119608
100800,100.8,0.1008,13.2197633958476,-0.0314523092050714,-0.025690631573594,301.789919193185,-4.75290904726399,106.700360952094,61.6149579667281,84.3639142565115,554636.908846388,4.58716553598781,13.256958390535317
100900,100.9,0.1009,13.2909462593519,0.0218133710909837,0.027400295163043,300.716258567135,-4.75273224839167,106.693323095372,61.5950299881291,84.3545321486093,554359.295318731,4.58946270898941,13.266154341240526
101000,101.0,0.101,13.2611544683497,-0.0067109268291657,-0.0254781651504618,299.712908837979,-4.75270357051055,106.729035712613,61.601179332798,84.3451500407072,554538.530746332,4.58797932367802,13.276636655979743
101100,101.1,0.1011,13.2939515310078,-0.0126145025045261,0.027876698476173,300.519192747091,-4.75270804663396,106.705949949747,61.6078288877448,84.3357679328049,554416.752256627,4.58898708037109,13.286038262920142
101200,101.2,0.1012,13.2976653253122,0.0216563683112552,-0.0249098422740371,299.25273952111,-4.75240447899583,106.69511749815,61.6241050686551,84.3263858249028,554445.23890958,4.588751304368,13.296225928166502
101300,101.3,0.1013,13.3070616632692,-0.0032131614354959,0.0006835601502506,299.237484948908,-4.75217082557527,106.740900495738,61.6067821372782,84.3170037170006,554465.530607422,4.58858337047527,13.306134883471533
101400,101.4,0.1014,13.3221641029103,-0.0239259569717525,0.0339305601960289,301.527375398099,-4.75208069818822,106.739465683708,61.610592101766,84.3076216090984,554430.667590264,4.58887190404696,13.316048618205016
101500,101.5,0.1015,13.30911758949,0.0057892877174012,-0.0425317859428413,305.249488935965,-4.75205253498569,106.716889959552,61.6415575199101,84.2982395011962,554530.283794422,4.58804755592061,13.326158435676387
101600,101.6,0.1016,13.3451010374768,0.0355166319702187,0.0015825847492508,301.206670348266,-4.7514603816857,106.73819877478,61.621129704209,84.288857393294,554395.494785814,4.58916303825646,13.33557962302606
101700,101.7,0.1017,13.3228536264057,-0.0664623386395189,0.0246713376589214,297.486152370265,-4.75134684794855,106.792094946164,61.6155955876307,84.2794752853918,554563.880606062,4.58776960098175,13.346585379608054
101800,101.8,0.1018,13.3965725857591,0.0538212087228379,0.0102965763717668,297.172210583504,-4.75120353192731,106.716548122754,61.6351821379869,84.2700931774896,554286.022199539,4.59006940703813,13.355716595578574
101900,101.9,0.1019,13.3264030866544,-0.0084813308011691,-0.0555912153306747,299.164057335562,-4.75123575124364,106.755441277072,61.6563897941621,84.2607110695874,554617.069098581,4.58732962795766,13.366527299901046
102000,102.0,0.102,13.417413569498,0.0029137577395045,0.0858984265352122,299.485291877677,-4.75092914614714,106.774625845684,61.6097622250858,84.2513289616852,554235.514257087,4.59048770387314,13.375316054501067
102100,102.1,0.1021,13.3382803199647,-0.0298745643810897,-0.0524405697051062,300.372683541232,-4.75067729578387,106.789674134644,61.6562070433989,84.241946853783,554669.723384377,4.58689415698262,13.386401717703219
102200,102.2,0.1022,13.4418251616818,0.0736235991442328,0.0272799723012211,300.623009848205,-4.75049811387398,106.728472024578,61.6498447196745,84.2325647458808,554232.901164785,4.59050934706331,13.394789700244045
102300,102.3,0.1023,13.3578541734186,-0.0680913171760104,-0.0237816692217101,299.957117371983,-4.75066134993488,106.811317280869,61.6565473343405,84.2231826379787,554661.62672443,4.58696111406133,13.406117738345626
102400,102.4,0.1024,13.4646688708343,0.0498760630946841,0.0388018943152545,298.541692978953,-4.75057958372485,106.769568134114,61.6345592171203,84.2138005300764,554185.358795813,4.5909031569785,13.414726909356467
102500,102.5,0.1025,13.3793702971802,-0.0357881457561683,-0.0512851698788341,298.45110070427,-4.75036090430128,106.803201309601,61.672613755341,84.2044184221743,554640.406828459,4.58713660585109,13.425897081003306
102600,102.6,0.1026,13.4781886609327,0.0343158410014638,0.0441712802115905,301.255011902473,-4.75019447912688,106.779915240687,61.6469348391874,84.1950363142721,554226.832733351,4.59055961022196,13.434251174482585
102700,102.7,0.1027,13.4069028108397,-0.0371806449071504,-0.0346067729810052,300.89574716748,-4.74986448094305,106.83812297682,61.6625155245542,84.1856542063699,554607.295723561,4.58741046658553,13.445912964184734
102800,102.8,0.1028,13.4896657072845,0.0521144722852448,0.0199498147101018,298.328101054019,-4.74945889977789,106.783018501521,61.6641347224734,84.1762720984677,554274.02066307,4.59016879449511,13.453380807997055
102900,102.9,0.1029,13.4361001976664,-0.0350452906286739,-0.0086845689628023,299.44786050931,-4.74961023774055,106.826289845844,61.676431405294,84.1668899905655,554547.386517776,4.58790605654654,13.465058223459282
103000,103.0,0.103,13.494833751701,0.026334325662447,0.0201601673390404,300.433183605534,-4.74969623600536,106.818904928961,61.6604199888498,84.1575078826633,554303.302855479,4.58992630955025,13.472738745852567
103100,103.1,0.1031,13.4587339600761,-0.0128080583955681,-0.0281410994753655,299.395503673411,-4.74945379235291,106.824594169588,61.687528030603,84.1481257747611,554514.703469724,4.58817646732766,13.484562125868049
103200,103.2,0.1032,13.5117639717542,-0.0007109731380869,0.0309461849171044,298.468254685245,-4.74909245605228,106.82205267382,61.6761627983665,84.1387436668589,554337.53734853,4.58964284723755,13.492350516862153
103300,103.3,0.1033,13.4961280068511,-0.016053840339286,-0.0197277327567827,299.724364358761,-4.74885755147702,106.855662592166,61.6814934002534,84.1293615589567,554498.039358935,4.58831435398468,13.503853284118467
103400,103.4,0.1034,13.5249740371985,0.0118314015461627,0.0085983985980208,302.787526178527,-4.74893858651132,106.834927066852,61.6861490247664,84.1199794510545,554370.452301522,4.58937034375556,13.511259228101471
103500,103.5,0.1035,13.5087385448227,-0.0124300121334362,-0.0132080272842822,301.023401720493,-4.74858813488345,106.848750795616,61.6981248164143,84.1105973431523,554487.973635092,4.5883976465129,13.522531841847474
103600,103.6,0.1036,13.5445052485183,0.0102455669127783,0.006394666562634,299.166568144633,-4.74853430079883,106.866603758983,61.6797978003312,84.1012152352502,554354.044249894,4.58950618226223,13.530718196203276
103700,103.7,0.1037,13.5349891062693,-0.0142018071101971,0.0047842056143972,298.029183262851,-4.74846250773904,106.867032219251,61.6940040655073,84.091833127348,554422.090967531,4.58894289151974,13.54163563577801
103800,103.8,0.1038,13.5574855568154,0.008574109427002,0.0032645617499236,298.041344852296,-4.74818569300977,106.835057748528,61.7132760838797,84.0824510194458,554367.490029817,4.58939486713068,13.550608028418939
103900,103.9,0.1039,13.5513507932757,0.0065776065030738,-0.0174679523002154,299.180521215133,-4.74786830119586,106.875956465656,61.7054810959023,84.0730689115436,554447.791367832,4.58873017957263,13.560807598691536
104000,104.0,0.104,13.5797136290909,-0.0069818624137424,0.0094918517290654,300.600577956273,-4.7478340216249,106.900626573483,61.6926486769791,84.0636868036414,554398.56845244,4.58913759526639,13.569939447697625
104100,104.1,0.1041,13.5825103314955,-0.0126584379021215,0.0156933326031647,300.745848804063,-4.74774861615539,106.879015704733,61.7121200145202,84.0543046957392,554399.55325897,4.58912944336107,13.579425531421185
104200,104.2,0.1042,13.5811687888404,0.0358145895348883,-0.042958042957202,300.213671648186,-4.74765405312148,106.864624398799,61.7292905603772,84.044922587837,554417.245633863,4.58898299662049,13.58904247754261
104300,104.3,0.1043,13.5984539767142,-0.0049916447003337,0.0195946699830501,298.375133845591,-4.74746547107965,106.91270033139,61.7020160787715,84.0355404799348,554359.699929439,4.58945935927665,13.597899054323761
104400,104.4,0.1044,13.6023899829614,-0.0307396427297463,0.0142564365380018,298.751839357098,-4.74756076101134,106.92225634798,61.7076698162072,84.0261583720326,554398.14735298,4.58914108099839,13.608881605368595
104500,104.5,0.1045,13.6279843024708,0.0310426554431376,-0.0067154681314636,298.881361625969,-4.74720135053594,106.888853241227,61.7256231584323,84.0167762641304,554324.296418407,4.58975247826153,13.616867892201158
104600,104.6,0.1046,13.6149412268226,0.0052719008995352,-0.0237350194148574,299.009098512614,-4.74665705490613,106.905927737237,61.7378447681119,84.0073941562282,554460.694478239,4.58862339311739,13.628159836712673
104700,104.7,0.1047,13.6558977381704,-0.0260794153012873,0.0509192259757508,300.122538534685,-4.74655542602587,106.938391159367,61.7134932503654,83.998012048326,554348.381635625,4.5895530636171,13.635773872131756
104800,104.8,0.1048,13.6261578219571,0.0026981467144956,-0.0343615260361261,301.759810558711,-4.74674062425015,106.92601296125,61.7408345799807,83.9886299404238,554467.845660301,4.58856421190146,13.647152490049058
104900,104.9,0.1049,13.662263398538,0.0327077540646154,-0.0056400695771627,298.982035120328,-4.74652324955404,106.897675007515,61.747638577157,83.9792478325217,554320.057696503,4.58978757474431,13.654415116556626
105000,105.0,0.105,13.6436768010307,-0.0426828888242093,0.0091309131847531,299.592474569329,-4.74661664480671,106.954470975001,61.7356491527308,83.9698657246195,554444.936697731,4.5887538055632,13.66602375892532
105100,105.1,0.1051,13.6954449017349,0.0153081441407605,0.0189428245823217,299.288494608048,-4.7462649832686,106.953004355472,61.7249882500054,83.9604836167173,554279.65248203,4.59012215558363,13.673275772100283
105200,105.2,0.1052,13.6560414406981,-0.0117767693669234,-0.0389392164442219,300.152692505261,-4.74577350546416,106.945707055134,61.7638873991636,83.9511015088151,554529.145860439,4.5880569709266,13.685076955972637
105300,105.3,0.1053,13.7240710811682,0.0288624324328847,0.0184439300631637,301.326564291147,-4.74563045561803,106.924766514319,61.7545335557729,83.9417194009129,554274.650871239,4.59016357549065,13.692592616902585
105400,105.4,0.1054,13.6761517665891,-0.0417625980258923,-0.0196744595981938,300.705844283888,-4.74555672596271,107.002683201035,61.746350341768,83.9323372930107,554543.064605214,4.58794181306409,13.703927237403189
105500,105.5,0.1055,13.7444530246034,0.0230680911067275,0.0358659835732225,299.358370890857,-4.74556812987062,106.964290122644,61.7402895018163,83.9229551851085,554227.719598189,4.59055226449427,13.71161407421398
105600,105.6,0.1056,13.6899808244423,-0.0158477867152184,-0.0398006279410598,299.130937467355,-4.74548045776521,106.955067983363,61.7843326084931,83.9135730772063,554513.26768033,4.58818834739527,13.722493424783357
105700,105.7,0.1057,13.7609778925914,0.0417405686031578,0.023174711192406,299.231134162898,-4.74514944236554,106.965146403662,61.7535684337717,83.9041909693041,554227.412444155,4.59055480858829,13.730402820475975
105800,105.8,0.1058,13.7111644603091,-0.062225529471787,-0.0020315220295915,299.692287862888,-4.74491680934577,107.042266906111,61.7509349286484,83.8948088614019,554541.335675452,4.5879561171901,13.741035343225922
105900,105.9,0.1059,13.7903476291616,0.0296397929842735,0.0373165208081674,298.849551689312,-4.74456473147503,106.964336920559,61.7661939679862,83.8854267534997,554212.558247512,4.59067784622577,13.749738412434118
106000,106.0,0.106,13.7289750401017,0.0136198745748121,-0.0691144885066354,299.243516905653,-4.74437604011823,106.974569837164,61.8044087765024,83.8760446455975,554546.472773204,4.58791361619116,13.759986643044916
106100,106.1,0.1061,13.8041598241387,-0.00102537123071,0.0564649080630584,301.4121277128,-4.74443329925096,107.022806525867,61.7501131007994,83.8666625376953,554247.130875008,4.5903914905799,13.768586543509
106200,106.2,0.1062,13.7423376881971,-0.0511988788652241,-0.0030445685417198,300.279853980727,-4.74424175834948,107.037350994336,61.7805398034242,83.8572804297931,554533.547590894,4.58802055222806,13.778776812213458
106300,106.3,0.1063,13.8105692479509,0.0636816936651365,-0.0175392708073672,300.891970150144,-4.74443023386904,106.950511433799,61.8054035723541,83.847898321891,554244.62952888,4.59041220734894,13.787636298414053
106400,106.4,0.1064,13.7778639060758,-0.0190392652828756,-0.0115470604856729,297.314528602816,-4.74396888001226,107.032848914689,61.7868144698012,83.8385162139888,554442.449751557,4.58877438837342,13.797622651307272
106500,106.5,0.1065,13.8291986190801,-0.0210766851958479,0.0576874411130389,298.828847899119,-4.74363618764603,107.066216748384,61.7580360646247,83.8291341060866,554294.939781069,4.58999556130145,13.806551472559153
106600,106.6,0.1066,13.8029925516383,0.0152001092279659,-0.0478090634063142,301.257361557551,-4.74350042118857,107.008929518374,61.8170990966495,83.8197519981844,554466.117206659,4.58857851596852,13.816455542238906
106700,106.7,0.1067,13.832122693015,0.0198073895858344,-0.0128151434822889,301.226329453891,-4.74338621646538,107.009055150032,61.8124833270811,83.8103698902822,554363.309238374,4.58942947855331,13.826079204094087
106800,106.8,0.1068,13.8338313883266,-0.0371575356041227,0.0316321134150993,297.921200362061,-4.74300750873812,107.094345609277,61.7725998765085,83.80098778238,554385.112908572,4.58924897874476,13.834881555562731
106900,106.9,0.1069,13.8351587419449,-0.022258550904068,0.0019739538253511,300.967880864221,-4.74329944933822,107.070636124654,61.7945109958986,83.7916056744778,554396.902965161,4.58915138168952,13.844610646734528
107000,107.0,0.107,13.8662380264024,0.0478286555537705,-0.022361803173792,299.31939828572,-4.74278504814369,106.999182459761,61.8348187914267,83.7822235665756,554326.236106592,4.58973641788395,13.853644718833056
107100,107.1,0.1071,13.8437957551289,-0.0307436795109553,0.0005263547784803,300.133189046001,-4.74237392634361,107.081348643731,61.8132514217271,83.7728414586734,554496.318500119,4.58832859364857,13.863379433416469
107200,107.2,0.1072,13.8877334842402,-0.0074747195050561,0.0343711590144003,303.622386670942,-4.74259921815086,107.101924582121,61.7874321726046,83.7634593507712,554309.123397121,4.58987811287426,13.872176157111499
107300,107.3,0.1073,13.8622531844339,-0.0113841843725737,-0.026067326646292,300.954727534599,-4.74244313451608,107.055364943169,61.8387276737195,83.754077242869,554466.025074717,4.58857927842219,13.882329692676246
107400,107.4,0.1074,13.9177988053082,0.050704950646475,-0.0033859093028394,298.53489310696,-4.74220463450707,107.026456922318,61.8379524951899,83.7446951349668,554247.261134989,4.59039041173955,13.890733327316257
107500,107.5,0.1075,13.8768965028852,-0.0423389306078458,0.0049807657769661,297.438988535533,-4.74184694988119,107.132284216695,61.8083949665438,83.7353130270646,554467.990079976,4.58856301673968,13.900437598944986
107600,107.6,0.1076,13.9397224062688,0.0114966849465508,0.0463111663372511,300.594570940976,-4.74194224771075,107.094024876734,61.8104939711219,83.7259309191625,554226.694877232,4.59056075205929,13.908813203134027
107700,107.7,0.1077,13.8826121923272,-0.0009520973519595,-0.0544968144413924,300.542245630657,-4.74147356106445,107.063014997389,61.8701716449835,83.7165488112603,554539.014945417,4.58797531765621,13.919095943835528
107800,107.8,0.1078,13.9557869293877,0.0458198584623022,0.0156401268802463,301.997111239772,-4.74112082168215,107.086519162574,61.8330160511208,83.7071667033581,554265.535955096,4.59023906089136,13.927244540707544
107900,107.9,0.1079,13.9079002572798,-0.0631345781145728,0.0078855116106572,301.704920613833,-4.7411678465411,107.169147397351,61.8227643092218,83.6977845954559,554539.080995002,4.58797477119542,13.937466756283678
108000,108.0,0.108,13.9784441896243,0.028118651697311,0.0325259915840451,299.67837597436,-4.74101473677349,107.085612289754,61.8439247775207,83.6884024875537,554234.358312899,4.5904972780677,13.945872321737149
108100,108.1,0.1081,13.9279113582897,0.0090001807289881,-0.0591160129568707,300.078695498126,-4.74109704270125,107.090949903258,61.8753809950922,83.6790203796515,554481.73430057,4.58844927769579,13.956614197249065
108200,108.2,0.1082,13.991426756858,0.0073032994698377,0.0424159352833124,299.15755334021,-4.74092271399647,107.136830532901,61.8283970606187,83.6696382717493,554235.925204468,4.59048430018021,13.964241969426867
108300,108.3,0.1083,13.9510858000021,-0.0358778826660555,-0.0015950385678529,300.777363350442,-4.74088180743576,107.162004132682,61.844835631853,83.6602561638471,554451.364735301,4.58870060579901,13.974637243241476
108400,108.4,0.1084,14.0008709137912,0.0382962429964131,-0.0144967301307628,302.38418571201,-4.74047433325479,107.09979551013,61.8718264190043,83.6508740559449,554309.167326002,4.58987774912741,13.982522542806565
108500,108.5,0.1085,13.9774532758128,-0.0110153554395459,-0.0154878321004176,301.513114237099,-4.74012976615608,107.143593391441,61.8691013796451,83.6414919480427,554449.232622324,4.58871825146886,13.99300697966184
108600,108.6,0.1086,14.016397242479,-0.013200830089849,0.0407397613580142,299.269385374969,-4.73996982991014,107.180999012279,61.8379784600822,83.6321098401405,554301.606776348,4.58994035403096,14.000963601005596
108700,108.7,0.1087,13.9976404620824,-0.0040222243302027,-0.0238798140568424,300.215751460566,-4.74012042845352,107.154794795812,61.8733860779602,83.6227277322384,554421.192585404,4.58895032742647,14.011393805680912
108800,108.8,0.1088,14.033281904446,0.0269714732088139,-0.0061590513160698,300.170534476792,-4.73994419260422,107.117862814992,61.8885400590212,83.6133456243361,554303.649883729,4.58992343597347,14.019279688456539
108900,108.9,0.1089,14.0170409398892,-0.0214601428054486,0.0083846414043266,299.093180549335,-4.7395949327152,107.185246910039,61.8683602926916,83.603963516434,554409.273182992,4.58904898657278,14.028942528247168
109000,109.0,0.109,14.0454150516809,-0.0018324581425873,0.0217792638655652,299.857339092744,-4.73935796730881,107.193378248148,61.8608509307785,83.5945814085318,554321.821260493,4.58977297242527,14.03722662986975
109100,109.1,0.1091,14.0400742388312,0.0032363997350926,-0.0162885753047903,302.165659930539,-4.73912771045589,107.155192627288,61.9007360391608,83.5851993006296,554419.397761078,4.58896518325531,14.047081280971375
109200,109.2,0.1092,14.0518404334109,0.0141925994914601,-0.0162301931082399,301.096804784683,-4.7388953769405,107.163635610909,61.9009263106236,83.5758171927274,554402.549473735,4.58910464185644,14.05548302478284
109300,109.3,0.1093,14.0780443118682,-0.0068762857768744,0.0126709816559735,299.534142313083,-4.73894177623233,107.218838472386,61.8674211625867,83.5664350848252,554325.66590557,4.58974113906602,14.064752759928018
109400,109.4,0.1094,14.0624551022099,-0.0233594742080446,0.0132950779647428,299.355513234575,-4.73888941841989,107.218673420619,61.8811690027167,83.557052976923,554385.743043373,4.5892437624391,14.073463107164297
109500,109.5,0.1095,14.0879278079452,0.0236258076098633,-0.0212313708092707,299.106577604443,-4.73863902064147,107.162453965186,61.9163026725593,83.5476708690208,554347.396182309,4.58956122238237,14.082448347836083
109600,109.6,0.1096,14.0896078499499,0.0070061467962953,-0.0169077608374829,299.162936610425,-4.73833360720927,107.203529712641,61.9025963876409,83.5382887611186,554374.856388956,4.58933388469176,14.091506990286032
109700,109.7,0.1097,14.107778231272,-0.028011304033496,0.0439430685098818,299.621998622939,-4.73789874150479,107.259785439173,61.8740687525491,83.5289066532164,554347.88665265,4.58955716167661,14.100202763866163
109800,109.8,0.1098,14.1024275708646,-0.0037415782621483,-0.0218212521345825,301.267173439262,-4.73761855959302,107.215260284504,61.9201495940197,83.5195245453142,554468.163048481,4.58856158531956,14.109600314932242
109900,109.9,0.1099,14.1316057106148,0.0386120582147186,-0.0240430327780385,303.175617246988,-4.73796464034374,107.183238181154,61.9296147205759,83.510142437412,554325.013502603,4.58974654088024,14.1178327971352
110000,110.0,0.11,14.1219649472721,-0.0371010222641574,0.0153195617192522,301.134385680956,-4.73779699794844,107.277917937109,61.892808124271,83.5007603295099,554422.636220075,4.58893837847748,14.127554092963404
110100,110.1,0.1101,14.146310724727,-0.0226012347349294,0.0360623879539267,300.823072971929,-4.73773557466317,107.272443536933,61.8922609180156,83.4913782216076,554327.151535551,4.58972883828476,14.13579849596692
110200,110.2,0.1102,14.1317639138373,0.0244675559847054,-0.0496375726624513,301.472706299919,-4.73774912836855,107.196220528591,61.9521977852926,83.4819961137055,554407.397022679,4.58906451629267,14.14601228051621
110300,110.3,0.1103,14.1623533442291,0.0176097560494743,-0.0086773834452967,300.165491391991,-4.73751107257064,107.226131722167,61.9321663637199,83.4726140058033,554320.480019049,4.58978407790297,14.15358540591509
110400,110.4,0.1104,14.1594883216535,-0.052900031826137,0.0315814150480184,300.022436790538,-4.7372021198013,107.326886458221,61.8885684392314,83.4632318979011,554388.439352817,4.58922144231043,14.16357023599823
110500,110.5,0.1105,14.1720070821702,0.0036747122196686,0.0129779388267847,302.474581238569,-4.73701197725678,107.270966343659,61.9222881251099,83.4538497899989,554339.166636143,4.58962935757511,14.171509050994722
110600,110.6,0.1106,14.1581456606321,0.0270194413379068,-0.0576524872850077,302.781389357583,-4.73677256875053,107.213621272314,61.9758281812448,83.4444676820967,554459.530069151,4.58863302959127,14.181360143557354
110700,110.7,0.1107,14.2077933497746,0.0031319732465996,0.0310169614802326,297.772743937976,-4.73618193693263,107.281366823521,61.9263072860748,83.4350855741945,554304.235634389,4.58991858565751,14.1892577154553
110800,110.8,0.1108,14.1838621014407,-0.0428919348836076,0.0113065490388234,299.271079340767,-4.73663047892506,107.331262070024,61.9167117179765,83.4257034662923,554413.75583887,4.58901188228524,14.199061542586595
110900,110.9,0.1109,14.2176590833383,0.0303575417776758,-0.0069618845610764,299.760020175841,-4.73649516019736,107.251597601852,61.9555935485387,83.4163213583901,554287.807553016,4.5900546224871,14.207342772209214
111000,111.0,0.111,14.2088394238915,0.0127052450059457,-0.0302676131893948,297.951079689764,-4.73587093716685,107.273022517929,61.9656878383263,83.4069392504879,554426.495586163,4.58890643485051,14.21675040063895
111100,111.1,0.1111,14.2331594979661,-0.0138404233527958,0.0213792904482388,301.489891532218,-4.73593276623447,107.330104525151,61.9310666970221,83.3975571425857,554349.221847244,4.58954610735981,14.22520698716419
111200,111.2,0.1112,14.2235651226178,-0.0230423310780374,0.0039909743981012,300.993956987003,-4.735687204958,107.322450510517,61.950022302898,83.3881750346835,554416.972309632,4.58898525896149,14.234387782556471
111300,111.3,0.1113,14.2462922581502,0.029563690122126,-0.010496345448355,299.836556959016,-4.73544139918525,107.280961168008,61.9724770218671,83.3787929267814,554341.145008049,4.58961297778107,14.243209749445446
111400,111.4,0.1114,14.2522829352912,0.0066249950580986,-0.0149999372666592,297.069921506609,-4.73498983651881,107.319684501708,61.9630906762984,83.3694108188792,554394.855381887,4.58916833110657,14.252276465803682
111500,111.5,0.1115,14.2662579780277,-0.011677160331777,0.0328293505626384,298.060957852814,-4.73494643675135,107.350495557344,61.9463854738781,83.360028710977,554342.12181597,4.58960489041023,14.261284528513457
111600,111.6,0.1116,14.2635604452548,0.0026796920881784,0.0007170715043759,299.270296039753,-4.73492184909718,107.328518199509,61.9713634093036,83.3506466030748,554389.706117957,4.58921095606641,14.270342924393976
111700,111.7,0.1117,14.2868668230113,0.0217810147574679,-0.0084096627749315,300.658716493264,-4.73492536704005,107.307072558921,61.9848388958612,83.3412644951726,554337.053834501,4.58964685049999,14.279026319082215
111800,111.8,0.1118,14.2856345935318,-0.0132713278808468,-0.005386585222663,299.545397942072,-4.73471521549069,107.35422219895,61.9730570455968,83.3318823872704,554412.791457005,4.5890198647126,14.287613371253169
111900,111.9,0.1119,14.3068140353034,-0.0144830220645894,0.0266368979440689,300.202640756334,-4.73475302930884,107.372558608927,61.9588736489258,83.3225002793682,554318.163812664,4.58980325621586,14.297085767112211
112000,112.0,0.112,14.2971501619811,0.0130641004915232,-0.031192711288089,301.290857267863,-4.73456965972547,107.342431036032,61.993310379716,83.313118171466,554408.198293917,4.58905788384132,14.305187298455287
112100,112.1,0.1121,14.3255177014867,0.017807360414742,-0.0079584579239107,300.282276760656,-4.73403333301361,107.336168762705,61.9975084411595,83.3037360635638,554350.961823295,4.58953170186427,14.314386090841834
112200,112.2,0.1122,14.3141213889063,-0.0195332910174029,0.0050777316815037,300.975696544238,-4.73378126037947,107.395292257692,61.978126313811,83.2943539556616,554420.462819579,4.5889563677142,14.322841607569696
112300,112.3,0.1123,14.3321932849731,-0.012590502359913,0.0160876803993894,301.425140661795,-4.73369547028748,107.402840448713,61.9763104908994,83.2849718477594,554380.734007978,4.58928522795735,14.332106655019164
112400,112.4,0.1124,14.3455458413266,0.0052772832673235,-0.009880422243411,298.549282150858,-4.73363503773619,107.354026649263,62.0098504119933,83.2755897398573,554366.194956802,4.58940558856627,14.34057287098926
112500,112.5,0.1125,14.3511231709501,0.0262238276119097,-0.0238825123635561,298.421705650474,-4.73356217101675,107.363973201368,62.0110280097234,83.266207631955,554365.62295696,4.58941032395959,14.35005948398147
112600,112.6,0.1126,14.3602456574956,-0.0113190568581672,0.0200269654337066,300.310338069496,-4.73341615514062,107.429551277727,61.9784214424418,83.2568255240529,554350.087353968,4.58953894170204,14.359101295112836
112700,112.7,0.1127,14.3552084082698,-0.034174301324748,0.0197673046332419,301.893081198017,-4.73314281716405,107.420233807229,61.9992016490948,83.2474434161507,554425.37058735,4.58891574631886,14.367956513776479
112800,112.8,0.1128,14.3862947556374,0.0481240421053761,-0.0356479093618789,299.602764566672,-4.73265176103967,107.352718045798,62.0382699998298,83.2380613082485,554363.566124754,4.58942735185885,14.376737425461867
112900,112.9,0.1129,14.3763165131557,0.0055072354030354,-0.0065024792977643,299.733311640208,-4.73264200755697,107.419655099743,62.0108809808321,83.2286792003463,554401.833152381,4.58911057126261,14.385172463308606
113000,113.0,0.113,14.3965039202711,-0.0438346650620728,0.0488085699942628,300.337533371874,-4.73261140293838,107.470005978031,61.985333249985,83.2192970924441,554370.684844788,4.58936841864084,14.394517298108436
113100,113.1,0.1131,14.4020401228289,0.021467037589772,-0.0209702639766932,297.427168135528,-4.73210307992101,107.398865635492,62.0360404302075,83.2099149845419,554394.410423741,4.58917201438294,14.402784330108982
113200,113.2,0.1132,14.4182691419989,0.0378852984332395,-0.0178042767145813,297.581545770748,-4.73194589226597,107.38832613143,62.0438462340551,83.2005328766397,554347.245289111,4.58956247165992,14.411349023930637
113300,113.3,0.1133,14.416765781007,-0.0281598935155349,0.028852530079941,299.512466480931,-4.73197173814372,107.466465201108,62.0110642020499,83.1911507687375,554394.969196926,4.58916738896892,14.420145186740847
113400,113.4,0.1134,14.4274406975969,-0.0146946674309217,0.0171780085851144,298.831337534885,-4.73168831606859,107.46506932372,62.0179170201999,83.1817686608353,554386.503861635,4.58923746434122,14.42889005054548
113500,113.5,0.1135,14.4378532668257,0.0273604529204637,-0.0200711782278303,300.029597236123,-4.73169989680299,107.420272943388,62.0483108725809,83.1723865529331,554364.457504326,4.5894199723782,14.437358871617413
113600,113.6,0.1136,14.4465178580247,0.0072545105513444,-0.0099423863117571,299.498913748787,-4.7314476492886,107.451129845648,62.0411429012178,83.1630044450309,554397.096186328,4.58914978225621,14.445965888261266
113700,113.7,0.1137,14.4609869876443,-0.0302647412775996,0.029060334922132,301.241268745056,-4.73140790909015,107.499490405336,62.0174860653086,83.1536223371288,554372.573097793,4.58935278675512,14.454438448818165
113800,113.8,0.1138,14.4537041529087,0.0052203682175843,-0.0200223017400121,300.368517393748,-4.73106482053592,107.473836375369,62.0458797143387,83.1442402292265,554431.462486259,4.58886532491835,14.46311433269796
113900,113.9,0.1139,14.480431313149,0.0271879224084499,-0.0155686966536585,300.020601613302,-4.73084079373839,107.441396753391,62.0648154846396,83.1348581213244,554370.707106494,4.58936823434688,14.47133847166073
114000,114.0,0.114,14.4651378267212,-0.0143915556527931,0.0076955058341605,300.548720245095,-4.73091295564664,107.492429604226,62.047569967804,83.1254760134222,554417.336236775,4.58898224668863,14.479781641542854
114100,114.1,0.1141,14.4893938822188,-0.0157642205085041,0.0293881778270593,298.951990757857,-4.73075617944488,107.514767956575,62.0349794090656,83.11609390552,554357.451341326,4.58947797507001,14.487978360878136
114200,114.2,0.1142,14.4962289632134,0.0110301195026221,-0.0239224184796924,300.194500539099,-4.73077303124043,107.466607375201,62.0735042737267,83.1067117976178,554390.655856381,4.58920309419151,14.496398865294854
114300,114.3,0.1143,14.5098643137,0.0188338804124776,-0.0067892011129018,299.915570419438,-4.73016961650694,107.469398510877,62.0764349610366,83.0973296897156,554368.638763821,4.58938535722414,14.504724531031641
114400,114.4,0.1144,14.5058270592007,-0.0250321447937963,0.0096812219730057,301.106561173197,-4.72989188111195,107.545591779637,62.0498579315076,83.0879475818134,554461.552168535,4.58861629502783,14.513095905892605
114500,114.5,0.1145,14.536805186116,-0.0105806129057971,0.0180099839224256,301.873334045815,-4.72994370519655,107.526240821443,62.0571333735782,83.0785654739112,554364.181587098,4.58942225661676,14.521481505295641
114600,114.6,0.1146,14.5243947064547,0.0215172291782478,-0.0393525893883078,299.130977401863,-4.72969811625857,107.47054647063,62.1051604331291,83.069183366009,554443.231706283,4.58876791663093,14.52988365567515
114700,114.7,0.1147,14.5512501721409,0.0107469344204217,0.003990520410478,298.729804031249,-4.7295641068605,107.526167108334,62.0697225652361,83.0598012581068,554351.027690691,4.58953115654102,14.538184530819178
114800,114.8,0.1148,14.5421387653096,-0.0558932916202839,0.0419364136847753,298.98149731075,-4.72935976636736,107.600722146989,62.0420287438284,83.0504191502046,554425.255496873,4.58891669890985,14.546510706851041
114900,114.9,0.1149,14.5630574649838,0.0266351754007873,-0.0251556841583671,300.655169084744,-4.72931715103698,107.500571681965,62.1025797246943,83.0410370423024,554387.180208838,4.5892318655142,14.554363804144165
115000,115.0,0.115,14.5571540090333,0.0423416475054035,-0.0418050673934194,300.024542201262,-4.72903857841268,107.486886163782,62.1205020179572,83.0316549344003,554413.928701252,4.58901045146346,14.562929940392287
115100,115.1,0.1151,14.5604484923197,-0.0474623051954839,0.042638574163808,299.500016709755,-4.72865763562255,107.614442863786,62.0581537402503,83.0222728264981,554452.097924628,4.58869453785135,14.571360606999928
115200,115.2,0.1152,14.5903007277486,-0.0144588672483644,0.0287863801256332,301.703590062801,-4.72840307865938,107.573225990122,62.0821671225237,83.0128907185959,554391.545591992,4.58919572904056,14.579569570306951
115300,115.3,0.1153,14.5765883435002,0.0479827512102359,-0.0774301765628901,301.317652822983,-4.72804333473938,107.483514457519,62.1551915215223,83.0035086106937,554518.089230209,4.5881484529727,14.587727004989787
115400,115.4,0.1154,14.6180843160006,0.0113395550004168,0.0225127933112664,300.279856206394,-4.72824500102175,107.561471231118,62.0958426582735,82.9941265027915,554327.746279961,4.58972391391359,14.59610372239568
115500,115.5,0.1155,14.5834872069013,-0.0698460654058018,0.0290842243428024,300.077200929426,-4.72826586532232,107.649146880226,62.0717867491463,82.9847443948893,554501.978206522,4.5882817613671,14.604693909091168
115600,115.6,0.1156,14.6304988585533,0.0419841184969906,-0.0088184884407009,300.378100802833,-4.72813160921365,107.538210455704,62.1220250139333,82.9753622869871,554316.194160384,4.5898195651683,14.612590720437888
115700,115.7,0.1157,14.6027825419165,0.0186792426017599,-0.0435536744636807,299.928537768478,-4.72771914435485,107.550332493605,62.1423399849956,82.9659801790849,554497.26509849,4.58832076077969,14.621705473484836
115800,115.8,0.1158,14.6420349265562,-0.0147284473216179,0.0435139502862052,300.793560655225,-4.72737933025299,107.627466828617,62.0903383469661,82.9565980711827,554367.905107081,4.5893914308685,14.629837278136273
115900,115.9,0.1159,14.6179536102531,-0.0165124934836633,-0.0034429725831175,298.499588659139,-4.72687894374038,107.626771353495,62.1148118559981,82.9472159632805,554520.109501839,4.58813173706647,14.638724162509774
116000,116.0,0.116,14.6584532371465,0.0381676796867739,-0.0160165703186522,297.665097535643,-4.72706930499128,107.563693391318,62.1401788483699,82.9378338553783,554358.732830857,4.5894673657522,14.646332740371422
116100,116.1,0.1161,14.6439061574321,-0.017018520887506,-0.0039339854610867,299.522622278164,-4.72732455565724,107.615773536302,62.1264848906409,82.9284517474761,554442.190901785,4.58877653071255,14.65546714228266
116200,116.2,0.1162,14.671154206064,-0.0034325479170773,0.0129738845581208,299.880472965383,-4.72703778882896,107.640077436282,62.1124843501775,82.9190696395739,554379.704285781,4.58929375223922,14.663206552266601
116300,116.3,0.1163,14.6519105233348,0.0014829888666939,-0.0200405052301335,301.830307095754,-4.72680229244453,107.625506707822,62.1379449941488,82.9096875316718,554469.132534272,4.58855356224849,14.672508653100428
116400,116.4,0.1164,14.6866936526617,0.0092736337085746,-0.00690865522482,300.771184903901,-4.72637911146055,107.615915546487,62.1442909621498,82.9003054237696,554413.596844225,4.58901319832135,14.679975182432818
116500,116.5,0.1165,14.6846546299778,-0.0083551499443914,-0.0066607061083593,300.098120266947,-4.72618201565507,107.644758839979,62.1402425989735,82.8909233158674,554463.306861033,4.58860177357891,14.68929527898523
116600,116.6,0.1166,14.7069864604896,-0.0025374528226923,0.01666755545301,299.524758380093,-4.72601616913088,107.643456848254,62.1404063201553,82.8815412079652,554395.304314381,4.58916461493731,14.696300139898735
116700,116.7,0.1167,14.6955020321125,0.000152518129449,-0.0149030872807189,299.761406951468,-4.72595664758771,107.630790065684,62.1624020301325,82.872159100063,554463.509911714,4.58860009318209,14.705248543162776
116800,116.8,0.1168,14.7208736415302,0.0215241533662029,0.002777284858971,299.706252963624,-4.72582539539964,107.637134298254,62.1559333946106,82.8627769921608,554375.72242528,4.58932671531242,14.713037298074381
116900,116.9,0.1169,14.7179740150514,-0.0144315904011369,0.0104014820028637,298.980878210321,-4.72546979609042,107.675876009528,62.148820476937,82.8533948842586,554449.010108677,4.58872009303123,14.721886015528208
117000,117.0,0.117,14.738955423344,0.0036878907842959,0.0121873443140817,301.993054949033,-4.72531261053699,107.669585378213,62.1570632441513,82.8440127763564,554427.361078756,4.58889927130699,14.729793539011862
117100,117.1,0.1171,14.7277855639787,-0.0008629391302873,-0.0208043571137477,301.416147741915,-4.72502486278141,107.666930568324,62.1743011629022,82.8346306684542,554504.640298808,4.5882597337255,14.738465153744306
117200,117.2,0.1172,14.7591377329575,0.0034781505742692,0.0133931423246347,301.169799168598,-4.72511040926915,107.679624248689,62.1605983969951,82.825248560552,554384.993406246,4.58924996799579,14.746827852876065
117300,117.3,0.1173,14.7466140887952,-0.0256334553444328,0.0050198629746932,298.238823019432,-4.72482928427031,107.697090390747,62.1690013757428,82.8158664526498,554487.054996431,4.58840524827643,14.755008630738809
117400,117.4,0.1174,14.7797940609074,0.0190005627335745,0.0020341797419201,297.295922194983,-4.72458620733743,107.665266953579,62.181876010233,82.8064843447476,554375.19318477,4.58933109656476,14.763743050835984
117500,117.5,0.1175,14.7700096907034,-0.0015226853293397,-0.00995874941024,301.462915719694,-4.72468783585657,107.691519510294,62.1825355752435,82.7971022368454,554453.423365805,4.58868356840931,14.77173055167697
117600,117.6,0.1176,14.7797828932082,-0.0182595982077184,0.0161872730623278,301.287248505976,-4.72403491538796,107.729506125327,62.1703199175765,82.7877201289432,554477.201446459,4.58848678829337,14.780603546617787
117700,117.7,0.1177,14.7967908218071,0.0106442316002865,0.0004703378238037,299.757977689035,-4.72374755762121,107.710956984644,62.1854992632346,82.7783380210411,554454.244651353,4.58867677142014,14.787220300122662
117800,117.8,0.1178,14.7921339379403,0.0184267114531466,-0.0282962608736718,300.94770344675,-4.72395164459801,107.695050509195,62.2057198920042,82.7689559131389,554489.774425123,4.5883827449924,14.796691778750315
117900,117.9,0.1179,14.815449466761,-0.0029715221370129,0.0262917075223907,299.547429014975,-4.72382996666317,107.728184755369,62.1819607932232,82.7595738052367,554385.675230371,4.58924432379991,14.80309190408608
118000,118.0,0.118,14.7971613905786,-0.0233885078769491,0.0087411644743198,298.979959798764,-4.72363921027381,107.758711748863,62.1847833409192,82.7501916973345,554505.074404433,4.58825614171264,14.81305999071698
118100,118.1,0.1181,14.8399166549393,0.041029853898031,-0.0168898752823573,300.96040036338,-4.72352997862319,107.711625001591,62.2050258388676,82.7408095894323,554380.337825174,4.58928850764778,14.818964075819542
118200,118.2,0.1182,14.8029675347438,-0.0194150585933542,-0.0149633237912211,301.839820472737,-4.72294333353671,107.747027573674,62.2145166612127,82.7314274815301,554584.270226859,4.58760092890161,14.828865623067012
118300,118.3,0.1183,14.8514341877557,0.0066180544613154,0.0316326161212131,301.595496755855,-4.72277710071403,107.762372000499,62.1919111575083,82.7220453736279,554398.835427981,4.58913538532761,14.835090711129281
118400,118.4,0.1184,14.8234199790113,-0.0082841388497875,-0.0283366857650516,299.462896222709,-4.72267756791287,107.758421456492,62.2207453074844,82.7126632657257,554572.633575925,4.58769719097335,14.844623602808735
118500,118.5,0.1185,14.8767030166935,0.0280532356818674,0.0115458690128602,299.653759845019,-4.72270746528879,107.723165620777,62.2248132468392,82.7032811578235,554364.548256919,4.58941922106435,14.851304926694224
118600,118.6,0.1186,14.8344432617889,-0.0319822470830629,-0.0135450795771135,299.142867809989,-4.72248210704934,107.790771229257,62.2158012235325,82.6938990499213,554569.20181749,4.58772558034023,14.860324785873457
118700,118.7,0.1187,14.8894307991507,0.0061499979942164,0.0315887916796128,302.984251366452,-4.72264079634931,107.78936819742,62.2001180486844,82.6845169420191,554359.288613602,4.58946276450023,14.867492188300155
118800,118.8,0.1188,14.8504810243718,-0.0173803862536775,-0.0330711246844691,302.339330491521,-4.7219911577752,107.773885123728,62.2450113545917,82.6751348341169,554616.775210995,4.58733205875184,14.875863393368116
118900,118.9,0.1189,14.9040187654711,0.0357628189110309,0.0117873309394957,301.535314438364,-4.7215684897907,107.75801721002,62.2366470539009,82.6657527262147,554397.679231608,4.58914495596956,14.882828621515841
119000,119.0,0.119,14.8666452586063,-0.0374157366619272,-0.002951535033108,300.463955118463,-4.72157952686204,107.837733286315,62.2216197078407,82.6563706183126,554610.892116659,4.58738071936713,14.890957261003043
119100,119.1,0.1191,14.9290506413615,0.009186461876882,0.0279021486840202,300.060346084348,-4.72157461372102,107.794668239729,62.225299904922,82.6469885104104,554359.267248083,4.58946294138237,14.898747388304054
119200,119.2,0.1192,14.8859704887903,0.0091230209365121,-0.0535504010833196,300.235233969712,-4.7214579818245,107.778124362636,62.2672732880521,82.6376064025082,554585.102180475,4.58759404687185,14.906791429469195
119300,119.3,0.1193,14.930736799665,0.0206056775270999,0.0153582456228904,298.89239211678,-4.72113980828222,107.804796740828,62.2389029700774,82.628224294606,554406.653866235,4.58907066772113,14.914725085523706
119400,119.4,0.1194,14.9079443187174,-0.0323933899419581,0.0065290070556068,300.443504138918,-4.72112996723436,107.85343587503,62.2334840061606,82.6188421867038,554545.523870657,4.58792146673314,14.922168962660331
119500,119.5,0.1195,14.9334032772366,0.008665041391518,-0.0002566336770458,300.217942803182,-4.72069379056313,107.816992250989,62.2552240303717,82.6094600788016,554488.822833802,4.58839061938954,14.93035636700267
119600,119.6,0.1196,14.9384601490359,0.023671629096539,-0.0243769421170857,301.354519442714,-4.72049242252019,107.809871710207,62.2694889140908,82.6000779708994,554516.262931772,4.58816356403239,14.938171091939955
119700,119.7,0.1197,14.935400914057,-0.0326533783650566,0.0079175964828383,299.885890697296,-4.72027561595249,107.866622174356,62.2508078691133,82.5906958629972,554578.713891951,4.58764689216444,14.946083485887915
119800,119.8,0.1198,14.9685049917778,0.0019306354212446,0.0240598830300908,298.888265165872,-4.72037240364106,107.841227614859,62.2539560172675,82.581313755095,554413.204259284,4.58901644784258,14.953844502033762
119900,119.9,0.1199,14.9396823243332,0.0087126217703871,-0.040160411658287,299.899819744598,-4.72039056734172,107.82673999783,62.2872281401933,82.5719316471928,554571.981590488,4.58770258452343,14.961819739328664
120000,120.0,0.12,14.9846206663515,0.0249399206772664,0.018659685766961,299.887843561319,-4.72003516902585,107.858131687341,62.2591240597588,82.5625495392906,554420.135844022,4.58895907410321,14.969775248340627
120100,120.1,0.1201,14.9463328108055,-0.0625961041318911,0.0097794523383465,300.824475370023,-4.71980124056768,107.912031099748,62.2601030647799,82.5531674313885,554642.881159847,4.58711614205993,14.977968687222132
120200,120.2,0.1202,15.0242916906058,0.0463273651805396,0.0136570373887117,300.247120342939,-4.71951706272574,107.823098758864,62.285358252165,82.5437853234862,554347.581049586,4.58955969182697,14.98535065132136
120300,120.3,0.1203,14.9563672849632,0.0107441036768049,-0.069562286638907,298.935883540165,-4.71918522531422,107.850735436408,62.3148625998027,82.5344032155841,554689.274020943,4.58673248682811,14.99399044808351
120400,120.4,0.1204,15.0465384543159,0.0008162118333867,0.0729618324124444,298.482772992506,-4.71899276503018,107.909164348294,62.2488855491907,82.5250211076819,554339.153166708,4.58962946909477,15.001703129076565
120500,120.5,0.1205,14.9672211439903,-0.057757926533245,-0.0262774370747264,299.18513586893,-4.71914987675401,107.938717433364,62.2804427573118,82.5156389997797,554708.999497765,4.58656938241582,15.010387491898005
120600,120.6,0.1206,15.0706576750755,0.0863169480243395,-0.0132768575912359,298.479761828455,-4.71909939507675,107.812977438389,62.3120053469221,82.5062568918775,554280.567262795,4.59011458007818,15.01743426983333
120700,120.7,0.1207,14.9815422715089,-0.0401008591340076,-0.0458841805730436,299.78253094065,-4.71884987230265,107.897925648555,62.3191741295606,82.4968747839753,554718.029083503,4.5864947231848,15.026047641998856
120800,120.8,0.1208,15.0774722245019,-0.0012210312215898,0.0792097080726958,299.965632812259,-4.71832450150533,107.945423302749,62.25557104612,82.4874926760731,554332.77571814,4.58968227153974,15.032986845989178
120900,120.9,0.1209,15.0034460325196,-0.0258629385438599,-0.0469616184638401,301.916827051431,-4.71834343039796,107.936157479449,62.3126254392389,82.4781105681709,554730.067950362,4.58639518612613,15.041492579089095
121000,121.0,0.121,15.0729726725525,0.0621195011775271,-0.0087923093361817,300.70339196368,-4.7180775681028,107.849914822847,62.3339852358069,82.4687284602687,554413.757706486,4.58901186682655,15.04847710364482
121100,121.1,0.1211,15.0322236624347,-0.0352980972348928,-0.0058163297700573,298.18138818388,-4.71788133570528,107.951118874252,62.3073797667639,82.4593463523665,554634.044608152,4.58718922500411,15.056609520241693
121200,121.2,0.1212,15.0785962286097,-0.0059523422533168,0.0359521695519182,298.945364611336,-4.7180581741817,107.973408122542,62.2800580524392,82.4499642444643,554442.215446686,4.58877632756953,15.063665698205563
121300,121.3,0.1213,15.0642941613006,0.0004510898294624,-0.0184566807755535,298.385700834766,-4.71754232595133,107.922738116309,62.3320807161788,82.4405821365621,554581.821060257,4.58762118884983,15.071585726148168
121400,121.4,0.1214,15.09085885927,0.0180068998600035,-0.0077558366082689,299.881649963175,-4.71716063767569,107.899862624719,62.3471536033151,82.43120002866,554535.233419652,4.58800660430101,15.079038346753308
121500,121.5,0.1215,15.0845611603869,-0.0144779442175158,0.0089399666846312,300.331277054386,-4.71707270241268,107.976502925094,62.3140771752457,82.4218179207577,554571.586561133,4.58770585241028,15.086637046003506
121600,121.6,0.1216,15.092635087263,-0.015326580518258,0.0237259794287261,299.766071447288,-4.7169112667658,107.998377374002,62.306320240307,82.4124358128556,554551.75480895,4.58786991689076,15.094038193399777
121700,121.7,0.1217,15.1059630696015,0.0149311688250523,-0.003238675845714,298.814445237252,-4.71676542455724,107.93474870444,62.3475104101092,82.4030537049534,554528.29015541,4.58806405086011,15.101423760554532
121800,121.8,0.1218,15.096158275709,0.0101470056735197,-0.0284622008823767,299.547953603146,-4.71684672276615,107.954272848059,62.3490744430659,82.3936715970512,554579.361601633,4.58764153411559,15.109204065302686
121900,121.9,0.1219,15.1374211120598,-0.0112911882939574,0.0285594166088412,299.445164935191,-4.71646563840659,108.013536696527,62.3138593237567,82.384289489149,554507.259886351,4.5882380579984,15.115667805916571
122000,122.0,0.122,15.1088888279574,-0.0289668771587275,-0.0005923548885353,301.55303428723,-4.71611825081686,108.001213854851,62.3457240164288,82.3749073812468,554664.344101343,4.58693864190792,15.123289607269065
122100,122.1,0.1221,15.1411804223325,0.0489187500836893,-0.017881862320341,301.143452906489,-4.71587313454972,107.94643329753,62.3683544412164,82.3655252733446,554521.073317975,4.58812376240939,15.129455263280356
122200,122.2,0.1222,15.1248227730559,-0.0039625161234946,-0.0123236514851899,299.150007265632,-4.71565371358268,108.014853942525,62.3501148155116,82.3561431654424,554647.091801843,4.58708131864851,15.137440421725117
122300,122.3,0.1223,15.1602119805004,-0.0180666149668631,0.0471364994261429,299.199324164897,-4.715764279129,108.034443260709,62.3296784900654,82.3467610575402,554502.67637641,4.5882759842982,15.143480081970678
122400,122.4,0.1224,15.1395477796219,-0.0065168858157285,-0.0240883270661875,299.690561154177,-4.71562787095743,107.995412180736,62.3740480637599,82.337378949638,554633.726526152,4.58719185575347,15.151725031511857
122500,122.5,0.1225,15.1727426526963,0.044677541558659,-0.0190011024641416,300.115471932414,-4.71540562216397,107.975220669652,62.3796565688056,82.3279968417358,554516.697715514,4.58815996655925,15.15744995884603
122600,122.6,0.1226,15.1550351243898,-0.0344887831060002,0.0207394117080317,297.82588073165,-4.71483275041691,108.055321776848,62.3561034586248,82.3186147338336,554655.32059226,4.58701326533794,15.165376565923287
122700,122.7,0.1227,15.1912870893337,-0.0073800539697892,0.032102380293654,299.785755156155,-4.71469788024712,108.034633570149,62.3632229747705,82.3092326259315,554549.231436618,4.58789079313286,15.171337385491224
122800,122.8,0.1228,15.1651380460981,0.0211208008138048,-0.039834208258623,300.105188992456,-4.71441709389802,108.005547439034,62.4030122853318,82.2998505180293,554690.417267048,4.58672303333138,15.179552268624407
122900,122.9,0.1229,15.1895387351849,0.0094824864637955,0.0072455324295638,302.399043502206,-4.71440158587102,108.03363898838,62.3829313989851,82.2904684101271,554592.916168233,4.58752940954476,15.185896722569684
123000,123.0,0.123,15.1775951468767,-0.0475586225388604,0.0315990273908583,300.935333203432,-4.71424376517118,108.082710061239,62.3710511964109,82.2810863022249,554675.911942997,4.5868429806781,15.193564465264116
123100,123.1,0.1231,15.2123693693242,0.0388703876921351,-0.0217507450667342,298.635525801896,-4.71414047681962,108.029036194249,62.3969266561662,82.2717041943227,554567.218535535,4.58774198728434,15.200069380826486
123200,123.2,0.1232,15.2011772686601,0.0032615133761766,-0.0176372470883345,300.086598232215,-4.71420036778502,108.053847741958,62.3977969939452,82.2623220864205,554639.068566023,4.58714767393654,15.207912382431227
123300,123.3,0.1233,15.21843367628,-0.0194245795217786,0.0334994742116276,300.281120462298,-4.71382277662075,108.095209665176,62.3758459805067,82.2529399785183,554592.927674183,4.58752931436886,15.214807998706952
123400,123.4,0.1234,15.210162978382,0.0110391370105464,-0.0113920688342636,301.072560053207,-4.71337402142798,108.072954985888,62.404805470256,82.2435578706161,554672.902526206,4.58686786691686,15.222248644187239
123500,123.5,0.1235,15.230411920919,0.016826067832909,-0.0119532708784723,300.455412784591,-4.71309162795536,108.063916984509,62.4150975970582,82.2341757627139,554654.707225678,4.5870183379004,15.229508061447437
123600,123.6,0.1236,15.2442392440618,-0.0108710869744454,0.0266258253863824,300.485892121767,-4.71307616432196,108.098093331218,62.3969738348992,82.2247936548117,554605.731728355,4.5874234031413,15.236677643711701
123700,123.7,0.1237,15.2367308432912,-0.0189504014943851,0.0020079107952289,298.603645507827,-4.71286397021531,108.104370603285,62.4093052017707,82.2154115469095,554684.251110127,4.58677402171606,15.244009463819776
123800,123.8,0.1238,15.2605099829982,0.0353407366295755,-0.0092509468993984,299.319925966834,-4.712851895958,108.072521712038,62.4228283814654,82.2060294390074,554577.697248965,4.58765530216552,15.250632864878687
123900,123.9,0.1239,15.2338844427677,-0.0128184301722512,-0.0166067390537275,300.734233427483,-4.712728086479,108.118085804837,62.4206241324414,82.1966473311051,554728.601660036,4.58640730914786,15.258696703243029
124000,124.0,0.124,15.2792904527651,-0.0111765637567874,0.043376070422467,302.470881289088,-4.71228475084409,108.135108947513,62.4036288642087,82.187265223203,554601.572959855,4.58745780266859,15.26551128968929
124100,124.1,0.1241,15.2452363324221,-0.0115046694286961,-0.0335106893308775,301.531463910291,-4.71197674429583,108.12009197988,62.4434602849213,82.1778831153008,554815.157663589,4.58569178960615,15.27383893958538
124200,124.2,0.1242,15.3070578673969,0.0476714038521493,0.0066735924713175,300.331578447083,-4.71198987333508,108.085866991192,62.4383826802828,82.1685010073986,554531.115375035,4.58804067563691,15.280387131240989
124300,124.3,0.1243,15.2488393246636,-0.0451305912253785,-0.0157048285960745,300.377516278527,-4.71197779834782,108.157114476324,62.4364669690875,82.1591188994964,554816.266319673,4.58568262629316,15.288640847779899
124400,124.4,0.1244,15.336709807019,0.0183090657626234,0.0356954762686785,299.705852905868,-4.71171207524742,108.141002497596,62.4178608786608,82.1497367915942,554504.976901305,4.58825694850309,15.295242288076185
124500,124.5,0.1245,15.2747791053522,-0.0102370936246547,-0.0419093860193174,299.353403211595,-4.71141010267467,108.14168235194,62.459147042272,82.140354683692,554811.87053457,4.58571895874466,15.303736964255863
124600,124.6,0.1246,15.3482137392817,0.0379343184035418,0.0160257085077522,301.663150401089,-4.7112116071007,108.122637658527,62.447117764763,82.1309725757898,554543.981027272,4.58793423117479,15.310544905769063
124700,124.7,0.1247,15.2917655515735,-0.0549998177066869,-0.0023307563147361,302.556712132826,-4.71082592504097,108.205469058218,62.4410552500679,82.1215904678876,554851.542668665,4.58539107778288,15.31846751354704
124800,124.8,0.1248,15.3526379629725,0.0336116489946443,0.0068689849355899,301.428424283317,-4.71070604898861,108.156646243335,62.4482069867165,82.1122083599854,554601.344219998,4.58745969472034,15.325880004442928
124900,124.9,0.1249,15.3106758274856,-0.003822819649741,-0.0335791932504968,300.489583661027,-4.71072223871038,108.149280052629,62.4806350629668,82.1028262520832,554788.148563255,4.58591503772341,15.333662806138104
125000,125.0,0.125,15.3659246546777,0.0069237744460089,0.0299040915566065,297.682239744936,-4.71028504121189,108.181888476852,62.4479405918359,82.093444144181,554601.647848992,4.5874571832136,15.34133270237797
125100,125.1,0.1251,15.3357736796411,-0.0338718718693954,0.0047799157364804,299.900634761822,-4.71037126655561,108.227028056338,62.4461205164483,82.0840620362789,554753.48038424,4.58620162506193,15.348066728456743
125200,125.2,0.1252,15.3610241259132,0.023321317599714,-0.0135572986934399,300.116006057716,-4.71012132855705,108.162353457739,62.4828975056837,82.0746799283766,554685.083250231,4.58676714062493,15.35675517961824
125300,125.3,0.1253,15.3629543516699,0.0236308421010093,-0.0118014651260608,301.41414751283,-4.70977186647688,108.16846802763,62.4893779755874,82.0652978204745,554710.556057019,4.58655651215955,15.362906530216947
125400,125.4,0.1254,15.3566518770835,-0.0329295699094737,0.0190680328192619,300.409235405495,-4.70933783643286,108.256080730735,62.4537704695696,82.0559157125723,554780.080423252,4.58598173046504,15.372067700410861
125500,125.5,0.1255,15.4033295166427,0.0129532087894704,0.0223891336664786,298.443095601584,-4.70927189439577,108.221919771803,62.4634765459076,82.0465336046701,554627.785809816,4.58724098997699,15.377471582564652
125600,125.6,0.1256,15.3637401929958,0.0038685496075154,-0.0555748767662458,299.753277307446,-4.70951977588175,108.185522506098,62.5141213732304,82.0371514967679,554827.336689344,4.58559112899569,15.386612576559676
125700,125.7,0.1257,15.4234889213621,0.0151724037864011,0.0328541899930763,299.962195261899,-4.70934203723618,108.216322354428,62.4743075732273,82.0277693888657,554568.405804279,4.58773216544341,15.392092313319857
125800,125.8,0.1258,15.3671180798187,-0.0534666635268203,0.00035251337211,299.474078774089,-4.70888430785911,108.279987015848,62.4785658379538,82.0183872809635,554869.013645726,4.58524669909103,15.401057911148087
125900,125.9,0.1259,15.4450640285877,0.0416847983556158,0.0108039433407727,301.167091525614,-4.70857881116632,108.198683425405,62.5021317870781,82.0090051730613,554598.065211656,4.58748681763971,15.406760553389601
126000,126.0,0.126,15.3780429131476,-0.0075709785709077,-0.0485811566712376,300.67609212063,-4.70833757215908,108.237042460114,62.5212546881875,81.9996230651591,554900.936502609,4.58498291475671,15.415025662957593
126100,126.1,0.1261,15.4485015179127,0.0023155013168167,0.0565212997074914,299.58799025467,-4.70841906617307,108.284943114387,62.4664578484332,81.9902409572569,554596.488552488,4.58749985937961,15.420877397810827
126200,126.2,0.1262,15.4024700969995,-0.0278968822509911,-0.0196708959505393,299.202019087661,-4.70854945637803,108.282894542592,62.5015182644715,81.9808588493547,554833.771154021,4.5855379494207,15.429155169312127
126300,126.3,0.1263,15.4731717820255,0.0611253085157108,-0.0125768175727413,299.56268845577,-4.7081969121592,108.204678327948,62.5259619991381,81.9714767414525,554586.354627689,4.58758368650266,15.43551370355157
126400,126.4,0.1264,15.4114014592345,-0.0359140700936406,-0.0158678311985378,301.048236647032,-4.70786592339322,108.285417594776,62.5199492360444,81.9620946335504,554883.283218601,4.5851287832808,15.443278199418987
126500,126.5,0.1265,15.4808878525895,-0.003082478725562,0.0537299845951528,301.638318796021,-4.70755066146387,108.305115724235,62.4878480518549,81.9527125256481,554635.766422925,4.58717498450493,15.449682550587315
126600,126.6,0.1266,15.424194983428,-0.0263631339633977,-0.0423277289046536,302.521900334019,-4.70752333772871,108.287478100662,62.5367946480039,81.943330417746,554916.282357899,4.58485611998324,15.456913285224758
126700,126.7,0.1267,15.4920500764136,0.0400122619351513,0.0018490843225463,299.640898493378,-4.70732694920663,108.241849890229,62.5384301345056,81.9339483098438,554633.458014036,4.58719407652932,15.463529132712571
126800,126.8,0.1268,15.4485342370935,-0.0352404058437302,-0.0021793049484835,299.850582908739,-4.70732537504795,108.320187681193,62.5238372986843,81.9245662019416,554841.808368488,4.58547152516897,15.470735541982657
126900,126.9,0.1269,15.4934681800149,-0.0018566099579723,0.0322907798442853,299.01008366257,-4.70688453883853,108.327427575958,62.5094800799148,81.9151840940394,554687.946286944,4.5867434659033,15.477105382092045
127000,127.0,0.127,15.4716774613603,0.0005097828876252,-0.0197370374164848,300.386138549333,-4.70647528478273,108.302513082902,62.5493450920847,81.9058019861372,554850.482728735,4.58539983733027,15.484507030920977
127100,127.1,0.1271,15.5007354918188,0.0154453816434064,-0.004462404899014,302.18394230648,-4.70647962611043,108.288585950395,62.5537254593249,81.896419878235,554754.430353967,4.58619377158214,15.49148138253679
127200,127.2,0.1272,15.4954189636629,-0.0206930342448597,0.013118746896718,299.332539751445,-4.70613670935723,108.355296535849,62.5304121152771,81.8870377703328,554825.734735996,4.58560436901432,15.498701711838486
127300,127.3,0.1273,15.4947382688047,-0.0253423496893898,0.0124708114908756,302.010479936369,-4.70647338117874,108.356420029814,62.5349648698357,81.8776556624306,554808.310264854,4.58574838583872,15.505955604926243
127400,127.4,0.1274,15.5171322487346,0.0343249332922289,-0.0132144861618105,300.348450004458,-4.70613438375395,108.28836380248,62.5735314249759,81.8682735545284,554738.221036209,4.58632777906409,15.513001133664059
127500,127.5,0.1275,15.4989536072462,-0.0186940095981089,-0.0302782239471088,299.600837953647,-4.70567412086603,108.337906956468,62.5709696615725,81.8588914466262,554905.69915359,4.58494356271292,15.520209496926379
127600,127.6,0.1276,15.5657294049947,-0.0027086847396104,0.0612772733333562,301.697018122994,-4.7053636611934,108.383691724808,62.5239623249084,81.849509338724,554659.572675937,4.58697810076999,15.52727298610225
127700,127.7,0.1277,15.4803943799894,-0.0476197701435057,-0.055213210824928,302.294307751102,-4.70522717023313,108.38682755065,62.5768788598154,81.8401272308218,555081.430410032,4.58349203173232,15.534518214444116
127800,127.8,0.1278,15.6042285360338,0.0852020504284384,0.0180870247437523,300.203091404092,-4.70506052429144,108.290980935657,62.5783368461365,81.8307451229197,554539.913195733,4.58796788599948,15.541034958618573
127900,127.9,0.1279,15.4750913703306,-0.0706353076632524,-0.0444686866805674,299.585994831933,-4.70494089411376,108.42028519792,62.5770076343156,81.8213630150175,555126.611664945,4.58311898544427,15.547933197708398
128000,128.0,0.128,15.625206062981,0.030422010964703,0.0968121865793364,298.654595003376,-4.7045960047709,108.391141782186,62.5309849037716,81.8119809071153,554505.641019986,4.58825145325305,15.554398071033384
128100,128.1,0.1281,15.4838801329705,-0.0281302559071816,-0.0924226123359865,299.613900759925,-4.70446789777306,108.381026974998,62.6170909807226,81.8025987992131,555153.715225109,4.58289522968483,15.561498739031748
128200,128.2,0.1282,15.6413103309354,0.0797854147694533,0.0433545419381182,299.951800553037,-4.70418365359611,108.327377846479,62.583714933024,81.7932166913109,554519.544646182,4.58813641071989,15.568266985219656
128300,128.3,0.1283,15.5125218071839,-0.0805440996962309,-0.0258063665015109,299.745058095624,-4.70379363681627,108.469249929938,62.5792045289278,81.7838345834087,555142.075450324,4.58299132016454,15.575233118399598
128400,128.4,0.1284,15.6387118695164,0.039995361445146,0.0538885648096008,301.942287865038,-4.70381120806189,108.398050060767,62.5689137693555,81.7744524755065,554622.81439814,4.5872821081258,15.582009847538668
128500,128.5,0.1285,15.5426741969125,-0.0128329187379184,-0.0708335632901787,301.008810048469,-4.70379870961985,108.39347232091,62.6288796564451,81.7650703676043,555067.227836944,4.58360931010387,15.589043872885625
128600,128.6,0.1286,15.6426963109391,0.0283761653264388,0.0318485754861737,298.840563197412,-4.70363313062008,108.398106574301,62.5875354723698,81.7556882597021,554660.86658458,4.58696740030243,15.595715881562501
128700,128.7,0.1287,15.5757981578851,-0.039975545502966,-0.010031054356836,299.575020187379,-4.70352320391303,108.457929589477,62.5936284459313,81.7463061517999,554957.307890294,4.5845171819053,15.602361870979383
128800,128.8,0.1288,15.6317396529295,0.0246500122629509,0.0082429526809079,299.026815423042,-4.7030256310124,108.411072183409,62.6074798759421,81.7369240438977,554776.622626803,4.58601031384563,15.609776005088131
128900,128.9,0.1289,15.6080626238067,0.0038164368011446,-0.0179548164106816,301.676220879921,-4.70274399133872,108.430716663841,62.6198276582528,81.7275419359955,554922.882315131,4.58480159014627,15.616333579089801
129000,129.0,0.129,15.6239623319578,-0.0147094963237375,0.0079003093937144,303.714263248218,-4.70283654247372,108.481673495008,62.5956706831282,81.7181598280933,554905.784031508,4.58494286140384,15.62380929253173
129100,129.1,0.1291,15.6397840215766,-0.004900492750475,0.0197883672147471,300.634624400211,-4.70248529751631,108.468220381807,62.6032509446466,81.7087777201912,554840.449866773,4.58548275248835,15.630308645840092
129200,129.2,0.1292,15.6232343997527,-0.0006803416495722,-0.0199023719015795,298.14208478162,-4.70222628701455,108.437489850918,62.6399043260231,81.699395612289,554944.28763961,4.58462474506849,15.637238266351426
129300,129.3,0.1293,15.6639082158029,0.0226002952708358,0.0009442531125946,299.661286807849,-4.70225840361812,108.443168402189,62.6288382635682,81.6900135043868,554811.585805656,4.58572131213239,15.643740764353048
129400,129.4,0.1294,15.6312800453121,-0.0311075000326503,-0.0005831341199156,300.954200411392,-4.70206413808602,108.498821372212,62.6217926419647,81.6806313964846,554970.121829556,4.58441132805406,15.650378131626274
129500,129.5,0.1295,15.6833253959,0.0189753066063388,0.0202850524128226,301.207725818874,-4.70144619731962,108.468442153287,62.6306362425071,81.6712492885824,554829.347918941,4.58557450644926,15.65744188117521
129600,129.6,0.1296,15.635255912302,-0.0118086893556846,-0.0332602461638433,300.804447776033,-4.7012094189593,108.48048855247,62.6565752808961,81.6618671806802,555057.009446311,4.5836936926261,15.663400994490017
129700,129.7,0.1297,15.6997107198692,0.0245456244394675,0.0270223456771919,300.228886997493,-4.70126090516551,108.48151306465,62.6316987913399,81.652485072778,554778.129981547,4.58599785346908,15.67095155320031
129800,129.8,0.1298,15.6410042870241,-0.0266212650721587,-0.0272755023340651,298.388371785853,-4.70099225408812,108.525341897527,62.6475003841458,81.6431029648758,555078.508316319,4.58351616055923,15.675874771757119
129900,129.9,0.1299,15.7062007853041,0.0311330431590457,0.0121117059476653,303.168219579724,-4.70140693916759,108.490959314056,62.6418132716025,81.6337208569736,554788.515183108,4.58591200722179,15.683059702162735
130000,130.0,0.13,15.6566588890634,-0.0243395361815717,-0.017922623534675,300.963748352695,-4.7009725974721,108.5225012748,62.6592226291826,81.6243387490714,555040.244246002,4.58383214482611,15.688050464481082
130100,130.1,0.1301,15.7141752890403,0.0182125153720349,0.0216473401095136,299.186321228738,-4.70053969025708,108.511595724054,62.6494333763534,81.6149566411692,554833.981017307,4.58553621496301,15.695188861948559
130200,130.2,0.1302,15.677002795406,-0.0024858688809963,-0.0257936098564448,301.899588000382,-4.70054086001076,108.525771443325,62.6717313732478,81.605574533267,555040.151566437,4.58383291022582,15.70149156814987
130300,130.3,0.1303,15.7239162781073,0.0062170993898866,0.0094790220636564,299.900311535002,-4.69991515053835,108.532290331315,62.6624181513296,81.5961924253648,554927.199070257,4.58476592516931,15.707546872540693
130400,130.4,0.1304,15.713344368192,-0.017070062302502,0.0089750360038247,300.013330725766,-4.69978865443347,108.561015736288,62.6600213719768,81.5868103174627,554989.020236263,4.58425522033548,15.71445185109268
130500,130.5,0.1305,15.7184924925912,0.0041752872450625,-0.006402314358042,298.134694007615,-4.69973550816852,108.552146287978,62.6705757946336,81.5774282095605,554973.325281243,4.58438486562869,15.719482831737611
130600,130.6,0.1306,15.7446435197991,0.0223581539492742,0.0047339303243728,297.769873606687,-4.69964674620757,108.534818538048,62.6776840324156,81.5680461016583,554883.849590265,4.58512410322565,15.726932988537989
130700,130.7,0.1307,15.7150597980193,-0.0203191973365213,-0.0219819451943962,300.585947707651,-4.6996534786572,108.569342484298,62.6844474945077,81.5586639937561,555056.397968778,4.58369874224939,15.731255299316722
130800,130.8,0.1308,15.7684589218824,0.0069886700997912,0.0267515732378043,301.21906386587,-4.69927291093418,108.579834632714,62.6646171921687,81.5492818858539,554870.591980163,4.58523365631516,15.739278480158092
130900,130.9,0.1309,15.716700230766,-0.0108221991951955,-0.0393843636681185,300.127099404514,-4.69888411016886,108.578985360762,62.7011426003979,81.5398997779517,555125.793971123,4.58312573632511,15.743930521103346
131000,131.0,0.131,15.785194180225,0.0291852497153511,0.0185303925074774,301.576645342561,-4.69892503931407,108.550331332106,62.6956037614537,81.5305176700495,554866.419678753,4.58526813484219,15.751722016652437
131100,131.1,0.1311,15.7293982044276,-0.045442120870151,-0.0078330539749739,298.444571066224,-4.69851929952502,108.627429327911,62.6883579488304,81.5211355621473,555132.45289352,4.5830707608351,15.756478219750287
131200,131.2,0.1312,15.7986597275902,0.0199290607929309,0.0371331929092574,300.307808759922,-4.69864724267734,108.59821635338,62.6777403192164,81.5117534542451,554825.302632691,4.5856079403273,15.764128271671227
131300,131.3,0.1313,15.723676590437,0.0007740279699868,-0.0572993430819552,298.313672054412,-4.69819720813996,108.574728271689,62.7377824913674,81.5023713463429,555172.774428287,4.58273789788588,15.7692485244857
131400,131.4,0.1314,15.8227609613844,0.0306786395199991,0.0412506573895886,299.525502441329,-4.69783300913499,108.582892342115,62.7006695297863,81.4929892384407,554822.203213093,4.58563355704385,15.77641547231625
131500,131.5,0.1315,15.7278665049321,-0.0739153711284669,-0.0161807234880629,302.211114490478,-4.69774021948068,108.693843233099,62.695807101133,81.4836071305385,555282.118977656,4.58183547838921,15.78210899817243
131600,131.6,0.1316,15.8271510053895,0.0382376980504272,0.0302214575584922,303.743017528861,-4.69785274537246,108.599978250394,62.7076098349982,81.4742250226363,554843.143976146,4.58546048711083,15.78858844566668
131700,131.7,0.1317,15.7537401244288,0.0012421079025357,-0.07052546071956,300.516383031904,-4.69768873576605,108.582324760139,62.7642642794649,81.4648429147342,555190.21408627,4.58259394473337,15.794827269502983
131800,131.8,0.1318,15.8330580908886,0.0099555256702304,0.0507342549677862,298.891987418983,-4.69733468588916,108.651580270431,62.6968459141948,81.455460806832,554883.672058814,4.58512557020653,15.800757838102019
131900,131.9,0.1319,15.7847705052488,-0.0500216929357723,0.0148327952764714,299.344411392444,-4.69706709415012,108.71301878284,62.6964442381025,81.4460786989298,555129.933926743,4.58309155705285,15.807296404862337
132000,132.0,0.132,15.8104024729452,0.0289787143626259,-0.0251835207314957,300.542558530028,-4.69676525160738,108.595271152479,62.7621273620377,81.4366965910276,555045.669316875,4.58378734200063,15.81323327489368
132100,132.1,0.1321,15.8249246700239,0.0330903513932646,-0.0225893298463535,299.649625440838,-4.69633555626689,108.603573482202,62.7658194496978,81.4273144831254,555056.80367569,4.58369539189272,15.820206980369978
132200,132.2,0.1322,15.7955262098124,-0.0585296396573055,0.0088541163172884,299.511423706964,-4.69630161887797,108.741084406696,62.7098702956182,81.4179323752232,555200.222299041,4.58251133746233,15.82582369422502
132300,132.3,0.1323,15.8800992232889,0.02363307568461,0.0434961127995424,297.890701165254,-4.69642042359454,108.68302840529,62.7119260288649,81.408550267321,554858.050134177,4.58533729957007,15.832661523876178
132400,132.4,0.1324,15.800684755269,-0.0075111033129357,-0.0748241221467142,298.040096429904,-4.69621007011863,108.643981877321,62.7861405155722,81.3991681594188,555251.101558546,4.58209142873478,15.838103633626684
132500,132.5,0.1325,15.8966603990871,0.0463411429437003,0.0405742648576431,299.773836777633,-4.69585427132142,108.653174071037,62.7418937749218,81.3897860515166,554842.791169539,4.58546340285702,15.844651095439664
132600,132.6,0.1326,15.8027068594175,-0.0524312067270035,-0.0268213674016355,299.257386807476,-4.695402848953,108.750263624374,62.7449203274154,81.3804039436144,555301.35320059,4.58167677529128,15.849891782742588
132700,132.7,0.1327,15.8972307361935,0.0272692007360874,0.0378328356476402,300.898161792871,-4.69536145747267,108.689834722589,62.7446544777138,81.3710218357122,554926.456003081,4.58477206434151,15.856722793700936
132800,132.8,0.1328,15.81673201531,-0.0261096432969037,-0.0495851432662429,301.353185343721,-4.69542351218902,108.703100741907,62.7849005322083,81.3616397278101,555286.142590079,4.58180227833479,15.86195973788139
132900,132.9,0.1329,15.9107531153914,0.0336540408285209,0.0341904556653179,298.797149159361,-4.69536179248702,108.69932774132,62.7504266806709,81.3522576199078,554897.989133287,4.58500726813021,15.868412442720292
133000,133.0,0.133,15.8438331280896,-0.0350681061719264,-0.0135597811827509,297.764628979518,-4.69504454938536,108.752154260916,62.7639434130946,81.3428755120057,555223.208744609,4.58232161980327,15.873971597251902
133100,133.1,0.1331,15.9098961986322,0.0223353415746698,0.0119586373036437,299.064261911331,-4.69474406985873,108.712671085274,62.7703486244609,81.3334934041035,555014.249777505,4.58404683171088,15.880252260269433
133200,133.2,0.1332,15.8740225169013,0.0003597842649326,-0.0179929090324942,298.86826896554,-4.69432939281505,108.728244055244,62.7873520760947,81.3241112962013,555180.071308373,4.58267766573665,15.886308682033796
133300,133.3,0.1333,15.9035839609307,0.0060476726244086,0.0081921136225427,301.229440659164,-4.69431393806076,108.741057983457,62.7776382890021,81.3147291882991,555095.552170891,4.58337542662151,15.89185709833089
133400,133.4,0.1334,15.8886754298764,-0.0083440176480784,0.0035395518222966,300.522880234658,-4.69391578105811,108.762719793654,62.7820282565606,81.3053470803969,555180.890884327,4.58267090063994,15.89850030833467
133500,133.5,0.1335,15.9052582550344,0.0045564794851128,-0.0061573452328132,300.985647826365,-4.69370681678024,108.755151724408,62.7927831367977,81.2959649724947,555173.287474819,4.58273366288785,15.90382549992499
133600,133.6,0.1336,15.9119283603756,-0.000466801917754,-0.0050774250641096,299.956133505259,-4.6935132764559,108.757485718656,62.7973823310085,81.2865828645925,555161.789184372,4.58282857864704,15.910655853296754
133700,133.7,0.1337,15.9120632831156,-0.0078208617040232,-0.0069459255405396,300.408291115475,-4.69365956318874,108.775569687753,62.7955064437059,81.2772007566903,555173.428164374,4.58273250155207,15.915914214702578
133800,133.8,0.1338,15.9321234651271,0.0071974519919467,0.0147158096787054,299.175290489067,-4.69342805381335,108.775776596054,62.794894855432,81.2678186487881,555104.992062297,4.58329748358926,15.923069463502081
133900,133.9,0.1339,15.9166640567684,-0.007485151813411,-0.006358449849052,299.708576505683,-4.69306912015379,108.779729947016,62.8129551960878,81.2584365408859,555220.71964826,4.58234216269659,15.9271629250209
134000,134.0,0.134,15.9428281390513,0.0143151628744409,-0.0027834727120591,301.119585839829,-4.69266915910842,108.782931224438,62.8127366555467,81.2490544329837,555171.019928492,4.5827523806532,15.93455389896195
134100,134.1,0.1341,15.9300237632529,-0.0141091349609778,0.006226211562963,300.294471173618,-4.692441459738,108.817097058833,62.8082423555815,81.2396723250816,555241.525979274,4.58217045052558,15.938218140828297
134200,134.2,0.1342,15.9537312915287,0.0077417718181178,0.0070391203304499,299.148386953975,-4.69231524130301,108.802895885204,62.8155064273869,81.2302902171794,555169.150032681,4.58276781607406,15.945345614560948
134300,134.3,0.1343,15.9464889879888,-0.0052438145234134,-0.0103674522512025,299.514093091488,-4.69233359806453,108.803759587697,62.8283452854406,81.2209081092772,555222.893271634,4.58232422343984,15.949647275352007
134400,134.4,0.1344,15.9665728591553,0.014636644765528,0.0037658811147471,298.464516318332,-4.69198537373795,108.807449270496,62.826357346721,81.211526001375,555160.017481298,4.58284320400049,15.956324914253145
134500,134.5,0.1345,15.9534749622749,-0.0139534951291531,0.0080264261633051,300.668670275155,-4.69148811497707,108.835623424566,62.8309620748468,81.2021438934728,555280.311008786,4.58185039664896,15.961244888759401
134600,134.6,0.1346,15.9692428437681,0.0128423081283383,-0.0003758066063296,302.472037894784,-4.69141118416576,108.830926549995,62.8350302862121,81.1927617855706,555228.140980434,4.58228091384983,15.96765305757722
134700,134.7,0.1347,15.9653287041118,-0.0161549705462509,-0.002559052790005,300.578604134633,-4.69130608658564,108.842870429368,62.8427366868192,81.1833796776684,555293.00561011,4.58174565057161,15.972997415223059
134800,134.8,0.1348,15.9874731056458,-0.0094466846315562,0.0147000824425741,301.877072585068,-4.6915563614955,108.845816606979,62.8371243637509,81.1739975697662,555194.273773367,4.58256043592683,15.978356348781585
134900,134.9,0.1349,15.9743216896712,0.0128583474554087,-0.0164823828664246,297.978530309347,-4.69094958097457,108.857071495001,62.8449515306836,81.164615461864,555256.6616294,4.582045545894,15.984906977315385
135000,135.0,0.135,15.9996297489213,-0.0147907432334324,0.0129012522396469,301.644673417509,-4.6909961197491,108.868758181833,62.8438441969103,81.1552333539618,555242.298337354,4.58216407659409,15.989821480115264
135100,135.1,0.1351,15.9930047350639,-0.0114208186403932,-0.00330806917162,301.980395276898,-4.69047036706544,108.869902025496,62.857539021952,81.1458512460596,555304.926279388,4.58164729474578,15.996989296708499
135200,135.2,0.1352,15.9928511620608,0.0277845492142934,-0.0210485840027398,302.430079927035,-4.6900606933316,108.860689170375,62.8710895391246,81.1364691381575,555313.421755098,4.58157720230468,16.00168523627974
135300,135.3,0.1353,16.0070926644241,-0.0038135286490723,0.0074204830323316,301.771171262053,-4.69001822401181,108.88199759605,62.8639251342824,81.1270870302552,555294.608291261,4.58173242682105,16.008848788296326
135400,135.4,0.1354,16.0103882987475,-0.0240698388974514,0.0206278412949053,300.55028003284,-4.68982873331677,108.905962611514,62.8618257838647,81.1177049223531,555334.050682032,4.58140701100949,16.013279821538582
135500,135.5,0.1355,16.0313718392162,0.026569780463348,-0.0044271056649241,299.22990609899,-4.68971890207816,108.884685062305,62.8704529853147,81.1083228144509,555237.52516667,4.58220346775598,16.02068479897583
135600,135.6,0.1356,16.0104054047898,0.007532817599439,-0.0257232769708171,299.960224692102,-4.68981022113094,108.885746844338,62.8873448132405,81.0989407065487,555327.876071997,4.58145795100895,16.025587091199434
135700,135.7,0.1357,16.0445888521418,-0.009471280167791,0.02407561453131,301.049335105036,-4.68970578342357,108.906173318242,62.8740383263653,81.0895585986465,555250.285073881,4.58209816661045,16.032835067232906
135800,135.8,0.1358,16.0321373659704,-0.0069151475064534,-0.0020619567259179,301.182647775538,-4.68918449340189,108.92466512772,62.8810920260121,81.0801764907443,555342.606225427,4.58133643038763,16.0375781432713
135900,135.9,0.1359,16.0486796873471,0.0260784717024796,-0.0194988128763493,301.524037119401,-4.6887452127498,108.90799949623,62.8959532810156,81.0707943828421,555324.600800262,4.58148497217767,16.04444235553315
136000,136.0,0.136,16.0406261498279,-0.0073092485235964,-0.0059518325063103,301.919002272528,-4.68867689991283,108.92181702008,62.9009376190206,81.0614122749399,555374.790798518,4.58107093695933,16.04952642413218
136100,136.1,0.1361,16.0571895925349,-0.0135241362044471,0.0138386710659655,302.553531349139,-4.68876038972765,108.943327397702,62.8899791611421,81.0520301670377,555323.412527169,4.58149477557366,16.056285928768176
136200,136.2,0.1362,16.0541646497236,0.0128733278379104,-0.0106054914361971,299.42193989418,-4.68826299672059,108.947395683771,62.8982707588241,81.0426480591355,555353.076376225,4.58125005779815,16.061557934050363
136300,136.3,0.1363,16.0575705976144,-0.0011935340480375,-0.0091242837526297,300.137722042497,-4.68822863103648,108.947064769723,62.9083778554895,81.0332659512333,555376.326747531,4.58105826754754,16.06800373626174
136400,136.4,0.1364,16.0851666098801,0.0032278286553159,0.0154798453685875,299.329404228036,-4.68792698423323,108.956681739154,62.902441781132,81.0238838433311,555308.639006526,4.58161666239999,16.073356940475207
136500,136.5,0.1365,16.0724864864887,-0.0085187720631749,0.0009564561279229,300.473771670588,-4.68778925568789,108.983533173005,62.9024730388574,81.014501735429,555381.448561068,4.58101602032032,16.07969985104596
136600,136.6,0.1366,16.1040797441875,0.0143958422298206,0.0096696541653109,299.274656802324,-4.68721314925313,108.955688131883,62.9205842026598,81.0051196275267,555335.097397236,4.58139837581176,16.085460026880913
136700,136.7,0.1367,16.0851087427293,0.0108570111096957,-0.0196353805911794,299.923074105107,-4.68700839195789,108.953012911573,62.9409627954027,80.9957375196246,555436.979683736,4.58055802243421,16.091805196691396
136800,136.8,0.1368,16.1073182797796,0.0005916177489505,0.0160388160682012,300.347147082222,-4.68713475595236,108.993357919479,62.9140657803065,80.9863554117224,555340.874591411,4.58135071566424,16.0973700674061
136900,136.9,0.1369,16.1059810338943,-0.0209321976467214,0.0052475282915758,298.405569694858,-4.6870087996339,109.017692023839,62.9141337353802,80.9769733038202,555401.111659735,4.58085383668744,16.10346374236825
137000,137.0,0.137,16.1191408051975,0.0286460984853248,-0.0057420492630083,297.729498698298,-4.68674483191044,108.969274781879,62.9417107353287,80.967591195918,555333.435689112,4.58141208459717,16.10913014558782
137100,137.1,0.1371,16.0899333733866,-0.0026493300630859,-0.0254756197434641,300.142093925283,-4.68663606770209,108.991527765841,62.9522221040221,80.9582090880158,555475.229667866,4.58024260554015,16.114981044068017
137200,137.2,0.1372,16.1398614483658,-0.0143597650115617,0.0413964456615782,300.009108200867,-4.68628506550261,109.03938505041,62.9155675219425,80.9488269801136,555331.197229508,4.58143055160556,16.12080255029268
137300,137.3,0.1373,16.1071579583864,-0.0219253956397532,-0.0138695163766365,300.003502186809,-4.68609000051183,109.04068535875,62.9418555692513,80.9394448722114,555505.465240844,4.57999330779562,16.126003527245295
137400,137.4,0.1374,16.1528322188903,0.0314077544846103,-0.0069177295551644,299.675859380556,-4.68582432109905,108.980286457987,62.9677010208794,80.9300627643092,555361.359720353,4.5811817273857,16.132467443201264
137500,137.5,0.1375,16.1310448258042,-0.0056827530561801,-0.0101054170022061,301.174839639761,-4.68574501845025,109.025287826267,62.961696586096,80.920680656407,555473.303420752,4.5802584887141,16.13697176910743
137600,137.6,0.1376,16.151909056071,-0.0160422813757502,0.0244352775410647,301.124012946254,-4.68554076320864,109.074907683834,62.9341782933814,80.9112985485048,555418.820054065,4.58070778552176,16.14328210874633
137700,137.7,0.1377,16.1422167124074,-0.0060901690679404,0.0027255021362408,300.586473026617,-4.68542765018319,109.059207338467,62.9568665647265,80.9019164406026,555474.658823607,4.58024731251491,16.147507551733923
137800,137.8,0.1378,16.1510727221963,0.0192114253566248,-0.01347306697458,297.906861399044,-4.68506666267049,109.022439996078,62.9823685277955,80.8925343327004,555447.89889386,4.58046797604888,16.15317032718002
137900,137.9,0.1379,16.1624344353702,-0.0002253985032062,0.0071518920517419,299.319845945524,-4.68503858333075,109.05718937804,62.9672597528839,80.8831522247982,555427.224635561,4.58063847143309,16.15737118579099
138000,138.0,0.138,16.1539970575591,-0.0254695909230223,0.0105391089658932,300.354873543365,-4.68457275862737,109.107322628529,62.9565320215643,80.8737701168961,555523.435297527,4.57984515429909,16.16297223739038
138100,138.1,0.1381,16.1718117422257,0.0155026238258698,0.0075281883534743,300.747232203185,-4.68424341670709,109.066781058228,62.9803761450342,80.8643880089939,555462.890735881,4.58034435005438,16.168066609377203
138200,138.2,0.1382,16.1559924757381,0.0152134611259517,-0.0427082761615328,301.051098963077,-4.68421866842631,109.05283105498,63.0079763506382,80.8550059010917,555570.771015228,4.57945494252293,16.1734156484399
138300,138.3,0.1383,16.2070338718057,-0.0001076538725664,0.0311013265703168,298.387078328708,-4.68394202711556,109.102895417137,62.967875108604,80.8456237931895,555407.6158355,4.58080019198099,16.178372156795362
138400,138.4,0.1384,16.164487211374,-0.0406564099855454,0.0131473977525572,297.637569700259,-4.68375620936408,109.14607947849,62.9700360710583,80.8362416852873,555582.037650331,4.57936207586362,16.183094992523174
138500,138.5,0.1385,16.2092541637554,0.0475925310761616,-0.0072291764013411,300.51497359132,-4.68384810466581,109.056440329508,63.0087967387005,80.8268595773851,555402.98459796,4.58083838906383,16.18797449150212
138600,138.6,0.1386,16.166361126913,0.0014654449696071,-0.0342137042349521,299.524287717298,-4.68338740701762,109.088575003289,63.0232021300576,80.8174774694829,555629.153599147,4.57897375752616,16.192170185090657
138700,138.7,0.1387,16.2222225116793,-0.0126776815338811,0.0504963681713363,299.897461371313,-4.68305520408299,109.153380964902,62.9730291892192,80.8080953615807,555452.144125943,4.58043296826322,16.19720322202803
138800,138.8,0.1388,16.1811427166527,-0.0284690265849154,-0.0123338952049693,300.370916476728,-4.68276533226043,109.157217393129,63.0014658421043,80.7987132536785,555657.978965689,4.5787362182449,16.201209798929437
138900,138.9,0.1389,16.2382265091141,0.053893139598417,-0.0207399610057953,302.190508948652,-4.68282177080263,109.066302668543,63.0384815525389,80.7893311457763,555456.875624887,4.5803939511681,16.206161781922404
139000,139.0,0.139,16.1880403136956,-0.0301657912381473,-0.0072926979613641,299.876023541497,-4.68268914895931,109.148469601997,63.0221631511807,80.7799490378741,555666.904833808,4.57866266843424,16.210449028804554
139100,139.1,0.1391,16.2309931704829,-0.0166443442589809,0.0480186259302563,300.535222429211,-4.68272044076196,109.203865460284,62.9758862939508,80.7705669299719,555476.167888382,4.58023486933502,16.215202516019893
139200,139.2,0.1392,16.1952260024048,-0.0005209370636341,-0.0297971154347777,299.775643353033,-4.68231223270324,109.158835090972,63.0309649572903,80.7611848220698,555668.182684981,4.57865213903983,16.219608257429545
139300,139.3,0.1393,16.2423560217886,0.0454032072155642,-0.0136527432748924,301.671737778788,-4.68193404477899,109.094415388076,63.0584196004554,80.7518027141676,555517.60624501,4.57989321066603,16.22395473434786
139400,139.4,0.1394,16.215585118147,-0.0312321599609738,0.0056939619519334,300.618126550967,-4.68151121992625,109.195918866752,63.0265718747022,80.7424206062654,555689.074391714,4.57847999986681,16.228298647846692
139500,139.5,0.1395,16.2482948486514,-0.006072585054237,0.0314785056984541,299.910241372848,-4.68136375503103,109.221965875924,63.0037460422829,80.7330384983632,555555.766014424,4.57957862898125,16.232953394149952
139600,139.6,0.1396,16.2267130290126,0.015205241584416,-0.0269228720555577,301.48761172256,-4.68153909976051,109.164782517255,63.0548119641159,80.723656390461,555650.377728857,4.57879885485918,16.237737197681874
139700,139.7,0.1397,16.2384425532715,0.0077022061105156,-0.0105795170167652,299.928680404088,-4.68126583290952,109.162572190247,63.0608370234773,80.7142742825588,555627.634631511,4.57898627546534,16.241425470900857
139800,139.8,0.1398,16.2520878745107,-0.0080628345516171,0.0266264142260791,298.710925668582,-4.68088145824603,109.232780297877,63.0249963492503,80.7048921746566,555604.402930595,4.57917773838229,16.24669101151627
139900,139.9,0.1399,16.2264052970701,-0.0134459208000474,-0.0094985984195284,302.206544013861,-4.68065601708983,109.238731290459,63.0440511950609,80.6955100667544,555738.048447801,4.57807652427803,16.250445923430977
140000,140.0,0.14,16.2759536410089,0.0232992562682048,0.007801002901198,300.869064088022,-4.68015805462202,109.174131582339,63.0742233988794,80.6861279588522,555610.612783773,4.57912655861578,16.255880446712087
140100,140.1,0.1401,16.2362611386629,-0.0146380085244768,-0.0317804600116096,301.143471308056,-4.68027929419942,109.215780810462,63.0791961711081,80.67674585095,555801.760082841,4.57755173871302,16.259875592340368
140200,140.2,0.1402,16.2986513132227,0.0146950274832716,0.0345559340853191,300.340440605046,-4.68024639930108,109.247719659651,63.0365230011167,80.6673637430478,555523.576197402,4.57984399269293,16.26553191233123
140300,140.3,0.1403,16.2461787234043,-0.0209799031328375,-0.0268863975610821,299.180217921741,-4.67993887710091,109.257199193202,63.0707148216888,80.6579816351456,555808.477362919,4.5774964162443,16.269584058796344
140400,140.4,0.1404,16.3064998094197,0.0239529226561321,0.0165833925912416,301.653645758297,-4.67992789129188,109.211512337923,63.077406398308,80.6485995272434,555570.374537424,4.57945821060979,16.27458272882145
140500,140.5,0.1405,16.2596751172223,-0.0157572664045833,-0.0232690697696829,300.554048820178,-4.6793144295781,109.258791699236,63.085392115591,80.6392174193413,555816.588850437,4.57742961308335,16.27906529690488
140600,140.6,0.1406,16.2944024098995,0.010684739640681,0.025200221865583,301.058695043264,-4.67877594084091,109.275580479917,63.0675531723601,80.6298353114391,555680.141991185,4.57855359763301,16.283683644702492
140700,140.7,0.1407,16.2593447091434,-0.0276835310172492,0.0024582894361383,302.306277420791,-4.67888065827684,109.279652113903,63.0907656674924,80.6204532035369,555840.691420705,4.57723112488232,16.288148427747977
140800,140.8,0.1408,16.3014273725338,0.0338157562994422,-0.0202494332066165,299.483478611073,-4.67862396431907,109.233757821395,63.1094394924781,80.6110710956347,555707.027723256,4.57833208205168,16.292297715787
140900,140.9,0.1409,16.2951524320192,-0.0056774548842962,-0.0015701449496147,301.501234536874,-4.67879358077537,109.291021676744,63.0891431235302,80.6016889877325,555754.844539996,4.57793816507859,16.29795552796708
141000,141.0,0.141,16.3032072622729,-0.021794814198809,0.0210243316792685,299.037220774485,-4.67842722476526,109.323493859305,63.0766772140409,80.5923068798303,555745.426435037,4.57801574646762,16.301842889773
141100,141.1,0.1411,16.3160547574008,0.0144418451102545,0.0013615682417592,298.951198700714,-4.67823074702772,109.27204977495,63.1104096226148,80.5829247719281,555716.273767863,4.57825590745565,16.307919527511462
141200,141.2,0.1412,16.3004480655636,0.015842689547223,-0.0292528032642872,299.038581241664,-4.67784892961005,109.274499351193,63.1285608785083,80.5735426640259,555823.844162774,4.57736986271119,16.312087211058245
141300,141.3,0.1413,16.329114726363,-0.0051480223052503,0.0333144860617443,302.932887268875,-4.67781237142174,109.326249432667,63.0943849781021,80.5641605561237,555721.305162038,4.57821445680424,16.31829345634027
141400,141.4,0.1414,16.2948016458793,-0.0246040974500928,-0.0017989392103845,300.727739595164,-4.67738866385823,109.348586441731,63.1099270430075,80.5547784482215,555907.020711298,4.57668498230437,16.32194017253749
141500,141.5,0.1415,16.3416522736603,0.0348816579124268,-0.0059491088312177,298.867374961132,-4.67737033079892,109.289680277216,63.1295594413008,80.5453963403193,555715.662009838,4.5782609474158,16.327721385702457
141600,141.6,0.1416,16.3109964451679,-0.0030959628351852,-0.0196448565738281,298.590662389465,-4.67732143669037,109.326415384797,63.1312701783906,80.5360142324171,555852.762304814,4.57713172585043,16.331152450278378
141700,141.7,0.1417,16.3533475172437,-0.0127841999064357,0.0303324919657643,301.970299767096,-4.67737784038053,109.367559286287,63.1021895483903,80.5266321245149,555741.059895813,4.57805171661049,16.3363379742955
141800,141.8,0.1418,16.3372542950685,-0.0009871469846096,-0.0084190997735397,299.472114936004,-4.67665080258188,109.345157117815,63.1357619456871,80.5172500166128,555858.066720088,4.57708804742082,16.340198516931995
141900,141.9,0.1419,16.3593951055758,0.0286965533266364,-0.0100148742236758,299.31200762669,-4.67629192509846,109.32082092275,63.1510438211927,80.5078679087106,555804.096059062,4.57753249982635,16.345195370449733
142000,142.0,0.142,16.3485911831742,-0.0253460888401719,0.0130722648524439,300.737350434676,-4.67632700529737,109.385818097595,63.1283227092871,80.4984858008084,555869.673521961,4.57699247582077,16.350211945863677
142100,142.1,0.1421,16.3575562591442,-0.0108712833056224,-9.48674850889038e-06,301.710790222787,-4.67635742583761,109.383991168487,63.1350456289684,80.4891036929062,555854.794020233,4.57711499588929,16.3540819741973
142200,142.2,0.1422,16.3637105606524,0.0386992028112252,-0.0254784305750444,300.282263341119,-4.67604082907868,109.336358650907,63.1655146706829,80.479721585004,555816.084434136,4.57743376720947,16.35922797621875
142300,142.3,0.1423,16.3584917703633,-0.0186940506110015,0.0098544390369067,298.577397585783,-4.67557279354937,109.383244883864,63.1553855293614,80.4703394771018,555900.451513636,4.57673906599544,16.362243937461574
142400,142.4,0.1424,16.3764841362922,-0.0042743651921474,0.0240342527141048,300.977684751725,-4.67555807935119,109.404425825396,63.1419825563443,80.4609573691996,555825.286962216,4.57735798087199,16.3674383708534
142500,142.5,0.1425,16.3646023983153,-0.006799257267751,-0.0174217185677883,298.778326755907,-4.67492686493657,109.404763657955,63.1654319080805,80.4515752612974,555968.587557043,4.57617816939329,16.369900061809265
142600,142.6,0.1426,16.3932495815739,0.0111907066110337,0.0190253464672404,300.661325122656,-4.67492120343666,109.393786833058,63.1633909490727,80.4421931533952,555830.016315625,4.57731903381455,16.376093771985637
142700,142.7,0.1427,16.3566547589025,-0.019384198256222,-0.001420883968104,300.159721355331,-4.6749893711536,109.424068447763,63.1701570130223,80.432811045493,555978.581979191,4.57609590677036,16.37872070462954
142800,142.8,0.1428,16.4003121713804,0.0167956583220453,0.0105488597553419,295.987755946816,-4.67451949611265,109.415816637861,63.1667692151739,80.4234289375908,555841.996281164,4.57722037965626,16.384514416063038
142900,142.9,0.1429,16.3759526672854,-0.0024111681859303,-0.0141335559352007,299.559167638985,-4.67464046269925,109.429989128114,63.1786189679191,80.4140468296886,555953.415839424,4.57630305122867,16.387206281490606
143000,143.0,0.143,16.4042776226446,0.0049431808362107,0.0096200625817527,300.126298575523,-4.67424055239084,109.423896064088,63.1829096415211,80.4046647217864,555895.349647246,4.57678107014466,16.392405268449373
143100,143.1,0.1431,16.3905866308769,-0.0021881939915271,-0.0010197542780003,299.913532663132,-4.67394846299778,109.439082518186,63.1913935338734,80.3952826138843,555982.270170194,4.57606555055819,16.396190240588002
143200,143.2,0.1432,16.4128925270969,0.0175176580898296,-0.0016951659144998,299.109356947552,-4.67368791214275,109.448497098592,63.1861182516558,80.3859005059821,555918.797860159,4.57658802515787,16.400569288572804
143300,143.3,0.1433,16.4070001367301,-0.0016502547966535,-0.0190369611843986,300.460249931988,-4.67372338859135,109.46332022424,63.1927257946986,80.3765183980799,555987.331646073,4.57602389197339,16.403782315662124
143400,143.4,0.1434,16.4071472341737,-0.0369314273257961,0.0248323945725483,300.419090789425,-4.67361545207678,109.474761104422,63.1929517569493,80.3671362901777,555982.524846038,4.57606345442512,16.407349213355076
143500,143.5,0.1435,16.4259090163482,0.0146522793713022,-0.0023100884884587,299.336751842833,-4.6733176188034,109.449426442888,63.2086623181783,80.3577541822755,555927.144709029,4.57651931095862,16.411477736708257
143600,143.6,0.1436,16.3948820750665,0.0260212817978191,-0.0387670723680981,298.635685454557,-4.6729574218795,109.470690847303,63.2175345558374,80.3483720743733,556048.272026912,4.57552238040913,16.414549799117236
143700,143.7,0.1437,16.4124424984892,-0.0184876108319107,0.0260542632830079,301.249114155448,-4.67274265867041,109.514327791029,63.1947468655978,80.3389899664711,556004.475939031,4.57588279114132,16.420072896519954
143800,143.8,0.1438,16.3943890329039,-0.0418012500311901,0.0073686109175452,301.860091715872,-4.6723923346422,109.511276377179,63.2210124208174,80.3296078585689,556155.112709656,4.57464339552908,16.42258492885907
143900,143.9,0.1439,16.4377281162212,0.0458544351633024,-0.0167307526400215,300.843214188938,-4.67219816038114,109.449340900607,63.2439734278309,80.3202257506667,555977.502844008,4.57610478883135,16.42756298476142
144000,144.0,0.144,16.4226027454739,0.0089138696672311,-0.0380113784835671,299.040320869908,-4.67208588422701,109.507242904699,63.2324343899185,80.3108436427645,556105.172864576,4.57505421167253,16.42985764804974
144100,144.1,0.1441,16.4528386835732,-0.0502192275179993,0.0653197562758319,299.574253661582,-4.67198694343863,109.579331929549,63.186257062128,80.3014615348623,555999.918763223,4.57592029672658,16.434428518657995
144200,144.2,0.1442,16.4357381798907,-0.0227262315912438,0.0125014395038345,299.122468908807,-4.67166788809186,109.529599424485,63.2318240850937,80.2920794269602,556083.379983334,4.57523350782973,16.437177729345965
144300,144.3,0.1443,16.442320309888,0.062114875997123,-0.0650864674613224,300.017838312965,-4.67136673706838,109.458368027198,63.2808658675299,80.2826973190579,556087.761407042,4.57519745949716,16.441928397244904
144400,144.4,0.1444,16.4489442386979,-0.0017698929187588,0.0205966618278583,300.743764400696,-4.67104338724027,109.546062163501,63.2359452432094,80.2733152111558,556073.225551808,4.57531705599072,16.445817958614995
144500,144.5,0.1445,16.4174605492013,-0.0770558798897527,0.0305237996171443,302.092828119498,-4.67089836413898,109.617707166295,63.2214020407261,80.2639331032536,556243.916112381,4.57391306142923,16.45015283027955
144600,144.6,0.1446,16.4877903979246,0.0343392235407522,0.0178220673901767,300.876715649624,-4.67075183910129,109.514998899611,63.2581881962321,80.2545509953514,555981.090982198,4.57607525599899,16.454298115137092
144700,144.7,0.1447,16.4214170660037,0.0342129879078954,-0.0909658910690172,298.624934499553,-4.6706611845755,109.510657893362,63.3003814942935,80.2451688874492,556264.840799758,4.57374100723151,16.45708992898636
144800,144.8,0.1448,16.5027181063443,-0.0139885176301711,0.0580907866031547,300.093261765758,-4.67061325203137,109.591230027786,63.2284139779887,80.235786779547,555976.205380048,4.57611546794133,16.4627486697431
144900,144.9,0.1449,16.4425268054256,-0.0775648119465363,0.0285770855983625,299.740630862944,-4.67016015424659,109.63302724447,63.245347753523,80.2264046716448,556272.154610501,4.57368087214145,16.465259529469343
145000,145.0,0.145,16.5071427966609,0.0791603735301821,-0.0178399152317028,300.266675323575,-4.66969863998544,109.510650640996,63.2953415924218,80.2170225637426,556025.418174068,4.57571044432087,16.471452516273345
145100,145.1,0.1451,16.4266595801108,0.0180044185707175,-0.0732401184051138,302.273803236703,-4.66957750531815,109.571015847855,63.3054948178804,80.2076404558404,556356.077170756,4.57299096324258,16.47386167778071
145200,145.2,0.1452,16.5036044884817,-0.0496862160545491,0.0882859419489196,301.780667228909,-4.66974431887849,109.645489756832,63.2366666327726,80.1982583479382,556063.869794542,4.57539403555749,16.480068474463984
145300,145.3,0.1453,16.45778278344,-0.0166861642143694,-0.0217190072390465,298.950482222779,-4.66948667469513,109.62255915629,63.2796599898951,80.188876240036,556260.473135922,4.57377691947795,16.48157183986304
145400,145.4,0.1454,16.509765963856,0.0652172164556588,-0.0318573919587554,297.196699538151,-4.66896105803053,109.568836416515,63.3007692376199,80.1794941321338,556108.26427013,4.57502877894854,16.48714370067084
145500,145.5,0.1455,16.4860831328081,-0.0139121846823121,-0.0026188872466572,300.145929205656,-4.66884638945995,109.623682666069,63.2938579811332,80.1701120242317,556260.787429928,4.57377433523922,16.48970603382991
145600,145.6,0.1456,16.4856448272161,-0.0496830638375867,0.0438893623547484,302.973890276576,-4.66880118704249,109.661935778889,63.2767341689404,80.1607299163295,556239.245489261,4.57395146760834,16.494330433387738
145700,145.7,0.1457,16.4968850369236,0.0120261961538237,-0.0171366737244403,301.874878398878,-4.66852425965935,109.633976660535,63.2999645047519,80.1513478084273,556236.47407189,4.57397425706776,16.49936324055724
145800,145.8,0.1458,16.4975309203402,0.0317520218123397,-0.0383756942529746,298.655448874538,-4.66839944322826,109.61858507698,63.3162290155071,80.1419657005251,556236.167139111,4.57397678100042,16.502173491547207
145900,145.9,0.1459,16.5254976334896,-0.0128363192419437,0.0410415961137537,297.432476296666,-4.66812852218645,109.655926170737,63.2924102245329,80.1325835926229,556151.210576988,4.57467549267299,16.508628622398838
146000,146.0,0.146,16.5001054854372,-0.0446686064536392,0.0090265029783952,300.519057570123,-4.66804191202117,109.687429913866,63.3009164333984,80.1232014847207,556320.613478279,4.57328247705906,16.509706515101513
146100,146.1,0.1461,16.544286610641,0.0461233336519025,-0.0127480920579107,301.17488192627,-4.66768527748049,109.63416281114,63.3203264752318,80.1138193768185,556155.820756217,4.57463757151286,16.51632389299756
146200,146.2,0.1462,16.4718990627402,0.0002613059936252,-0.049600546844368,300.58351382446,-4.66736250987849,109.673863930857,63.3370150749328,80.1044372689163,556438.678478626,4.57231211928538,16.516718558182248
146300,146.3,0.1463,16.5557080772322,-0.0159556021555678,0.0640272683845786,299.405950216693,-4.66703746229246,109.705430316134,63.2938393628134,80.0950551610141,556154.263111879,4.57465038389026,16.52268546139818
146400,146.4,0.1464,16.5003896886606,-0.0414527654205881,0.000893784844274,298.666555924764,-4.6668366490178,109.725582682199,63.3205365264214,80.0856730531119,556425.867618123,4.5724173898275,16.523131093445702
146500,146.5,0.1465,16.5545174096374,0.0512655770040419,-0.013135069618902,298.01409776575,-4.66678391817296,109.649150830716,63.3461758790515,80.0762909452097,556198.257277864,4.5742885382252,16.52839166287377
146600,146.6,0.1466,16.5233045393983,-0.0107554830454916,-0.01629115619504,297.806923488538,-4.66684401864043,109.682875487761,63.3523770296394,80.0669088373075,556358.598017168,4.57297024313885,16.530322514712044
146700,146.7,0.1467,16.5534659101264,-0.0140165527720814,0.0304912929238521,298.985901827985,-4.66653989778822,109.728189043933,63.323881192911,80.0575267294053,556272.904100876,4.57367470982478,16.53495180625595
146800,146.8,0.1468,16.5267695385976,0.00044843361215,-0.0075750233577767,300.710942362386,-4.66621915061707,109.738499211022,63.3375158609913,80.0481446215032,556379.747017012,4.57279641627424,16.53811399788178
146900,146.9,0.1469,16.5383412537199,0.0156711444727971,-0.0159619942304934,299.53048269168,-4.66573618168672,109.708616520247,63.3624492450817,80.038762513601,556381.985675646,4.57277801716995,16.540945740934042
147000,147.0,0.147,16.5447021274744,-0.0032254794810046,0.0242373442593063,300.364794803016,-4.66554853046273,109.730199659566,63.354812783375,80.0293804056988,556359.151196728,4.57296569630312,16.54457163365769
147100,147.1,0.1471,16.5394142075282,-0.0217967695115617,0.0041690056403456,298.863153893908,-4.66534639699549,109.767523934861,63.3489785817028,80.0199982977966,556431.903191195,4.57236779317584,16.5456119534235
147200,147.2,0.1472,16.5967641364163,0.0283306476828145,0.0056915621478227,297.831197319187,-4.66535975563647,109.736547876662,63.3537094662489,80.0106161898944,556251.195820383,4.57385320222934,16.550910334875727
147300,147.3,0.1473,16.5045984884586,-0.0145572561356707,-0.0419936073437814,297.767648289631,-4.6652091618087,109.749658856669,63.3898774267916,80.0012340819922,556569.979334438,4.57123346158448,16.551747328706334
147400,147.4,0.1474,16.6045511131777,0.0356648959674695,0.0443904832613828,299.944464684733,-4.66486147200872,109.745742181712,63.3581953476631,79.99185197409,556206.71813308,4.57421895547516,16.557875133864098
147500,147.5,0.1475,16.4947874716798,-0.0545733847647619,-0.038271937579964,299.042909258438,-4.66441913625457,109.820059188618,63.3795475314314,79.9824698661878,556705.637109151,4.57011954550791,16.558472275335838
147600,147.6,0.1476,16.6080508540458,0.0420865335942119,0.0439953923078539,299.765819744694,-4.66424372362146,109.749921427156,63.3728497330639,79.9730877582856,556226.04321635,4.57406003238392,16.564627152103522
147700,147.7,0.1477,16.5059237794793,-0.0364502879114896,-0.0584250900956153,301.256909464314,-4.66424995217675,109.78537565268,63.4154713385391,79.9637056503834,556714.622870192,4.57004578060129,16.564260835828982
147800,147.8,0.1478,16.6266607851846,0.0542104075510815,0.0350990978960352,299.755890532957,-4.66404542526057,109.775543057062,63.373244265555,79.9543235424812,556228.820907909,4.57403719047523,16.568259537101397
147900,147.9,0.1479,16.5316880573372,-0.0593140702219752,-0.0068882405330495,299.223144002803,-4.66400303352516,109.858124144161,63.3801091363625,79.9449414345791,556642.228946985,4.57064013641206,16.5695275324781
148000,148.0,0.148,16.6074264417939,0.0391980679388205,0.010823350714017,296.911084077055,-4.66357095323714,109.782049105799,63.3966690229239,79.9355593266768,556336.803301312,4.57314939106953,16.573188871043584
148100,148.1,0.1481,16.5660496329037,0.0207466416318595,-0.0246581114784414,299.587818325093,-4.66323640262276,109.781941319369,63.4279415849884,79.9261772187747,556545.35895512,4.57143568320031,16.57573327891641
148200,148.2,0.1482,16.5314216494375,-0.0319339174192806,-0.0046031718471466,298.544626100459,-4.66271222519552,109.856171493627,63.4095513299777,79.9167951108725,556694.844140509,4.57020814908932,16.577568878741136
148300,148.3,0.1483,16.6276918617697,0.032059560788172,0.0549431853631606,302.538554479992,-4.66298853906195,109.842667574502,63.3821718134581,79.9074130029703,556320.749431664,4.57328135944259,16.58114044381188
148400,148.4,0.1484,16.4932611663171,-0.0502031433376519,-0.0641110880057147,300.260906752992,-4.66273742079542,109.858649141738,63.4443442730748,79.8980308950681,556882.081122047,4.56867153656785,16.58172736123315
148500,148.5,0.1485,16.6737241765856,0.0979822989379155,0.0437580986246175,297.575937695082,-4.66257664279875,109.766579936891,63.4226528334491,79.8886487871659,556159.822996317,4.57460465148309,16.58509341064829
148600,148.6,0.1486,16.5039023255036,-0.0969231157511359,-0.0435529102213836,298.511647166493,-4.66249002077066,109.915331236279,63.4333184248396,79.8792666792637,556941.748253956,4.56818207868814,16.585013401219054
148700,148.7,0.1487,16.6816496592576,0.0568337518600383,0.0828891725245367,300.980708332692,-4.66219507866453,109.843677145529,63.3977454753081,79.8698845713615,556201.215639644,4.5742642081806,16.58885572870935
148800,148.8,0.1488,16.5050936450484,-0.0407148835751706,-0.0866297009789626,299.358310236243,-4.66168492645466,109.871851333436,63.4766166524894,79.8605024634593,556970.574292607,4.56794565220667,16.58853592866372
148900,148.9,0.1489,16.6664062323435,0.0594604938938015,0.0532483779738437,298.603129127885,-4.66129966554753,109.832622272784,63.4334043172397,79.8511203555571,556327.317878973,4.57322736360835,16.591014403729893
149000,149.0,0.149,16.5431358011807,-0.0573255217724308,-0.019874617346267,301.102238802122,-4.6613591342959,109.933347914229,63.4433883101739,79.8417382476549,556859.722828887,4.56885497180904,16.59069077023899
149100,149.1,0.1491,16.6362592203313,0.0301012781787649,0.0294633360451652,299.757561781241,-4.66107049119487,109.889820525327,63.4336874967859,79.8323561397527,556488.724914025,4.5719009197177,16.592422148360203
149200,149.2,0.1492,16.5733689099904,-0.0032693464228647,-0.0247252298139163,298.855555524104,-4.66099966288113,109.895134829414,63.4682982461922,79.8229740318505,556753.844605374,4.56972383378922,16.593800661272727
149300,149.3,0.1493,16.6011535940985,-0.0013739842933629,0.0040126199564372,299.687518024731,-4.66098716847105,109.907268010228,63.4569296454342,79.8135919239483,556650.141549311,4.57057516623587,16.595635121859516
149400,149.4,0.1494,16.6159945200884,-0.0002521626888146,0.0231368855918926,299.300660543131,-4.66033161633592,109.920928064564,63.4563150236378,79.8042098160462,556648.491920883,4.57058871114048,16.59623993978494
149500,149.5,0.1495,16.5918354999554,-0.0093416254503421,-0.0251841425031385,301.701421865944,-4.6601755786753,109.916837303667,63.4839556255037,79.794827708144,556804.766603127,4.56930591447396,16.596629205529226
149600,149.6,0.1496,16.643168836677,0.0247208522129144,0.0163751753610289,301.249551129731,-4.66001332340002,109.91557440198,63.467674821215,79.7854456002418,556590.12478434,4.57106800849684,16.596736417778725
149700,149.7,0.1497,16.5638560207208,-0.0375419207202069,-0.0304221126222199,300.552203862734,-4.65995923073368,109.980269378642,63.4738837490587,79.7760634923396,556906.713927839,4.56846945748373,16.59657870129744
149800,149.8,0.1498,16.6429457584434,0.0383971244699305,0.0471940964721069,296.027171939419,-4.65934796753679,109.937591400265,63.4663658870865,79.7666813844374,556559.208875092,4.57132192348282,16.598736888751024
149900,149.9,0.1499,16.5364909314312,-0.0245337236033457,-0.0556046443651111,300.516265154144,-4.65937269485041,109.947306767412,63.5219064790194,79.7572992765352,557029.966017246,4.56745860808535,16.59781698563321
150000,150.0,0.15,16.6583777848295,0.0436409223094807,0.0416080277418184,302.160350226583,-4.65899494040704,109.939175603706,63.4840772705238,79.747917168633,556591.585860486,4.57105600925251,16.602374929170388
150100,150.1,0.1501,16.5274001522632,-0.0737493518880552,-0.0100286849140246,299.917702278374,-4.65861554348697,110.045693912202,63.4886888636921,79.7385350607308,557105.779924924,4.56683704410645,16.600976695717733
150200,150.2,0.1502,16.6587616768104,0.0358958671982157,0.0306408746282698,299.542284246348,-4.65864613525222,109.958322613458,63.4923115614885,79.7291529528286,556629.725404416,4.57074280644728,16.60411616400663
150300,150.3,0.1503,16.5820596665212,0.0048487042057602,-0.063395783231795,300.389101695316,-4.65876749501454,109.956188554817,63.5383212562134,79.7197708449264,556956.728767023,4.56805920790162,16.602471261537982
150400,150.4,0.1504,16.6217415488407,0.0004252788274816,0.0352249305486949,298.666545308189,-4.65831861454194,110.002184490527,63.4970954820158,79.7103887370242,556762.654632432,4.56965152399925,16.60520859013137
150500,150.5,0.1505,16.585345119604,-0.0244888945298846,-0.0017692791750373,300.029499089813,-4.65776091554638,110.049470359166,63.5009233933231,79.701006629122,556970.000613131,4.56795035719376,16.604174417286007
150600,150.6,0.1506,16.5913941403506,0.0120551454257826,-0.0200489169570345,301.413011690121,-4.65758772876535,110.007673789778,63.5311009454739,79.6916245212199,556957.482220802,4.5680530282172,16.605819337487844
150700,150.7,0.1507,16.6056871896606,0.0258212121949267,0.0055329719892504,300.836251511775,-4.65749117284374,109.998552538646,63.5341354265619,79.6822424133177,556872.334029336,4.56875150330764,16.607399338369106
150800,150.8,0.1508,16.54439367031,-0.0305128843928766,-0.0195439727285911,300.286949333008,-4.65745903898992,110.067028389815,63.5299268574624,79.6728603054155,557116.480284441,4.56674933031597,16.605196975604365
150900,150.9,0.1509,16.6361708801327,0.0167997101767008,0.0357678845134051,299.206936225684,-4.65716591727716,110.05043279066,63.5114530605442,79.6634781975133,556804.92506579,4.56930461408248,16.60916485267581
151000,151.0,0.151,16.5636729956117,-0.0283908401332251,-0.0352506631102416,299.434659885693,-4.65678317315397,110.05426951373,63.5562715298449,79.6540960896111,557151.649904276,4.56646105900267,16.6036141901664
151100,151.1,0.1511,16.6499695138265,0.039334031758335,0.0186142305432817,301.465853190727,-4.65639894369064,110.017746117681,63.5498034683221,79.6447139817089,556844.471596219,4.56898010669635,16.608839368560766
151200,151.2,0.1512,16.556235439827,-0.0383537831678247,-0.0268213320824148,299.671969372879,-4.65610835314745,110.096707976747,63.5549960807112,79.6353318738067,557224.013219882,4.56586804029749,16.602408378893738
151300,151.3,0.1513,16.6133140867433,-0.0031021894363546,0.0379359536241232,300.533534743098,-4.65629718155774,110.081675803323,63.5395856750392,79.6259497659045,556947.214829435,4.56813724084449,16.608280592718458
151400,151.4,0.1514,16.5946312917358,-0.0016917357804028,-0.0213214482103399,299.662331278268,-4.65613086352931,110.056179037845,63.5772553818339,79.6165676580023,557082.681222098,4.5670264020156,16.60252027474767
151500,151.5,0.1515,16.630691675842,0.0226075394760968,-0.0052785160433759,300.037236995715,-4.65592442822732,110.070980427305,63.5643964830867,79.6071855501001,556979.271503669,4.56787432390148,16.605790203344622
151600,151.6,0.1516,16.612301867264,-0.0244397750163512,0.0214123299305674,301.644211273671,-4.65543227364791,110.148850595861,63.5389229215504,79.5978034421979,557084.277365986,4.56701331668619,16.601412952916313
151700,151.7,0.1517,16.5877201291087,-0.0017665518425709,0.0094948152367267,301.966143634675,-4.65506598655088,110.131371706022,63.5618526937526,79.5884213342957,557131.207973653,4.56662860890621,16.601785611654464
151800,151.8,0.1518,16.5948105659674,0.0216683580406102,-0.0287000643454373,303.840043665994,-4.65529958305993,110.087379381572,63.5962258719495,79.5790392263935,557144.141497002,4.56652259935978,16.599851224209512
151900,151.9,0.1519,16.6037202740294,-0.0018307269579868,0.0099155328040902,297.998148628242,-4.65467438452267,110.128410392858,63.5787088299625,79.5696571184914,557132.586747134,4.56661730756327,16.596610889400786
152000,152.0,0.152,16.6166142039003,-0.019643484353742,0.0112494803762227,301.45145662826,-4.65493625085522,110.160522095093,63.5671362087515,79.5602750105892,557127.899692127,4.56665572600639,16.597300702424864
152100,152.1,0.1521,16.6303034249879,0.0003932123955455,-0.0008098918287555,299.236103431167,-4.65441217866516,110.128708401763,63.5924052089166,79.550892902687,557122.702042685,4.56669833040125,16.59349327932917
152200,152.2,0.1522,16.6327947687095,0.0234390117879979,-0.0098025594504186,300.194168473327,-4.65395113666063,110.122336366175,63.6059177409356,79.5415107947848,557143.124884027,4.56653093184369,16.595744822826447
152300,152.3,0.1523,16.6132169353707,-0.0084758365138958,-0.0078543881207136,302.157972739719,-4.65373132896752,110.171433960686,63.5964449491123,79.5321286868826,557242.777035463,4.56571429562926,16.59089485087587
152400,152.4,0.1524,16.6222530725817,0.0157486961753024,0.0133598321243978,299.15993098701,-4.65337599259467,110.176628506743,63.5928280765263,79.5227465789804,557171.622495156,4.56629736786187,16.59283617277427
152500,152.5,0.1525,16.5248356421998,-0.0220086049530391,-0.0085599063804963,300.344920672501,-4.65350137651639,110.189323340796,63.621100604493,79.5133644710782,557417.78888556,4.56428080333349,16.58843898546818
152600,152.6,0.1526,16.6027076354613,0.0248650996390866,0.0153226299246154,300.459718656934,-4.65332223362571,110.166800591502,63.6166164951095,79.503982363176,557198.81889577,4.56607449076966,16.590508458644262
152700,152.7,0.1527,16.5501764374807,-0.0144835177488512,-0.0262628932035775,300.783318610416,-4.6531352434408,110.215510185732,63.6217709507429,79.4946002552738,557424.558986252,4.56422536867399,16.58697460902163
152800,152.8,0.1528,16.5991774555513,0.0110858321789343,0.0176898162782946,300.324553709369,-4.65281699363144,110.20763259712,63.6145029818604,79.4852181473716,557255.267243456,4.56561196062313,16.5883159361521
152900,152.9,0.1529,16.5629255093098,-0.0067796387543074,-0.0137842797722974,300.717092336093,-4.65249686194044,110.203277238861,63.6441340513577,79.4758360394694,557426.994887704,4.5642054234555,16.587679571499947
153000,153.0,0.153,16.5891561739402,0.0039216316462782,0.0029700453382089,301.251732934673,-4.65222393103599,110.213477269471,63.6389061270526,79.4664539315672,557366.990544329,4.5646967911793,16.586548044076086
153100,153.1,0.1531,16.5655538440644,0.0072900565131979,0.0139667173567094,299.487675829953,-4.65198689998072,110.246738190164,63.630407421956,79.457071823665,557394.923921467,4.5644680352443,16.58563960453947
153200,153.2,0.1532,16.514117313713,-0.0222026409731672,-0.0247380465520717,299.5663711012,-4.65211108130321,110.259794291733,63.6503327614898,79.4476897157629,557569.654079795,4.56303763060042,16.58271714730846
153300,153.3,0.1533,16.5907683177073,0.041985446582607,0.0312140447243695,297.433295462698,-4.65164948989431,110.209043365269,63.6552063350789,79.4383076078607,557289.866398257,4.56532850613291,16.583038372493117
153400,153.4,0.1534,16.4616712184737,-0.0479552165433082,-0.0506814186679036,299.764381950903,-4.65138710130796,110.289894798452,63.6744924347637,79.4289254999585,557801.78766595,4.56113868672398,16.580220918926592
153500,153.5,0.1535,16.6351253724004,0.0607620829668957,0.0760408442907981,300.530441067758,-4.65111256615074,110.264281244352,63.6226145174324,79.4195433920563,557152.070530359,4.56645761151906,16.582244324781886
153600,153.6,0.1536,16.4371242786407,-0.0745070903753543,-0.0964442411255127,301.055205219808,-4.65103745909577,110.324859566408,63.6927995303364,79.4101612841541,558007.195907039,4.55945968422747,16.580117136271674
153700,153.7,0.1537,16.6532277043535,0.0752248802016232,0.101455508115033,299.09729074912,-4.65071585390148,110.22973871844,63.6486173340137,79.4007791762519,557073.52108392,4.56710149909223,16.580115994534545
153800,153.8,0.1538,16.4015571135215,-0.083341059908523,-0.0870163904211071,298.603196840734,-4.65064818750787,110.354824578338,63.6994511950659,79.3913970683497,558085.141264695,4.55882288405214,16.57587775031239
153900,153.9,0.1539,16.6036970508901,0.0767469336016562,0.0605602872278687,301.435781895256,-4.65077313943804,110.279537169822,63.6516699993023,79.3820149604475,557220.205017955,4.5658992447429,16.57392308197797
154000,154.0,0.154,16.4459618463718,-0.0630206231906893,-0.0448542276797342,299.698372452827,-4.6499148688081,110.343897551394,63.7068199058813,79.3726328525453,557962.527726981,4.55982469577577,16.571095417142775
154100,154.1,0.1541,16.5706841584863,0.0335016204287079,0.0352951072998299,300.509332166423,-4.64960857958931,110.295798905895,63.6857052990985,79.3632507446431,557468.563605494,4.56386508468204,16.56755733432706
154200,154.2,0.1542,16.4933956706785,-0.008087409751257,-0.0215954964512446,301.377553577302,-4.64966917768356,110.343452209788,63.7016183025405,79.3538686367409,557782.824145681,4.56129375647908,16.563915822993778
154300,154.3,0.1543,16.4958422320329,-0.0032809644031635,-0.0155330522797432,299.141032249933,-4.64941855223782,110.341630205089,63.7077924188223,79.3444865288387,557761.72207749,4.56146632610528,16.56020745651932
154400,154.4,0.1544,16.5585953546714,0.0155919078935107,0.0502951446737322,299.795713152023,-4.64935095590934,110.328853020876,63.6966354943872,79.3351044209365,557533.534127879,4.56333324815474,16.5542418538732
154500,154.5,0.1545,16.4290201086137,-0.0573672534615372,-0.0290227222214658,298.146371390515,-4.64891093337884,110.378421301554,63.7327244266485,79.3257223130344,558034.047547451,4.55924029085451,16.546807226146772
154600,154.6,0.1546,16.5450776378268,0.0706374965513758,0.0359268297017331,300.738828490263,-4.64889012350926,110.325196622412,63.7125710017066,79.3163402051322,557522.639467773,4.56342242115179,16.537403935211778
154700,154.7,0.1547,16.3770241700418,-0.0498012912363076,-0.0687494169201869,300.072540023229,-4.64849866530355,110.416478633486,63.746200579457,79.30695809723,558212.413322655,4.5577834754749,16.52510439814787
154800,154.8,0.1548,16.5210160172092,0.0302650241617438,0.0777171012257431,301.058938392741,-4.64823945965389,110.370393470384,63.7117100291003,79.2975759893278,557611.554445482,4.56269475222238,16.51040389757826
154900,154.9,0.1549,16.350587770552,-0.0489802128320241,-0.0442908161904289,303.962522941004,-4.64801043949062,110.424667298694,63.7647334766889,79.2881938814256,558283.989492612,4.55719913365101,16.490514581074834
155000,155.0,0.155,16.429977264518,0.0559499100139564,0.0230418375287571,302.268147959128,-4.64772083428026,110.393330617816,63.7447068749626,79.2788117735234,557884.245395399,4.5604645304937,16.46744350775267
155100,155.1,0.1551,16.3015308613016,-0.0376767835471231,-0.0224835818375617,299.64182697199,-4.64760591014988,110.465817531194,63.7628781334945,79.2694296656212,558343.618198263,4.55671244431334,16.4347714173813
155200,155.2,0.1552,16.3201290129179,0.0145574436878301,0.0201812242455701,300.804619465649,-4.64770974393783,110.432136152785,63.7671130411805,79.260047557719,558144.381156246,4.55833902327638,16.397594287682125
155300,155.3,0.1553,16.2419652605108,-0.00029368113867,-0.0078116270569347,302.286234202123,-4.64779855639138,110.440276734846,63.7932104107034,79.2506654498168,558347.8683864,4.5566777582578,16.350250374511287
155400,155.4,0.1554,16.18296968046,-0.007066660804067,-0.0099782787391277,301.126077354292,-4.64771654954419,110.472390353169,63.7981656651774,79.2412833419146,558487.482551373,4.55553865168845,16.2930363076494
155500,155.5,0.1555,16.1839070862462,0.0197307758353702,0.0069715560598835,301.013838388408,-4.64792877864288,110.470371333676,63.7985747414921,79.2319012340124,558414.732770019,4.55613214326633,16.220871940206305
155600,155.6,0.1556,16.0778361169591,-0.0092440000935232,-0.0398350837145227,301.468698405203,-4.64795207724752,110.495862426084,63.8296016844407,79.2225191261103,558749.050705328,4.55340605954555,16.13563791119567
155700,155.7,0.1557,16.0808223897235,0.0143814368962956,0.0340224846160715,302.428787945158,-4.64810481350424,110.511368175742,63.810009543448,79.213137018208,558589.770194485,4.55470445217989,16.034275573349525
155800,155.8,0.1558,15.9027582543817,-0.0306911020042514,-0.0239377963494767,301.052017295289,-4.64816573414988,110.583031810403,63.8339211309918,79.2037549103059,559095.229374674,4.55058669717601,15.914770468324717
155900,155.9,0.1559,15.8427877804484,0.0072636647816807,0.0311061033468894,304.15252061379,-4.64878510873491,110.560953533441,63.8461959934265,79.1943728024037,559024.865830142,4.5511594720726,15.77898161177645
156000,156.0,0.156,15.6491857786735,-0.0079025251129857,-0.0201395446147161,305.764357710774,-4.64945055821312,110.558052329093,63.9076007070156,79.1849906945015,559481.540918939,4.54744460213672,15.622183053229643
156100,156.1,0.1561,15.5795553434953,0.0219078714746782,-0.007428972622734,308.118747249843,-4.65033884674673,110.58162702277,63.9014362265813,79.1756085865993,559480.565483444,4.547452530453,15.451748191364231
156200,156.2,0.1562,15.4450659080494,-0.0423132707010089,0.0155672947445153,306.63407783381,-4.65093043779185,110.671314493483,63.8910630319575,79.1662264786971,559777.0986069,4.54504358891899,15.254678008621221
156300,156.3,0.1563,15.3301876471795,0.0337287208806751,-0.0138074119288879,308.729156098088,-4.65208749685766,110.640901446512,63.9220539560774,79.1568443707949,559828.365224524,4.54462737383195,15.043239344829846
156400,156.4,0.1564,15.1192174702264,0.0248141689956461,-0.0110549048311833,308.759056510818,-4.65310784559987,110.663110247655,63.9542934731667,79.1474622628927,560156.747947077,4.54196316043904,14.804440282824329
156500,156.5,0.1565,14.9138965424173,-0.0416902601599403,0.0077082130951928,310.735678297597,-4.65453742192811,110.72105517869,63.9695944803275,79.1380801549905,560517.690515238,4.53903838593975,14.55152262758685
156600,156.6,0.1566,14.7348053836524,0.0304694736430908,-0.0055873777931564,311.186933575462,-4.65592570519301,110.676013608092,64.0150442490074,79.1286980470883,560621.279408607,4.53819968434096,14.275506263146461
156700,156.7,0.1567,14.4517769900686,0.0048685159401532,-0.012392230706985,315.440360433667,-4.65792659302335,110.68702740428,64.0685264743307,79.1193159391861,561078.960418434,4.5344978028575,13.984075554268449
156800,156.8,0.1568,14.112854275057,-0.0191109103646543,0.0110865766670556,319.395913445631,-4.66014302575305,110.750272205499,64.0912155302074,79.1099338312839,561531.769188985,4.53084126820027,13.67292085274928
156900,156.9,0.1569,13.8369256395888,0.0024477412081728,0.0219915101235804,320.384696325755,-4.66228677061275,110.740227773286,64.130098762487,79.1005517233818,561754.85417586,4.52904197326346,13.346182453877002
157000,157.0,0.157,13.4987774073846,-0.0135250236264012,0.0078729593305889,325.120397408122,-4.6652116408622,110.7258318133,64.1940839968222,79.0911696154796,562175.552957129,4.52565270735098,13.00686692858141
157100,157.1,0.1571,13.1392461395876,-0.0094676045616828,-0.0079735225474931,328.944981869175,-4.66832908089034,110.721038319033,64.2497308776492,79.0817875075774,562571.775963898,4.52246526034436,12.652924754169566
157200,157.2,0.1572,12.7699113680095,0.0285608063714242,0.0071312558851791,329.155679304742,-4.67124318990945,110.686930111005,64.3119408873183,79.0724053996752,562876.230405632,4.52001910155897,12.290627405642857
157300,157.3,0.1573,12.3240663159486,-0.0184342018745102,-0.0065131801640376,332.989908934386,-4.67485749309004,110.700999963318,64.3803832105277,79.063023291773,563480.016440933,4.51517576313846,11.915019298600868
157400,157.4,0.1574,11.8965307820645,-0.0225957147692522,0.054137016801759,334.956040590393,-4.67845211209849,110.669343297614,64.4480577380683,79.0536411838708,563844.105587005,4.51226019397372,11.53539028475078
157500,157.5,0.1575,11.3716227072593,0.0108565530528982,-0.02022755609742,337.384878377806,-4.68235781973789,110.587946070606,64.573819308332,79.0442590759686,564461.855602051,4.50732195275325,11.147333140050296
157600,157.6,0.1576,10.8909559796106,0.0355225270145699,-0.025927410291164,339.737117900517,-4.68652241680683,110.55551227486,64.6496548921125,79.0348769680664,564891.960278811,4.50389011022785,10.757560268080839
157700,157.7,0.1577,10.3548336236793,-0.0225339291676803,0.0486370978920771,340.607660830244,-4.69063888768315,110.575659175843,64.7051457565173,79.0254948601642,565412.728369682,4.49974184448053,10.364133418239176
157800,157.8,0.1578,9.82634585378286,-0.0154390104782088,-0.0189216203824272,342.13630596835,-4.6950795021664,110.496378606286,64.8253807392786,79.016112752262,565990.03042172,4.49515216964381,9.971214816796909
157900,157.9,0.1579,9.34145941212878,0.0629741564685396,-0.0014173404973282,341.323659178748,-4.69936418290579,110.423522571842,64.9041555629704,79.0067306443598,566236.931619524,4.49319210947638,9.581061660872882
158000,158.0,0.158,8.91075053046062,-0.0262825383215501,-0.0010952824229857,340.50178144921,-4.7036779853134,110.490592801985,64.9257457883402,78.9973485364576,566702.026318949,4.48950452810811,9.192860784982
158100,158.1,0.1581,8.44928571598198,-0.0035204333470087,0.0136441336429741,334.679702257917,-4.70726338310814,110.46603883028,64.9805255443859,78.9879664285554,566986.780706187,4.4872497910412,8.812560975314565
158200,158.2,0.1582,8.01685083302017,0.0019102160440278,-0.0065471375948928,330.662150421086,-4.71091435794336,110.397397189502,65.07559265849,78.9785843206533,567396.053944206,4.48401305500997,8.43625638660071
158300,158.3,0.1583,7.59997982875538,0.0138245244035197,0.014571329717298,327.042887334179,-4.71449148189715,110.345710021334,65.1394182093284,78.9692022127511,567619.202822182,4.4822502491058,8.070533316561198
158400,158.4,0.1584,7.24343410766224,-0.0109271427022146,0.0396518978476633,324.397075065237,-4.71800917168538,110.313558901186,65.1854182946103,78.9598201048489,567787.075947079,4.48092501753967,7.712116031484648
158500,158.5,0.1585,6.83273927181168,0.0277287540984374,-0.0266695524571602,323.680084038829,-4.72167533365214,110.225912270625,65.2809043967964,78.9504379969467,568099.501347552,4.47846074008515,7.368001201000148
158600,158.6,0.1586,6.47822219188996,0.0355380037736498,-0.0384569838654493,319.032627613134,-4.7247190569887,110.215461356959,65.3236674648991,78.9410558890445,568350.194999071,4.47648533533294,7.034719992361922
158700,158.7,0.1587,6.20681663615943,-0.03320112018225,0.0325269499497792,315.286777018144,-4.7276259673882,110.304217241253,65.2940083998941,78.9316737811423,568482.055080392,4.4754470092942,6.716998533103181
158800,158.8,0.1588,5.96399886661021,-0.0109022905039274,0.0243448999316698,310.657804175884,-4.73012090244984,110.258414251423,65.3336391529954,78.9222916732401,568523.314155837,4.4751222155677,6.415276554997419
158900,158.9,0.1589,5.72481686574781,0.0396755671778818,-0.0400649291008419,308.823167821477,-4.73265703752909,110.2070330133,65.3917725887761,78.9129095653379,568696.397177302,4.47376020997325,6.133231151151328
159000,159.0,0.159,5.52508249183464,-0.0214620951189411,0.0179404117133258,304.063686265874,-4.73450554255302,110.280666184069,65.3681317245322,78.9035274574357,568802.992758173,4.47292181236577,5.86774255245304
159100,159.1,0.1591,5.31929486641873,-0.0135783943156959,0.0113855042305772,302.62419398081,-4.7363122004103,110.308550259793,65.3728606566658,78.8941453495335,568920.315825406,4.47199940391608,5.6205219766453505
159200,159.2,0.1592,5.18451747437482,-0.0100472004893465,0.0043461145053901,301.719866856096,-4.73799231575238,110.277570595305,65.4114537292205,78.8847632416313,569028.629602502,4.47114816529396,5.394217122125347
159300,159.3,0.1593,5.06035813106194,0.0396143749145481,-0.009429323043394,299.539123115021,-4.73923033689915,110.256266858611,65.42714189003,78.8753811337291,568987.471218202,4.47147159110517,5.1864341613533735
159400,159.4,0.1594,4.9313281560653,-0.0245244188931546,0.0305450167785179,300.480745138041,-4.74060227513428,110.33583622605,65.4012071908363,78.8659990258269,569104.689949535,4.47055060022887,4.996526594489464
159500,159.5,0.1595,4.83369950717282,0.0072732431457715,0.0188582526049176,299.046612735181,-4.74157204762027,110.334618307446,65.4094208287074,78.8566169179248,569102.170255094,4.4705703935491,4.82537783470823
159600,159.6,0.1596,4.67112033195981,0.0206165548873726,-0.0343633230571349,301.387723428369,-4.74295741490436,110.334166970627,65.4415357482438,78.8472348100226,569311.517752066,4.46892647331783,4.67367649277578
159700,159.7,0.1597,4.60862684715349,-0.0094814435212591,0.0230285085993923,301.428917253551,-4.74408230859301,110.376590558937,65.4197177850043,78.8378527021204,569272.792865648,4.46923047286297,4.538344551482497
159800,159.8,0.1598,4.49957264654804,-0.0227320514287883,0.0025466608534668,302.664207203627,-4.74530249122406,110.408234144338,65.4166909621284,78.8284705942182,569341.88705983,4.46868809597984,4.422253623198771
159900,159.9,0.1599,4.46238174736434,0.0299528491399292,0.0194630021347316,297.663725386301,-4.74570291418285,110.377691941214,65.4335028695713,78.819088486316,569262.907627829,4.46930808095143,4.319396187669804
160000,160.0,0.16,4.33374523968965,0.003399373739335,-0.0188939580127778,299.584201441526,-4.74679631252926,110.416348823457,65.4465723519888,78.8097063784138,569508.220991743,4.46738294456306,4.232427554010659
160100,160.1,0.1601,4.29443712833273,-0.0018443920872693,0.0232750391350599,299.199205586848,-4.7474338743503,110.480017472448,65.4088205856515,78.8003242705116,569440.113420947,4.46791726343698,4.155427107743881
160200,160.2,0.1602,4.18687630519097,-0.0107246918308159,-0.0196503599006029,299.523587202624,-4.74818248861125,110.480718347281,65.4379003546558,78.7909421626094,569629.062800768,4.46643522845817,4.0885323385375925
160300,160.3,0.1603,4.15382852043401,0.0255632281722208,0.0208677832746887,300.939951460993,-4.74911113595247,110.455867085052,65.4432499421878,78.7815600547072,569479.66945652,4.46760692207856,4.02954406014536
160400,160.4,0.1604,4.01862007939877,-0.0411667194709183,-0.006469510656349,298.035670887873,-4.74954737510105,110.517970704614,65.4527380000534,78.772177946805,569814.601437755,4.46498090225735,3.977029008406606
160500,160.5,0.1605,3.99493684255273,0.0436647171012928,0.0323276240705357,298.333477185987,-4.75009764327423,110.475268914896,65.4572067428762,78.7627958389028,569565.480101955,4.46693383312405,3.9303659892252063
160600,160.6,0.1606,3.90656684659741,-0.0135426791893323,-0.0386436914210322,301.139512218037,-4.75080604716841,110.51138088536,65.4788619562152,78.7534137310006,569872.259271531,4.46452914991727,3.8902458266404
160700,160.7,0.1607,3.92005762444552,0.0058467115384566,0.0479754931406029,300.848395156836,-4.75115592897355,110.546775573458,65.430743853137,78.7440316230984,569568.003099874,4.46691404608421,3.8542690497780594
160800,160.8,0.1608,3.90230035077141,-0.0185868442108653,-0.034557829780474,301.836484660995,-4.75182376439832,110.574696117751,65.4469253593119,78.7346495151963,569784.855333928,4.4652140003895,3.8210723339139228
160900,160.9,0.1609,3.88756675803391,0.0066745585803307,0.0190990698385757,299.335164148387,-4.75217650510093,110.573813025443,65.4362041258611,78.7252674072941,569619.081327139,4.4665134941043,3.792177893215634
161000,161.0,0.161,3.81423159754482,-0.0029664570133278,-0.0215073155779985,299.174072780898,-4.75272214493527,110.602920124406,65.448398798087,78.7158852993919,569807.292982376,4.46503817094116,3.765107389280688
161100,161.1,0.1611,3.78189253025565,-0.0040033777840567,0.012839281629833,300.011300612297,-4.7532047508101,110.615169943252,65.4397470790445,78.7065031914897,569727.15635675,4.46566621383559,3.739282443568216
161200,161.2,0.1612,3.77489994868857,0.0029035353829372,-0.0065383628850657,299.932317038137,-4.75339757528774,110.608105692746,65.4537868267036,78.6971210835875,569745.071975845,4.46552579107666,3.713195236893329
161300,161.3,0.1613,3.75624132734847,-0.0100372997253442,0.0017143170725537,300.101300706964,-4.75367129508306,110.611369873585,65.454787184042,78.6877389756853,569702.666887552,4.46585817676915,3.6897055086439217
161400,161.4,0.1614,3.6895887422137,-0.01608996775844,-0.0116174658176463,300.716160069659,-4.75416271542588,110.650344932925,65.456916310191,78.6783568677831,569853.992423822,4.46467226179357,3.6660734622403357
161500,161.5,0.1615,3.68275144442864,0.004365261989982,0.0106177787370919,299.143317837047,-4.75450279778291,110.666241926,65.4457001975723,78.6689747598809,569770.252362816,4.46532844193991,3.6441254809196426
161600,161.6,0.1616,3.66856659358071,-0.0078516548664945,-0.0095304858263805,300.043882053589,-4.75509501371034,110.663811737399,65.4579670057654,78.6595926519787,569796.570531888,4.4651221941754,3.623200772333559
161700,161.7,0.1617,3.63492671628728,0.0047598750170762,0.0009025823466528,299.557021078511,-4.7554171626122,110.670545490412,65.4612264535012,78.6502105440765,569791.64650618,4.4651607808704,3.6039305932837817
161800,161.8,0.1618,3.61293928925005,-0.0142401860642225,0.0186273534702648,300.698645531705,-4.75573792497729,110.693000633768,65.4559769853841,78.6408284361743,569793.577441169,4.46514564918846,3.5850134718718545
161900,161.9,0.1619,3.57323663280905,0.0116824308623242,-0.0074562012412941,300.328930637551,-4.75579137800637,110.678147638981,65.482570342955,78.6314463282721,569880.588569067,4.46446389696359,3.569203540399825
162000,162.0,0.162,3.58454539327522,-0.0019749324176382,0.0223699576623693,301.013400111498,-4.75610953464102,110.687105544973,65.4723434401377,78.6220642203699,569769.711400319,4.46533268150402,3.5521729731446934
162100,162.1,0.1621,3.52409226147562,-0.0090253033038732,-0.0081510554838047,299.888272681146,-4.75643919649483,110.709983287784,65.476802201217,78.6126821124678,569858.276063865,4.46463870073166,3.5380252614300995
162200,162.2,0.1622,3.55156069557071,0.0116149387266754,0.0169615737990929,298.823840762932,-4.75689360029952,110.680104280374,65.4850079106559,78.6033000045656,569707.875903965,4.46581734403798,3.522510150221346
162300,162.3,0.1623,3.46881926860729,-0.006675216395426,-0.0379529951870156,299.33288462217,-4.7573500411927,110.67650784434,65.5212203450068,78.5939178966634,569936.359453698,4.46402702871189,3.509851575139163
162400,162.4,0.1624,3.49957383715751,0.0232680884486785,0.0235705804442202,300.680062123502,-4.75767512423003,110.663675267804,65.5076334886479,78.5845357887612,569684.091778157,4.46600379046166,3.4962424620379875
162500,162.5,0.1625,3.4379547066285,-0.0402741778817934,-0.0158451960173688,299.899998370983,-4.75778083865073,110.706075041238,65.5253786159687,78.575153680859,569988.681470896,4.46361725408555,3.4855087186480365
162600,162.6,0.1626,3.44597879364723,0.052621923500056,-0.0212575115506253,300.408983552448,-4.75801801439641,110.663513766169,65.5381198230381,78.5657715729568,569812.29216311,4.464998997457,3.4741223367984535
162700,162.7,0.1627,3.45799128089852,-0.0403315808270459,0.0154172846725513,300.080333829415,-4.75817805717864,110.71556687229,65.5202984845459,78.5563894650546,569857.239362534,4.4646468229359,3.4637140902898755
162800,162.8,0.1628,3.44666846645528,-0.0135824571173422,0.0162492814023433,299.094344247794,-4.7584066236717,110.693918682169,65.5361642034397,78.5470073571524,569815.716988724,4.46497216098606,3.4532486483136338
162900,162.9,0.1629,3.43847949994402,0.0404989601745872,-0.0166979561304303,297.748070870051,-4.75854538714971,110.602908548202,65.5902191453242,78.5376252492502,569748.768472937,4.46549681900333,3.4432832379071057
163000,163.0,0.163,3.44461425334681,-0.0063802481489042,0.0053545175217753,299.537275778774,-4.75889551362659,110.636764990438,65.5802804994748,78.528243141348,569768.74206399,4.46534027828649,3.4312989334954915
163100,163.1,0.1631,3.4370718544667,-0.0192411366224658,0.0317201716412463,299.255066531736,-4.75897569959335,110.649639217449,65.5803076172054,78.5188610334458,569767.198050705,4.46535237892117,3.4201282073474517
163200,163.2,0.1632,3.43370055251699,0.0244251375511792,-0.0604676833251869,299.100275298653,-4.75907246938098,110.583952345673,65.6325644790399,78.5094789255436,569814.605213106,4.46498087267428,3.408321413922635
163300,163.3,0.1633,3.45869140804818,0.0208652078190467,0.0465671690092934,299.603615172615,-4.75933025260628,110.620683294156,65.5956703151836,78.5000968176415,569615.375437034,4.46654255302524,3.397374586735472
163400,163.4,0.1634,3.39588553261245,-0.0277322581341863,-0.0175800888170386,300.469484052177,-4.75968023629598,110.675711582125,65.5995475907309,78.4907147097393,569864.300036276,4.46459150553036,3.3881752112343198
163500,163.5,0.1635,3.43126416482017,0.0290685280292309,0.014677688743905,298.955731778918,-4.75969804814284,110.649097255499,65.5950045369664,78.4813326018371,569619.71236489,4.46650854599845,3.3794035596935688
163600,163.6,0.1636,3.3852410476619,-0.0243919897828992,-0.0298637227545103,300.625961263422,-4.759984720018,110.688425028128,65.6052176810013,78.4719504939349,569842.762000688,4.46476025125663,3.3710066831224013
163700,163.7,0.1637,3.39446536430643,0.0035644549868831,0.0377113355019329,301.490206820767,-4.76020623883398,110.678144336324,65.6010816930964,78.4625683860327,569685.793876908,4.46599044700189,3.3619903027021576
163800,163.8,0.1638,3.3488137205101,-0.0249291710061535,-0.026311430774104,300.54026434039,-4.76028762623006,110.67046513753,65.6401550832135,78.4531862781305,569917.404997103,4.46417549444712,3.3549754410050574
163900,163.9,0.1639,3.3963583730556,0.0220670253695174,0.0249418306606804,298.625343975095,-4.76032218092174,110.642636614302,65.6355447761186,78.4438041702283,569665.944618962,4.46614605854442,3.3461685181779126
164000,164.0,0.164,3.35925298440798,-0.0205012400701517,-0.0108277487101719,298.349978633715,-4.76048568461074,110.666992931843,65.651855781417,78.4344220623261,569864.780511099,4.46458774126226,3.3404770605374305
164100,164.1,0.1641,3.35516224715241,0.014284022559545,0.0283925075790233,300.783025188003,-4.76090153202713,110.653033309096,65.649186210706,78.4250399544239,569701.57381738,4.46586674528394,3.3325707175905213
164200,164.2,0.1642,3.29426218988015,-0.0239850924525554,-0.0287569898584141,299.957014287803,-4.76089424625983,110.654956560933,65.6873907711035,78.4156578465217,569974.824371476,4.46372577254183,3.327446907453767
164300,164.3,0.1643,3.32802139662156,0.0316094428106461,0.0250676045987191,300.162285505599,-4.76106166835994,110.616713760146,65.688315450324,78.4062757386195,569717.686996826,4.46574043831842,3.3203666778380323
164400,164.4,0.1644,3.26518839609804,-0.0386513719488563,-0.0222355893011494,300.107878745125,-4.76121859719331,110.662968106725,65.702076331969,78.3968936307173,570007.097620644,4.46347304071678,3.315160527684908
164500,164.5,0.1645,3.33362066222125,0.0082972823382171,0.0268745588000846,301.353718407301,-4.76150917730313,110.628682499363,65.6944372651299,78.3875115228151,569696.058537995,4.4659099797463,3.30864687512363
164600,164.6,0.1646,3.28665745077938,0.0072896603831096,-0.0354168606035038,299.333293660862,-4.7615384597596,110.632878725803,65.7259176321796,78.378129414913,569922.451193478,4.46413596783056,3.3045225494699935
164700,164.7,0.1647,3.30202400340285,-0.0019946080579929,0.0221880886584195,298.64616319366,-4.76188519447335,110.638879413051,65.7070811897264,78.3687473070108,569721.814545319,4.46570808470347,3.298990593487804
164800,164.8,0.1648,3.26032578883035,-0.0184005024521519,-0.0072597193079599,300.987228279606,-4.76260380761444,110.658720907643,65.7174397608707,78.3593651991086,569845.5887836,4.46473810331299,3.2956214637057246
164900,164.9,0.1649,3.29376725060618,0.0108313164801526,0.0105706093136792,297.453506141694,-4.76230089735033,110.64514825285,65.7195975931676,78.3499830912064,569726.181430834,4.46567385556571,3.2888368454437895
165000,165.0,0.165,3.26488149257839,0.0031654036973755,-0.0138953725013815,301.45422286857,-4.76272236297611,110.640912098219,65.7374377808386,78.3406009833042,569790.781982998,4.46516755569921,3.28442528857366
165100,165.1,0.1651,3.2530236443665,0.0081158749750436,-0.0163513387994484,302.024904530844,-4.76277139018123,110.644252138406,65.7457797352929,78.331218875402,569812.041291454,4.46500096326609,3.2773402969599625
165200,165.2,0.1652,3.26736737592379,-0.0312058736442973,0.0360017238227555,301.163943485241,-4.76284791342674,110.641446262044,65.7459822833667,78.3218367674998,569731.098979864,4.46563531076769,3.2722325212834287
165300,165.3,0.1653,3.24084713637826,0.0344233775207865,-0.0544778285544949,299.395760218158,-4.76302097215665,110.592546050061,65.7878664696696,78.3124546595976,569773.826872893,4.46530042843567,3.2671265193443753
165400,165.4,0.1654,3.26304863336185,-0.0182852296197406,0.0502521229717664,297.383138419546,-4.76312422721289,110.655202553704,65.7444780055439,78.3030725516954,569652.388654337,4.46625233900455,3.264294921103294
165500,165.5,0.1655,3.26072474051222,-0.0124153424438472,-0.0126408188278786,298.365507473577,-4.76331162844036,110.65592263859,65.7563632019373,78.2936904437932,569690.80997072,4.46595112422074,3.2595652729157596
165600,165.6,0.1656,3.26439570927304,0.0343895868361707,-0.0126773419700184,302.150114001112,-4.76355386562863,110.583030303609,65.7985610021243,78.284308335891,569612.61821433,4.46656417342504,3.2587820473638454
165700,165.7,0.1657,3.24564825256332,-0.0139407832764071,-0.0259808539352615,300.618570501057,-4.76318758586456,110.592177245434,65.8208717340889,78.2749262279888,569784.597244197,4.46521602295362,3.2561588769977265
165800,165.8,0.1658,3.2770781931282,0.0282688053878661,0.016094373659024,301.937029522687,-4.7634377262813,110.617121227471,65.7931698555277,78.2655441200866,569604.972128275,4.46662413029991,3.255461078134846
165900,165.9,0.1659,3.25237464791128,-0.067294042200792,0.0040044671985009,300.579380855723,-4.76365025547323,110.667461658767,65.7956683099304,78.2561620121845,569817.517019708,4.46495805631572,3.254100286101825
166000,166.0,0.166,3.27721472088281,0.0691779199686536,0.0125005264409041,300.474379682344,-4.7639925651385,110.54242827335,65.8399703701456,78.2467799042823,569488.687107628,4.46753617910961,3.25529017941615
166100,166.1,0.1661,3.24011557138352,-0.024293347816453,-0.0512418896973339,299.980237997537,-4.76408353364419,110.572265391587,65.8678268782412,78.2373977963801,569815.081987513,4.46497713674542,3.255168673396659
166200,166.2,0.1662,3.27116458187455,0.0150287123865677,0.0665009925771714,298.120842709451,-4.76376276308929,110.601407791134,65.8216490653023,78.2280156884779,569497.376579948,4.46746801280444,3.257726901270752
166300,166.3,0.1663,3.23872176458302,-0.0286889173643147,-0.0545570735606609,302.645300229989,-4.76408564468693,110.611033943377,65.8613909015616,78.2186335805757,569822.475355529,4.46491920428297,3.2576218610216645
166400,166.4,0.1664,3.33050888704944,0.0639372841415976,0.0250841590547522,300.840636849289,-4.76383899849418,110.57809614127,65.8362257990548,78.2092514726735,569366.831500932,4.46849231898538,3.2593424673412894
166500,166.5,0.1665,3.1991355933965,-0.0575172497348224,-0.0278268214752943,300.285625430429,-4.76403408944993,110.701973383761,65.8282474527193,78.1998693647713,569867.229397199,4.4645685556234,3.2615946679903076
166600,166.6,0.1666,3.30188921514679,0.0377303035294702,0.0607339212183122,301.115873856096,-4.76451597294182,110.652467840964,65.8065317111808,78.1904872568691,569356.162955873,4.46857604919637,3.265380191524314
166700,166.7,0.1667,3.23212746618453,-0.0135758792253473,-0.0763503764692312,299.574158259838,-4.76465211845296,110.619528556129,65.8880199871865,78.1811051489669,569823.11844905,4.46491416524451,3.267895711810458
166800,166.8,0.1668,3.30210880403506,0.0562125743674751,0.0382441232418122,299.943386010371,-4.76480235579464,110.584326564232,65.8562524438181,78.1717230410647,569298.809594228,4.46902623081254,3.2698576247729916
166900,166.9,0.1669,3.25317620490342,-0.0729933291059454,-0.0030727069414414,300.195845164089,-4.76473122155884,110.68632291748,65.8512624695193,78.1623409331625,569712.33610337,4.46578238176912,3.272751712284377
167000,167.0,0.167,3.28981009293668,0.0679969772945561,-0.0170341899764032,300.383717015985,-4.7645719803772,110.625964182112,65.8629153698817,78.1529588252604,569434.065015544,4.46796472068722,3.2759474242240234
167100,167.1,0.1671,3.25147608095794,-0.0357882274561962,0.0063830792845091,301.771580912834,-4.76477322319831,110.699512833553,65.8512059493981,78.1435767173581,569642.951294077,4.4663263320773,3.280213743320119
167200,167.2,0.1672,3.2653358199791,0.0035266855086953,0.0092927509313445,302.112843934762,-4.76515023502838,110.685009544479,65.8519197911813,78.134194609456,569506.109310546,4.46739950924675,3.2845270362039543
167300,167.3,0.1673,3.24423801203414,-0.0137855911292278,-0.029972766764861,299.27541708072,-4.76515633985248,110.645606076355,65.8955318510357,78.1248125015538,569611.99695344,4.46656904498963,3.288305012236753
167400,167.4,0.1674,3.30244670080235,0.0523852517368943,0.0106045449882068,299.096371999511,-4.76529096930032,110.601595269855,65.8990782796612,78.1154303936516,569347.687803337,4.46864256718608,3.2928100126616973
167500,167.5,0.1675,3.2775448102631,-0.062190944628889,-0.0071528681544134,297.951422149373,-4.76492482673344,110.69744516181,65.8828543583018,78.1060482857494,569632.382178397,4.46640920152283,3.2979634288785897
167600,167.6,0.1676,3.33285016263188,0.0364070199014986,0.0355329468480694,302.725088447145,-4.76508993939505,110.638693681334,65.8826293409213,78.0966661778472,569259.723647292,4.46933307866223,3.303493390044923
167700,167.7,0.1677,3.29783144987853,-0.0122011281349611,-0.0808852203580017,302.417697412724,-4.76500567877012,110.640778171401,65.9403955847231,78.087284069945,569701.139172404,4.46587015245028,3.3065538382949793
167800,167.8,0.1678,3.33723369144654,0.0151345981859679,0.0767903532012512,300.547839671054,-4.7651240417132,110.681360842497,65.8728682674966,78.0779019620428,569258.074104691,4.46934602947601,3.3110471993882746
167900,167.9,0.1679,3.27509781642689,-0.0614117597044065,-0.0327885945930469,298.171190881349,-4.76528174503794,110.71367078759,65.9079213151325,78.0685198541406,569658.799481856,4.46620207668361,3.313954254566765
168000,168.0,0.168,3.35894657833371,0.0908366732452757,0.024334502323344,299.096168594369,-4.76557020482052,110.613702373842,65.9155213870005,78.0591377462384,569141.652194277,4.47026026550327,3.3167552498162642
168100,168.1,0.1681,3.25789585062575,-0.0657584810173173,-0.0492201965468908,298.864676964619,-4.76547085584839,110.731355152301,65.9217474699457,78.0497556383362,569732.342123765,4.46562556684605,3.3198968978724683
168200,168.2,0.1682,3.33843861118731,0.0295801324341764,0.0928026564673348,300.565720803527,-4.7654767019699,110.70701475742,65.8785868655904,78.040373530434,569165.744797294,4.47007104082322,3.3221849970227604
168300,168.3,0.1683,3.29936854374733,-0.0462551870406141,-0.0739614327493559,300.466008247618,-4.76537380635648,110.675788343538,65.9671928216611,78.0309914225319,569702.010966442,4.4658633184934,3.323488941012008
168400,168.4,0.1684,3.38392154621672,0.083878571347032,0.0485507944686907,299.575737354136,-4.76536120090728,110.595133734688,65.9493585503042,78.0216093146297,569064.505415336,4.47086628850635,3.3232578342057026
168500,168.5,0.1685,3.2653823442017,-0.0817834016367845,-0.0645809681381702,300.948527837846,-4.76572581175603,110.715243903872,65.9643696582663,78.0122272067275,569743.67798845,4.46553671684364,3.3228443416846987
168600,168.6,0.1686,3.37309420014629,0.0515639160670064,0.0958761086385472,301.373772006174,-4.76592970963817,110.642003204282,65.9297180916555,78.0028450988253,568999.24811438,4.47137904255284,3.3223860744205935
168700,168.7,0.1687,3.26344154072224,-0.0477979365567515,-0.113331389132724,298.82779937325,-4.76568559810395,110.646871456545,66.0177270543059,77.9934629909231,569715.336224249,4.46575886495974,3.319935284031011
168800,168.8,0.1688,3.38888067198762,0.0569787921436187,0.0740515040118223,300.598294145685,-4.76574607809127,110.621944090153,65.9553123433034,77.9840808830209,568980.032663193,4.4715300488462,3.3176110533402565
168900,168.9,0.1689,3.30827085088649,-0.0747717435142905,-0.0256512264401386,299.165827815901,-4.76535298479507,110.72468117204,65.9722052209989,77.9746987751187,569585.789208696,4.4667745604776,3.3135314151493156
169000,169.0,0.169,3.36261321305597,0.0575607403772933,0.019736904256104,302.597421695786,-4.76564087726966,110.638386185628,65.983188400014,77.9653166672165,569168.133622347,4.47005227972775,3.312023243268072
169100,169.1,0.1691,3.29872353220163,-0.0278380881308608,-0.0468818551145303,299.614074454066,-4.76551007165046,110.680208891975,66.0195560267035,77.9559345593143,569628.554913308,4.46643921078389,3.306680449669155
169200,169.2,0.1692,3.35886409231694,0.0406836299984797,0.0523632903150427,299.528394124377,-4.76588385789564,110.655280836249,65.9869858526506,77.9465524514121,569150.795420919,4.47018845219284,3.3033567358864087
169300,169.3,0.1693,3.33510447026725,-0.0273699565698645,-0.0454647183874521,297.783983291038,-4.76594129861971,110.68005980706,66.0169086336443,77.9371703435099,569467.839944643,4.4676997273354,3.297904955258294
169400,169.4,0.1694,3.35204636342609,0.020103144740891,0.055731196462734,299.727969812209,-4.76613417414313,110.680963737875,65.9861039208382,77.9277882356077,569138.243068081,4.47028704226896,3.2934309848010526
169500,169.5,0.1695,3.28591277995593,-0.0489570080570959,-0.04353826987527,301.303788523231,-4.76615561907312,110.722173657743,66.0138643795914,77.9184061277055,569521.101527626,4.46728190829563,3.287154374720705
169600,169.6,0.1696,3.32249778096521,0.0402120187569518,0.0541821408373383,300.695531247361,-4.766091454674,110.658447517865,66.0145834610755,77.9090240198034,569130.976884925,4.47034411511463,3.2811676608035225
169700,169.7,0.1697,3.27996041218777,-0.0114082215821159,-0.0493850159006592,299.803079767267,-4.7662508744248,110.700695219458,66.0376235402001,77.8996419119012,569478.386395424,4.46761698780322,3.274023579196379
169800,169.8,0.1698,3.315778285093,-0.0049660345760726,0.0641369506456705,299.408033975325,-4.76650421520492,110.742799359178,65.9826804811774,77.890259803999,569152.442838731,4.47017551318472,3.265887810650036
169900,169.9,0.1699,3.24574896436754,-0.0156572020957349,-0.0635131630466034,299.372771990951,-4.76664611078206,110.729181384586,66.0411908166891,77.8808776960968,569518.481627244,4.46730245869734,3.2575618923495657
170000,170.0,0.17,3.24600077858093,0.0450792146627682,0.0411333748536621,301.595766584255,-4.76697891868404,110.686866246671,66.0383710396965,77.8714955881946,569207.953386227,4.46973957076919,3.2492466791962133
170100,170.1,0.1701,3.18832914414174,-0.055483408093526,-0.0381280465077125,302.139980129191,-4.76708260234401,110.7484031701,66.0558129922006,77.8621134802924,569606.193813178,4.46661455033515,3.240357731601902
170200,170.2,0.1702,3.24010558458797,0.0194316975658155,0.0382773777454774,299.951566155533,-4.76687737708873,110.734040486193,66.0320965835026,77.8527313723902,569259.238473117,4.46933688783184,3.2317991143027838
170300,170.3,0.1703,3.18602716739001,-0.0088576855583794,-0.029796711378363,299.438796164985,-4.76695938141123,110.752137599948,66.0605359646801,77.843349264488,569528.843474092,4.46722118185872,3.223784428445429
170400,170.4,0.1704,3.18764620218841,0.0117739041700857,-0.000403593148135,300.550249649563,-4.76721640210631,110.741550859796,66.0578955562157,77.8339671565858,569383.007441457,4.46836537092926,3.215952200306256
170500,170.5,0.1705,3.18803362735832,0.0067305015879508,-0.002500108268103,299.157395934698,-4.76713896838072,110.764761362091,66.0589667956241,77.8245850486836,569442.931852189,4.4678951496888,3.2077935632433183
170600,170.6,0.1706,3.14734330745127,-0.029204253199793,-0.0014396753103451,299.973259904413,-4.76739676280512,110.760930954856,66.0817343785993,77.8152029407814,569550.824284817,4.4670487773268,3.1993744073498624
170700,170.7,0.1707,3.15041714439167,0.0453901947181491,-0.0005355260286937,299.807494579353,-4.76756158544535,110.697605533009,66.1123373699216,77.8058208328792,569420.144702699,4.46807394665555,3.1900994754368366
170800,170.8,0.1708,3.13354632130835,-0.0615599048876901,-0.0202706723169112,302.105606100112,-4.76792728347532,110.742888077775,66.1146446718439,77.796438724977,569604.262203834,4.46662969726254,3.181293911922743
170900,170.9,0.1709,3.19164463498797,0.0340737576050349,0.0216201696823637,300.683359434366,-4.76774043624231,110.697889183768,66.1137754092781,77.7870566170749,569296.660698703,4.4690430998215,3.1741736562627985
171000,171.0,0.171,3.15079584969253,-0.019742995729698,-0.0090298012057275,299.91143448529,-4.7677948692067,110.711770497161,66.1396805320204,77.7776745091727,569522.442963008,4.46727138619929,3.167164717552146
171100,171.1,0.1711,3.15171702574415,0.0159117170859793,0.008160495258752,299.717182913224,-4.76797830546491,110.691974746092,66.1447278020167,77.7682924012705,569395.370743405,4.46826834915294,3.1595056408087796
171200,171.2,0.1712,3.15704314348808,-0.0089416924902956,-0.0134475496623197,300.982857688495,-4.76838517812348,110.704084607587,66.1510670557614,77.7589102933683,569443.532759262,4.46789043492843,3.1528291933313026
171300,171.3,0.1713,3.15955738242002,0.0063104044103703,0.0215224842702201,299.254511844925,-4.7683558106869,110.71008432746,66.1430808405981,77.7495281854661,569336.94101464,4.46872691716229,3.144865418850537
171400,171.4,0.1714,3.16369140443865,-0.009842868328045,-0.012789645843441,300.575079899155,-4.76849687427376,110.718945543316,66.1603585755274,77.7401460775639,569462.517495684,4.46774148443624,3.1393510017033215
171500,171.5,0.1715,3.15105455296055,0.0059250206783034,0.0180571937209088,301.477454741524,-4.7685541962265,110.715305463127,66.1638178720638,77.7307639696617,569404.842462754,4.46819402210016,3.13379032303676
171600,171.6,0.1716,3.12605178931968,-0.0105298488253174,-0.0240132142877313,300.093792753522,-4.76851224893289,110.734710363026,66.176363158478,77.7213818617595,569543.872361285,4.46710330268124,3.127708975605406
171700,171.7,0.1717,3.13289893244337,0.0085749853214873,0.021916157751301,300.06182378694,-4.76883626423273,110.727364369462,66.1625900121888,77.7119997538573,569318.82607247,4.46886910590781,3.1222632325176543
171800,171.8,0.1718,3.11071629694503,-0.0217437539689753,-0.0009099136041816,301.000611864276,-4.76918301600771,110.722471626529,66.1907124695717,77.7026176459551,569466.888518243,4.4677071916631,3.117887289081423
171900,171.9,0.1719,3.12307387105052,0.0171847800261134,-0.0050613672477977,300.109969168628,-4.76926205933112,110.685764067132,66.2058500294269,77.6932355380529,569339.533694175,4.46870656730752,3.1141748517413754
172000,172.0,0.172,3.11449182441745,-0.0102440912737432,0.0035825261566402,298.088319765203,-4.76912428775346,110.715476898073,66.2000968480001,77.6838534301507,569374.116013455,4.4684351495649,3.1116883812689164
172100,172.1,0.1721,3.12018094261411,0.0100683672086463,-0.0073378597237033,300.236006023397,-4.76944092905973,110.718745402729,66.2004861518402,77.6744713222485,569325.505883374,4.4688166733358,3.1085914377665413
172200,172.2,0.1722,3.09959867052709,-0.0080062966724855,-0.015427706538953,299.288978629525,-4.76981298305671,110.733189840079,66.2083757539729,77.6650892143464,569398.855443669,4.46824100351333,3.10769720337452
172300,172.3,0.1723,3.12482400038136,0.0105144147822151,0.0407134027505043,299.975713822759,-4.77006003330785,110.726728720415,66.1892233609074,77.6557071064442,569132.168227256,4.47033475751638,3.1070629436635135
172400,172.4,0.1724,3.08709056821779,-0.0067450972220436,-0.0538411953820624,298.886720151424,-4.76976756125579,110.745757628486,66.2254878818993,77.646324998542,569473.042418073,4.46765891225305,3.1097143139033645
172500,172.5,0.1725,3.12689928058814,0.0254335130644898,0.0495841684246016,301.903659137768,-4.76985529285042,110.764026300981,66.1931649990467,77.6369428906398,569220.204665323,4.46964336893636,3.1101544340325087
172600,172.6,0.1726,3.11026334659584,-0.0648621534804441,-0.0165209040427378,300.440690145196,-4.7697955253375,110.79373959731,66.2130712978457,77.6275607827376,569475.3030053,4.46764117744942,3.1119862273559606
172700,172.7,0.1727,3.1497019703809,0.0871808691552926,-0.0049031010940499,301.908294091402,-4.77035322226672,110.69062434406,66.2346686397164,77.6181786748354,569062.087603844,4.47088528416978,3.112196889456171
172800,172.8,0.1728,3.09331336766253,-0.0650710511468342,-0.0150753089323901,300.17353432502,-4.77027902423681,110.799973537586,66.2258358602064,77.6087965669332,569479.446431622,4.46760867172482,3.1146519744448384
172900,172.9,0.1729,3.12297187755742,0.0403922296071463,0.0644746590380639,300.397772735528,-4.77047520911306,110.758918657597,66.2104078271427,77.599414459031,569067.016363327,4.47084656128195,3.115927363119958
173000,173.0,0.173,3.064975641109,-0.0350847847724243,-0.0840388524289961,301.596277655026,-4.77073549622271,110.742948104322,66.2875121558597,77.5900323511288,569578.691386931,4.46683022332134,3.1184696478060343
173100,173.1,0.1731,3.15788294806525,0.053106095748145,0.0448941677381069,299.952235836124,-4.77075783213831,110.70879576746,66.2478389754668,77.5806502432266,568993.438329618,4.47142469817569,3.1203443603189025
173200,173.2,0.1732,3.08818164436112,-0.042712460294472,-0.0496479692538723,297.836769162189,-4.77079853004023,110.798680055398,66.2587140665886,77.5712681353244,569480.006032919,4.46760428161528,3.1218027096530143
173300,173.3,0.1733,3.15411967299875,0.036177422121641,0.0804600098258574,298.110696744989,-4.77083863293823,110.768613331251,66.229384675637,77.5618860274222,569004.629810317,4.47133675185578,3.1232898476755877
173400,173.4,0.1734,3.06218977880389,-0.0283758289582823,-0.0839560790127448,301.418735641604,-4.77075454741133,110.781190453267,66.3001063838398,77.55250391952,569607.996244961,4.46660041646048,3.125579877673967
173500,173.5,0.1735,3.15339044152352,0.0408740274798422,0.0712640759034188,301.538324846271,-4.77056187380198,110.775992533145,66.2511431016094,77.5431218116179,569091.772882663,4.47065207138662,3.129571353802252
173600,173.6,0.1736,3.06611748779207,-0.0671500843368129,-0.0406105695460798,301.966392485087,-4.77085515961547,110.845128905663,66.2763769996445,77.5337397037157,569594.916090871,4.46670298728767,3.1331167847133896
173700,173.7,0.1737,3.14992512021954,0.0636012279958525,0.0285928032674963,300.192999226205,-4.77090566700983,110.754309734098,66.2733747669148,77.5243575958135,569033.581654982,4.47110925483054,3.1372925682914294
173800,173.8,0.1738,3.09787972387962,-0.029124649743432,-0.0168519338821482,298.585972747198,-4.77080831531779,110.82559274156,66.2795029991395,77.5149754879113,569383.555428815,4.46836107047535,3.142604358375584
173900,173.9,0.1739,3.15796705682382,0.0025448547632536,0.0493849927338751,299.865695566535,-4.77096157533965,110.802902227243,66.2610735152002,77.5055933800091,569039.808033071,4.47106033238908,3.146207513914754
174000,174.0,0.174,3.10320865033358,-0.0015033619841384,-0.0785937535013504,300.850279571011,-4.77114743308314,110.787192646258,66.3172451371044,77.4962112721069,569372.523321889,4.46844764900715,3.1530075249420837
174100,174.1,0.1741,3.20286597828995,0.0063431361332562,0.0641940729959031,299.655817962139,-4.77127365538421,110.794936059883,66.2713979606501,77.4868291642047,568949.778396065,4.47176782530681,3.1580148829802113
174200,174.2,0.1742,3.14999697827022,-0.0210731955523697,-0.0335924625672744,299.42929169021,-4.77139456316173,110.788703476672,66.3152474724822,77.4774470563025,569225.276303562,4.46960354566223,3.165385305148997
174300,174.3,0.1743,3.20769922663034,0.0361766792264083,0.0076359865922245,302.638228814683,-4.77155820087309,110.757168799103,66.3164161867139,77.4680649484003,569004.370340265,4.47133879081724,3.17107471196849
174400,174.4,0.1744,3.20539965382944,-0.0442255837335117,0.0079850756065169,301.455119040562,-4.77102596051498,110.823869183392,66.3031573100103,77.4586828404981,569164.266144213,4.47008265378754,3.178816025541207
174500,174.5,0.1745,3.22696380649117,0.0386276444228342,0.0102180578158545,300.645198066904,-4.77090777399368,110.784640571268,66.310885298886,77.4493007325959,568960.190162285,4.47168599356886,3.1840876232976383
174600,174.6,0.1746,3.22579483435051,-0.0063409336753039,-0.0365874737926388,300.417435927363,-4.77106787544572,110.811730973858,66.3242576497613,77.4399186246937,569145.130752751,4.47023294371682,3.192475012577375
174700,174.7,0.1747,3.22992360358293,-0.0037989026316358,0.0401085760387356,300.336067723821,-4.77120371025655,110.839559582768,66.2961502370174,77.4305365167916,568977.863234014,4.47154709813474,3.1982056577998637
174800,174.8,0.1748,3.22032229147299,-0.0190822669594212,-0.0032018404420392,299.995999610982,-4.77127297295755,110.828249809645,66.3231139086745,77.4211544088894,569082.231805215,4.47072702511961,3.2063402857334102
174900,174.9,0.1749,3.18167991977172,0.0283513137766188,-0.0375968581952883,300.60568528103,-4.77148729644575,110.790718575707,66.3571924535382,77.4117723009872,569112.851221261,4.47048649101374,3.2116544862075758
175000,175.0,0.175,3.22112867070027,0.0107766667333075,0.0284875050704764,297.074789695143,-4.7712556960576,110.828369109048,66.3269547926767,77.402390193085,568977.8669095,4.47154706924942,3.2201073666828797
175100,175.1,0.1751,3.20441670797477,-0.0353904985734203,0.0042660453627111,299.040777339217,-4.77164718853575,110.863111585516,66.3284850320797,77.3930080851828,569100.370953285,4.47058452797214,3.2261526651102788
175200,175.2,0.1752,3.22711150549082,0.0424262542513516,-0.002706544717431,298.02084592341,-4.77147107382551,110.820697140746,66.3422141466604,77.3836259772806,568931.415335744,4.4719121578926,3.2346241367517123
175300,175.3,0.1753,3.22995335203302,-0.0176667550680056,-0.0031224572901641,299.882777549544,-4.77124320932862,110.887112889159,66.3331553942985,77.3742438693784,569125.638789765,4.47038604455983,3.241711356496057
175400,175.4,0.1754,3.24446384046981,-0.011495046501855,0.0405300714668597,301.684518351419,-4.77128524023325,110.905106950558,66.3161472780538,77.3648617614762,569003.039361188,4.47134924991493,3.2495330607269644
175500,175.5,0.1755,3.22582319005237,0.0064500562331834,-0.0433117269984171,301.893649953476,-4.77145424407518,110.870575319511,66.359462924833,77.355479653574,569128.385753897,4.47036446772333,3.256595427652878
175600,175.6,0.1756,3.2742914857427,0.0176546304693919,0.0118967433330076,300.902401418272,-4.77165948544734,110.879587925539,66.338298143487,77.3460975456718,568924.105818363,4.47196961286649,3.2630713435639396
175700,175.7,0.1757,3.27320429770377,-0.0415937781657371,0.0072496699332208,300.801561938877,-4.77176376363416,110.928583229241,66.3244218222521,77.3367154377696,568987.4170455,4.47147201682935,3.2712766165798444
175800,175.8,0.1758,3.2985300554422,0.0099524504093929,0.0082915390431455,300.555329229825,-4.77164872940001,110.864483187862,66.3543190668897,77.3273333298674,568845.945759731,4.47258406641011,3.278003250208095
175900,175.9,0.1759,3.27542390247113,0.022755214658871,-0.0557258295593589,302.491112618364,-4.77177494558164,110.833056478071,66.3959813184663,77.3179512219652,568972.716713639,4.4715875445526,3.286664840786718
176000,176.0,0.176,3.29993480957907,-0.0123562227088542,0.0411964768778102,300.507339386264,-4.77161386384038,110.919613843298,66.3401777156275,77.3085691140631,568869.45414525,4.47239923801102,3.292515812247126
176100,176.1,0.1761,3.30165553505668,-0.0471315722590082,-0.0006746029893581,299.507635652503,-4.77183658784674,110.959699172164,66.3353705742405,77.2991870061608,568964.74452613,4.47165019928597,3.3004245948079576
176200,176.2,0.1762,3.30402649216477,0.0494438498538897,-0.0189144493168085,300.464946471317,-4.77201767495237,110.86048641024,66.3826692045539,77.2898048982587,568792.291340008,4.47300596717494,3.3058779160530105
176300,176.3,0.1763,3.29219316313838,-0.0216967932584826,-0.0422835676886863,301.368736983596,-4.77186455111169,110.90374332399,66.3895562162564,77.2804227903565,569004.184280764,4.47134025290677,3.3132548466236718
176400,176.4,0.1764,3.38117056549938,0.0158235057225535,0.0729014440538011,300.895913896719,-4.7714765127489,110.931414078006,66.332785006681,77.2710406824543,568590.42527024,4.47459401385056,3.319053122991391
176500,176.5,0.1765,3.30591299066871,-0.0359701652046314,-0.0616851502328871,302.603877463106,-4.77124570552069,110.939441579795,66.394036546663,77.2616585745521,569087.538180482,4.4706853384656,3.3255996611752807
176600,176.6,0.1766,3.3809308988005,0.0605567567211434,0.0171735883506327,304.337099698163,-4.77143692852276,110.900831255708,66.3727689193923,77.2522764666499,568638.18935095,4.47421815997085,3.3311437817117815
176700,176.7,0.1767,3.29646073767947,-0.073154540067668,-0.0166335280715348,301.120719460685,-4.77148292042777,111.016548423977,66.3647779779871,77.2428943587477,569093.866984663,4.47063562067086,3.3387184449871965
176800,176.8,0.1768,3.37738138968987,0.0610528003044381,0.0479861081718315,299.725187703693,-4.77159601986849,110.931503446161,66.3638194220694,77.2335122508455,568580.625667953,4.47467113438501,3.3453596583444964
176900,176.9,0.1769,3.29978977305622,-0.0228687240065219,-0.088649703408393,299.690576260494,-4.77184660050599,110.944041319409,66.4234564072506,77.2241301429433,569086.754580964,4.47069149434051,3.3535012658535788
177000,177.0,0.177,3.41073470889667,0.0266714479823288,0.0708246533637693,300.105594803304,-4.77207196437429,110.953262577101,66.3572533116469,77.2147480350411,568497.732745664,4.47532358829159,3.3619311324081687
177100,177.1,0.1771,3.31080070838108,-0.067914410736134,-0.0479859355985738,297.908047576847,-4.77194640760964,110.994576621418,66.4081385194482,77.2053659271389,569076.368465157,4.47077308816899,3.3698699257474054
177200,177.2,0.1772,3.41974343350723,0.106222894917857,0.0284062093023292,301.127237945261,-4.77216697603651,110.872424658518,66.4143501990146,77.1959838192367,568434.173758929,4.47582399281636,3.3785474348522126
177300,177.3,0.1773,3.32903914294331,-0.0661652665284198,-0.0634390091987178,300.704647087095,-4.77160975949191,110.993707067161,66.4303785012007,77.1866017113346,569124.136292065,4.47039784645738,3.3868388003400662
177400,177.4,0.1774,3.46412625101252,0.0583332324597326,0.100067282435609,301.882747496253,-4.77167037488921,110.939284840984,66.3793414782643,77.1772196034324,568338.96247711,4.47657380757074,3.39534450987575
177500,177.5,0.1775,3.33076440112433,-0.0507034995217211,-0.095390939159795,300.808525089419,-4.77178842654404,110.990662320461,66.4451163048176,77.1678374955302,569096.400789114,4.47061571592991,3.4023376618661385
177600,177.6,0.1776,3.46080280359928,0.0468685576062639,0.0763176104618778,301.804805523664,-4.77202253330544,110.954446867604,66.3897070614833,77.158455387628,568367.177643585,4.47635157926449,3.411674355442922
177700,177.7,0.1777,3.37467983621975,-0.0622534288081905,-0.0627655627041486,300.432401004039,-4.77189759019513,111.019619737635,66.4279193468707,77.1490732797258,568959.166603619,4.4716940381408,3.4186774347597164
177800,177.8,0.1778,3.4753098158337,0.039429123119032,0.0679477582473874,300.272659856754,-4.77182492648516,110.968554827257,66.3970734431381,77.1396911718236,568364.263703099,4.47637452902211,3.4276235190038933
177900,177.9,0.1779,3.40739605538297,-0.0482205473050145,-0.0476547361318248,299.902772233218,-4.7716352303481,110.991793795176,66.4514585992407,77.1303090639214,568879.730626406,4.47231844672243,3.4354612248650245
178000,178.0,0.178,3.47064405253405,0.0629497960079022,0.0155575436828513,301.158571648655,-4.77174203534297,110.927795356039,66.4461310955362,77.1209269560192,568436.977167974,4.47580191901404,3.444609485859817
178100,178.1,0.1781,3.43792924246249,-0.0679614437074572,-0.0100458827645834,301.424735396412,-4.77197732776962,110.991416292664,66.4512560280458,77.111544848117,568737.665764378,4.47343558620751,3.452255202176834
178200,178.2,0.1782,3.47905924961842,0.0333748999492875,0.0156946423833821,300.948454925372,-4.77218302679424,110.960462789059,66.4466374800859,77.1021627402148,568470.363447928,4.47553905504524,3.4627155002388608
178300,178.3,0.1783,3.46908778345405,-0.0313330429197392,0.001314055699283,300.000288750529,-4.77204930993513,110.998811798908,66.4513700570009,77.0927806323126,568638.132231628,4.47421860940308,3.472222022573481
178400,178.4,0.1784,3.47550016265207,0.0125821219413901,0.0140166225068306,300.757574216236,-4.77193748508963,110.98269729312,66.4538080843586,77.0833985244105,568507.243432584,4.47524871958587,3.483937070614155
178500,178.5,0.1785,3.48092528792182,-0.0015000610494316,-0.0266247914183993,303.106600613948,-4.77169427760276,110.979994214644,66.4751301159658,77.0740164165082,568606.58520637,4.47446684481075,3.4939068949966328
178600,178.6,0.1786,3.50410332990481,0.0176313270515142,0.0305123632204821,301.194093200206,-4.77145131524225,110.983215985024,66.4673680323063,77.0646343086061,568487.486124561,4.47540425311931,3.504352279486267
178700,178.7,0.1787,3.50136314023543,-0.0047261321708921,-0.0139109616219497,299.21623430288,-4.77148125798225,111.000376929029,66.47850560587,77.0552522007039,568601.430533611,4.4745074082197,3.5134560917343904
178800,178.8,0.1788,3.5191832575008,0.0120269444968974,0.0232814402002447,300.819253081408,-4.77188131179789,111.005729304438,66.4633411478433,77.0458700928017,568429.918427043,4.47585749935066,3.524312196454365
178900,178.9,0.1789,3.52206990806087,-0.035132868197806,-0.0193485370631628,300.217383185364,-4.77200929961757,111.036019402786,66.4708457672629,77.0364879848995,568579.980607715,4.47467621094861,3.5331483334924743
179000,179.0,0.179,3.55978099591871,0.0357124849214891,0.031303501077064,299.132301034407,-4.77197571461252,110.996635959643,66.4686737122139,77.0271058769973,568290.518481178,4.47695541366177,3.5458967973046502
179100,179.1,0.1791,3.54125649909929,-0.0197515071299256,-0.044228197152291,299.025476965987,-4.77186745304748,111.02010190115,66.4937348175876,77.0177237690951,568555.712939544,4.47486720359011,3.5556976609111657
179200,179.2,0.1792,3.57715303039774,0.0255312794081257,0.0310597012460575,301.649529254217,-4.77169039694398,111.027935568133,66.4725351328275,77.0083416611929,568345.306810644,4.47652383640536,3.568487635068711
179300,179.3,0.1793,3.56493349032736,-0.0122445074314775,-0.0067488145692548,299.705818797144,-4.77133626470905,111.061167416401,66.4811621902804,76.9989595532907,568519.930159205,4.47514885280187,3.578151324717302
179400,179.4,0.1794,3.57824858609552,0.020244491742509,0.0200227064464361,301.75652537224,-4.77184885478635,111.058050189581,66.472005141635,76.9895774453885,568356.406890924,4.47643640926746,3.59062989389708
179500,179.5,0.1795,3.57630507292113,-0.0091993976411341,-0.0147724181797142,300.740002468619,-4.77192927525219,111.088016296285,66.4750069426909,76.9801953374863,568466.153351538,4.47557220117137,3.5994443485766823
179600,179.6,0.1796,3.62858323492289,0.0194728349844565,0.0068517166015668,299.481187107914,-4.77186280705267,111.067397551448,66.4753790620252,76.9708132295841,568294.553086782,4.47692362952922,3.612661311940525
179700,179.7,0.1797,3.61962716277825,-0.0184351501025126,-0.0229940837268635,300.219814012319,-4.77201176158201,111.095314167934,66.4865308193231,76.961431121682,568463.45332983,4.47559345872456,3.621355359974382
179800,179.8,0.1798,3.65380227703408,0.0205573384248491,-0.0002457059087098,299.489334464229,-4.77207001929749,111.090408493265,66.4748485765658,76.9520490137798,568269.187868162,4.47712346113902,3.6345323356508072
179900,179.9,0.1799,3.65342809472655,-0.0073710430528376,-0.0008681848965843,298.33061938256,-4.77222566687236,111.11312688132,66.4747565403363,76.9426669058776,568315.315720967,4.47676007115762,3.6434206649961434
180000,180.0,0.18,3.6767005221561,-0.0010384931280998,0.028495815051926,298.814850230131,-4.77214167356207,111.103204994608,66.4740712589293,76.9332847979754,568189.418226748,4.4777520165496,3.6573851318028163
180100,180.1,0.1801,3.64269058062732,0.009546476912599,-0.0516387117039604,299.691461469835,-4.77172315975337,111.090447556773,66.5211608074453,76.9239026900732,568457.296622069,4.47564193188366,3.66608362606789
180200,180.2,0.1802,3.71352506896319,0.0148723321656879,0.0437508445119909,301.905624112483,-4.77192447149975,111.114281706255,66.4759146925917,76.914520582171,568123.223229557,4.47827374277031,3.679467070009662
180300,180.3,0.1803,3.67916633776088,-0.047890848199785,-0.0028841076251694,298.455708087851,-4.77172989118696,111.155548045315,66.4874608039694,76.9051384742688,568363.591696626,4.47637982167757,3.6888514143063325
180400,180.4,0.1804,3.72883064866394,0.0377103200517312,-0.0039760082025057,299.641890886718,-4.7720569939504,111.078049324346,66.5077558763468,76.8957563663666,568071.382409698,4.4786824191965,3.7018234541050794
180500,180.5,0.1805,3.70902610574401,-0.0122811611261079,-0.0192400623711492,299.27724713168,-4.77203431564943,111.113303635444,66.5173802207309,76.8863742584644,568264.567666396,4.47715986181381,3.7105705841838548
180600,180.6,0.1806,3.74939218980437,-0.0075723271301059,0.0413143933141024,300.183675336964,-4.77197306763557,111.120531216875,66.4979878928263,76.8769921505622,568066.523056077,4.47872073073352,3.7221998465854207
180700,180.7,0.1807,3.70960553833935,0.0012311327947752,-0.0319068177435516,302.234548271081,-4.7717155652359,111.107109133865,66.5398710307963,76.86761004266,568286.292919439,4.47698870260739,3.73127567337051
180800,180.8,0.1808,3.74916922325576,0.0150374116211879,0.0140413903503948,301.305274603841,-4.77158565424046,111.10749580529,66.5251069993976,76.8582279347578,568092.830172899,4.47851333112694,3.7431513001915304
180900,180.9,0.1809,3.70645088170092,-0.0352489582273885,-0.0181367873359864,301.450113118278,-4.77194280436739,111.142439022049,66.5374295577484,76.8488458268556,568307.37486847,4.47682262408754,3.752744149614438
181000,181.0,0.181,3.74598908718795,0.0340388477852183,0.0081106373033478,300.136626574954,-4.77196120592009,111.094062248448,66.544029846689,76.8394637189535,568046.999750601,4.4788746606601,3.7626452535100214
181100,181.1,0.1811,3.75965922469953,-0.0233378723555617,-0.0236401244464563,299.409155888308,-4.77189217428791,111.131124310948,66.5500433621571,76.8300816110513,568218.468700346,4.47752308907909,3.7716070415544363
181200,181.2,0.1812,3.81818544076137,0.0349281657587761,0.0360608615578396,300.769382124384,-4.77205635635424,111.118167025358,66.5247364569526,76.8206995031491,567866.813406622,4.48029582497397,3.782107012213242
181300,181.3,0.1813,3.77002553375225,-0.054197103311045,-0.0407423978494104,299.57991825155,-4.77187655456987,111.14422267617,66.5634923142919,76.8113173952469,568261.464353249,4.47718431187761,3.791171804772058
181400,181.4,0.1814,3.83230695958944,0.0502559269443751,0.024405042155319,299.364930916482,-4.77173116404268,111.088548484583,66.5637852397001,76.8019352873447,567909.93543739,4.47995563114682,3.8013966912269943
181500,181.5,0.1815,3.80089656178948,-0.0405456002017873,-0.0195709378572224,300.661793796588,-4.77175323034585,111.152306773349,66.5719934090748,76.7925531794425,568236.528963444,4.47738077995094,3.810056881902085
181600,181.6,0.1816,3.83608564533889,0.0172283633865158,0.0143429427092987,300.566242530576,-4.77167397266791,111.141039230264,66.5593504924256,76.7831710715403,568001.617924038,4.47923251089614,3.820475864377221
181700,181.7,0.1817,3.81806484887017,-0.0013758875349963,-0.0279359927316878,300.695328746365,-4.77189827693206,111.153036442695,66.5715238558439,76.7737889636381,568097.403027716,4.47847728169044,3.8287862287126084
181800,181.8,0.1818,3.84419717602043,-0.0083214894011321,0.0142771916948397,299.504980792614,-4.77197429647678,111.163457085485,66.5571262516272,76.7644068557359,567958.371314349,4.47957357747758,3.837979802119791
181900,181.9,0.1819,3.83123451196059,-0.026861610869757,-0.0091146665306888,301.025086697127,-4.77214473764945,111.172432012709,66.5692099831139,76.7550247478337,568037.915978472,4.47894628453532,3.8459254891446184
182000,182.0,0.182,3.87949702372185,0.0474674759460412,0.0077681336723586,299.386422726841,-4.77143665871788,111.14462283128,66.5734389070764,76.7456426399315,567862.480093308,4.48033001375423,3.8546695742716675
182100,182.1,0.1821,3.84305414889515,-0.0279446705139732,-0.0238020659020541,299.975689705172,-4.77128046026749,111.207916449362,66.5765645192658,76.7362605320293,568143.07379714,4.4781172746557,3.8615067583653055
182200,182.2,0.1822,3.89755992886193,0.039210279390402,0.0381076237113282,301.042604129741,-4.77159428678147,111.185822643628,66.5583566337428,76.7268784241271,567805.419919918,4.48078025321736,3.869898946962226
182300,182.3,0.1823,3.85330027052368,-0.0186661598809551,-0.0500516096196777,299.658737256059,-4.77166371475084,111.209092595381,66.5848026996491,76.717496316225,568080.439339671,4.47861101537719,3.875963688820672
182400,182.4,0.1824,3.9057412529773,0.0221332207145145,0.0358946900549361,300.575324782952,-4.77178047101651,111.212019529012,66.5593930810355,76.7081142083228,567809.149956479,4.48075081819652,3.8847102829908766
182500,182.5,0.1825,3.86816309182862,-0.0314062527430056,-0.0182761768410386,299.111596013085,-4.77157711765911,111.248275079778,66.5787279957181,76.6987321004206,568089.764149952,4.47853750199836,3.8903520997610026
182600,182.6,0.1826,3.90989425783914,0.0391380878873121,0.0056323710497527,299.679460723162,-4.77168257833068,111.187999123637,66.5910469694402,76.6893499925184,567817.554379009,4.48068449738125,3.8982272630569175
182700,182.7,0.1827,3.87377285000617,-0.0201478482633708,-0.0282884840888757,299.175254662225,-4.77159514962255,111.225995785936,66.6043033043057,76.6799678846162,568055.167314339,4.47881026287557,3.9026110790545885
182800,182.8,0.1828,3.91748503606436,0.0123512276287191,0.0391742166392385,299.041187699709,-4.7713916706458,111.25437195999,66.5687195506696,76.670585776714,567827.041745682,4.48060963321726,3.9109843700811395
182900,182.9,0.1829,3.88981222804052,-0.0520049130486285,-0.0351174236630605,302.540274470484,-4.7715359771096,111.278048798174,66.5977290310445,76.6612036688118,568125.85726579,4.47825297987922,3.9155449675953724
183000,183.0,0.183,3.96264254123186,0.0609698132137297,0.0355402527277107,301.285267784655,-4.77125153760551,111.19025336329,66.6053792618199,76.6518215609096,567673.348744987,4.48182272229568,3.9232736446531464
183100,183.1,0.1831,3.92460970142375,-0.0443899682730113,-0.0455581825710658,299.972845090573,-4.7713910357369,111.23965705727,66.630828230979,76.6424394530074,568073.031731915,4.4786694159557,3.9285387247286345
183200,183.2,0.1832,3.97547339260944,0.0398608320711068,0.0266305969654918,299.768398592044,-4.77160184789044,111.228131291303,66.6005758301077,76.6330573451052,567686.775691008,4.48171671807937,3.9355190296155187
183300,183.3,0.1833,3.91458917207487,-0.057572953927906,-0.0137568072310011,298.049610715514,-4.771389397132,111.295151636623,66.6100720063653,76.623675237203,568040.27322292,4.47892769787561,3.941076014881669
183400,183.4,0.1834,3.97434430458297,0.036616142883526,0.0310823675485637,299.787647665129,-4.77136853202091,111.23429536395,66.6164524647586,76.6142931293008,567714.528432788,4.48149762922295,3.9469099219834263
183500,183.5,0.1835,3.96326277582952,-0.0255819346434735,-0.041167388803759,303.234504884081,-4.77139450548623,111.242973703792,66.6480448174501,76.6049110213986,567958.515927875,4.47957243688912,3.951467068284171
183600,183.6,0.1836,3.99265570505882,0.0406420544962908,0.015259408148966,301.47844185979,-4.77110911903941,111.248831925223,66.6224819516703,76.5955289134965,567701.036324079,4.48160413748931,3.957254556740793
183700,183.7,0.1837,3.95383999805217,-0.0624900200694086,0.0090891979882575,300.864708465661,-4.77149828525726,111.33397898359,66.6037395849451,76.5861468055943,567906.140658245,4.47998556644947,3.963224443857138
183800,183.8,0.1838,3.98789583987389,0.021175050732327,0.0214308627722003,300.027017820878,-4.77151584138453,111.259381235922,66.6310894867153,76.5767646976921,567689.117060677,4.48169823374477,3.969950164322319
183900,183.9,0.1839,3.95219258320056,0.0242549237993332,-0.0690543100431312,296.555267000051,-4.77096800053391,111.231859836505,66.687833978122,76.5673825897899,567962.434211656,4.47954153302125,3.976143811422146
184000,184.0,0.184,3.99305110777117,0.0029297869075863,0.0454269653679534,299.765654537238,-4.77112901827476,111.313888158441,66.6207316982922,76.5580004818877,567739.790522111,4.48129822098118,3.9833542678346494
184100,184.1,0.1841,3.95699664277524,-0.0335303574771107,0.0053742911864295,301.20126578733,-4.77104814687463,111.352821837499,66.6273384598341,76.5486183739855,567925.081028041,4.47983615839171,3.989784923420843
184200,184.2,0.1842,3.99468319999023,0.058743988295459,-0.0173163356420702,301.495277216559,-4.77130198048404,111.249400494243,66.6705033855,76.5392362660833,567695.612705848,4.4816469535854,3.996511394457469
184300,184.3,0.1843,3.98657245283975,-0.0241829454748432,-0.0330633841382562,299.521730291272,-4.77143292739149,111.301930571948,66.6694393571726,76.5298541581811,567884.98517035,4.4801524598925,4.002155263129366
184400,184.4,0.1844,4.00246069872472,0.0165471489269082,0.0452256352490439,299.033848585761,-4.7713639139741,111.317997669571,66.6377159463413,76.5204720502789,567627.109994489,4.48218781035963,4.0084167461966205
184500,184.5,0.1845,3.96967453821023,-0.0311301784192496,-0.040501684030789,301.563056800461,-4.7715528812011,111.325690363166,66.6836473965105,76.5110899423767,567987.963130223,4.47934019450981,4.0146340938035125
184600,184.6,0.1846,4.01233208612323,0.0406601488506618,0.0057706401210441,302.222029669496,-4.77139076671687,111.310801661351,66.6659657060369,76.5017078344745,567691.792827813,4.4816771096401,4.0212467893251045
184700,184.7,0.1847,3.99612344216884,-0.0443744616517765,-0.0110750875163603,302.326176714629,-4.77116137501372,111.392919780352,66.6494396986205,76.4923257265723,567900.114344524,4.48003310614493,4.027283023962991
184800,184.8,0.1848,4.0558522776689,0.0313255918733798,0.0335474808482995,301.782118205356,-4.771304132111,111.359170839139,66.6396257731536,76.4829436186701,567574.836270253,4.48260062050307,4.0346978936595335
184900,184.9,0.1849,3.9873072929964,-0.0197852154725297,-0.0576506229751552,298.122518239448,-4.77116827263802,111.379329922064,66.680082446298,76.473561510768,567952.539084488,4.47961957762898,4.040430276902434
185000,185.0,0.185,4.08367260139351,0.0295168774241746,0.0780019657060731,298.992328594789,-4.77129471911376,111.370692838057,66.6318153400522,76.4641794028658,567427.786506753,4.4837622931895,4.048938168965992
185100,185.1,0.1851,4.02556576473686,-0.041038080465694,-0.080764837549191,299.249583516174,-4.77128184946199,111.399788015103,66.6854665533003,76.4547972949636,567963.333633934,4.47953443925443,4.05489068788393
185200,185.2,0.1852,4.10215026386181,0.0604292820876432,0.0565605653100286,300.599317853295,-4.77131914072816,111.356179982138,66.6483919839289,76.4454151870614,567355.727825883,4.48433176659099,4.063123500779223
185300,185.3,0.1853,4.03079553643132,-0.0779373770434496,-0.0370556164091906,301.931661631012,-4.77129099103429,111.454531691479,66.6664879554837,76.4360330791592,567941.295613478,4.47970826016228,4.068232838875852
185400,185.4,0.1854,4.1215335608056,0.042834219200827,0.0513057032884456,300.783600118822,-4.7710313066076,111.353591634092,66.6755319531544,76.426650971257,567434.252456255,4.48371120043216,4.075832324913051
185500,185.5,0.1855,4.06090753002516,-0.0045031700078114,-0.0625465616853163,299.450411230304,-4.77111854727764,111.355315283128,66.7286955654877,76.4172688633548,567825.770819427,4.48061966186463,4.080619279238996
185600,185.6,0.1856,4.12197108235329,0.0318601853751818,0.0158319586689453,299.196557956738,-4.77134497964971,111.38637972591,66.6758004050063,76.4078867554526,567464.261280785,4.48347409139845,4.088767092442325
185700,185.7,0.1857,4.10480756110364,-0.0440888845125846,0.0148778738036828,297.644788383725,-4.77120977888618,111.444080898446,66.6674857962377,76.3985046475504,567617.716365282,4.48226198706186,4.09443255034411
185800,185.8,0.1858,4.10994636417465,0.0449506666296276,-0.0097626999690408,300.425574508189,-4.77140299910571,111.370119269254,66.71089429213,76.3891225396482,567540.644213717,4.48287067928284,4.103251396286797
185900,185.9,0.1859,4.13689448842501,-0.002326427448902,-0.0133781182011768,301.178692881017,-4.77111994764021,111.403652553507,66.7082422531895,76.379740431746,567619.236932424,4.48224997975158,4.108737326345075
186000,186.0,0.186,4.13317187588089,-0.0290346934026908,0.0193065960241711,300.818183644448,-4.77072020614506,111.468063143558,66.679684915296,76.3703583238438,567634.550737521,4.48212905634672,4.116814871172166
186100,186.1,0.1861,4.12172254321433,-0.0011315899593607,0.0086683180619416,301.408522435217,-4.77097695016683,111.417275937618,66.7141682156905,76.3609762159417,567599.603808156,4.48240501962521,4.123970018144845
186200,186.2,0.1862,4.12103322768035,0.034064174673742,-0.0388156953123616,299.892003893932,-4.77100627910796,111.361978842003,66.75386044065,76.3515941080394,567585.686590229,4.48251492832969,4.133293388037364
186300,186.3,0.1863,4.15314055320947,-0.0020408841845594,0.0201824382319376,300.53711664602,-4.77119999112321,111.407747646509,66.7201720549121,76.3422120001373,567462.662039891,4.48348672686435,4.140013413183014
186400,186.4,0.1864,4.1205828731191,-0.0326885317407936,-0.0078184346959101,299.579745713633,-4.77122250045371,111.448455015497,66.7268378392347,76.3328298922351,567656.950649351,4.48195219020326,4.147806916430634
186500,186.5,0.1865,4.1437831588847,0.0327480573405114,0.0024615549248202,299.806326668623,-4.77140545596237,111.411534319774,66.7328765641667,76.3234477843329,567450.498259067,4.48358283419008,4.153975041345564
186600,186.6,0.1866,4.13631049895909,-0.0418934649120868,0.0002666876963306,299.081436931151,-4.77152194773979,111.438364516164,66.7395043118608,76.3140656764307,567573.745491819,4.48260923528506,4.160945923088986
186700,186.7,0.1867,4.15821467212645,0.0162170425869389,-0.0064046452696539,298.801925179127,-4.77160986627871,111.407681311857,66.7553878537154,76.3046835685285,567482.73705192,4.48332812107056,4.166812741134644
186800,186.8,0.1868,4.1767599337381,0.0229313548724846,-0.0083677975833639,299.482299430151,-4.77135360554093,111.421518818838,66.7519725305398,76.2953014606263,567454.404390109,4.48355197098424,4.173250729612462
186900,186.9,0.1869,4.18226696228899,-0.0187512156160905,0.0262740958281857,300.386087599889,-4.77109040560479,111.477044811631,66.7278219269448,76.2859193527241,567461.995558613,4.4834919926971,4.179194484371973
187000,187.0,0.187,4.16903079339052,-0.0014575761802371,0.0110913127390841,298.402561272026,-4.77075960864887,111.472781409723,66.7421333905748,76.2765372448219,567492.192804733,4.48325341829397,4.185338115393964
187100,187.1,0.1871,4.20524344239658,0.0144290944444622,-0.0257460290995298,301.262922700382,-4.77123997808095,111.448040647276,66.7648154710235,76.2671551369197,567489.248044994,4.48327668235441,4.19028252629138
187200,187.2,0.1872,4.19041415283318,0.0111314636262588,-0.0065814651829744,300.30506169012,-4.77148347427687,111.464085108923,66.7569695226712,76.2577730290175,567434.434746421,4.48370976002529,4.194935447407584
187300,187.3,0.1873,4.19878553698694,-0.0272522256810304,0.0006531721860739,299.90999375272,-4.77141170810231,111.483896399085,66.7608140985183,76.2483909211153,567498.144807917,4.48320639727925,4.199312659848478
187400,187.4,0.1874,4.21296774784252,0.0418149071307325,0.0023971910005509,301.024338859339,-4.77131723312675,111.46858764311,66.7601619523349,76.2390088132132,567344.855792816,4.48441769986906,4.203313457304177
187500,187.5,0.1875,4.16787798567677,-0.0636727046172074,-0.001649768274302,301.621956041427,-4.77111218523976,111.558496680029,66.7510944142535,76.2296267053109,567655.48269537,4.48196378050717,4.205646551587677
187600,187.6,0.1876,4.21274477732119,0.0328204124567665,0.0428480576320104,303.519907957615,-4.77126822898674,111.468791490301,66.7699494962733,76.2202445974088,567289.41285295,4.4848559758094,4.20982368588882
187700,187.7,0.1877,4.17122939487881,-0.0008238663077754,-0.0852765999770942,299.701485278368,-4.77121507872257,111.449076347625,66.8312602976842,76.2108624895066,567640.012914514,4.48208592657847,4.211465238974662
187800,187.8,0.1878,4.23567117907078,0.0103059446163159,0.0717890017486717,298.333836369008,-4.77120734309459,111.513029303688,66.7529878458755,76.2014803816044,567230.704906032,4.48532015499485,4.2135717739699015
187900,187.9,0.1879,4.18957619049461,-0.0374579818436024,-0.0260270969657092,299.816803363903,-4.77122173601757,111.535594996276,66.7849454646947,76.1920982737022,567547.216386743,4.48281876782788,4.213657552974743
188000,188.0,0.188,4.25285837133231,0.0629977632669948,0.0096801451855583,300.444376859168,-4.77095810353353,111.453552242609,66.8056404492165,76.1827161658,567235.62577596,4.48528124404486,4.214592238351736
188100,188.1,0.1881,4.2113113633908,-0.0320455799964838,-0.0150141498059663,301.736686605074,-4.77092493931893,111.538222708018,66.7990517834416,76.1733340578978,567540.662070105,4.48287053823941,4.212816104998066
188200,188.2,0.1882,4.258894836283,0.0029481609006957,0.0417640059975689,301.116357905625,-4.77095309078013,111.537630652443,66.7766665594973,76.1639519499956,567277.581339762,4.48494951490626,4.212326303225926
188300,188.3,0.1883,4.2023040431159,-0.0188378310872404,-0.0272025907940861,299.494685962712,-4.77118149549268,111.530276425053,66.816304390578,76.1545698420934,567506.96906194,4.48313668720653,4.20981719161667
188400,188.4,0.1884,4.25007026765009,0.0367331880104401,0.0069011642884322,299.641352064897,-4.77131970896392,111.488667913559,66.8142627579854,76.1451877341912,567208.027836418,4.48549947882739,4.206941955903711
188500,188.5,0.1885,4.21652093985339,-0.0219222228790888,-0.0026445284260739,297.776092400257,-4.77109075643337,111.544602568487,66.8166525679673,76.135805626289,567442.972980959,4.48364229427568,4.203550290105895
188600,188.6,0.1886,4.23231990702813,0.0163023031139145,0.0194521412274622,300.805093317589,-4.77130493869975,111.527244718773,66.8184866452998,76.1264235183868,567300.328488277,4.48476968103772,4.2003313690253075
188700,188.7,0.1887,4.18007763976083,0.0009048683259195,-0.0130916301421354,302.486757767803,-4.77120822353611,111.529607924476,66.8510128004532,76.1170414104847,567518.555990111,4.48304515578041,4.195560037233354
188800,188.8,0.1888,4.21742090133465,0.0203175528854792,-0.006791970247969,302.248928643719,-4.77108246108874,111.534013258718,66.8420712902672,76.1076593025825,567395.117187188,4.48402045801816,4.1924282522375576
188900,188.9,0.1889,4.20284226818221,-0.0044968610745615,-0.0023722091949996,299.447932609477,-4.77116189050597,111.567823159609,66.8302954243387,76.0982771946803,567397.169833321,4.48400423638763,4.187307024354131
189000,189.0,0.189,4.2070933686309,-0.001640628194478,0.0197245638980489,299.915015915023,-4.77140889451431,111.570623104725,66.8282373715291,76.0888950867781,567323.98224383,4.48458269503137,4.183020323021517
189100,189.1,0.1891,4.20436390958764,0.0077443434169624,-0.0038400248881223,299.805153810842,-4.77145666072861,111.556018136423,66.850132104427,76.0795129788759,567365.596546342,4.48425376641453,4.177126964421604
189200,189.2,0.1892,4.18610002455393,0.0015731546466099,-0.0032236279038724,299.691446970349,-4.77129395496178,111.587347156795,66.8500062359965,76.0701308709737,567453.878136832,4.48355612900308,4.172476520310423
189300,189.3,0.1893,4.18094947124343,-0.0072580445681894,0.0211717170678124,302.971250145242,-4.77143687044159,111.622497077891,66.8334889606458,76.0607487630715,567422.383510967,4.48380498757287,4.1651846622420035
189400,189.4,0.1894,4.16553922709549,-0.0090930971498574,-0.001718807741026,301.340397195751,-4.77115959287194,111.638728719304,66.8423428983679,76.0513666551693,567510.066075863,4.48311222184887,4.160021244067966
189500,189.5,0.1895,4.14665175247827,0.0124386108718437,0.017950891871619,301.125552621048,-4.77147838510289,111.615053776263,66.8554673879409,76.0419845472671,567431.112575618,4.48373601105264,4.152406968365204
189600,189.6,0.1896,4.11918342494472,-0.0028064568823113,-0.0284495685874153,301.041734452,-4.77167076021899,111.6003750402,66.8881771347419,76.0326024393649,567564.038620992,4.48268589995346,4.146061896783208
189700,189.7,0.1897,4.13510334274353,0.0174243411327212,0.01554843740326,301.523938485724,-4.77175664431638,111.61416977366,66.860620702692,76.0232203314627,567330.326816847,4.48453254301055,4.137502728102241
189800,189.8,0.1898,4.09045803995032,-0.0427868224386484,0.007563226858758,300.694237824553,-4.77155568679592,111.674067986462,66.862351830603,76.0138382235606,567579.429749681,4.48256434234946,4.131109318762503
189900,189.9,0.1899,4.12799939836101,0.0418948218391582,-0.0032821695625902,300.970480542725,-4.77152136450363,111.597225464123,66.8943604108539,76.0044561156583,567390.367505785,4.48405799420101,4.123006628962822
190000,190.0,0.19,4.07840782627984,0.0115041112613547,-0.0392573827756616,300.080300151266,-4.7716696532226,111.625225715307,66.9049275546228,75.9950740077562,567552.311943352,4.48277852051266,4.1168485240054356
190100,190.1,0.1901,4.07125745486973,-0.025863121858519,0.0433028390495661,299.496099408702,-4.77187298592744,111.711448209156,66.8527154801363,75.985691899854,567477.382439048,4.48337042493536,4.106607373951943
190200,190.2,0.1902,4.06000862992072,-0.0189875047128069,0.0061147241364249,299.712287227844,-4.77198025799903,111.681235278493,66.8902441270559,75.9763097919518,567572.292029371,4.48262071453499,4.10008333047052
190300,190.3,0.1903,4.08467929285427,0.0564866021524848,-0.0407228006021223,300.605216261005,-4.77206218363759,111.616657005672,66.9275051071597,75.9669276840496,567489.995395154,4.48327077814892,4.090070083309397
190400,190.4,0.1904,4.04475521545809,-0.0295607484069808,0.0286776065146037,300.155459588735,-4.7717652650581,111.741246913965,66.8736431252081,75.9575455761474,567596.121843627,4.48243251730302,4.084483261863579
190500,190.5,0.1905,4.07009160759195,-0.0215346535747021,0.0289823420977402,300.355927283675,-4.77143643203274,111.744916003597,66.8784706798511,75.9481634682452,567585.619270631,4.48251545998711,4.0758119976107885
190600,190.6,0.1906,4.07048729936827,0.0461283361303357,-0.0616008963483875,304.318115572169,-4.77194067466204,111.665637831854,66.9377791935702,75.938781360343,567615.797567833,4.48227713912934,4.071035448784832
190700,190.7,0.1907,4.05575805080088,-0.024870720659853,0.0392009249897098,300.854813028458,-4.77188142719054,111.721476083927,66.9075495629495,75.9293992524408,567573.033765156,4.48261485639868,4.06489137036568
190800,190.8,0.1908,4.08054852882918,0.0001190147790507,-0.0182015240643529,299.990049380823,-4.77192011866714,111.70760348712,66.920994526226,75.9200171445386,567546.459485671,4.48282474628175,4.0611725332057995
190900,190.9,0.1909,4.07227403530968,0.0070767049894888,-0.0126055626998414,298.398502400291,-4.7718385073407,111.702801975185,66.9309398799803,75.9106350366364,567536.261934398,4.4829052941485,4.055320394654109
191000,191.0,0.191,4.095821072057,-0.0029316530394074,0.0218591208458187,299.446685234796,-4.77210695529075,111.748860981888,66.9052540648589,75.9012529287342,567482.240130143,4.48333204694386,4.051833414140656
191100,191.1,0.1911,4.06747252847098,-0.034207848015259,0.0127851617563589,298.531763164741,-4.77225891165174,111.779802728056,66.9022178076631,75.8918708208321,567543.445607103,4.48284855184154,4.046733441017259
191200,191.2,0.1912,4.08809150119684,0.0467867840997008,-0.0151656616589148,300.966007180198,-4.77281838392238,111.709753214993,66.931298291671,75.8824887129298,567364.172250884,4.48426502356221,4.0428966314808035
191300,191.3,0.1913,4.004246546331,-0.0260720016045753,-0.0404543165227874,297.679105174579,-4.77230155704233,111.768130151258,66.949344800577,75.8731066050277,567743.516036999,4.48126881484484,4.037654928153217
191400,191.4,0.1914,4.07921101899289,-0.0035825570074829,0.0540759967915766,301.780160284852,-4.7724379331588,111.759106937483,66.9240527307509,75.8637244971255,567413.044572419,4.48387878562817,4.035417940664138
191500,191.5,0.1915,3.99331796963223,0.0045593398347188,-0.0991338804591996,300.672529526265,-4.77215815817305,111.746982622806,66.9906071530452,75.8543423892233,567845.471606069,4.48046421159445,4.032528028217157
191600,191.6,0.1916,4.04231708570568,0.0411130373543032,0.0845183509435639,301.970122351038,-4.77240643007791,111.791794758888,66.9158905521271,75.8449602813211,567369.412721728,4.48422360493867,4.031557341117741
191700,191.7,0.1917,3.96353285097955,-0.0988509576269781,-0.0373232741447049,302.069912547156,-4.77273128768971,111.861330893612,66.9464067489014,75.8355781734189,567910.967907753,4.47994748652261,4.029805422890914
191800,191.8,0.1918,4.04908512395812,0.117241139990751,0.0140388866643751,299.416978785925,-4.77260890271453,111.71307155875,66.9708039765207,75.8261960655167,567294.763883379,4.48481367222699,4.028523736257708
191900,191.9,0.1919,3.97571036387329,-0.0863932038527688,-0.0206222645365227,298.458688865756,-4.77255676091437,111.852045132457,66.959808825755,75.8168139576145,567836.969835021,4.4805312940194,4.027320911922641
192000,192.0,0.192,4.04820521604268,0.0432672473152137,0.0774272493705103,298.951549837133,-4.77247101402117,111.801939520122,66.9393580522207,75.8074318497123,567339.034175742,4.48446371567456,4.027317873029787
192100,192.1,0.1921,3.97628899655602,-0.0194160991644996,-0.0948028618975237,301.769617180006,-4.77255115811368,111.777590089459,67.0292310872767,75.7980497418101,567906.724421593,4.47998096137744,4.026194058466715
192200,192.2,0.1922,4.07848764348255,0.035132065041019,0.0772259119319375,302.473159000139,-4.77258808734877,111.763899472984,66.9767549188974,75.7886676339079,567322.385056288,4.48459532051522,4.0260809195731015
192300,192.3,0.1923,3.98523998290952,-0.0486099598887431,-0.0497820311653632,302.163697408916,-4.77299771915,111.825339059481,67.0070494775357,75.7792855260057,567820.705526179,4.48065963161617,4.025969344983447
192400,192.4,0.1924,4.04400883227329,0.0592017047084155,0.0246887856333255,302.33654168814,-4.77324543793513,111.775584583825,66.9921415534122,75.7699034181036,567371.536689785,4.48420681814715,4.025183989088933
192500,192.5,0.1925,3.98855091324929,-0.0576440958057732,-0.0428497805649858,300.556066507491,-4.77314261293228,111.867934100304,66.9981344535806,75.7605213102014,567820.780528745,4.48065903977279,4.025723718077855
192600,192.6,0.1926,4.08021417068779,0.0413107049815599,0.0625767320105461,301.716035751807,-4.77336449995061,111.834252196758,66.9620162142629,75.7511392022992,567273.542008766,4.48498145046159,4.0249348468614885
192700,192.7,0.1927,3.99935345869468,-0.0502350067561233,-0.0693766194447172,299.428396762814,-4.77322259356277,111.873233872656,67.0100769801151,75.741757094397,567808.232500429,4.48075805812667,4.024503602987209
192800,192.8,0.1928,4.07792638929052,0.0515260614061669,0.057594765099514,298.515651965414,-4.77333488591336,111.831724166903,66.9776973620344,75.7323749864948,567253.011357771,4.48514377589141,4.023436684855646
192900,192.9,0.1929,3.99709480298892,-0.0323794021549512,-0.0604614049761352,297.741207440368,-4.77318877934159,111.885608447224,67.0185336703326,75.7229928785926,567802.002880168,4.48080721861051,4.0229148749908115
193000,193.0,0.193,4.06220333299834,0.0304770700198168,0.0529124219715156,300.087341185534,-4.77308116016195,111.875424303786,66.9815536687547,75.7136107706904,567366.736639019,4.48424475554986,4.021235768605537
193100,193.1,0.1931,4.00360272542895,-0.0333339296637455,-0.0421831346460277,300.500153006062,-4.77284712723714,111.909025085447,67.0202746520515,75.7042286627882,567794.857018333,4.4808636108601,4.018887749366473
193200,193.2,0.1932,4.01813021640437,0.0348984890956296,0.0394367360711576,301.245577786369,-4.773002496152,111.85686507536,67.0229663653702,75.694846554886,567482.667890789,4.4833286674697,4.018485818118602
193300,193.3,0.1933,3.99451188454899,-0.020702844700518,-0.0476412340690486,299.58735509501,-4.77312729979429,111.862569266022,67.0585883178424,75.6854644469838,567742.854518191,4.48127403629955,4.017294391827425
193400,193.4,0.1934,4.02271044491595,0.0290715073091904,0.0386434043611498,298.801458980435,-4.77307292028904,111.880585806036,67.0191727775388,75.6760823390816,567430.186238299,4.48374333081126,4.017329340039719
193500,193.5,0.1935,4.00438547090484,-0.0330175120270508,-0.0001650642205278,298.71392155817,-4.773042655756,111.930419238185,67.0245904485505,75.6667002311794,567658.43358917,4.48194048163879,4.016990101446041
193600,193.6,0.1936,4.04493225236298,0.0349200516182661,-0.0087658620294055,300.078328862946,-4.7732673373714,111.885899174715,67.0352503730305,75.6573181232772,567452.527465635,4.48356680092687,4.018283881195036
193700,193.7,0.1937,4.0405285471939,-0.0188648144783773,0.0005623310716617,298.164572433226,-4.77337739784635,111.942182128709,67.0204108139994,75.6479360153751,567541.90983699,4.48286068244319,4.018686590444678
193800,193.8,0.1938,4.05759487953146,0.0071736731810454,0.0192686804397015,298.619021783467,-4.7734792978345,111.934454947335,67.021170367791,75.6385539074729,567438.780606291,4.48367542050713,4.022119710632824
193900,193.9,0.1939,4.01154216461382,-0.0123529163563591,-0.0230883634403837,299.804548870975,-4.77340144139429,111.940368419298,67.047476826073,75.6291717995707,567621.079535711,4.48223542953692,4.022218073390115
194000,194.0,0.194,4.03948505252957,0.0249566158042311,0.0110084668077632,299.975491812891,-4.77311527423748,111.936704132728,67.0421277234737,75.6197896916685,567486.807287807,4.48329596489921,4.026028472435356
194100,194.1,0.1941,3.99806479594546,-0.0258939793145818,0.0036266329267036,299.765999743698,-4.77304968128745,111.979627700015,67.0419540720117,75.6104075837663,567632.51232692,4.48214515200578,4.025896176297975
194200,194.2,0.1942,4.04324779037589,0.0182930897342828,-0.0091615528147342,300.436170702608,-4.77321137424822,111.950291935453,67.0538935795752,75.6010254758641,567514.44184286,4.4830776552316,4.029040817263865
194300,194.3,0.1943,4.03312144930697,-0.0006859171603716,-0.0041876533314797,300.020744155177,-4.77342710691498,111.952662687093,67.057367973283,75.5916433679619,567485.432509864,4.48330682603511,4.028266606123774
194400,194.4,0.1944,4.0487893419271,0.0022544249894963,0.0186255413704835,300.596862953367,-4.77366985582506,111.976869571063,67.0446339083093,75.5822612600597,567429.913258526,4.48374548785516,4.031337528371575
194500,194.5,0.1945,4.01329589895287,-0.0253446370447694,-0.0247203558145658,298.724665812718,-4.77338838556864,111.995432613052,67.0626818870173,75.5728791521575,567606.286768192,4.48235224407584,4.032261050518467
194600,194.6,0.1946,4.05094576279544,0.0323667393182309,0.008350590222533,300.587119242258,-4.77332473241729,111.989720115959,67.0523682010996,75.5634970442553,567419.594547969,4.48382702623054,4.035057917260473
194700,194.7,0.1947,4.00301809554155,-0.0418105629277023,0.0034643770401788,303.398126809328,-4.77316224672187,112.044458555724,67.0560599957714,75.5541149363531,567657.704683723,4.48194623671055,4.035657916287879
194800,194.8,0.1948,4.03040974067653,0.0245315898984718,-0.0086995505397241,303.170053666428,-4.77302986647484,111.996239641513,67.0761478309679,75.5447328284509,567512.908034552,4.48308977157585,4.039851643395669
194900,194.9,0.1949,4.01973878988066,0.0180260275562721,-0.0215475953456491,300.585319948694,-4.77310844460596,112.019787752084,67.074871534784,75.5353507205487,567550.937062325,4.48278937995581,4.041787686581673
195000,195.0,0.195,4.02264157775074,-0.0410149841936033,0.0263474653274034,300.662115033451,-4.77331449500703,112.101988000012,67.0373520045738,75.5259686126466,567579.197117261,4.48256617960811,4.0453456077471275
195100,195.1,0.1951,4.02880725248821,0.0157864452644326,0.0169959026433719,298.540647777011,-4.773301605673,112.040107956429,67.0665655929347,75.5165865047444,567442.599727928,4.48364524353095,4.04714001660278
195200,195.2,0.1952,4.01431859056444,0.0390213158615073,-0.0547402376610256,300.769622741254,-4.77362364670434,112.016134362517,67.1013399764211,75.5072043968422,567544.821324245,4.48283768550753,4.052448842004294
195300,195.3,0.1953,4.02792501404832,-0.0373271598913781,0.0141067211986345,299.811317808952,-4.77337535103037,112.141236145475,67.0394243643371,75.49782228894,567583.864082727,4.48252932165129,4.054718959355887
195400,195.4,0.1954,4.04169507978768,-0.0235298242023793,0.0633538384392954,299.45536818807,-4.7729562375375,112.13910237453,67.0361880954,75.4884401810378,567475.136423654,4.48338816971103,4.060594330039807
195500,195.5,0.1955,4.04947587977802,0.0285868681213338,-0.0579095869246015,301.22145154872,-4.77299247169175,112.048354667351,67.1112581262616,75.4790580731356,567580.329844916,4.48255723369084,4.063487693887064
195600,195.6,0.1956,4.11132329457856,-0.0039426626390679,0.0314528448964479,299.520781275509,-4.7731707587254,112.062945005577,67.0853663372444,75.4696759652334,567364.701214135,4.48426084280969,4.069294842266435
195700,195.7,0.1957,4.06320450137031,-0.0131272577847411,-0.011943556180926,300.236018897882,-4.77347503969854,112.077759757058,67.0995922129734,75.4602938573312,567489.479213491,4.48327485607856,4.072392718424094
195800,195.8,0.1958,4.08909327863237,-0.0014670616687482,0.0257943073048357,299.047998766698,-4.77333724879563,112.032464955634,67.1203208592101,75.450911749429,567364.825373939,4.48425986149233,4.0772380216496575
195900,195.9,0.1959,4.08952834133367,0.0303330521993505,-0.0378219745932569,299.353212056824,-4.7732684547167,112.009251229429,67.1530799366488,75.4415296415268,567453.547843628,4.48355873871118,4.07941159494872
196000,196.0,0.196,4.11520993611566,-0.0087622165955494,0.0383802842337465,300.128779715223,-4.7731240324432,112.074975136719,67.1124987699519,75.4321475336246,567372.826883579,4.4841966211558,4.083946849167264
196100,196.1,0.1961,4.10766870905907,-0.0322026177480159,-0.0166813917467936,303.097220051838,-4.77329429914673,112.065838596622,67.1457083274319,75.4227654257224,567536.708347688,4.48290176798275,4.086226514670503
196200,196.2,0.1962,4.13510743772613,0.0574583282891389,0.0065973192074091,301.518670360614,-4.77338271174783,111.987146846467,67.1711737364311,75.4133833178202,567282.703959178,4.48490901536467,4.090455525478119
196300,196.3,0.1963,4.07414028199296,-0.0241744106097181,-0.043792497010802,300.696208808146,-4.77356972600518,112.06924823987,67.1658591843425,75.4040012099181,567583.059918248,4.48253567259991,4.093346230157896
196400,196.4,0.1964,4.1163862754777,-0.0389713890047761,0.0733741817386797,300.03447238633,-4.77349851418861,112.099652264101,67.1242234942794,75.3946191020159,567314.510144035,4.4846575713373,4.098835431467049
196500,196.5,0.1965,4.07735528125588,0.0244357561377568,-0.0415961123698536,299.516368538448,-4.77321104719908,112.025460431706,67.2063443975314,75.3852369941137,567562.006261215,4.48270195182165,4.101597775281729
196600,196.6,0.1966,4.13776580069018,0.0251589356876955,0.0146042869785729,301.094337298472,-4.77307261418634,112.031693474511,67.182645618781,75.3758548862115,567322.821017251,4.48459187431418,4.105067484606869
196700,196.7,0.1967,4.08452718705005,-0.0504475693337918,0.0068851265564795,299.802354141803,-4.77275278182591,112.099820674027,67.1858927906566,75.3664727783093,567624.589477977,4.4822077133529,4.106422860752876
196800,196.8,0.1968,4.1446608097298,0.0405861382919489,0.0186353196183877,299.600252473052,-4.77310798459971,112.032936734357,67.1921892288424,75.3570906704071,567268.45647965,4.48502165806258,4.109873672270192
196900,196.9,0.1969,4.10770783487301,-0.0211341640315647,-0.0087186525335655,300.231573494196,-4.77346378117866,112.087481747569,67.1955054920093,75.3477085625049,567501.987308314,4.48317604192765,4.111785923768753
197000,197.0,0.197,4.11237592344762,-0.0095351851158629,0.0364469823720179,300.318690089103,-4.77361979401407,112.094242718375,67.1858067385605,75.3383264546027,567383.644198857,4.48411112879254,4.1150145682636845
197100,197.1,0.1971,4.12753780515165,0.0094047393702011,-0.0347464729816749,299.504311882478,-4.77364196224062,112.078569473284,67.2068332471796,75.3289443467005,567411.18512745,4.48389347960331,4.115211704389768
197200,197.2,0.1972,4.13811014686277,-0.0171994990445715,0.0443866213034564,298.438874140173,-4.77356545325979,112.113617693538,67.1859891109527,75.3195622387983,567341.913470658,4.48444095674688,4.1181790936594815
197300,197.3,0.1973,4.12848560060513,0.0060876167244636,-0.004386593485564,299.451449339346,-4.7738889099005,112.080558201285,67.2164869230982,75.3101801308961,567361.395171591,4.48428697281651,4.118330838209628
197400,197.4,0.1974,4.12035487964623,0.0113384683191398,-0.018323323347705,298.703287319187,-4.77394649049853,112.072706984951,67.2333249719594,75.3007980229939,567393.074029043,4.48403660478367,4.1205653168648135
197500,197.5,0.1975,4.12842671913269,-0.0276852915378816,0.0063018860323028,300.048364997606,-4.77391273167033,112.114000360783,67.214838416079,75.2914159150917,567375.361409545,4.4841765897735,4.122541071257366
197600,197.6,0.1976,4.13837210207632,0.0042353219438952,0.0049307329200777,301.049822788282,-4.77358322992832,112.115882297364,67.2166192478689,75.2820338071895,567329.213935563,4.48454133993518,4.124910822984083
197700,197.7,0.1977,4.11805491178896,-0.0209267367181988,-0.013575211949931,301.996709096545,-4.77363259450041,112.141691839292,67.2254316473374,75.2726516992874,567463.482410302,4.48348024517881,4.126002463136005
197800,197.8,0.1978,4.14896811030694,0.0293535143245395,0.0017271684443678,302.689633556609,-4.77390658976297,112.116137693616,67.2276749947763,75.2632695913852,567282.388794408,4.48491150704314,4.127301553796016
197900,197.9,0.1979,4.11235794915455,-0.0146740776210368,-0.0209378882490253,300.979417839495,-4.77391093104251,112.145650133872,67.2345829786434,75.253887483483,567419.279858497,4.48382951295106,4.129173254044097
198000,198.0,0.198,4.13788152620794,-0.0014048807328268,0.0472002535216533,299.679375728995,-4.7738197359565,112.132107777749,67.2234648325128,75.2445053755808,567186.219507642,4.48567194642972,4.130994487396952
198100,198.1,0.1981,4.10646258940955,0.0184490782305802,-0.058321102574682,299.549801696664,-4.77387692698875,112.09526612945,67.2819084407418,75.2351232676786,567422.053216562,4.48380759758017,4.1320775894972135
198200,198.2,0.1982,4.1425375390518,0.0140476758793775,0.0443568376215242,300.824462242788,-4.7741379309298,112.120581394168,67.2429018138406,75.2257411597764,567150.426765975,4.4859550362232,4.136351801093889
198300,198.3,0.1983,4.09421971758243,-0.0508323469066477,-0.0242918917392718,297.906970912371,-4.7740728656111,112.17004812866,67.2581422515883,75.2163590518742,567458.467213571,4.48351987016772,4.138219241517346
198400,198.4,0.1984,4.15741317195262,0.0654758366879139,0.016448099516548,298.916866692697,-4.77419085195007,112.080255900626,67.2741914307345,75.206976943972,567068.772963227,4.48660098130981,4.14205595381015
198500,198.5,0.1985,4.1018928173927,-0.0545228128148457,-0.0314341540406356,300.344407131312,-4.77397747788197,112.155731210488,67.2832941861561,75.1975948360698,567456.620873918,4.48353445824409,4.145040691835137
198600,198.6,0.1986,4.15650322658033,0.0546759565395389,0.0398394883714788,300.040452102065,-4.77355110568208,112.140890764169,67.2613092317623,75.1882127281676,567125.37510365,4.48615319457708,4.1509383907108175
198700,198.7,0.1987,4.13146521608665,-0.0245942173358084,-0.0392339753289385,301.154893376185,-4.77369425250657,112.162139159783,67.293594471978,75.1788306202654,567434.289674225,4.4837109063459,4.155035858129848
198800,198.8,0.1988,4.1777807631408,0.0310101894148571,0.0269827963763644,300.469932861063,-4.77384343560672,112.139308616422,67.2765868080853,75.1694485123633,567104.623677362,4.48631735137187,4.162642336133787
198900,198.9,0.1989,4.11034861994389,-0.0385746547441137,-0.0210670126875835,301.010093782402,-4.77406936660578,112.187631298502,67.2966696827148,75.160066404461,567447.525427152,4.48360632347772,4.165561496119239
199000,199.0,0.199,4.1546638265926,0.0164188764030583,0.0201399924539057,300.659007079494,-4.77402293242005,112.157583649312,67.2933172357997,75.1506842965589,567196.472345151,4.48559086188878,4.172890129884608
199100,199.1,0.1991,4.15849936910984,-0.0017667256332271,-0.0308388156796174,300.434504016916,-4.77395848582201,112.145860883404,67.3266468515607,75.1413021886567,567347.246586554,4.48439880259262,4.176941645306378
199200,199.2,0.1992,4.1897412655915,0.0299327714983221,0.0015941805228643,301.559774174655,-4.77404527685506,112.141182871108,67.3134688427728,75.1319200807545,567141.714946106,4.48602394463037,4.185872655025976
199300,199.3,0.1993,4.16448650726517,-0.0691935572956878,-0.0042699472318941,299.092861542142,-4.77385544349374,112.223227413638,67.2991290639068,75.1225379728523,567364.881086374,4.48425942116011,4.190864193085316
199400,199.4,0.1994,4.2116457935085,0.0209786325702112,0.0479636487926907,299.57266517764,-4.77419597706449,112.160827027007,67.3012550646619,75.1131558649501,566996.496437583,4.48717290006577,4.200296729965316
199500,199.5,0.1995,4.18952479516155,0.0102965129454654,-0.0745271302410884,298.186397493929,-4.77400609974801,112.150038516769,67.3540605365673,75.1037737570479,567315.918362969,4.48464643930399,4.206567136520811
199600,199.6,0.1996,4.26578026760091,0.0122140883424944,0.0695472200293192,298.505976604715,-4.77365348604687,112.203306488632,67.2887711947145,75.0943916491457,566964.35540626,4.48742727648884,4.214459592839257
199700,199.7,0.1997,4.2199231353359,-0.0532557539272757,-0.0131590381604037,299.666749623398,-4.77354411955355,112.232940028549,67.3214765356858,75.0850095412435,567318.848405662,4.48462327736328,4.221338434812682
199800,199.8,0.1998,4.27641951547747,0.0714970197142557,-0.0067936963790398,300.877400949017,-4.77376935872553,112.135197300865,67.3459879790342,75.0756274333413,566960.301168535,4.4874593653263,4.230698058222575
199900,199.9,0.1999,4.2402070664421,-0.0360366324030205,-0.017063654590151,300.566779494482,-4.77387187177712,112.232122997863,67.3268501074616,75.0662453254391,567218.214441969,4.48541892426703,4.238700661740929
200000,200.0,0.2,4.24188423683271,-0.0118962536823946,0.0509755148913813,300.594890800067,-4.77399935548563,112.238735788958,67.3100596915487,75.0568632175369,567039.29043312,4.48683425676486,4.247861349420874
200100,200.1,0.2001,4.2317350005747,0.0261228114200651,-0.057651185725005,300.846558014595,-4.77409613632761,112.173140849031,67.3782810376655,75.0474811096348,567211.369488189,4.48547305309249,4.255338595003765
200200,200.2,0.2002,4.28498061870591,0.0143026526523425,0.0070921779244395,298.421223646359,-4.77373765078379,112.184141109418,67.3555785838927,75.0380990017326,567004.96466061,4.4871058841078,4.264562893530057
200300,200.3,0.2003,4.26802701052735,-0.0402989978968991,0.0422014071719581,300.700965803156,-4.77382296389351,112.254177373531,67.3340351210426,75.0287168938304,567106.561540866,4.48630202114779,4.272177170021863
200400,200.4,0.2004,4.26257663017261,0.0285234937170004,-0.0238141712539942,301.609843054894,-4.77340999695345,112.20409123636,67.3791944742009,75.0193347859282,567162.771576275,4.48585739535763,4.2807592419168445
200500,200.5,0.2005,4.2804898982575,-0.0053345881784532,0.0013394771146533,301.638251136851,-4.77354548291688,112.210047860708,67.3769364475405,75.009952678026,567102.940682518,4.48633066544314,4.2873631615851036
200600,200.6,0.2006,4.32177081631459,0.0133477504327641,0.0068696259960482,299.883278984866,-4.77365548655761,112.219320824148,67.3628864429732,75.0005705701238,566960.615581551,4.48745687676608,4.295447610714882
200700,200.7,0.2007,4.28965468054686,-0.0246545506404459,-0.0116133107552219,300.164169234427,-4.77381419394741,112.251810129169,67.3746252105108,74.9911884622216,567152.631761723,4.48593759557103,4.302222532892284
200800,200.8,0.2008,4.33881180355195,0.0206987367535196,0.0299205419445559,299.447798007025,-4.77390511118277,112.223224077011,67.3667975076875,74.9818063543194,566871.394773943,4.48816316487718,4.309786115218106
200900,200.9,0.2009,4.31162165626209,-0.0150070195449542,-0.0494142146162288,296.94412914452,-4.77371851490091,112.221131505512,67.4044679428896,74.9724242464172,567106.835909495,4.48629985065635,4.315338200256855
201000,201.0,0.201,4.35719834318971,0.0573827242635595,0.0203115580666085,298.647245205232,-4.7737768574266,112.224883920174,67.3716228004841,74.963042138515,566778.511137796,4.48889868484871,4.322867069129714
201100,201.1,0.2011,4.29985493062512,-0.0887381020251588,-0.0098130172835085,302.917093007551,-4.77379968447745,112.331392977923,67.3659815144177,74.9536600306128,567197.921588709,4.48557940078603,4.326962407744655
201200,201.2,0.2012,4.37059030687547,0.0792578327511721,0.0150321513764799,303.09296437149,-4.77371149603412,112.210499870112,67.3955554667483,74.9442779227107,566765.275001305,4.48900351779862,4.332367272063644
201300,201.3,0.2013,4.29603986834169,-0.0482300702430842,-0.0656445964697854,302.252509171345,-4.77392058667853,112.298533835889,67.4097703085168,74.9348958148084,567258.538011551,4.48510007829121,4.336756408061152
201400,201.4,0.2014,4.41003371604305,0.0267188200712463,0.116032172177786,300.009019004507,-4.77381192049953,112.33179723666,67.3208758464603,74.9255137069063,566607.337323148,4.4902547949109,4.342715941549846
201500,201.5,0.2015,4.31675428783833,-0.0365228798117601,-0.100100877036867,300.574896914957,-4.77396460350354,112.329201990634,67.4108697495383,74.9161315990041,567280.621256533,4.48492548116928,4.3452066176340916
201600,201.6,0.2016,4.40037178163687,0.0683599702595669,0.0515967618799027,297.722270770602,-4.77366523972825,112.279202922436,67.3761620132779,74.9067494911019,566665.197842239,4.48979630818139,4.348455358995647
201700,201.7,0.2017,4.30570178132292,-0.0649783360409219,-0.0313321202515897,298.20841287135,-4.77384513899575,112.379335120647,67.3899568066026,74.8973673831997,567215.629191149,4.48543936787323,4.3514111654065335
201800,201.8,0.2018,4.39496128034865,0.05486417561707,0.0335448944779775,299.207464027745,-4.77415279290344,112.311087043762,67.3804527888696,74.8879852752975,566720.212883566,4.48936045584397,4.355064102387919
201900,201.9,0.2019,4.31273035739484,-0.0351757566192613,-0.0368377745756869,297.588736397412,-4.77400542514451,112.384274811934,67.3946121594412,74.8786031673953,567137.624936817,4.48605629635383,4.356781249191551
202000,202.0,0.202,4.39157436684624,0.0025701632039,0.0608604378603678,299.311812438866,-4.77377527060749,112.38666227011,67.3607738540106,74.8692210594931,566793.884841277,4.48877692807048,4.359347387793671
202100,202.1,0.2021,4.34812800520164,-0.0201820208340231,-0.0516161251935988,299.17239617799,-4.77347404467319,112.357542672041,67.4311339410332,74.8598389515909,567167.82251239,4.48581744637212,4.361097351651562
202200,202.2,0.2022,4.40598485122776,0.0656014219703263,0.0233720663407317,300.951936235293,-4.77361889300889,112.287174223143,67.4309786500153,74.8504568436887,566740.267524422,4.48920159557451,4.365181006251727
202300,202.3,0.2023,4.34053693026713,-0.0497900545349971,-0.0191208113906501,299.161207600983,-4.7736310462106,112.390714707784,67.4238899437806,74.8410747357865,567132.131521823,4.48609974966488,4.368072518009302
202400,202.4,0.2024,4.38096979468408,0.0188414545769608,0.0559472890908824,301.334989070116,-4.77405423400555,112.381623697357,67.3904257688236,74.8316926278843,566733.743511904,4.48925327347042,4.371597568459206
202500,202.5,0.2025,4.33333260327703,-0.0197593341393009,-0.0624222685577635,301.597628803199,-4.77407908199422,112.373918496982,67.4506379335776,74.8223105199822,567130.105111602,4.48611577892925,4.3741496660989405
202600,202.6,0.2026,4.39818334715946,0.0288296340475145,0.0394870974544691,300.40197982571,-4.7739615039438,112.361240832227,67.4189383450342,74.8129284120799,566728.548773514,4.4892944227938,4.3761670101084436
202700,202.7,0.2027,4.35004583221967,-0.0208973576246976,-0.0123537588456859,299.859293897492,-4.77396344462592,112.398800466524,67.4377553694327,74.8035463041778,567005.106875928,4.48710475865906,4.3777657407698225
202800,202.8,0.2028,4.38103249240288,0.0227962472768878,0.0064138532045183,299.170818111144,-4.77416755734075,112.373063233818,67.4425449450805,74.7941641962756,566844.429554958,4.48837667019941,4.380421227375892
202900,202.9,0.2029,4.37765993774122,-0.0081486802113479,-0.0101703885013479,297.70997807011,-4.77416475871566,112.413401324311,67.4335618380716,74.7847820883734,566901.258106497,4.48792673656232,4.382248272399007
203000,203.0,0.203,4.40674542741046,0.0043388625529265,0.0391736730681564,297.453324824952,-4.77391921533003,112.415925808164,67.4239986448538,74.7753999804712,566762.47933909,4.4890256606503,4.383104290312932
203100,203.1,0.2031,4.37745793706907,-0.0070221017921188,-0.028533188535498,300.957255391488,-4.77390854879985,112.397916447651,67.4705636290457,74.766017872569,566991.89266555,4.48720933431002,4.384067505908602
203200,203.2,0.2032,4.38077070293351,0.028101562614456,-0.0086818280019149,300.916542048474,-4.77385878979474,112.383603164332,67.4809711828458,74.7566357646668,566935.986831503,4.48765182021003,4.386531300958425
203300,203.3,0.2033,4.37901606612806,-0.014382681559693,0.0029011631172527,300.483936083292,-4.77400450977793,112.429597207606,67.4641480302888,74.7472536567646,566955.451504944,4.48749775047321,4.387374418128227
203400,203.4,0.2034,4.38512281508912,0.0119870178913394,0.0014159650202185,301.43161194525,-4.77422633687109,112.435770742947,67.4628905167425,74.7378715488624,566904.849123748,4.48789830811906,4.390920013037383
203500,203.5,0.2035,4.36556728347422,-0.0185807681892982,-0.0200070530798386,303.604205185671,-4.77452919917704,112.453834970401,67.4747081403726,74.7284894409602,567024.062020344,4.4869547584661,4.39251058465697
203600,203.6,0.2036,4.41236092316651,0.0109503948836681,0.0011789125957099,298.861830941909,-4.7742653494626,112.455605083782,67.4634314688213,74.719107333058,566867.043688544,4.48819761454476,4.396934429454225
203700,203.7,0.2037,4.41057118863176,-0.0083342958252944,0.0097290813704655,296.544952313475,-4.77413872666955,112.467075629747,67.4611045372657,74.7097252251558,566834.126783238,4.48845825089125,4.398678508743726
203800,203.8,0.2038,4.40844926347204,0.0132042696849518,-0.005775650165609,299.534187540985,-4.77414541531744,112.462421459564,67.4798845689332,74.7003431172537,566897.259917127,4.48795838882497,4.403844355053899
203900,203.9,0.2039,4.38782091678348,-0.021795633530481,-0.0132925383919433,300.928475911372,-4.77405017271426,112.502970372828,67.4754572149753,74.6909610093515,566993.228797345,4.48719876010426,4.405658760661824
204000,204.0,0.204,4.42174610257358,-0.0032874864718575,0.0273654334751593,300.540088449086,-4.7738944087685,112.517656888446,67.4581494699776,74.6815789014493,566850.57842594,4.48832798285548,4.412777644953468
204100,204.1,0.2041,4.42305036930507,0.0040340781781996,-0.0178466347147104,301.083057393646,-4.77402916997602,112.493221453938,67.4892076394405,74.6721967935471,566917.170918234,4.48780076483856,4.415722851158702
204200,204.2,0.2042,4.42216357309244,0.0035602191864937,0.0048275956533959,299.303763409286,-4.77428520452923,112.498212924674,67.485597447451,74.6628146856449,566840.769345735,4.48840565258489,4.42306582060133
204300,204.3,0.2043,4.41585447934313,-0.0150844917255222,0.0099522969698004,299.127211535888,-4.77423891096595,112.507562475829,67.488997666844,74.6534325777427,566845.202330461,4.4883705512316,4.426127517161207
204400,204.4,0.2044,4.44312602984866,0.0160035139313182,-0.0256672339086798,300.965795738513,-4.77416444857043,112.445884586081,67.5310284991388,74.6440504698405,566816.03429137,4.48860152029347,4.432991883981353
204500,204.5,0.2045,4.45203622413813,0.0233010802904586,-0.0103951953834122,300.642695671375,-4.77384497705199,112.477111800985,67.5220163177605,74.6346683619383,566826.525991525,4.48851843832905,4.43689411817383
204600,204.6,0.2046,4.44927053719902,-0.0394233234821844,0.0340733017701419,299.05948506658,-4.77363051547748,112.563804871486,67.4831811333529,74.6252862540361,566865.88556019,4.48820678410152,4.443511578584354
204700,204.7,0.2047,4.44035668373223,0.0148474668242844,-0.0018562902814831,299.558576589641,-4.77416288340484,112.515941590354,67.5127359156083,74.6159041461339,566801.737210082,4.48871474136636,4.4486335145961
204800,204.8,0.2048,4.42833503968958,0.0247269284362127,-0.0473041426543093,298.644098732904,-4.77407022917713,112.494238635045,67.5461763457303,74.6065220382317,566901.811852475,4.48792235278486,4.456849441091775
204900,204.9,0.2049,4.45799932691116,-0.0150439165022526,0.0392107750745936,299.799497952692,-4.77394982918905,112.578089577052,67.4943250559205,74.5971399303295,566817.578135378,4.48858929466599,4.462432118063028
205000,205.0,0.205,4.45230122540384,-0.0213063166822689,-0.0045657485645584,302.619814965984,-4.77403061488793,112.580411927389,67.5113103793126,74.5877578224273,566900.608394265,4.48793188007575,4.470048480410734
205100,205.1,0.2051,4.46536660844205,0.0445359855087263,-0.0216169372982137,300.828945531296,-4.77383210939436,112.53152853651,67.5425964410908,74.5783757145252,566845.743672623,4.48836626480228,4.475221464177602
205200,205.2,0.2052,4.46097745251709,-0.0322972257808055,0.0218000304017157,299.151659454262,-4.77402080031442,112.618238055389,67.5016613587495,74.568993606623,566867.38727019,4.48819489422188,4.483182971890562
205300,205.3,0.2053,4.47323986393603,0.0007109301771659,0.0228863879920029,299.006053515435,-4.77406833899722,112.615918459783,67.5041206643748,74.5596114987208,566805.040769881,4.48868857939443,4.487872454088206
205400,205.4,0.2054,4.48345843851962,0.0119135189491818,-0.0245323456587474,299.108817367657,-4.7738795080767,112.57777992777,67.5387113410998,74.5502293908186,566832.096605937,4.4884743268441,4.495038149054408
205500,205.5,0.2055,4.5097351589936,-0.0107031296412654,-0.0137935835653769,299.926523838912,-4.77368551352553,112.59905549465,67.5359067419756,74.5408472829164,566844.330996386,4.48837745060413,4.500577712989264
205600,205.6,0.2056,4.52637749686923,0.0254071594814595,0.0266776700771476,301.084756891881,-4.77365748549107,112.624013855524,67.5087825024434,74.5314651750142,566670.932354953,4.48975087300456,4.509460477277426
205700,205.7,0.2057,4.52454661941658,-0.0448170016606574,-0.017512101133365,298.3806066036,-4.77365316775685,112.646546754999,67.5252978827567,74.522083067112,566851.600734635,4.48831988822063,4.514795592247278
205800,205.8,0.2058,4.55741064702027,0.0435505794193196,0.0335725113133221,296.995107775503,-4.77375679858539,112.569378985103,67.542327034159,74.5127009592098,566534.804708822,4.49082967560059,4.523221971774854
205900,205.9,0.2059,4.52475782821027,0.000167812611967,-0.0828562186157925,300.300949650164,-4.77399407836272,112.583569011504,67.5870637855721,74.5033188513076,566910.12184877,4.48785656701621,4.529887567491521
206000,206.0,0.206,4.57605076319033,0.0217888522790516,0.0638436858776418,301.072435509562,-4.77380599998004,112.626428599443,67.5251846408517,74.4939367434054,566535.357006638,4.49082529762948,4.538277533300921
206100,206.1,0.2061,4.53910624819149,-0.0441051410820074,-0.0295602975579721,302.933256977677,-4.77384447878439,112.668246743439,67.5503254018648,74.4845546355032,566885.315162582,4.48805295391588,4.544351230938995
206200,206.2,0.2062,4.58421837208824,0.0317406261601987,0.0219552517757367,300.310701814395,-4.77368055076341,112.607443026723,67.5556359684209,74.475172527601,566552.554197267,4.4906889826872,4.5551206306491725
206300,206.3,0.2063,4.55104952164113,-0.0103738900265237,-0.0407568770693034,299.564870961564,-4.77396457056399,112.645905859655,67.5688643952108,74.4657904196988,566785.636066998,4.48884225595692,4.562105094611991
206400,206.4,0.2064,4.6019803469895,0.0118678361738037,0.0778427230258165,297.068113070212,-4.77360636294745,112.669305301194,67.5288751448762,74.4564083117967,566496.478679146,4.49113350038661,4.571612972468872
206500,206.5,0.2065,4.54965801118367,-0.0433192831306342,-0.0641899540816371,299.918502827716,-4.77366851721482,112.646931305205,67.6010486219882,74.4470262038945,566917.877538858,4.48779517113142,4.57864538448263
206600,206.6,0.2066,4.61312910905517,0.0820352057622253,0.0102103230415128,301.556303566205,-4.77352796609792,112.566716994678,67.6054737005274,74.4376440959923,566479.867487318,4.49126519629388,4.58834751822583
206700,206.7,0.2067,4.56108495176947,-0.0605296373798605,-0.0015255592239597,300.62646248307,-4.77342937471098,112.691108279857,67.5848039632115,74.4282619880901,566861.009871249,4.48824538809757,4.596788275367528
206800,206.8,0.2068,4.62339915392489,0.0213854659094297,0.050160025931729,300.590058785894,-4.77356791880455,112.639254465496,67.5808989802616,74.4188798801879,566496.017142982,4.49113715940709,4.606452990904067
206900,206.9,0.2069,4.59632339475149,0.0006550333049369,-0.0628491308601923,300.074512657838,-4.77349954965409,112.598867650682,67.6512492142719,74.4094977722857,566810.930661103,4.48864193617351,4.613672285494712
207000,207.0,0.207,4.626305221773,0.0111143804919758,0.034888927420378,300.758599584839,-4.77370420006218,112.627799188884,67.6105163560282,74.4001156643835,566543.761008625,4.4907586815844,4.623101068634343
207100,207.1,0.2071,4.62515545396963,-0.0492213524473208,0.0006811060670322,299.786608482713,-4.77368453270446,112.689235349851,67.6005735181286,74.3907335564813,566697.965818259,4.48953669627763,4.631371114001471
207200,207.2,0.2072,4.64813759831989,0.0496416909642386,0.0097491859421808,302.219184133739,-4.77397329930866,112.638889218556,67.6083959836719,74.3813514485791,566438.881174063,4.49159017469555,4.641212848103972
207300,207.3,0.2073,4.61510267317951,-0.0248526796287027,-0.0305808296990737,300.193243549684,-4.77360972807614,112.704418682905,67.6190810393841,74.3719693406769,566786.489207022,4.4888354992486,4.649438144368949
207400,207.4,0.2074,4.65064020482233,0.0007464991037125,0.0365443927277214,301.179399198554,-4.77348249928607,112.709228423925,67.5941787890825,74.3625872327747,566530.458944289,4.49086412403671,4.6582782701240815
207500,207.5,0.2075,4.63069024744724,0.008510971578519,-0.0498710967955935,301.206265372297,-4.77336643084917,112.689822713655,67.6401011391575,74.3532051248725,566746.227860989,4.48915438369888,4.66767025849758
207600,207.6,0.2076,4.67396782709114,0.0318053446569001,0.0156959001328664,300.634151000624,-4.77348266380563,112.701876425876,67.6081562445998,74.3438230169703,566467.671408404,4.491361893471,4.676749674064918
207700,207.7,0.2077,4.65386863590178,-0.069509228973071,-0.0046195067577613,300.150801763265,-4.77370373755222,112.796293165098,67.5932845722773,74.3344409090681,566745.99219235,4.48915625041328,4.685212227158934
207800,207.8,0.2078,4.73133389441178,0.0513686294294374,0.039635202106914,300.29430311204,-4.77364159212866,112.703481709847,67.6003265208374,74.325058801166,566267.175554983,4.49295213121518,4.694256562779924
207900,207.9,0.2079,4.69239899696483,-0.0195522603849066,-0.0716893384680712,300.299184314832,-4.77342717237038,112.71650671324,67.6550228718124,74.3156766932638,566719.299411521,4.48936769206353,4.703924944833029
208000,208.0,0.208,4.76129222403428,0.0332568304118099,0.0567116643457204,299.43181370282,-4.77287606782662,112.749829150677,67.597017115634,74.3062945853616,566329.29783509,4.49245928644824,4.713086399129349
208100,208.1,0.2081,4.69406971873751,-0.0858923069189959,-0.0219681705777443,302.059509391676,-4.77293731549704,112.820528666343,67.6201900121311,74.2969124774594,566807.1024751,4.48867225223017,4.723207162954523
208200,208.2,0.2082,4.80379806876295,0.0903466079191474,0.0042841401310874,302.004543976588,-4.773271524714,112.697778221133,67.6298960610664,74.2875303695572,566200.169467436,4.4934838427195,4.733507991145734
208300,208.3,0.2083,4.71777690843107,-0.0800727459292053,-0.0248036718891643,299.936705036816,-4.77314704910691,112.829874137395,67.6256198600458,74.278148261655,566756.397252052,4.48907383415997,4.744094401410163
208400,208.4,0.2084,4.78694361167241,0.0285371308041116,0.0784318720403317,301.839098993566,-4.77355944838109,112.789766064696,67.5988583926025,74.2687661537528,566259.194035245,4.49301546014034,4.755069551343244
208500,208.5,0.2085,4.74598649248663,-0.0003262487026188,-0.0911709339453753,297.440705511149,-4.77322155186566,112.744511192525,67.6854425476603,74.2593840458506,566685.399690632,4.48963625079438,4.765049212903098
208600,208.6,0.2086,4.81486945326211,0.0491747981075404,0.0705231963682807,300.219186101907,-4.77356464178867,112.768793153552,67.6166297549202,74.2500019379484,566159.660568986,4.49380535287528,4.776713865821553
208700,208.7,0.2087,4.70812287543334,-0.0919839639370987,-0.0302700629533393,299.403515626605,-4.77325417973876,112.880187561259,67.6364234180694,74.2406198300462,566813.187148639,4.4886240668564,4.78687126865375
208800,208.8,0.2088,4.8451205593607,0.0641458585731475,0.0650150761296259,301.279026613842,-4.77299729843099,112.769353736191,67.6315459352235,74.231237722144,566144.259753911,4.49392759780496,4.797560639389758
208900,208.9,0.2089,4.77051096461831,-0.021320408189786,-0.0894352574717696,300.979218456451,-4.77288909777683,112.801454630668,67.6885569716936,74.2218556142418,566711.158119526,4.48943218568207,4.807827628450037
209000,209.0,0.209,4.84133138494619,0.044016332650155,0.0631992065167266,301.643190467246,-4.77314942952113,112.796957201346,67.6314377719483,74.2124735063396,566138.788718455,4.49397102609094,4.818937682267146
209100,209.1,0.2091,4.79240273463818,-0.0627573256768385,-0.0398662153938406,300.197352908879,-4.7731278166337,112.887113444452,67.6431133733723,74.2030913984375,566617.463362375,4.49017454942054,4.829471111603832
209200,209.2,0.2092,4.84495459050996,0.0387400515932944,0.0322291851726504,301.210327947087,-4.77319300257857,112.836489084905,67.6382280772463,74.1937092905353,566250.854591474,4.49308163090103,4.840450463666195
209300,209.3,0.2093,4.80962702735536,-0.0052876165266617,-0.0532865598197595,300.002457595975,-4.77300044773836,112.876973920873,67.65723915029,74.1843271826331,566541.583463992,4.49077594214876,4.850095496666188
209400,209.4,0.2094,4.89430866875689,-0.0017408113723442,0.0783692359946624,300.843689335611,-4.77299832503351,112.872960394548,67.6203860610421,74.1749450747309,566141.244256933,4.49395153427881,4.861806140982177
209500,209.5,0.2095,4.85802497035936,-0.00419934978768,-0.0647899263777055,300.412614200904,-4.77276737470558,112.848499493154,67.6839319397542,74.1655629668287,566478.806714539,4.49127360651472,4.872953679178076
209600,209.6,0.2096,4.92036511210191,0.0394286510969531,0.0509203047096777,301.324697319886,-4.77262622644454,112.862484498938,67.6404089808086,74.1561808589265,566113.075915184,4.49417514183711,4.8836501472042695
209700,209.7,0.2097,4.87746015254693,-0.0694456143458491,-0.0371463692275746,301.750031545122,-4.77267308866974,112.912768527163,67.6679727587195,74.1467987510243,566524.410044531,4.49091207393337,4.89504017687331
209800,209.8,0.2098,4.93321732118621,0.0654867560022514,0.0052441454145022,298.59262425344,-4.77256787947073,112.822750061839,67.6817161668448,74.1374166431221,566116.082285732,4.49415127543195,4.905782503750081
209900,209.9,0.2099,4.90739368151806,-0.039756341593695,-0.0035010287053986,298.86581730392,-4.77273022394776,112.891010753593,67.6776295073523,74.1280345352199,566352.712980333,4.49227355133251,4.916173234343559
210000,210.0,0.21,4.92237901999385,0.0048228467114582,0.0317982143413274,300.040025113309,-4.77276407100568,112.895352540196,67.6654001863137,74.1186524273177,566200.480301911,4.49348137587296,4.92653774762236
210100,210.1,0.2101,4.93251932352782,-0.0037536348521748,-0.010317959024061,301.074955401651,-4.77259365008527,112.897988578016,67.6860419226542,74.1092703194155,566314.733141133,4.49257482519515,4.936941216186343
210200,210.2,0.2102,4.97379501093564,-0.0006829436846706,0.015148302016263,301.017575613492,-4.77210569057256,112.909289027058,67.681839423386,74.0998882115134,566264.555890573,4.49297291660016,4.946872066966664
210300,210.3,0.2103,4.95629201259902,-0.0060351979351479,0.007220256421924,303.866736314345,-4.77212757884299,112.916821794974,67.688226769904,74.0905061036111,566284.069314885,4.49281809450345,4.956468804079066
210400,210.4,0.2104,4.94850571390815,0.0058560189400622,-0.0074016133828114,300.964749749894,-4.77209767185486,112.88964800625,67.7124038302721,74.081123995709,566278.292331188,4.4928639287465,4.966466550690963
210500,210.5,0.2105,4.97762026487747,0.0156381919847249,-0.0142730076123599,301.120872053509,-4.77234363794303,112.8802859073,67.7206149196353,74.0717418878068,566228.273790159,4.49326081196332,4.976808460755149
210600,210.6,0.2106,4.97555677638912,-0.0133230688595204,0.0147640341285839,303.215529086843,-4.77276456641123,112.924487792753,67.7053276693426,74.0623597799046,566250.39641989,4.49308526639929,4.987192109828757
210700,210.7,0.2107,4.9923132293783,-0.0126991569003035,0.0012357635907712,299.446932916311,-4.77243926416406,112.930806141622,67.709986575549,74.0529776720024,566249.305284811,4.49309392435772,4.996002521421
210800,210.8,0.2108,4.98590953096956,0.0020118937110239,-0.0151918515777979,299.43137768654,-4.772383113636,112.915022945014,67.7258333981291,74.0435955641002,566230.925166178,4.49323977227186,5.00583559492184
210900,210.9,0.2109,5.01214244692719,-0.0067243612125731,0.0116681353764362,299.398302085624,-4.77192037909394,112.92712271413,67.7205318688755,74.034213456198,566175.52302074,4.49367945062818,5.013901788140145
211000,211.0,0.211,5.01956590643233,-0.0037834167564929,-0.0152753945105603,302.157418532493,-4.77192608576183,112.929389403005,67.7352758408941,74.0248313482958,566238.389805464,4.49318053853793,5.021707340563711
211100,211.1,0.2111,5.01882976269607,0.0004127309260235,0.0069677972161487,303.926414751288,-4.77230161495411,112.912573058625,67.7459070139917,74.0154492403936,566171.162834097,4.49371405726731,5.030013835229919
211200,211.2,0.2112,5.03776255467541,0.0163102800470679,-0.0323118836109491,302.074000178346,-4.77227333903346,112.910968693371,67.7577466606248,74.0060671324914,566190.285243136,4.49356228737555,5.038512458578287
211300,211.3,0.2113,5.07184335922372,-0.0101931728523803,0.029843476732504,299.982568667015,-4.77206775594738,112.989327709349,67.7077733014486,73.9966850245892,566093.567756234,4.49433001567424,5.044998074359735
211400,211.4,0.2114,5.05952233739716,-0.0189647778192951,-0.0107423093782685,299.797994624318,-4.77205919053944,113.0245151752,67.7054163214593,73.987302916687,566178.354427656,4.4936569781423,5.054240332256218
211500,211.5,0.2115,5.08784229850004,0.0194313024656335,0.0036184265652165,301.251624033857,-4.77223938949132,112.97507402895,67.725195911757,73.9779208087849,566024.233998958,4.49488053766201,5.060062755413706
211600,211.6,0.2116,5.05687052282887,-0.0057068134840499,-0.0286929915082501,299.095034990373,-4.77191934624097,112.981106666634,67.7582269855437,73.9685387008826,566258.712011477,4.49301928478832,5.067552740589775
211700,211.7,0.2117,5.1060380698168,0.0200500391254882,0.0206147142676395,298.939565161613,-4.77171204832612,112.97557198888,67.7396911562416,73.9591565929805,566004.274500386,4.49503904452443,5.072276128106119
211800,211.8,0.2118,5.10170844792899,-0.0019779287679002,-0.004899987970847,301.788304116489,-4.7718102758189,113.006239300244,67.7404409495046,73.9497744850783,566092.362576446,4.49433958385791,5.078391987606149
211900,211.9,0.2119,5.09207418100271,-0.0224356310407379,0.0170954927551057,300.330109917169,-4.77166331224281,113.022912037606,67.7413916626407,73.9403923771761,566111.996396002,4.4941837117814,5.081974876869388
212000,212.0,0.212,5.07979097244121,0.0033997387606634,-0.0189026004351107,299.156743060559,-4.77181205958068,113.010046369456,67.7597157189402,73.9310102692739,566128.826700813,4.49405010529789,5.08898547986422
212100,212.1,0.2121,5.12008592554819,0.0283840934785462,0.0231927273333925,298.456136488279,-4.77183218698929,112.994141299949,67.760080743906,73.9216281613717,565980.364851088,4.49522893593023,5.093315279469237
212200,212.2,0.2122,5.09056719651927,-0.0273137266968086,-0.0236070278833869,300.37616241758,-4.77185279896633,113.043301646996,67.7624073649729,73.9122460534695,566174.180150575,4.49369010888191,5.100076643617156
212300,212.3,0.2123,5.13015872745636,0.0145493765661804,0.036446508273534,302.500935567339,-4.77147477557651,113.053036116497,67.7417838659224,73.9028639455673,565978.752859259,4.49524173901211,5.105045429899383
212400,212.4,0.2124,5.09993975091132,-0.0218007334589176,-0.0279479992992317,301.75216108654,-4.77142376864856,113.062701810279,67.7745820925637,73.8934818376651,566229.300079791,4.49325266793584,5.111301470401403
212500,212.5,0.2125,5.12310845622372,0.0404246143167872,0.0113953880602406,300.916475412026,-4.77162503798691,113.031384319555,67.7698735599027,73.8840997297629,565961.263867013,4.49538064825014,5.115576570287193
212600,212.6,0.2126,5.08502334011918,-0.03459751526335,-0.0127471546582625,299.706320650344,-4.77167431220233,113.108000149896,67.7564423990919,73.8747176218607,566160.743029939,4.49379676102414,5.120000613533576
212700,212.7,0.2127,5.12663360686025,0.0003484666081777,0.0451283074454666,299.324114549313,-4.77162765315043,113.132798575401,67.7241587605682,73.8653355139585,565943.171730522,4.49552435709642,5.124458982973648
212800,212.8,0.2128,5.10048261999785,-0.001541925355086,-0.0374818778125089,297.772946068154,-4.77130163008358,113.129372853809,67.7693249387541,73.8559534060564,566231.52875067,4.49323498262362,5.129978055641903
212900,212.9,0.2129,5.15162741507204,0.0514496449467709,0.0254305899356744,299.330519192863,-4.77121372726764,113.102354371795,67.7602872017121,73.8465712981542,565948.898889126,4.49547886433011,5.134315788516836
213000,213.0,0.213,5.08757977938168,-0.0594216720471197,-0.0162604906302529,300.309258105081,-4.77111929349964,113.192235196679,67.7571553166312,73.837189190252,566300.514544679,4.49268762415407,5.138416708200833
213100,213.1,0.2131,5.14040410724331,0.0319335006073699,0.0410735120108877,300.788612643106,-4.77140459183587,113.138707033064,67.7527148774159,73.8278070823498,565923.700395924,4.49567903140832,5.14374681151289
213200,213.2,0.2132,5.11139581754613,0.0003443195104187,-0.0538179893384596,298.226238151112,-4.7713789005882,113.128976269602,67.7951713731391,73.8184249744476,566157.669163067,4.49382115940951,5.148222898261527
213300,213.3,0.2133,5.17583837656273,0.0265145541477782,0.0274363552527673,300.385866151465,-4.77162036354978,113.142305883514,67.7554205583692,73.8090428665454,565820.456090184,4.49649935039013,5.152946953267706
213400,213.4,0.2134,5.14141284680584,-0.0432380670144152,-0.0176556614977383,297.117923951667,-4.77113729037748,113.187482529279,67.7740089324971,73.7996607586432,566129.703178648,4.49404314764264,5.1561588388065145
213500,213.5,0.2135,5.20955925605438,0.0668655305678815,0.0051873531950266,302.061145716075,-4.77161063590671,113.122504271536,67.7745745278211,73.790278650741,565737.492295325,4.49715874923637,5.160064840663335
213600,213.6,0.2136,5.14129271277768,-0.0661156989662484,0.0026528694602333,298.007767713141,-4.77092758219756,113.233662404606,67.7685701158337,73.7808965428388,566171.240310359,4.49371344233645,5.164662478601108
213700,213.7,0.2137,5.19123183971851,0.0337264665948084,0.0286929820364065,301.458670074907,-4.77131076017988,113.178127421787,67.7709616236742,73.7715144349366,565841.571413027,4.4963315560105,5.168829155576318
213800,213.8,0.2138,5.13280761548647,-0.0104054410632556,-0.0398814105985127,300.188922285204,-4.77143710716045,113.175373080482,67.812838432281,73.7621323270344,566105.430075454,4.49423584032369,5.17309222486159
213900,213.9,0.2139,5.15249340217151,0.0254950070699937,-0.0064064993631502,299.474018974534,-4.77150551059792,113.176467307349,67.8009867828515,73.7527502191323,565939.970838569,4.49554978326965,5.178274719400237
214000,214.0,0.214,5.17792393156939,-0.0331660976640965,0.0147307226516866,299.246874143899,-4.77142896317318,113.217900570286,67.7914671341235,73.7433681112301,565995.658307999,4.4951074728253,5.1823354830369395
214100,214.1,0.2141,5.17520146843558,0.0090784796218315,0.0048919107225486,301.897567355441,-4.77148289263526,113.194069360888,67.8123235533891,73.7339860033279,565978.600433627,4.49524294964103,5.188278889907853
214200,214.2,0.2142,5.20515678915161,0.0095453134499371,-0.0101697855218553,303.792046499098,-4.77123314237249,113.184089360422,67.8263074650354,73.7246038954257,565973.377516829,4.49528443265215,5.1907539672236185
214300,214.3,0.2143,5.1948349832223,-0.0123868788525408,-0.0006354674151633,302.92935196291,-4.77115906352574,113.213785283529,67.8209856203133,73.7152217875235,566005.413127459,4.49503000190218,5.197036346533232
214400,214.4,0.2144,5.23112776808671,0.002614490203587,0.0297124092338827,300.167232458856,-4.77120606508492,113.20400155914,67.8174393656898,73.7058396796213,565854.878632158,4.49622581570223,5.199953857987923
214500,214.5,0.2145,5.18630325646153,-0.0026154016817919,-0.0133088042251264,299.61502051263,-4.77128738323642,113.218051731584,67.8363006393166,73.6964575717191,566010.445806083,4.49499003436876,5.205593453553446
214600,214.6,0.2146,5.22976713204434,0.0068628844677263,0.0276088551619053,299.202568880479,-4.77140242468632,113.213652949231,67.8260180546564,73.6870754638169,565830.619190372,4.49641858704534,5.206408711458181
214700,214.7,0.2147,5.19970915979055,-0.0094226882776061,-0.0274865479342597,300.453629162227,-4.77158782981685,113.222604936863,67.8480656791955,73.6776933559147,565987.231868434,4.49517439615736,5.210968929426051
214800,214.8,0.2148,5.20479101405305,0.0158087137152551,0.0105362541964775,300.578292815796,-4.77142866020332,113.23817863962,67.8368229240056,73.6683112480125,565899.212626386,4.49587356985189,5.211826140093538
214900,214.9,0.2149,5.20332167634208,-0.0353192428101088,0.0158408871451314,300.652013202017,-4.77102635539863,113.276336872026,67.8371354098275,73.6589291401103,566020.417827746,4.49491084263542,5.215826617646725
215000,215.0,0.215,5.23475008562323,0.028232397957396,-0.009537061721873,302.811636157571,-4.77111484200074,113.229545281544,67.8615674430539,73.6495470322081,565918.289728474,4.49572201398132,5.2160875097482675
215100,215.1,0.2151,5.23430864136843,-0.018996550960436,0.0101074823417408,299.980056366749,-4.77118100587715,113.257937532513,67.857049808504,73.6401649243059,565950.405295988,4.49546689858161,5.219361511429321
215200,215.2,0.2152,5.23277568785539,0.0093544428579243,-0.011038914683049,302.195989117209,-4.77156946683952,113.265728474768,67.8543879676597,73.6307828164038,565895.027591777,4.49590681875066,5.219630573239661
215300,215.3,0.2153,5.22991069798152,-0.0137551767048907,0.0060691624237842,298.768214553036,-4.77119029729726,113.304077356667,67.8451690518083,73.6214007085016,565937.593313628,4.49556866924199,5.222450924127049
215400,215.4,0.2154,5.24584267159145,0.0126653956223971,-0.006301954409392,299.102078106238,-4.7712385019382,113.285765652838,67.8612306948014,73.6120186005994,565907.960270736,4.49580407391652,5.222562334769865
215500,215.5,0.2155,5.23533635806611,-0.0007457848339959,-0.0015664919362674,299.93890295652,-4.77131588838471,113.2857026738,67.8721446342209,73.6026364926972,565926.520572941,4.49565662812765,5.224080253743145
215600,215.6,0.2156,5.20829084364394,0.0033267777453804,-0.0170530098619725,300.594231898489,-4.77126054737972,113.30054997355,67.8799841850297,73.593254384795,565993.910726336,4.49512135206895,5.222180118630804
215700,215.7,0.2157,5.22000071129789,0.0069397745270461,0.0231348717645965,301.19793056515,-4.77110444357076,113.314915945194,67.8677005153263,73.5838722768928,565891.087546422,4.49593812172957,5.221594538917797
215800,215.8,0.2158,5.21325411273738,-0.0031992562995793,-0.0217719082853772,299.953044547361,-4.77073631325173,113.318398368426,67.8930544330765,73.5744901689906,566047.70838207,4.49469413191171,5.217956987448442
215900,215.9,0.2159,5.24469565007189,0.0093199475391644,-0.001047241572908,301.123272607677,-4.77109677621263,113.301874860036,67.8913529136674,73.5651080610884,565878.816906438,4.49603561263474,5.215713100552169
216000,216.0,0.216,5.23625153413636,0.0006038282653094,-0.0041617634065647,299.142394514101,-4.77111207830417,113.329401331334,67.8892111716337,73.5557259531862,565926.255703485,4.4956587322218,5.211407023356624
216100,216.1,0.2161,5.20696406865659,0.0027430686712653,0.0133833356093859,300.277612685087,-4.77125495428851,113.343949883246,67.8932364518261,73.546343845284,565960.267068302,4.49538856574876,5.209232585803932
216200,216.2,0.2162,5.20355742077029,0.0097917793870681,-0.0056690278342513,300.292547774541,-4.77124791846956,113.341355880305,67.9040820089097,73.5369617373818,565965.513389913,4.49534689491614,5.204346733229077
216300,216.3,0.2163,5.20181781279166,-0.0078773581071663,0.0036692436810383,300.242019089266,-4.77136154448352,113.36569225435,67.8977100672065,73.5275796294796,565961.699342215,4.49537718931149,5.2016805664289425
216400,216.4,0.2164,5.18994592072365,-0.0258416051423434,-0.0012733247966792,299.147334762056,-4.77153701131376,113.394202365836,67.893245580324,73.5181975215774,565994.578769906,4.49511604647588,5.1966043299316285
216500,216.5,0.2165,5.20205042034467,0.0416540140556315,0.0075671562045518,299.21089548099,-4.77144181231281,113.394400294123,67.8850902777004,73.5088154136753,565855.358115299,4.49622200578077,5.1916840848128025
216600,216.6,0.2166,5.14956022510425,-0.0295031863688737,-0.0307073332354865,299.170116966948,-4.77102081082901,113.444529396496,67.9037768001646,73.4994333057731,566189.066823002,4.49357195737288,5.186757060402769
216700,216.7,0.2167,5.22004029634568,0.0395669760589473,0.0513640867952001,301.10870835785,-4.77105085738806,113.406969535181,67.8891863053579,73.4900511978709,565807.759016895,4.49660025459458,5.181989508627789
216800,216.8,0.2168,5.12207685662087,-0.048592999735811,-0.0728579062006363,301.317847971755,-4.77119111710817,113.427859245975,67.9466368469291,73.4806690899687,566318.570570532,4.49254438307369,5.176980817157385
216900,216.9,0.2169,5.21755418005629,0.0668815380878798,0.0595262747080758,300.925049270887,-4.77132525645725,113.373965150367,67.9107720363164,73.4712869820665,565678.471883556,4.4976279630643,5.171893783778603
217000,217.0,0.217,5.09684138205214,-0.0915029337252632,-0.0470269057238976,298.839682956326,-4.77120313463961,113.47824763072,67.9382491008417,73.4619048741643,566355.544061918,4.49225109548642,5.167734104063534
217100,217.1,0.2171,5.22790593587414,0.0844814394597854,0.0623145615926942,301.157484784163,-4.77143970255156,113.378845108993,67.918874240625,73.4525227662621,565625.817449847,4.49804664984648,5.161645394578109
217200,217.2,0.2172,5.12574048760531,-0.0535122223269578,-0.0753520615079847,299.530199860381,-4.77124986588194,113.464122589943,67.9563210872768,73.4431406583599,566290.999588916,4.4927631113577,5.156535712606764
217300,217.3,0.2173,5.20476841527926,0.046576461310133,0.0786572795645509,302.568501569046,-4.77164400570144,113.452077315051,67.9009176141506,73.4337585504577,565696.970370065,4.49748088907494,5.150648854101765
217400,217.4,0.2174,5.12063601679408,-0.0460334050445423,-0.0794446156754156,298.486776850844,-4.77134325926482,113.507442044485,67.9472925327124,73.4243764425555,566287.219184827,4.49279310401772,5.145107904325735
217500,217.5,0.2175,5.20037225565261,0.0668710653747247,0.0590774983433629,299.644108189766,-4.77171050025309,113.482300785626,67.8969163453388,73.4149943346533,565669.746803073,4.49769733599114,5.138357977731107
217600,217.6,0.2176,5.10144830458785,-0.0858116860713441,-0.0383147637653946,297.380283316724,-4.77198556996258,113.580530401862,67.9154328274683,73.4056122267511,566241.41480589,4.49315653486619,5.13254655239259
217700,217.7,0.2177,5.13767372476439,0.0573024223625781,0.0504178205468498,300.021972896565,-4.77200022221656,113.517489985812,67.9054771476036,73.3962301188489,565771.854265529,4.49688561575725,5.127066870911506
217800,217.8,0.2178,5.06143436154738,-0.0537181042782424,-0.0345300246321759,299.704179007622,-4.7715835195712,113.592031011795,67.9315591017291,73.3868480109467,566288.421473128,4.49278356535794,5.121141789279009
217900,217.9,0.2179,5.09326394668543,0.0323454720375703,0.0438032656804007,303.497001654885,-4.77180607945931,113.550553264042,67.9222955022585,73.3774659030446,565932.087923285,4.49561240215777,5.115721346671839
218000,218.0,0.218,5.0659417921171,-0.0332230827435611,-0.0541110037123518,300.256549985584,-4.771569530073,113.562506867937,67.9674209891458,73.3680837951424,566295.275479333,4.49272918813149,5.11036867714608
218100,218.1,0.2181,5.08546561309494,0.0447250984028779,0.0291396266553627,301.306407763614,-4.77198027838284,113.532286358308,67.9502315303307,73.3587016872402,565929.015887202,4.49563680571922,5.104838025483231
218200,218.2,0.2182,5.05989706383696,-0.0438330783454866,-0.0148416179191065,300.339191892309,-4.77190811188971,113.584236547858,67.9652157542224,73.349319579338,566240.400761792,4.49316458137587,5.098876280499074
218300,218.3,0.2183,5.10527292414328,0.0379965901142118,0.011482280604857,299.674942319927,-4.77178383813596,113.557416082437,67.9554918205921,73.3399374714358,565953.300859068,4.49544389861331,5.09308468415817
218400,218.4,0.2184,5.101067768838,-0.0213928461254315,-0.0163752424587005,298.823247874706,-4.77161120634079,113.60625928041,67.9595978843182,73.3305553635336,566158.503482004,4.49381453709426,5.08764112646441
218500,218.5,0.2185,5.11999232930514,0.0072969083931589,0.0176603886386896,299.878047409703,-4.77173621047524,113.616083240188,67.9401901501715,73.3211732556314,565973.343791668,4.4952847005167,5.083930504825101
218600,218.6,0.2186,5.10310779505111,-0.0223169521351346,-0.0095850211697868,300.611357235068,-4.7720682300873,113.628543917398,67.9581631355386,73.3117911477292,566112.707308896,4.49417806807634,5.079980843267709
218700,218.7,0.2187,5.11406797004536,0.0172699329276631,-0.0040904960344392,300.789294098293,-4.77219725164523,113.585080352001,67.9758662963466,73.302409039827,565971.14274817,4.49530218253374,5.075946352065056
218800,218.8,0.2188,5.07154878153175,-0.0130009491551179,-0.030293850236872,300.984451325049,-4.7722109614056,113.631538245984,67.9809463807627,73.2930269319248,566172.472571679,4.49370366187285,5.071970893180403
218900,218.9,0.2189,5.07360445159091,-0.0193364509196688,0.0509141331714015,299.478608592019,-4.77223552351614,113.652707224094,67.9601813946507,73.2836448240226,566032.510235877,4.49481481582522,5.068487188582525
219000,219.0,0.219,5.06265369777027,0.0122119370960804,-0.036611995127278,298.400376747077,-4.77229192840365,113.595319133969,68.0140187588867,73.2742627161204,566122.388240312,4.49410121573742,5.063722723798096
219100,219.1,0.2191,5.06746205920736,0.0387910570209267,0.0134140393347211,296.638837986695,-4.77172825808728,113.604510887054,68.0053932974732,73.2648806082182,566023.912621656,4.49488308976722,5.059982443778537
219200,219.2,0.2192,5.0392676547269,-0.051638214768922,0.0090268255787702,300.816991022608,-4.7719263114391,113.703968088591,67.9829566642758,73.2554985003161,566260.01728094,4.49300892806051,5.0545508189544295
219300,219.3,0.2193,5.06032841977283,0.023647802583441,0.0352080236999447,299.833886308912,-4.77180528284156,113.652786562091,67.9967502043442,73.2461163924139,566047.462502819,4.49469608431341,5.052092321987635
219400,219.4,0.2194,5.03856049250008,0.0223027390219899,-0.0464033270258272,298.041324907567,-4.77175291713351,113.640647638413,68.0373090183155,73.2367342845117,566252.064865262,4.49307202765318,5.046124390473715
219500,219.5,0.2195,5.03013005549459,0.0053178583984238,0.0401546871215526,297.829797352819,-4.77185354789867,113.710331018908,67.9878491632562,73.2273521766095,566114.86253279,4.49416095854505,5.043404382058742
219600,219.6,0.2196,5.03797725180879,-0.020251227986814,0.0275319652973582,296.834603779705,-4.77193683496136,113.737789480557,67.9850515020457,73.2179700687073,566155.718619076,4.49383664171512,5.037625778487158
219700,219.7,0.2197,5.03732691894474,0.0150380886972987,-0.0190414179791989,297.778230038267,-4.77236709396205,113.673295259755,68.0315397535975,73.2085879608051,566149.047026773,4.49388959781584,5.035798363666715
219800,219.8,0.2198,5.02406327296297,0.0221856405957979,-0.0336367569084323,296.977967328187,-4.77254231763863,113.686866502475,68.0344914048404,73.1992058529029,566168.637555025,4.49373410055709,5.030968887461313
219900,219.9,0.2199,5.0034964354024,-0.0383488860982199,0.0503929887596922,299.060321559937,-4.77247909319988,113.78148861814,67.9886771181881,73.1898237450007,566185.709659715,4.49359860173098,5.028938117939797
220000,220.0,0.22,5.03168483710295,0.0167751006013331,-0.0120726495818128,298.70863877686,-4.77188197298085,113.733144663266,68.0288071528371,73.1804416370985,566206.602491811,4.49343278946267,5.0259427668907755
220100,220.1,0.2201,5.02653769129941,0.0321129157011388,-0.0282626712792197,302.041045745227,-4.77213337090266,113.696706162085,68.0585145929532,73.1710595291963,566199.775878331,4.49348696632773,5.0253931741351145
220200,220.2,0.2202,5.01285807790593,-0.0370049944207707,-0.0116283744892551,300.933155133383,-4.77208394642003,113.770214910086,68.0337160348831,73.1616774212941,566286.783365704,4.49279656170949,5.022679576316458
220300,220.3,0.2203,5.02584667627464,0.0126503938802033,0.0222884480122699,301.210871258651,-4.77235507784718,113.771362827356,68.0195926724561,73.1522953133919,566102.333246878,4.49426042576905,5.0210806814774935
220400,220.4,0.2204,5.00579195483699,-0.0166213367714726,-0.012034258695496,298.782278767768,-4.77221624431873,113.773070256206,68.0440918751038,73.1429132054897,566242.097679088,4.49315111623662,5.01797042508146
220500,220.5,0.2205,5.02194668097624,0.0233868226008377,-0.0049923695150643,298.829591852642,-4.77221030463494,113.761765716956,68.0488008271193,73.1335310975876,566152.387996316,4.49386307854541,5.016311833344533
220600,220.6,0.2206,5.02401784129323,-0.0233114977815759,-0.0038004175219542,300.874606366173,-4.77222542702665,113.811478451482,68.0354521580807,73.1241489896854,566216.036365995,4.49335792319809,5.0137199004721165
220700,220.7,0.2207,5.01543358518878,-0.0081490247139454,0.0088318961904936,302.754573563931,-4.77187843738923,113.835632327273,68.0337669623445,73.1147668817832,566249.513637302,4.49309227111601,5.011226538667601
220800,220.8,0.2208,5.02535077581712,-0.0076377174352152,0.0026722597000875,301.179920790098,-4.77174032135326,113.81550521447,68.0556276619881,73.105384773881,566258.639956436,4.49301985651414,5.007926459747249
220900,220.9,0.2209,5.01247590035886,0.0254947036759287,-0.0146493557968612,301.882282264571,-4.77220300971801,113.799809872717,68.0667222156323,73.0960026659788,566200.178151367,4.49348377380199,5.005605208782966
221000,221.0,0.221,4.99153103602263,-0.0334726213214783,0.0106416314883348,299.789293220563,-4.77214355723717,113.852148604957,68.0562600126239,73.0866205580766,566300.82080211,4.49268519449316,5.003416080544194
221100,221.1,0.2211,5.00051193285738,0.0099199785366383,0.0090270031682619,299.033036667997,-4.77229882031837,113.841536622868,68.0548903710965,73.0772384501744,566163.953331929,4.49377127998707,5.001422670749139
221200,221.2,0.2212,4.98046154789743,-0.004491323981511,-0.0133933042580875,299.035774015756,-4.77222835463414,113.838962909625,68.0790028081109,73.0678563422722,566279.034094129,4.49285804359138,4.99978164904931
221300,221.3,0.2213,4.97773085809545,0.0155048747021167,-0.0207646407696405,301.472214552913,-4.77236823474349,113.814198975287,68.1005278781823,73.05847423437,566262.135715059,4.49299211933746,4.998498064217982
221400,221.4,0.2214,4.96137307341641,-0.0060299763903098,0.0142600053310615,301.404450277258,-4.77206790529176,113.866545104063,68.0836422307426,73.0490921264678,566309.369893433,4.49261737224254,4.996314188988499
221500,221.5,0.2215,4.99734951936409,-0.0151218170194535,0.0198450693761856,302.780759021007,-4.77215309600091,113.887723429052,68.0724238896615,73.0397100185656,566248.633533095,4.49309925460202,4.9933903582618395
221600,221.6,0.2216,4.98283432168906,0.0184293094782945,-0.0317224926995087,298.400763996391,-4.77199592208983,113.864321539642,68.0987460192136,73.0303279106635,566278.441612427,4.49286274434631,4.990043031632535
221700,221.7,0.2217,4.99300478693604,-0.000318608452556,0.030861823505917,299.574581368916,-4.77229496761081,113.881882991803,68.0817070431578,73.0209458027612,566151.327189005,4.49387149877262,4.986219093104746
221800,221.8,0.2218,4.96985269352693,-0.0206767206672018,-0.0145921163973991,301.038737706577,-4.77252452171381,113.877986549289,68.114644719207,73.0115636948591,566333.074234961,4.49242933000839,4.982018307001482
221900,221.9,0.2219,4.99748843496148,0.0243053414650015,-0.0079018445757276,300.772996491103,-4.77250021720199,113.858863761137,68.1195815875933,73.0021815869569,566206.246067715,4.4934356180569,4.9781237618873755
222000,222.0,0.222,4.99263733159886,-0.0160338722592159,0.025839637652342,298.363787141639,-4.77231685607958,113.947837891694,68.0797929825098,72.9927994790547,566244.94228959,4.49312854426486,4.974030968422827
222100,222.1,0.2221,4.98303900484139,-0.0231178053819603,0.007918941031244,298.430881967371,-4.77246830370123,113.945179294538,68.0896584513553,72.9834173711525,566240.992712514,4.49315988420267,4.969733642125251
222200,222.2,0.2222,4.9893651063814,0.0296810763321198,-0.0302989412929732,299.33173518843,-4.77245843554472,113.899431721305,68.1250619379095,72.9740352632503,566235.155441595,4.49320620381259,4.966352751880477
222300,222.3,0.2223,5.00474472210414,-0.0055524241156986,0.0036692157393695,300.579313662229,-4.77213514373907,113.948279965435,68.1031408431921,72.9646531553481,566222.910582917,4.49330337168402,4.963061041028046
222400,222.4,0.2224,5.00504711151615,-0.005877499583215,0.0175769451372808,300.269734627423,-4.77195960709121,113.983401902953,68.088481889569,72.9552710474459,566202.706652878,4.49346370717147,4.95943643809
222500,222.5,0.2225,4.96699017134088,-0.0218974144489643,-0.0147856382346147,300.359446047062,-4.77210963122736,113.984643399602,68.1123457489609,72.9458889395437,566334.479850598,4.49241818000934,4.95521399897774
222600,222.6,0.2226,4.97511614305648,0.0373322197643218,-0.0117544542427725,301.679838840601,-4.77247043876475,113.944246980792,68.1333536909505,72.9365068316415,566235.545586242,4.49320310792721,4.9520245271371035
222700,222.7,0.2227,4.95986722996081,-0.0204672547561737,-0.0057692980031306,299.459004727343,-4.77229096720741,113.99169311734,68.124663382246,72.9271247237393,566326.214128018,4.49248374837165,4.949559921547197
222800,222.8,0.2228,4.96243192167372,-0.0044228041656329,0.0191127002636138,299.170946928243,-4.77231034147098,113.990598907276,68.1218838890649,72.9177426158371,566224.817544438,4.49328823890219,4.9454438126017175
222900,222.9,0.2229,4.93663344566564,0.0051353362711244,-0.0081794755607604,299.806937170862,-4.77259093359225,113.967232171971,68.1506800690956,72.908360507935,566275.180764494,4.492888616118,4.942250632073293
223000,223.0,0.223,4.91003597376864,0.0053894023981034,0.0041403081337455,299.50489868213,-4.77274669840783,113.971048378187,68.1621114017188,72.8989784000327,566316.245580689,4.49256282704407,4.937508835582818
223100,223.1,0.2231,4.90369015995944,0.0105888642273468,-0.008319368601464,302.27773551898,-4.7730222817308,113.967628756828,68.1734181231892,72.8895962921306,566320.296423079,4.49253069211255,4.933319914057546
223200,223.2,0.2232,4.90968778452149,-0.0127348231189827,-0.0068082497153419,300.972348521122,-4.77282493573285,113.997364324189,68.1679452172048,72.8802141842284,566349.6727775,4.49229766615668,4.929641933497981
223300,223.3,0.2233,4.90183008009938,0.008804623038549,-4.72056561885529e-05,301.739315104988,-4.77292472847361,114.015487226819,68.161059691526,72.8708320763262,566309.581711323,4.49261569186,4.926665822844895
223400,223.4,0.2234,4.90736386875207,0.0106399029035171,-0.0065173550200855,299.675157055993,-4.77281216538882,114.027249173675,68.1693238142985,72.861449968424,566363.742868979,4.49218606466398,4.923226815415261
223500,223.5,0.2235,4.89707436397123,-0.0230615610417731,-0.004987275634747,297.053169267967,-4.77281523511497,114.064799390707,68.1584746929636,72.8520678605218,566387.144346497,4.49200046053746,4.920917797831659
223600,223.6,0.2236,4.91113412078393,0.0055127210903087,0.0324104970753493,298.889568762748,-4.77294276067683,114.044645206755,68.1655100754379,72.8426857526196,566272.586045067,4.4929092029973,4.916288925292756
223700,223.7,0.2237,4.88466663269951,0.0189117615285373,-0.0475492402765179,299.739093804217,-4.77283377775841,114.038543456596,68.2014908058965,72.8333036447174,566468.205782669,4.49135765657265,4.9141620657345255
223800,223.8,0.2238,4.88434925224288,-0.0101154780314027,0.037566400570216,298.545342457689,-4.77261628050342,114.098084750489,68.1600938874633,72.8239215368152,566346.989366114,4.49231895113379,4.910310217803734
223900,223.9,0.2239,4.87043453479722,-0.0146040749364648,-0.0050273175842867,301.709517942629,-4.77299230441627,114.090499116763,68.1826570700867,72.814539428913,566423.819910991,4.49170960650413,4.908006672922038
224000,224.0,0.224,4.89421411456432,0.0460533482469429,-0.0121271965895135,299.204659352354,-4.77282853335195,114.032504367454,68.2063792952962,72.8051573210108,566259.89335101,4.49300991138688,4.902840723057176
224100,224.1,0.2241,4.89741403860429,-0.031428675738534,0.0167566546676535,296.760054483035,-4.772856998157,114.112677264165,68.1815453144307,72.7957752131086,566378.697159142,4.4920674559412,4.9005877129587425
224200,224.2,0.2242,4.92150873052834,0.0041879638816787,0.0186434200307399,298.521102545724,-4.77305872155373,114.105221832758,68.1813578067982,72.7863931052065,566267.14451269,4.49295237751507,4.896825253970349
224300,224.3,0.2243,4.90920746902495,0.0087924290484504,-0.0398867607577465,298.483421577666,-4.77290848104738,114.076130056526,68.2222596969041,72.7770109973043,566389.371096561,4.49198280031496,4.8944500119233645
224400,224.4,0.2244,4.92352242995649,-0.0094213939651129,0.031412637171709,299.766425698461,-4.77284020234834,114.100670177025,68.2001907882102,72.7676288894021,566254.946323984,4.49304916409734,4.890644622233633
224500,224.5,0.2245,4.91349530854827,0.000661525931807,-0.0238534190399829,300.793373919119,-4.77297449280556,114.107473583336,68.2162595313306,72.7582467814999,566349.1039327,4.49230217825028,4.889017911352175
224600,224.6,0.2246,4.91410281011608,0.0067478134604529,0.0214662803383895,300.880184890647,-4.77333941314748,114.117942399608,68.2047947951081,72.7488646735977,566232.847197708,4.49322452033344,4.885920506300159
224700,224.7,0.2247,4.89172482006601,-0.0207193472839087,-0.0094648503724614,298.469681267333,-4.77315610934643,114.137704518231,68.2172947142699,72.7394825656955,566361.644340375,4.4922027094722,4.884238289121598
224800,224.8,0.2248,4.88815615141315,0.0038545108864231,0.0136305332219221,299.529966271855,-4.77315600136498,114.113953047237,68.2325900345319,72.7301004577933,566297.695749097,4.49270998689388,4.8812656155658525
224900,224.9,0.2249,4.88543803114253,0.0203719298298034,-0.0093656186658085,300.553293969757,-4.77308983594616,114.12148231138,68.2408202524706,72.7207183498911,566330.306106576,4.4924512882561,4.87982528506478
225000,225.0,0.225,4.88149291379881,-0.043555954564402,0.0135330881806736,301.951931532584,-4.77310780548234,114.165120551975,68.2282197528755,72.7113362419889,566369.170435069,4.49214301564573,4.877594834176762
225100,225.1,0.2251,4.87137423588367,0.0444145450447711,-0.0072101225478292,300.954441451686,-4.7730703464416,114.113729198811,68.2575058224436,72.7019541340867,566284.138491699,4.49281754566442,4.876169402715605
225200,225.2,0.2252,4.83753963030735,-0.0194948516596459,-0.0173448403875267,298.52218911622,-4.77308669184866,114.165555243744,68.2579862534847,72.6925720261845,566472.198410116,4.49132600044212,4.873471521035555
225300,225.3,0.2253,4.87568973105371,-0.0261642634404159,0.051607042613138,298.153703640407,-4.7731365820893,114.213039625517,68.212481289408,72.6831899182824,566256.912803879,4.49303356077198,4.873119118102151
225400,225.4,0.2254,4.85611473013807,0.0063063733706595,-0.0218884046601933,300.368644919951,-4.77327540819378,114.180026934243,68.2556603811996,72.6738078103802,566378.462253177,4.49206931903013,4.870868505426384
225500,225.5,0.2255,4.88913242391812,0.0368061824549117,-0.0143205030632363,299.421120751926,-4.77286147528305,114.154768999376,68.2690311179591,72.664425702478,566290.980306328,4.4927632643393,4.870236432185885
225600,225.6,0.2256,4.89112048316735,-0.0267129123903039,-0.0037745658525842,303.331080055584,-4.77296793059537,114.246951111214,68.228742628202,72.6550435945758,566340.675517339,4.49236903374966,4.866237480172746
225700,225.7,0.2257,4.88259190440994,-0.0078438825214352,0.0367048910291521,301.419505246373,-4.77289940882556,114.243799511416,68.2313687348957,72.6456614866736,566273.716598312,4.49290023300111,4.864833612156308
225800,225.8,0.2258,4.85373202885095,0.0359001591164095,-0.0695359795477953,300.076019401125,-4.7730491530662,114.150497039662,68.3150646811602,72.6362793787714,566432.131336402,4.49164369832679,4.861805768757253
225900,225.9,0.2259,4.88436842587083,0.0090436701983135,0.0212497966389467,301.398263698613,-4.77335233655887,114.185104593145,68.2811595539227,72.6268972708692,566249.501395467,4.49309236825286,4.860003758351136
226000,226.0,0.226,4.83746331802644,-0.0599429245130843,0.0011648662326011,298.931707226019,-4.77323739388362,114.268482028698,68.2696319721964,72.617515162967,566494.116708741,4.49115222595516,4.85659849866574
226100,226.1,0.2261,4.8987769807014,0.0357530448826535,0.0185450490873886,299.612608812146,-4.77341104797215,114.187025957507,68.2807836434937,72.6081330550648,566109.611636004,4.49420264371493,4.8555740537958165
226200,226.2,0.2262,4.82502661349538,-0.0175555181464815,-0.047592944625822,299.453252629316,-4.77339330359693,114.210562867591,68.3205254909855,72.5987509471626,566482.657501513,4.49124307612218,4.853002007851102
226300,226.3,0.2263,4.86208641358922,0.042856398715164,0.0396957534791865,297.474226092866,-4.7732225146765,114.228334086339,68.2815213114881,72.5893688392604,566174.169795135,4.49369019107241,4.852485000395098
226400,226.4,0.2264,4.80203149684509,-0.0633770078927643,-0.0119686271529115,299.20666725337,-4.77336206796993,114.313842487909,68.2849182811204,72.5799867313582,566552.945307435,4.49068588261662,4.849605829702137
226500,226.5,0.2265,4.87885977745694,0.0424072028945004,0.0367915552526115,298.490147821471,-4.77299553205893,114.234938415539,68.2930327605447,72.570604623456,566155.971859125,4.49383463163404,4.847900387712459
226600,226.6,0.2266,4.81636807345936,-0.010845473685368,-0.0436054999322799,301.485896961274,-4.77311370670328,114.254364137737,68.3367364089051,72.5612225155539,566541.362852105,4.49077769086231,4.846740392697912
226700,226.7,0.2267,4.85424959941342,0.018198464217063,0.0386143916061281,301.201669613783,-4.77317158199038,114.281289031415,68.2984431501877,72.5518404076517,566284.100366769,4.49281784814219,4.84604897440976
226800,226.8,0.2268,4.81958396957345,-0.0268876428092025,-0.0176676906492842,298.62883641661,-4.77328355244937,114.340067850704,68.3013893086647,72.5424582997495,566526.529590693,4.4908952720804,4.8452708035278
226900,226.9,0.2269,4.84630200367183,0.0257865182667364,0.0231676562975554,299.787146623656,-4.77344722358007,114.315929227848,68.2911303050806,72.5330761918473,566248.609390682,4.49309944616851,4.845113549905708
227000,227.0,0.227,4.80116300924076,-0.0334366648904273,-0.028091880677414,299.311566372603,-4.77346870819819,114.332795414736,68.3233837271358,72.5236940839451,566526.339182472,4.49089678146015,4.845302435855035
227100,227.1,0.2271,4.85137045824586,0.0302375433191377,0.0476096028435456,299.145113898105,-4.773558451054,114.287970884107,68.314220249923,72.5143119760429,566155.027741364,4.49384212553391,4.845256386615923
227200,227.2,0.2272,4.79849666051033,-0.0205837266646168,-0.0499013946750283,299.206458098521,-4.77379881682911,114.335171432095,68.336562494702,72.5049298681407,566500.781027214,4.49109939201433,4.845776328341893
227300,227.3,0.2273,4.85459767281977,0.01579876518988,0.0284655224241858,298.387296100418,-4.77388809492947,114.343433262069,68.3038636591387,72.4955477602385,566197.352569052,4.4935061983298,4.8450903602220485
227400,227.4,0.2274,4.83042521152854,-0.0398101503793793,-0.0160779326480834,297.854670198276,-4.77388497146326,114.369370116393,68.3213999527539,72.4861656523363,566397.872289865,4.49191537913284,4.84695309596242
227500,227.5,0.2275,4.87467107261757,0.0523173675563739,0.0113702079339028,300.276541508993,-4.77392042523888,114.307658967198,68.3382893436858,72.4767835444341,566158.908341551,4.49381132357295,4.845672627443282
227600,227.6,0.2276,4.82312402213136,-0.036048800106732,-0.042319718670399,301.133803063236,-4.77367303674776,114.368440938863,68.3522876466526,72.4674014365319,566502.647321341,4.49108459647461,4.846526756991984
227700,227.7,0.2277,4.88755962315858,0.0256095169509895,0.0616072593701214,301.65192721662,-4.77359137605575,114.368140268855,68.3166902544897,72.4580193286297,566132.823396675,4.49401837890663,4.8452410126801695
227800,227.8,0.2278,4.80420726515841,-0.0423648264932611,-0.0376207241334431,300.85835344385,-4.77381036508904,114.394437139978,68.3550037122836,72.4486372207275,566507.204945306,4.49104846511634,4.845559894554062
227900,227.9,0.2279,4.88178955605356,0.0646709321591578,0.0252018126635421,300.334540108228,-4.77394282890299,114.338285580083,68.3470590242881,72.4392551128254,566090.000420403,4.49435833764511,4.843935302326334
228000,228.0,0.228,4.81089842158254,-0.0724319537889408,-0.0400101150992049,299.543895700949,-4.77388759232835,114.428367052132,68.3591694537159,72.4298730049232,566562.990334263,4.49060626382588,4.844605538910575
228100,228.1,0.2281,4.90629926407787,0.0607536542496365,0.0428391099151588,298.930578103305,-4.77384751404835,114.389681125797,68.3251444568314,72.420490897021,566016.214209281,4.49494422487737,4.843235369984832
228200,228.2,0.2282,4.81747192206606,-0.0735873683005593,-0.0185138315497594,298.533448437895,-4.77394456335341,114.451852406602,68.3537945703522,72.4111087891188,566487.919193553,4.49120136024944,4.845499945410842
228300,228.3,0.2283,4.88215116210472,0.0701214089747427,0.0283660022542423,298.203429440351,-4.774179846064,114.372352008891,68.3579619865802,72.4017266812166,566055.588148249,4.4946315636065,4.845097654626434
228400,228.4,0.2284,4.83854366825602,-0.0675281768624047,-0.0408038703684794,297.447049935701,-4.77407250919422,114.442542768153,68.3731805869427,72.3923445733144,566455.66440289,4.49145709563846,4.846382212966364
228500,228.5,0.2285,4.90681850296665,0.0601225917910565,0.0641732498522015,299.409126659566,-4.77371708104129,114.410021693354,68.3489527837532,72.3829624654122,566020.664158138,4.49490888646452,4.846572367965743
228600,228.6,0.2286,4.82227962508599,-0.0469957438976525,-0.0575981302272873,299.939868174749,-4.77357087462188,114.47180974,68.3913698890852,72.37358035751,566604.356729164,4.49027841567249,4.847333226545761
228700,228.7,0.2287,4.89492283588732,0.0417856248450501,0.0644078901460308,298.743175875148,-4.77357231828612,114.434423424601,68.3613936552365,72.3641982496078,566097.645328763,4.49429764324387,4.847635056171363
228800,228.8,0.2288,4.80194015217643,-0.0309804751391043,-0.0703771309995523,299.136508448057,-4.77391931760824,114.490829469652,68.3950480179585,72.3548161417056,566582.04143167,4.49045526896354,4.84724148821762
228900,228.9,0.2289,4.88140926608403,0.02559718314593,0.063236225557921,300.261365596764,-4.77403903916364,114.485295904067,68.3512354565086,72.3454340338034,566118.316343599,4.49413354028062,4.845789963673748
229000,229.0,0.229,4.82877736756867,-0.0319280852243357,-0.0289454090552288,301.081218612222,-4.77412110335641,114.504744785595,68.3909964054492,72.3360519259012,566470.39249328,4.49134031886255,4.844622424148769
229100,229.1,0.2291,4.83152449450377,0.0393379289370882,-0.0077644910176097,303.212534901371,-4.7743236492524,114.466880257528,68.3973714766957,72.326669817999,566262.402972081,4.49298999879461,4.844428567130841
229200,229.2,0.2292,4.81840041708157,-0.0360778613162146,0.0048026334675542,301.325643564223,-4.77424060643923,114.539824611559,68.3757607941545,72.3172877100968,566370.748008817,4.49213050319357,4.844396034265145
229300,229.3,0.2293,4.85006981253555,0.0191532157802435,0.015719000175506,298.393998836174,-4.77410834420998,114.514117510189,68.3817565716811,72.3079056021947,566219.817713054,4.49332791551338,4.842655086938013
229400,229.4,0.2294,4.82358334552075,0.012544820997516,-0.021538278088366,300.024266941152,-4.7743691479422,114.503170752448,68.4132127630199,72.2985234942925,566352.637039772,4.49227415368827,4.841248320043541
229500,229.5,0.2295,4.83211757998105,-0.0125713387409919,0.0001791205222397,300.373918827444,-4.7742389668444,114.52711363191,68.4053138827141,72.2891413863903,566332.156947481,4.49243660639051,4.838956581838151
229600,229.6,0.2296,4.838577786439,0.021758662545833,-0.0007181314680194,302.225922142876,-4.77403340218215,114.512122548233,68.4145703293486,72.2797592784881,566261.149099295,4.4929999476281,4.836463759690006
229700,229.7,0.2297,4.8277741056826,-0.020745484575652,-0.0299889290160434,302.026592742906,-4.77384396543936,114.540408642162,68.4266449805744,72.2703771705859,566427.45562753,4.49168077565785,4.832597630461469
229800,229.8,0.2298,4.85404412539065,-0.0020480341559566,0.0514981221770343,300.908596057832,-4.77409026616375,114.549547117815,68.399010317549,72.2609950626837,566170.36323486,4.49372040371454,4.82860340077478
229900,229.9,0.2299,4.76341191118836,-0.0169475272998616,-0.0618250532340574,300.364043141137,-4.77422309697345,114.557143358249,68.4482306673906,72.2516129547815,566541.787667964,4.49077432349626,4.82478319823824
230000,230.0,0.23,4.86813293132871,0.0408853606616656,0.0638258436181816,301.016760495664,-4.77436655955618,114.541540619541,68.4057701663994,72.2422308468793,566039.717665246,4.49475758298572,4.820299229532364
230100,230.1,0.2301,4.79548852859755,-0.0696226174860048,-0.0507689996460864,299.451330323551,-4.77430703625179,114.610360699609,68.4307051102049,72.2328487389771,566512.683160031,4.49100503638374,4.8168759133701196
230200,230.2,0.2302,4.85992661925099,0.0681408729059326,0.0655022879066633,299.388518656399,-4.77440301984869,114.535895442118,68.42087614758,72.2234666310749,565989.763739079,4.49515428766631,4.8125771990486985
230300,230.3,0.2303,4.7668073131278,-0.0517597309129102,-0.0794657531161828,300.280438834657,-4.77478638147189,114.5934823216,68.4670836396145,72.2140845231727,566583.152592149,4.49044646246019,4.809128058016822
230400,230.4,0.2304,4.86755643389359,0.0709464684804708,0.0761570980954643,299.407739732189,-4.77486231095581,114.546998483422,68.4182874710718,72.2047024152705,565876.157162968,4.4960567449995,4.804601928413517
230500,230.5,0.2305,4.76913818956304,-0.0664743987552789,-0.0764429360364715,300.631968695859,-4.77482233083671,114.63002615974,68.46237157427,72.1953203073683,566577.571198943,4.49049069814592,4.801639319857766
230600,230.6,0.2306,4.87262291636986,0.0649419465096008,0.0746299045358827,301.300256899872,-4.77436196608325,114.563527945663,68.4322755387243,72.1859381994662,565926.415871728,4.49565745986247,4.798101924091648
230700,230.7,0.2307,4.75503418574947,-0.0589249032767482,-0.0928200839101069,303.248816012862,-4.77452014749867,114.634791390831,68.4880970093512,72.176556091564,566666.710200829,4.48978432550816,4.795114389278951
230800,230.8,0.2308,4.83731211116344,0.0741502020252592,0.0735653985058828,301.343918465334,-4.77453266243438,114.59687450471,68.4404368319618,72.1671739836618,566011.486458436,4.49498177001006,4.790820219685431
230900,230.9,0.2309,4.74778103767663,-0.0592124780197101,-0.0352209226153836,301.627651884812,-4.77491108204004,114.680508899903,68.4651109371472,72.1577918757596,566555.111883131,4.4906687096873,4.787387642296848
231000,231.0,0.231,4.81028950418781,0.0538009765809086,0.0356577290885526,302.101964409379,-4.77520782927581,114.629899841093,68.4461957961299,72.1484097678574,566075.021095025,4.49447726614998,4.78307599051927
231100,231.1,0.2311,4.73675888098227,-0.0500009071853295,-0.0179982707071734,298.932657534134,-4.77504609835693,114.680414557983,68.4754884228309,72.1390276599552,566493.168802665,4.49115974094513,4.780782453912579
231200,231.2,0.2312,4.80831214830038,0.04615598830935,0.0117108528278055,300.357861242904,-4.77522500783741,114.625342866449,68.4696876729427,72.129645552053,566099.527783535,4.49428269832406,4.776373350874881
231300,231.3,0.2313,4.75396790467859,-0.0447692891653153,-0.0211658851181721,299.848973148203,-4.77498539488879,114.70203667882,68.4769827994223,72.1202634441508,566464.959411303,4.49138339623165,4.774325773701857
231400,231.4,0.2314,4.82090123631209,0.0335943519804162,0.0366885462138405,301.176805665618,-4.77485643386536,114.665046862885,68.4664056091977,72.1108813362486,566121.156261773,4.4941109956868,4.769485371106083
231500,231.5,0.2315,4.74218283365258,-0.0327039815317576,-0.0497859221825036,300.213041674398,-4.77464592009397,114.664718646494,68.5252546200817,72.1014992283464,566532.413950223,4.49084862683691,4.7683872541324135
231600,231.6,0.2316,4.77455430445883,0.0607499783544086,0.0430320063611361,300.96833782425,-4.77509208684376,114.621480698485,68.5123927893627,72.0921171204442,566138.812356741,4.49397083845185,4.764453179931194
231700,231.7,0.2317,4.69245885551365,-0.0701051158402676,-0.0313581749605781,299.294925780036,-4.7750569471834,114.709180906549,68.525274473225,72.082735012542,566604.760402552,4.49027521660671,4.762402123372239
231800,231.8,0.2318,4.77239618743139,0.0571555500977767,0.0536549435738425,298.400791408358,-4.77494677032861,114.651270294551,68.5139760647162,72.0733529046398,566151.638781994,4.49386902547968,4.758488213850883
231900,231.9,0.2319,4.71361654737325,-0.0371006974875216,-0.0528697690977748,299.339106604038,-4.77518591901553,114.690401909006,68.5477561764966,72.0639707967377,566550.342492541,4.49070651348244,4.757569377235107
232000,232.0,0.232,4.75593850920375,0.0465504431266862,0.0443422313563819,298.614820799072,-4.77539369917174,114.673719580751,68.5149221735554,72.0545886888355,566122.88575361,4.4940972662855,4.753882051937044
232100,232.1,0.2321,4.70088673180278,-0.0555880257792579,-0.0383586081275343,298.959484720766,-4.77543520238075,114.752575762992,68.5298907335564,72.0452065809333,566562.170162267,4.49061276455907,4.752660492217769
232200,232.2,0.2322,4.78499086921304,0.0455119142833483,0.0546062137807644,301.021912360275,-4.77514380232168,114.721870080341,68.5058662862151,72.0358244730311,566138.267483245,4.49397516362425,4.750476927673522
232300,232.3,0.2323,4.72660296510545,-0.0508418206816253,-0.033156147632438,301.884723721158,-4.77503420285004,114.759097934245,68.5404616686735,72.0264423651289,566534.177988664,4.49083464351531,4.749912457405319
232400,232.4,0.2324,4.76596295587847,0.028524601676036,0.0229188567313432,302.83263155887,-4.77538266295187,114.728344904544,68.5298971981127,72.0170602572267,566221.294335593,4.49331619756963,4.7483979925529205
232500,232.5,0.2325,4.76054854146001,-0.0332377455371148,-0.0171474368499185,299.441820858613,-4.77526305823949,114.783378304526,68.5301486257006,72.0076781493245,566421.179456911,4.49173054525675,4.74580631773943
232600,232.6,0.2326,4.76782917037669,0.034316407691293,0.0194933593083465,300.12150329841,-4.77541099351384,114.780058194002,68.5142492113402,71.9982960414223,566199.604786211,4.49348832415314,4.746028839188166
232700,232.7,0.2327,4.74330939111977,-0.0170292707432605,-0.0290035521873287,298.665036004155,-4.77524984215826,114.796573681295,68.5395454795291,71.9889139335201,566416.332421166,4.49176898266977,4.74574306570517
232800,232.8,0.2328,4.77934787253612,0.0158949916871346,0.0276029901705481,299.085430832097,-4.77515063155639,114.774045064534,68.5346649413818,71.9795318256179,566191.049342995,4.49355622311453,4.746401040599551
232900,232.9,0.2329,4.73058551956587,-0.0193735696535854,-0.0294541028832378,302.046723149185,-4.77523262477287,114.794840202271,68.5625007799439,71.9701497177157,566449.794836746,4.49150363622291,4.745651565219703
233000,233.0,0.233,4.75050394003022,0.0235884093712836,0.0338690461348918,301.19062471997,-4.77515370546907,114.798144464023,68.5479135470514,71.9607676098136,566271.749833239,4.49291583766311,4.746779772767812
233100,233.1,0.2331,4.69228820840014,-0.0112785557718753,-0.0394547919714934,300.461194616163,-4.77542244514842,114.835493099247,68.5677152165786,71.9513855019113,566545.740988992,4.49074298715167,4.746761072062069
233200,233.2,0.2332,4.76721497552148,0.0118873608423532,0.0407487049244085,299.534177737225,-4.77543125476538,114.847465851634,68.5265996279148,71.9420033940092,566191.214915271,4.49355490905612,4.749954135832136
233300,233.3,0.2333,4.72577803641786,-0.0255252380264277,-0.0095466101850682,300.556504555469,-4.77549613610549,114.871813933316,68.5477667906288,71.932621286107,566412.300592604,4.49180095592046,4.7495310849495
233400,233.4,0.2334,4.76226831916102,0.0239237515371453,0.0054428027585657,301.585920214651,-4.77547184145618,114.820736489759,68.5649304887602,71.9232391782048,566228.345693008,4.49326024138388,4.752407729920769
233500,233.5,0.2335,4.75529553217761,0.009013179243081,-0.0194468384014654,298.662512387256,-4.77516824923781,114.869248893106,68.563449346036,71.9138570703026,566381.451572701,4.49204561021961,4.752617978739462
233600,233.6,0.2336,4.76544017719911,-0.0371541348033333,0.0389171586165308,299.20567470882,-4.7755047022702,114.910770780494,68.5332790445656,71.9044749624004,566262.978262369,4.49298543417779,4.75582485147261
233700,233.7,0.2337,4.76302720054813,0.0247000283603125,-0.0109470088918005,299.319925617096,-4.77559888790632,114.827413044007,68.5879882980811,71.8950928544982,566230.025144801,4.49324691426657,4.7558008691161335
233800,233.8,0.2338,4.76545114777619,0.0273227413608138,-0.0381471432804645,299.830404780511,-4.77548209583824,114.823689239965,68.606563643026,71.885710746596,566291.097800575,4.49276233217943,4.759044014080495
233900,233.9,0.2339,4.77721662741933,-0.0256052595619556,0.0670479709692607,301.160198034627,-4.77515128539699,114.919979829218,68.5501283920964,71.8763286386938,566225.859092905,4.49327997368893,4.75982660876353
234000,234.0,0.234,4.73608818961608,-0.0194273625518011,-0.0462333554806866,302.548239345926,-4.77514972307242,114.906441867386,68.5986359910869,71.8669465307916,566485.828850008,4.49121793286838,4.764611329781095
234100,234.1,0.2341,4.79072197797229,0.0608880217679359,0.0141508441905674,301.153072533668,-4.7752218204799,114.862491588539,68.5923412414728,71.8575644228894,566143.274398959,4.4939354193477,4.765103822589755
234200,234.2,0.2342,4.736342500765,-0.0458811695138314,0.0036134028963621,302.189547314298,-4.77556334705391,114.944205843617,68.585681227916,71.8481823149872,566417.060823605,4.49176320633338,4.768621989236796
234300,234.3,0.2343,4.79289016514648,0.0392329136489038,0.0246130669015109,301.303419850114,-4.77563703851363,114.897755179307,68.5844069732219,71.8388002070851,566103.711204303,4.49424948625496,4.767840741508072
234400,234.4,0.2344,4.73120229188675,-0.0464339767465547,-0.0314255092296946,301.604416242637,-4.77592025638463,114.970623801436,68.5923697771638,71.8294180991828,566454.515759104,4.49146620331461,4.770982268459954
234500,234.5,0.2345,4.80962360631086,0.0095611903852059,0.0448346886775274,299.83088731085,-4.77573593972651,114.960495839761,68.5622444099089,71.8200359912807,566081.904905077,4.49442261128906,4.770319881296432
234600,234.6,0.2346,4.74553685604106,-0.0102045282489551,-0.0468328205442585,299.795000035468,-4.7757243291265,114.957795662657,68.6144415013551,71.8106538833785,566425.558423373,4.49169582023927,4.772406820321673
234700,234.7,0.2347,4.79630097073076,0.0332305960521506,0.0150845887232685,299.931945889566,-4.77592571488205,114.962914852051,68.5806166319643,71.8012717754763,566097.567955266,4.49429825751876,4.770931814733202
234800,234.8,0.2348,4.74192682286528,-0.0546959345359672,-0.0122321528459253,301.04794434543,-4.77627122039516,115.059812309356,68.5696260562021,71.7918896675741,566409.888891864,4.49182008143345,4.774384476128942
234900,234.9,0.2349,4.81571023961295,0.032223145723185,0.0250567754794325,298.940739681237,-4.77586265690615,115.005060757668,68.5673900178108,71.7825075596719,566047.915856065,4.49469248446788,4.774886086480026
235000,235.0,0.235,4.77403982991741,-0.0070175673086163,-0.0392456277316826,298.723448018566,-4.77538145220038,115.032073924067,68.5964026559284,71.7731254517697,566346.406595837,4.4923235737286,4.777549793268206
235100,235.1,0.2351,4.79521409429483,0.0160166211403365,0.0324451271774913,303.128812196517,-4.77580439599686,115.049944538451,68.5733528135964,71.7637433438675,566170.037621324,4.49372298812574,4.779924846666507
235200,235.2,0.2352,4.75321423411047,-0.0374694089544089,-0.0140724316093716,300.611396497444,-4.77564788946972,115.085401087172,68.587965172847,71.7543612359653,566391.14761027,4.49196871098984,4.782171730829554
235300,235.3,0.2353,4.79900964933506,0.0513423160074817,0.0233612413609455,301.675552309956,-4.77592328420921,115.057296912262,68.5796328764073,71.7449791280631,566110.012680376,4.4941994599262,4.783223427176975
235400,235.4,0.2354,4.76577202729815,-0.0453613256487902,-0.0237516631090867,298.840736070141,-4.77571486939102,115.12487663664,68.5837772254354,71.7355970201609,566402.67393437,4.49187729919115,4.785525614746199
235500,235.5,0.2355,4.8177212329077,0.0352696035819424,0.0320643608206813,299.901828661035,-4.77592259930164,115.081207272301,68.579876994729,71.7262149122587,566081.581079665,4.49442518231116,4.786514441387552
235600,235.6,0.2356,4.77439884146659,-0.0057718390032718,-0.0244263211613857,296.384173670783,-4.7754961980308,115.084968006243,68.6141222907175,71.7168328043566,566308.676185331,4.49262287553995,4.788383530731061
235700,235.7,0.2357,4.78234825335447,-0.0191806490249614,0.018511023286741,301.258446050858,-4.77602114745215,115.11266938348,68.5944736070357,71.7074506964544,566208.696757238,4.49341616937013,4.7883189565269415
235800,235.8,0.2358,4.8025479799224,0.0110281671104487,-0.0152116360236964,301.075818820888,-4.77585019150242,115.093200179365,68.6138935908928,71.6980685885522,566199.11637131,4.49349220032778,4.7901677590952385
235900,235.9,0.2359,4.78480020032857,-0.0102163925176548,-0.0166610242413599,301.549355292284,-4.77595102850091,115.116368318572,68.6179585459396,71.68868648065,566272.532511553,4.49290962774193,4.789815753056829
236000,236.0,0.236,4.79640499289427,0.0211811108262786,0.0089551271023251,299.670679239852,-4.77592508254427,115.145397906799,68.5954293454205,71.6793043727478,566155.258734981,4.4938402920283,4.790972347695543
236100,236.1,0.2361,4.76310712186367,-0.0275453168020755,0.0012461579917923,298.857009273679,-4.77596942688537,115.17697091385,68.6074530010325,71.6699222648456,566335.626744394,4.49240908235365,4.7902655846440645
236200,236.2,0.2362,4.80479697093278,0.0275517878567341,0.0190231000689108,299.373082726805,-4.77604948173347,115.134361421297,68.6159651508845,71.6605401569434,566122.232285836,4.49410245376547,4.790547411053968
236300,236.3,0.2363,4.77160233326338,-0.0144986725851599,-0.0274164735946426,300.379057695677,-4.77586796253474,115.157556208326,68.6400687134895,71.6511580490412,566361.03092235,4.49220757491661,4.790249941655236
236400,236.4,0.2364,4.80886726108189,0.0030876931505192,0.0411788504501767,301.515908215154,-4.77564578371784,115.17447862558,68.6157879704676,71.641775941139,566169.738906529,4.49372535904289,4.790355093240442
236500,236.5,0.2365,4.7469172919471,-0.0321002168533949,-0.0344994509318482,300.931825380266,-4.77570640204069,115.201404095006,68.6433342528237,71.6323938332368,566455.251947887,4.49146036601851,4.789544198276545
236600,236.6,0.2366,4.82082652676278,0.034636605714473,0.0531207740644145,299.55019087803,-4.775820422995,115.148964309945,68.6300071715688,71.6230117253346,566013.330210709,4.49496712789402,4.786672482560622
236700,236.7,0.2367,4.75347621796669,-0.0177713026705306,-0.0633823804116935,301.210302943821,-4.77608964721571,115.191560205395,68.6670789635134,71.6136296174325,566454.354449921,4.49146748234926,4.785421079470273
236800,236.8,0.2368,4.81442891476546,0.0312599080427431,0.032537283747827,301.193571709512,-4.7761721084348,115.180878762481,68.6352590415138,71.6042475095302,566065.191212063,4.49455531402537,4.782673731909766
236900,236.9,0.2369,4.75825268501252,-0.0472023014764585,-0.0291045547007346,298.752316783123,-4.77598263736583,115.250760018938,68.650830093175,71.5948654016281,566462.895390365,4.49139976148601,4.780740635297306
237000,237.0,0.237,4.82862587093464,0.0332869111685457,0.0416777937172522,299.887700111436,-4.77636463588991,115.217174854597,68.6274374236839,71.5854832937259,566030.672695035,4.49482940762422,4.777423342745168
237100,237.1,0.2371,4.77753957307584,-0.0270916090263971,-0.0552396303646024,298.438522486885,-4.77648827178558,115.239355675625,68.6635095123361,71.5761011858237,566362.978306122,4.49219212889971,4.776462236036657
237200,237.2,0.2372,4.8428168445132,0.0414994661836991,0.0506718360670283,299.16115956868,-4.77635145727351,115.229743265753,68.6260267758423,71.5667190779215,565932.398859834,4.49560993216275,4.773941353563613
237300,237.3,0.2373,4.75972035022803,-0.0664749832779491,-0.0189902045999349,300.088373388778,-4.7761249048664,115.296025030707,68.6563486771491,71.5573369700193,566433.861057332,4.49162998217977,4.772591830403083
237400,237.4,0.2374,4.79944789083336,0.0537652446184343,0.0093535904065586,302.887960966554,-4.77634732379561,115.21183183002,68.6709539031699,71.5479548621171,566066.411867158,4.49454562204978,4.7699169211984245
237500,237.5,0.2375,4.7614969003604,-0.0222110708619328,-0.0370698092497475,299.168883920651,-4.77591838634632,115.275441407787,68.6802950455918,71.5385727542149,566381.706241163,4.49204359041153,4.768675035976897
237600,237.6,0.2376,4.76141150165081,0.0161501743167065,0.0293493323694222,300.432587228126,-4.77630848986525,115.31561641372,68.6391382117254,71.5291906463127,566165.312877292,4.49376048899411,4.766318326075954
237700,237.7,0.2377,4.76954915576482,-0.0195139739886058,-0.0074267430257162,299.072142087389,-4.77640441520756,115.34405666126,68.6421225995827,71.5198085384105,566255.286138919,4.49304646777777,4.7646988502895145
237800,237.8,0.2378,4.78237718532734,0.0033415693683123,0.0054675754322749,299.547771077371,-4.77634243122027,115.325587294966,68.6501144934646,71.5104264305083,566156.253432514,4.4938323966605,4.762447531257827
237900,237.9,0.2379,4.77421245390827,0.0021098182949008,-0.0107198750120134,299.269511884907,-4.77610694873228,115.329834171127,68.6653975364981,71.5010443226061,566228.847316405,4.49325626079463,4.760947495253352
238000,238.0,0.238,4.76519795631953,-0.0345566408097826,0.0211830946999683,301.48368972821,-4.77628173788427,115.352717123743,68.6656752476291,71.491662214704,566269.171527877,4.49293629455813,4.759839401124062
238100,238.1,0.2381,4.74458199264463,0.0362081989065401,-0.0193789686372615,299.003737051337,-4.7762847364277,115.299985039207,68.7027719162827,71.4822801068018,566241.776179801,4.49315366734631,4.759624051836661
238200,238.2,0.2382,4.73442810746452,0.0063552773445636,-0.011587266806581,299.55375440749,-4.77658907097093,115.342385708622,68.6927373835576,71.4728979988996,566292.936916092,4.49274774130538,4.7601750306942945
238300,238.3,0.2383,4.72667922342919,-0.041404776383607,0.039166633568095,299.960594703808,-4.7765260567452,115.415295126585,68.6588022597623,71.4635158909974,566296.618551507,4.49271853283291,4.760161619322204
238400,238.4,0.2384,4.74669940776369,0.0374498001880484,-0.0070968039716723,301.395356348146,-4.77643234020389,115.357848701011,68.6930321551261,71.4541337830952,566222.59256267,4.4933058953584,4.762379663537949
238500,238.5,0.2385,4.71746504942081,-0.0007797961423342,-0.0358666682212482,302.945175151175,-4.77624117703473,115.358302450404,68.7225325214811,71.444751675193,566393.607505338,4.49194920199198,4.763040313178503
238600,238.6,0.2386,4.76388649941063,0.0020858206394712,0.0304849873437289,301.031535933007,-4.77616840587276,115.391170442616,68.6876942819284,71.4353695672908,566193.413030693,4.49353746386492,4.765645477916191
238700,238.7,0.2387,4.73255108698418,-0.017233500250534,0.0070348359400779,301.291591339552,-4.77659307507944,115.41550062032,68.690784138785,71.4259874593886,566263.888582238,4.49297821130169,4.765370811896958
238800,238.8,0.2388,4.74048085770973,0.0092486722793463,-0.0142552607568393,299.941751330923,-4.77651004380201,115.387991534118,68.7202134509636,71.4166053514864,566297.072849759,4.49271492865716,4.7689719675270785
238900,238.9,0.2389,4.71882154638828,0.0022134832540516,0.0039136155746502,302.715755770897,-4.77689410311936,115.400017539427,68.716463937505,71.4072232435842,566250.793118665,4.49308211867491,4.769559367398257
239000,239.0,0.239,4.75425990851287,-0.006639185847813,0.0003649176433965,297.922965786963,-4.77644938611731,115.430220989265,68.7058713481285,71.397841135682,566237.280007917,4.49318934495339,4.773161631062093
239100,239.1,0.2391,4.77874247749006,-0.0075818959320767,0.01671602664782,300.072181660757,-4.77663166415167,115.433287520573,68.7052567844031,71.3884590277798,566172.849372015,4.49370067121541,4.773237813188889
239200,239.2,0.2392,4.77758401646487,0.0043795954857319,-0.0249205227795039,301.883057407991,-4.77644973979594,115.409537488011,68.7398551207373,71.3790769198776,566266.98318531,4.49295365754067,4.777566399146572
239300,239.3,0.2393,4.7724708271937,-0.0019118548006022,-9.5841897666607e-05,302.511704815893,-4.7763397719131,115.430722026716,68.7333730801077,71.3696948119754,566243.082141736,4.4931433045042,4.778852901552706
239400,239.4,0.2394,4.80240186315954,-0.0230366703276201,0.0298091494063076,302.290236002262,-4.77654313782001,115.480392687684,68.7033888006235,71.3603127040733,566165.179470048,4.49376154787272,4.782601927985732
239500,239.5,0.2395,4.78966379103875,0.0092070478895914,-0.0208825388777834,300.022137310951,-4.77644210336047,115.461322047081,68.7304704173307,71.3509305961711,566220.363315507,4.49332358580203,4.783077391974495
239600,239.6,0.2396,4.79036015868062,0.0193725758933916,-0.0039549436799773,300.439781208607,-4.77658856566396,115.440524476858,68.7419138758697,71.3415484882689,566138.177056095,4.49397588143022,4.786574011407258
239700,239.7,0.2397,4.78197862824836,-0.0266425172792943,-0.0061653585224634,299.131390333041,-4.77641531998322,115.478180906541,68.7391059485035,71.3321663803667,566225.243277356,4.49328486049274,4.787893272313735
239800,239.8,0.2398,4.79479682225426,0.0090204991738187,-0.0062388323554677,299.758984969779,-4.77654538719942,115.469515835051,68.7432639339421,71.3227842724645,566142.530951253,4.49394132069903,4.792056888946449
239900,239.9,0.2399,4.78721066867195,-0.0035531928368159,0.0034318884052674,299.088327241577,-4.77672521049385,115.481426617465,68.7439764245609,71.3134021645623,566132.316156912,4.49402240542968,4.79317351700465
240000,240.0,0.24,4.81819570160372,0.0028555117243661,-0.0034204226516761,298.959822132025,-4.77677051951089,115.498537587983,68.7357895569167,71.3040200566601,566074.285050637,4.49448311014406,4.795569558148709
240100,240.1,0.2401,4.82703927621143,-0.0289109622921783,0.0048998936929027,300.52511670637,-4.77662792677601,115.537274018257,68.7327140790521,71.2946379487579,566164.29591668,4.4937685608161,4.796366632752838
240200,240.2,0.2402,4.83525644562811,0.0219455463860075,0.0058337483332639,301.632105836722,-4.7763908444022,115.506018070333,68.7498957103479,71.2852558408557,566078.119681455,4.49445266437545,4.797515788682846
240300,240.3,0.2403,4.82403111182367,-0.0146095817773698,-0.0145335947220729,302.77912761706,-4.7765408205132,115.511148690139,68.7685968731469,71.2758737329535,566182.726849924,4.49362227527182,4.79871419681176
240400,240.4,0.2404,4.85557006718842,0.0211529188805489,0.0186237956675085,302.09650142,-4.77658373850212,115.530729950764,68.7446000597143,71.2664916250513,566006.588399707,4.49502066829348,4.7998442354096955
240500,240.5,0.2405,4.82071696177217,-0.0628233508679154,-0.0105662774787294,301.368139929381,-4.77669857443344,115.591906337181,68.7456150174961,71.2571095171491,566240.10964678,4.49316689139884,4.801356393179466
240600,240.6,0.2406,4.855489549672,0.0526746941003579,0.0199796105028131,300.784591418972,-4.77687537368398,115.502727509641,68.7689401457513,71.2477274092469,565920.709839482,4.49570278841466,4.803078648200312
240700,240.7,0.2407,4.79756136337723,-0.0374001972223101,-0.036005688953064,298.88726841778,-4.77678457888227,115.535572844669,68.8002150517092,71.2383453013448,566264.506659973,4.49297330721576,4.8039088256260865
240800,240.8,0.2408,4.82982817159712,0.0426392652250328,0.028647365264915,300.930379852467,-4.77703325240179,115.544719216596,68.7640445448301,71.2289631934426,565937.063906442,4.4955728746325,4.803741137182866
240900,240.9,0.2409,4.78035751404555,-0.0599193222550134,-0.015465034497204,299.847448797794,-4.77681459294163,115.638722079368,68.7608859632768,71.2195810855404,566296.871361314,4.49271652716527,4.802685425585879
241000,241.0,0.241,4.82079236821849,0.0252562933161909,0.0474557000139967,302.228234464232,-4.77678090026552,115.568448743815,68.7729983159139,71.2101989776382,565977.858994515,4.49524883847376,4.80318269166748
241100,241.1,0.2411,4.77009032015968,-0.0083266691946552,-0.0732100974846188,301.656646602435,-4.776667592053,115.560052941756,68.8319918696313,71.200816869736,566347.575635965,4.49231430078959,4.800967712454706
241200,241.2,0.2412,4.83760908849634,0.0221073456867709,0.0452244004489221,300.806721898786,-4.77688838122265,115.580156863229,68.7804877048671,71.1914347618338,565947.66980627,4.49548862727516,4.8014943459482
241300,241.3,0.2413,4.74954404605472,-0.0464750841245567,-0.0171956940126974,299.624353785199,-4.77694047515025,115.65242645145,68.7920463843233,71.1820526539316,566322.067950847,4.4925166389027,4.799585420131034
241400,241.4,0.2414,4.81941702012234,0.0326990709186062,0.0292200662372635,299.497223545984,-4.77695741822589,115.591494541838,68.7913244598883,71.1726705460294,565943.155414507,4.49552448670138,4.798664290767084
241500,241.5,0.2415,4.75624997934508,-0.0217760915660336,-0.0496149189427868,299.644076948229,-4.77700682729198,115.605032847945,68.8381723176133,71.1632884381272,566320.236996831,4.49253116353177,4.795718049032717
241600,241.6,0.2416,4.81274349284827,0.0190290645743353,0.0424223026291933,299.777609652409,-4.77727442773777,115.600179756069,68.8079109713313,71.153906330225,565972.891051989,4.4952882964376,4.795216600971839
241700,241.7,0.2417,4.7407952649817,-0.0144086767517134,-0.022082787424667,297.513942570413,-4.77729564605032,115.628325937337,68.8298573605216,71.1445242223228,566216.586066713,4.49335356090611,4.793976067633601
241800,241.8,0.2418,4.77191020542189,0.0117561301633164,0.0171022263117687,298.490326944663,-4.77718106696921,115.627794824073,68.8233066158196,71.1351421144206,566085.435230017,4.49439458235341,4.79374825384168
241900,241.9,0.2419,4.74448290285206,-0.0182999482371544,-0.0367811861450074,299.80792695705,-4.77703294892167,115.657427451766,68.8390606515564,71.1257600065184,566285.424647791,4.49280734150869,4.792460664610692
242000,242.0,0.242,4.79773538205702,0.0105405682374511,0.0419535206445018,302.387517971514,-4.77720912868303,115.652940238207,68.8155721780105,71.1163778986163,565995.570704131,4.49510816857068,4.792552272705403
242100,242.1,0.2421,4.76769392454587,-0.0170238539487492,-0.0396121037209012,300.091027772741,-4.77688402842696,115.666678338246,68.844681275571,71.1069957907141,566227.539203416,4.49326664122735,4.792024259019472
242200,242.2,0.2422,4.79428051311665,0.0283836758817119,0.0293363514129507,300.330175722128,-4.77715317433213,115.636427568601,68.8380850886028,71.0976136828119,565950.530547208,4.49546590368421,4.7926665668696335
242300,242.3,0.2423,4.76848425292834,-0.0056712939080456,-0.0493612840049015,299.963260902145,-4.77744301376703,115.662010427859,68.8635761741669,71.0882315749097,566210.631895976,4.49340081221644,4.792074737370809
242400,242.4,0.2424,4.7925052415234,-0.008281818713006,0.045223764283135,300.567525496848,-4.77738611162071,115.680165558835,68.8406116054107,71.0788494670075,566035.944891643,4.49478754168872,4.793103382687547
242500,242.5,0.2425,4.79047417583327,0.0036137071009607,-0.0263443537339045,299.942147638972,-4.77701517053621,115.677550265032,68.8651703429852,71.0694673591053,566150.336168876,4.49387936508803,4.793120987113527
242600,242.6,0.2426,4.81023047611194,-0.0216190898923655,0.0260646217789785,301.285525514596,-4.77688129126917,115.696794517545,68.8528277217996,71.0600852512031,566068.295925671,4.49453066274716,4.793881098617933
242700,242.7,0.2427,4.79845775243539,-0.0139106279218665,0.0021806925508466,301.162461961373,-4.77701253540276,115.659195399119,68.888709288656,71.0507031433009,566104.483885,4.49424335201662,4.795122617793743
242800,242.8,0.2428,4.80517355597064,0.026750601779311,-0.0304251783831177,298.586853184365,-4.77694594996323,115.605751393659,68.9247386940644,71.0413210353987,566064.080635467,4.49456413201632,4.796742075178316
242900,242.9,0.2429,4.82493034310957,-0.0096059619477938,0.0169619653717314,300.253387486303,-4.77705532168679,115.659381249819,68.8974684172414,71.0319389274965,566027.848013443,4.49485183843205,4.797148632221202
243000,243.0,0.243,4.80893400947967,-0.0196550032100429,0.0135462291160185,299.833576516739,-4.7768800928001,115.680013292369,68.8984838701396,71.0225568195943,566062.386481124,4.49457758368794,4.800297573344715
243100,243.1,0.2431,4.79282738099232,0.0320701001698876,-0.0288175445548889,300.362979034902,-4.77685692655677,115.656349470964,68.9262813531091,71.0131747116921,566100.133624687,4.49427788853645,4.802048728644184
243200,243.2,0.2432,4.79829901604,-0.0124015587029626,0.0140986319993107,298.602754694025,-4.7767350074874,115.704523477357,68.9012212566412,71.0037926037899,566055.226379395,4.49463443614903,4.806263274912467
243300,243.3,0.2433,4.8167321364597,-0.0131737041442104,-0.0106586697559771,299.81808397083,-4.77718296353653,115.698578651956,68.9150461432738,70.9944104958878,566064.907741725,4.49455756477982,4.808225263048091
243400,243.4,0.2434,4.83506345016152,0.0358077257163844,0.0093784471573389,299.172818211025,-4.77723154569617,115.648784972559,68.9317873650542,70.9850283879856,565883.947431348,4.49599484981966,4.813126367697757
243500,243.5,0.2435,4.79691897167559,-0.0099567588956041,-0.0349986735584213,299.453805548261,-4.7771706759696,115.705608309092,68.9356913322232,70.9756462800834,566119.221822491,4.49412635214267,4.815031957465683
243600,243.6,0.2436,4.85460628554873,-0.011824946700274,0.0651625451387463,297.564799521502,-4.77668620583599,115.73981072928,68.8977623082399,70.9662641721812,565900.175105632,4.49586592330008,4.820052922208498
243700,243.7,0.2437,4.80461092608228,-0.0024363947779561,-0.0655268020049502,299.825186118716,-4.77636663897863,115.717475442903,68.9599335687076,70.956882064279,566226.65327228,4.49327367149482,4.822238163423269
243800,243.8,0.2438,4.85323657518249,0.0324550700518786,0.0175741858715791,303.345518135198,-4.77667874328164,115.712334025474,68.9374827650587,70.9474999563768,565942.320821405,4.49553111623515,4.828070914739669
243900,243.9,0.2439,4.82384598188564,-0.0434225996208817,-0.0024332332478737,300.742819956784,-4.77664939615554,115.763677149083,68.9400420967183,70.9381178484746,566139.58093837,4.49396473751219,4.830078791501219
244000,244.0,0.244,4.86619754356137,0.0725186227226033,-0.0022258309737787,300.622674455844,-4.77688881347406,115.685305653362,68.9598766312377,70.9287357405724,565844.231898541,4.4963104151659,4.835457651170428
244100,244.1,0.2441,4.81345357176568,-0.0421505990954569,-0.0135367062862353,300.769059839854,-4.77713011734339,115.780468801307,68.9515115301619,70.9193536326702,566166.102225177,4.49375422380033,4.838037922048935
244200,244.2,0.2442,4.86265047132071,0.0136583217654709,0.0385497560943173,297.969154488021,-4.77685749087687,115.755296545711,68.9402550421211,70.909971524768,565875.731101965,4.49606013018522,4.843349131806668
244300,244.3,0.2443,4.83014366291944,0.0067243964683191,-0.042386852545237,299.600720947656,-4.77689475220908,115.709808317398,69.0020281878841,70.9005894168658,566085.298197732,4.49439567031164,4.846426613605481
244400,244.4,0.2444,4.86288270895817,0.0289894182475831,0.0059344295371888,301.408668030672,-4.77665356964386,115.738918555984,68.9762344238347,70.8912073089637,565941.151663082,4.49554040339797,4.850519990003941
244500,244.5,0.2445,4.85192324511652,-0.0333882895231374,0.0084353220016662,301.525955089635,-4.77659741844533,115.834165182842,68.9435924180686,70.8818252010614,566063.919825996,4.49456540884824,4.853737245051654
244600,244.6,0.2446,4.86777407730031,0.0065272697225676,0.0260510908750941,300.961584587966,-4.77691649894609,115.802238766989,68.9544511004694,70.8724430931593,565922.114455721,4.49569163009979,4.859158119861368
244700,244.7,0.2447,4.83278573156175,-0.0034731306624116,-0.0444060976356834,300.474721654298,-4.77691763094163,115.788306912944,68.9921472241433,70.8630609852571,566088.423016487,4.49437086116291,4.863513491015571
244800,244.8,0.2448,4.86922193771924,0.0130408382578031,0.043400064741027,300.895846585445,-4.77707771812432,115.794872196931,68.9696863632348,70.8536788773549,565861.287618456,4.49617489112005,4.869092083484944
244900,244.9,0.2449,4.82962926839514,-0.0177985470171901,-0.028209215684504,301.258074345774,-4.77717608168105,115.822428361546,68.9873530999757,70.8442967694527,566065.963282427,4.49454918379818,4.87310248285679
245000,245.0,0.245,4.85789744078192,0.0035968593055197,0.0204376054683597,299.71228331567,-4.77700673398139,115.820491880495,68.9777271916875,70.8349146615505,565902.562311924,4.49584695791605,4.8792187557606645
245100,245.1,0.2451,4.871152879907,-0.0267685387004281,-0.0007894315734149,301.252043369251,-4.77720543546073,115.831249128455,68.9809505654917,70.8255325536483,565906.605566002,4.49581483627023,4.883857442803014
245200,245.2,0.2452,4.876410529449,0.0091786305837356,-0.0056291772635905,298.373801406443,-4.77680228393543,115.815734876747,68.9957906317971,70.8161504457461,565877.567188727,4.49604554194748,4.890064628151815
245300,245.3,0.2453,4.8874282020383,-0.0088186212433755,-0.0050034537106107,299.291691085221,-4.77658802735518,115.824206543014,69.0078061773123,70.8067683378439,565942.525017319,4.49552949421693,4.895238032834632
245400,245.4,0.2454,4.93823743602367,0.0113841804944727,0.0059998778210802,301.261618983931,-4.77656435056935,115.810483768521,69.0090584600692,70.7973862299417,565810.759904406,4.49657640599979,4.9014615100123695
245500,245.5,0.2455,4.9002079600978,-0.0182164940517042,-0.0272130126579397,300.670022038892,-4.7765726124045,115.83042125701,69.0299054856318,70.7880041220395,566004.106449118,4.49504037913845,4.906697854964915
245600,245.6,0.2456,4.93503210702215,0.0227726230300356,0.0251687522902904,299.737021563506,-4.77687743439944,115.812789337221,69.0147899171942,70.7786220141373,565719.039203467,4.49730544128268,4.914034794530702
245700,245.7,0.2457,4.90864599632679,-0.0117617356452815,-0.0349493161453793,298.302580177383,-4.77669008162866,115.836143896056,69.040061043423,70.7692399062352,565965.279992372,4.49534874874525,4.918147644620742
245800,245.8,0.2458,4.94786925317319,0.0266276687714858,0.0383212627890892,297.955763238652,-4.77642095510545,115.840415274873,69.0175005943051,70.759857798333,565726.190307733,4.49724859275652,4.924684355961903
245900,245.9,0.2459,4.8966069294635,-0.0437888428393049,-0.0168410346904215,301.051315224632,-4.77649871294388,115.878019638403,69.0372475564254,70.7504756904308,565996.697090479,4.49509922288513,4.929507020507062
246000,246.0,0.246,4.96399263631911,0.042622390280165,0.0190545704990607,301.032533943872,-4.77626512762471,115.819800721107,69.0480212751886,70.7410935825286,565725.584786631,4.4972534063605,4.937577391932543
246100,246.1,0.2461,4.91368880010264,-0.0094390155989948,-0.0478807304172368,300.063668955341,-4.77636866442977,115.874610947447,69.0550925544585,70.7317114746264,565976.197967498,4.49526203113062,4.94182675841748
246200,246.2,0.2462,4.97297049617575,-0.008576223547316,0.0573345054960628,298.901988805789,-4.7765449605533,115.894075473466,69.0141156830216,70.7223293667242,565660.32579108,4.49777224465737,4.949804346656982
246300,246.3,0.2463,4.93285143989242,-0.0068563751417722,-0.0561053665833155,300.826014476696,-4.77682630003312,115.85259509521,69.0815496984687,70.712947258822,565935.290663905,4.49558696059106,4.953718375595982
246400,246.4,0.2464,4.98906944146191,0.0349135411719701,0.0098539080165409,299.023333815039,-4.77654612911882,115.831833720833,69.0692114236332,70.7035651509198,565657.750969827,4.49779271809655,4.9617728392951745
246500,246.5,0.2465,4.95838535216054,-0.0460088099302425,0.0107417929413839,299.316907419854,-4.7763873890012,115.931783562709,69.0489351318933,70.6941830430176,565904.546004247,4.49583119840827,4.965885663710283
246600,246.6,0.2466,5.00474517609292,0.0209708635427357,0.0063814287531188,300.619361990006,-4.77632222421843,115.87930803159,69.0661805431779,70.6848009351154,565714.580225454,4.49734088916891,4.974344981660805
246700,246.7,0.2467,4.98336719714515,-0.0044003521052538,-0.027047366121732,302.942224209355,-4.77656609555851,115.881401282837,69.0855726216697,70.6754188272132,565808.530237251,4.49659412554303,4.978208098171653
246800,246.8,0.2468,4.99824191258991,0.0043086535579473,0.0360003647748363,300.141634015067,-4.77653913916647,115.910368800537,69.0623488994399,70.666036719311,565684.615313778,4.49757911806691,4.985756140728154
246900,246.9,0.2469,5.00196662409362,-0.0098994960783657,-0.0070060305218484,298.433506678422,-4.77645599752195,115.89669298715,69.0873602127842,70.6566546114088,565747.591536243,4.49707846981435,4.988906841351969
247000,247.0,0.247,5.0110826702108,0.0160290058057276,0.0139069744757565,298.388794310534,-4.77633678095558,115.878861123286,69.0965592184148,70.6472725035067,565660.742564724,4.49776893074005,4.996524337736691
247100,247.1,0.2471,4.99651666638258,0.0051171430529483,-0.0171625650907206,300.161769485217,-4.77627768351322,115.905131999563,69.1033415726514,70.6378903956045,565769.374561454,4.49690532510542,5.000988267128429
247200,247.2,0.2472,5.01002221416708,-0.0005996716704358,0.0151969025486291,303.711398289133,-4.77615902262734,115.916034945108,69.0993710862256,70.6285082877023,565714.936562178,4.49733805635045,5.008734517745616
247300,247.3,0.2473,5.00086609131915,-0.0174733253503877,-0.0156355924813562,301.849360052232,-4.77596725638653,115.915566280329,69.1240031055153,70.6191261798001,565839.135658862,4.49635091126118,5.012872951367247
247400,247.4,0.2474,5.03478582842799,0.0430857186826003,0.02111027206435,300.011241286302,-4.77602954716494,115.879508961427,69.1233069775644,70.6097440718979,565582.275617759,4.49839293579,5.020366351267117
247500,247.5,0.2475,4.99089143819038,-0.0300438256827943,-0.033150891758292,299.331627936765,-4.77620552202589,115.93871364604,69.1312785743483,70.6003619639957,565861.30178784,4.4961747785341,5.024113344079374
247600,247.6,0.2476,5.04382874837648,0.0093220191352258,0.0503734089405725,300.318095039277,-4.77650684487325,115.914797370283,69.1152954685979,70.5909798560935,565538.609389903,4.49874026459772,5.029102432401847
247700,247.7,0.2477,5.01780661756806,0.0081341613066257,-0.0545180194927776,300.480381915001,-4.77663754288624,115.892735589024,69.1669817795205,70.5815977481913,565778.610055218,4.4968319198187,5.034111779915929
247800,247.8,0.2478,5.0479889364828,0.0199126127097703,0.0393778035315629,299.065984479693,-4.7764072905319,115.909799998143,69.1424043628477,70.5722156402891,565585.655931676,4.49836605041891,5.039154915578184
247900,247.9,0.2479,5.02430746643886,-0.0410451938842643,-0.0233654597436897,299.691292094227,-4.77619480517397,115.943899111765,69.1598673340205,70.5628335323869,565819.701020407,4.49650535083649,5.04424536834459
248000,248.0,0.248,5.08743264151459,0.0490145416429127,0.0377172685353023,301.640012168562,-4.77616031282101,115.893914204915,69.1570270548431,70.5534514244847,565477.345167463,4.49922766135486,5.049396667171123
248100,248.1,0.2481,5.00687338578298,-0.0557360255781906,-0.0548322220617402,299.820318884383,-4.77614517968857,115.952244095702,69.1904833557494,70.5440693165826,565960.381921545,4.49538765347651,5.054622341013764
248200,248.2,0.2482,5.10345747771583,0.0736783587681977,0.0421776722341014,301.361855943759,-4.7766233217056,115.887252959539,69.1615348195949,70.5346872086803,565331.305696015,4.50038992642487,5.05993591882849
248300,248.3,0.2483,5.02907436785402,-0.0649261897681409,-0.0464136360101279,299.01714693449,-4.77635933940875,115.981966130996,69.1864976965047,70.5253051007782,565922.273192591,4.49569036909267,5.065350929571281
248400,248.4,0.2484,5.10890231950938,0.0413763899714563,0.0725984108598185,299.837187455871,-4.77635493666635,115.952130278073,69.1459583324837,70.515922992876,565369.956923062,4.50008225957643,5.070880902198114
248500,248.5,0.2485,5.02115605609607,-0.0357301068920651,-0.065678663033023,300.435063175801,-4.77627740062872,115.982611794112,69.2019475714526,70.5065408849738,565901.193349564,4.4958578337462,5.076539365664969
248600,248.6,0.2486,5.1134250659166,0.0454281800792257,0.0638463719240838,300.665584529355,-4.77597922367337,115.961247951627,69.1678090636561,70.4971587770716,565442.585886103,4.49950424101845,5.082339848927823
248700,248.7,0.2487,5.04793997714133,-0.0712476871604619,-0.0438888088330248,301.923925901377,-4.77605726774003,116.013052959138,69.2053889617628,70.4877766691694,565927.218250799,4.49565108586005,5.088295880942656
248800,248.8,0.2488,5.14060426484163,0.0722312853981057,0.0449097789063364,301.810811663307,-4.77639511716954,115.910770003913,69.1972096196333,70.4783945612672,565286.189581541,4.5007491075102,5.094420990665445
248900,248.9,0.2489,5.05167771307356,-0.0480515678829483,-0.0729821733791774,299.377460874609,-4.77625881959364,116.01153540638,69.2220179365644,70.469012453365,565905.110102067,4.49582671693508,5.100728707052169
249000,249.0,0.249,5.16080652061804,0.0422113741110393,0.0974190021015283,300.655754093388,-4.77637678285352,116.005591879821,69.1560540624263,70.4596303454628,565261.608233922,4.50094483012207,5.107232559058807
249100,249.1,0.2491,5.06050836146477,-0.0659961045981675,-0.0686018409527694,299.691247567672,-4.77630450139656,116.059929673996,69.2125956512949,70.4502482375606,565913.386956719,4.49576096251906,5.113946075641336
249200,249.2,0.2492,5.16600088387767,0.0754785972048238,0.0496017200786868,300.492251274749,-4.77639028076948,115.964126071534,69.1979990687767,70.4408661296584,565251.70801322,4.50102366287314,5.120882785755737
249300,249.3,0.2493,5.09309144782061,-0.046457439536816,-0.0825754139691647,299.661260986992,-4.77626125514988,116.053113905398,69.2232260727147,70.4314840217562,565816.323320502,4.49653219319693,5.128056218357987
249400,249.4,0.2494,5.21708246781578,0.0360814334483219,0.0890689378089206,300.094132499396,-4.77624206531653,116.036300844776,69.1627617475842,70.422101913854,565164.904970812,4.50171497003756,5.135479902404064
249500,249.5,0.2495,5.10423937945753,-0.0575872298806803,-0.0757022025945246,300.621204244232,-4.77617302862793,116.074843470228,69.2351229148382,70.4127198059519,565868.728432284,4.49611576928026,5.143167366849947
249600,249.6,0.2496,5.20488160579869,0.0669489817640697,0.064000500542281,301.388444304957,-4.77610712561918,116.013170725087,69.2007331493118,70.4033376980497,565211.827124017,4.50134125146096,5.151132140651614
249700,249.7,0.2497,5.11297878578551,-0.0737125185267879,-0.0753919829396136,300.705851785207,-4.77600291940667,116.075028740649,69.2502159449925,70.3939555901475,565842.158449187,4.4963268912658,5.159387752765046
249800,249.8,0.2498,5.19930432013525,0.0614847388393303,0.0654441966817219,301.380996702553,-4.7763801422133,116.015948001284,69.2194027290342,70.3845734822453,565227.16229594,4.50121912562098,5.167947732146217
249900,249.9,0.2499,5.1191625179363,-0.0677120271044839,-0.0363389627909094,299.60287411492,-4.77636890099089,116.086137516125,69.2516238386108,70.3751913743431,565756.968030856,4.49700393810829,5.17682560775111
250000,250.0,0.25,5.20150105512683,0.0587313295153999,0.03610398453292,299.887525450678,-4.77624059509245,116.003692954707,69.254453374341,70.3658092664409,565302.89251709,4.5006161244258,5.1860349085357
