step,time_ps,strain,sigma_zz_GPa,sigma_xx_GPa,sigma_yy_GPa,temp_K,pe_eV_atom,lx_A,ly_A,lz_A,vol_A3,density_g_cm3
0,0,-1.61550466509817e-15,0.280827395696267,-0.136276184196756,-0.133633994164248,301.270029392463,-4.83347004418283,153.662804738523,88.7172616802227,140.744672767265,1918707.83990381,4.47525829812054
100,0.1,9.99999999982966e-05,0.445803359456524,0.128032941228366,0.116266498037689,301.927276606643,-4.83371374481024,153.50149135358,88.6276244640912,140.730598299989,1914565.55875375,4.48494079658877
200,0.2,0.000199999999998209,0.318944814816718,-0.106910156583386,-0.0849787974556992,299.681201374736,-4.83358683392235,153.659878437647,88.7021198553235,140.716523832712,1917960.16257475,4.47700288554028
300,0.3,0.000299999999998525,0.436166387437391,0.0815282699394128,0.0695704746424895,299.93136156186,-4.83364282504419,153.540219098209,88.6515912982827,140.702449365435,1915183.3142592,4.48349414819325
400,0.4,0.000399999999998437,0.367994395218766,-0.0604930595530745,-0.056454920040016,298.951210952229,-4.83357081449176,153.630590229049,88.7027668498588,140.688374898158,1917224.97995931,4.47871964529729
500,0.5,0.000499999999998349,0.453396331172824,0.0529660149764458,0.0492956702931982,300.077059301779,-4.83370030023496,153.565396555689,88.664001749397,140.674300430882,1915382.25004889,4.483028482685
600,0.6,0.000599999999998261,0.412879597120841,-0.0452642299713705,-0.0395223282898141,300.314742654867,-4.83362301805608,153.634381030105,88.6976216238016,140.660225963605,1916777.48955916,4.47976524608151
700,0.7,0.000699999999998577,0.473665910582492,0.039642238440707,0.0312335238092666,301.110863039364,-4.83357851363961,153.590324405001,88.6735458865946,140.646151496328,1915516.00987637,4.48271543434014
800,0.8,0.000799999999998489,0.444616550192786,-0.0328333143345628,-0.027507699853062,300.52671103899,-4.83355065257151,153.640847824907,88.6978010020499,140.632077029051,1916478.44476266,4.48046426280671
900,0.9,0.000899999999998401,0.494242575418271,0.0284436665252613,0.0221328954293117,299.698259875605,-4.83368996706131,153.603920904115,88.6808496138281,140.618002561775,1915459.93106435,4.48284667454629
1000,1,0.000999999999998313,0.480109205902028,-0.0240287555777775,-0.0227626436666073,300.797611947738,-4.8338637256061,153.637110432802,88.6997585216866,140.603928094498,1916090.51850829,4.48137136489949
1100,1.1,0.00109999999999823,0.516375648975974,0.0193026435387316,0.0138027329209158,299.955527647397,-4.8337034229999,153.615878108047,88.6915763544889,140.589853627221,1915457.23558679,4.4828529829161
1200,1.2,0.00119999999999854,0.509504945096018,-0.0134559749894276,-0.0125106954954489,300.247428390936,-4.83360782620937,153.644562013863,88.7033217556027,140.575779159944,1915876.79208251,4.48187128613052
1300,1.3,0.00129999999999845,0.539141394272714,0.00692504378426804,0.00994580662808026,301.06974925825,-4.83356925991961,153.635326733086,88.6992772173705,140.561704692668,1915482.48327415,4.48279389510319
1400,1.4,0.00139999999999837,0.545559546615239,-0.00217414257977514,-0.0123503262455059,300.159564818164,-4.8335196228769,153.643171185516,88.7110431371295,140.547630225391,1915642.55377669,4.48241931422423
1500,1.5,0.00149999999999828,0.565876402984884,0.00375390780950649,0.0138307993177706,298.84764049646,-4.83365616166739,153.643875506167,88.702453750718,140.533555758114,1915274.03857185,4.48328177026891
1600,1.6,0.00159999999999819,0.571284771248528,-0.000365159917513025,-0.00752670272699886,298.936397357167,-4.83368712615916,153.650605000755,88.712201757532,140.519481290838,1915376.57098364,4.48304177480294
1700,1.7,0.00169999999999851,0.588414976774376,-0.0010964120977575,0.00749781176443848,299.265817913676,-4.83356559453063,153.66029273451,88.7094860865188,140.505406823561,1915246.84794479,4.48334541911018
1800,1.8,0.00179999999999842,0.601893231358385,0.0060342082598749,-0.00441346936646322,300.223353291454,-4.83354554422658,153.66023994441,88.7171218564354,140.491332356284,1915219.17967561,4.48341018788922
1900,1.9,0.00189999999999833,0.612268450721045,-0.00615135600654306,0.00294380634363658,300.400146278242,-4.83356714487534,153.669367031619,88.7193828930787,140.477257889007,1915189.87000721,4.48347880106851
2000,2,0.00199999999999824,0.629306234452325,0.00453591393293643,9.29758620935576e-05,299.860746293475,-4.83366120917342,153.665745206027,88.7226827397627,140.463183421731,1915024.07709404,4.48386695755199
2100,2.1,0.00209999999999856,0.641842010361734,-0.00401336923595679,0.00511044831652444,298.867619983483,-4.83375587111673,153.67652317196,88.7216028821143,140.449108954454,1914943.188025,4.48405636046806
2200,2.2,0.00219999999999847,0.657114789608208,0.00674658565332496,0.000108647822893823,299.867305116844,-4.83380052539331,153.676551029627,88.7246409428719,140.435034487177,1914817.20394404,4.48435138587225
2300,2.3,0.00229999999999838,0.668037645915708,-0.0095676586911836,0.00348898803828984,299.792325384419,-4.83364425068302,153.691673706577,88.7275800003652,140.420960019901,1914877.13979584,4.48421102521176
2400,2.4,0.00239999999999829,0.687774644890287,0.0105978126541199,0.00167084843019844,300.057264878311,-4.83356734880913,153.683741588458,88.7325556451108,140.406885552624,1914693.75834311,4.48464050440578
2500,2.5,0.00249999999999821,0.692680147402894,-0.01073906396062,0.00200173081016416,300.217787286972,-4.83355810716282,153.704896145712,88.7338101158822,140.392811085347,1914792.42969326,4.48440940597097
2600,2.6,0.00259999999999852,0.715066417675557,0.0113156612020847,0.00419186499875008,300.185136363648,-4.8336544857775,153.694653868479,88.734380917001,140.37873661807,1914485.20456069,4.4851290371653
2700,2.7,0.00269999999999843,0.717794556781091,-0.0138087340820114,-0.0063124080522845,299.900298681662,-4.83389142078515,153.710272481721,88.7399618894721,140.364662150794,1914608.20169979,4.48484090613171
2800,2.8,0.00279999999999835,0.743191201648187,0.0129467118000562,0.0065521622295936,298.794127024282,-4.83368741449213,153.696417827685,88.7419560798359,140.350587683517,1914286.68433912,4.48559416541254
2900,2.9,0.00289999999999826,0.739409969217718,-0.0148745448347739,-0.0119729692519809,300.855766333491,-4.83374928076144,153.719775488334,88.7511307226984,140.33651321624,1914583.52827929,4.48489870270412
3000,3,0.00299999999999857,0.772632462694739,0.0135641938034109,0.0138258862886196,300.170464167528,-4.83357753718495,153.711884328004,88.7433778192323,140.322438748963,1914126.01421564,4.48597068240415
3100,3.1,0.00309999999999849,0.769866488099444,-0.0148968594298518,-0.014157132883191,300.663294607414,-4.83361652816417,153.735047736002,88.7549191373374,140.308364281687,1914471.39323619,4.48516139365426
3200,3.2,0.0031999999999984,0.804953426476748,0.0148386960248618,0.0188622314317936,299.508718867132,-4.83357725365003,153.717448051494,88.7469956097307,140.29428981441,1913889.32660425,4.48652545517539
3300,3.3,0.00329999999999831,0.793807980674153,-0.0143340389307675,-0.023683988748034,299.239127916838,-4.83377643610989,153.73580312604,88.765344665251,140.280215347133,1914321.55121223,4.48551246615858
3400,3.4,0.00339999999999822,0.832914013147365,0.0165815449353162,0.0250752839599349,299.025757077461,-4.83371741607988,153.728348047592,88.7472654741866,140.266140879857,1913646.82428904,4.48709399937924
3500,3.5,0.00349999999999854,0.820174437289521,-0.0224704947661396,-0.0253481636680449,299.388641782475,-4.8335861825703,153.758240532172,88.7701611050665,140.25206641258,1914320.62036638,4.48551464725646
3600,3.6,0.00359999999999845,0.864226816234407,0.0315096534885931,0.0210918279982619,300.222627695706,-4.83361458637247,153.716536121064,88.7622383705486,140.237991945303,1913438.55026344,4.4875824107423
3700,3.7,0.00369999999999836,0.845961166481728,-0.0276094889462985,-0.0311599848904021,300.428607661244,-4.83359438861958,153.767092566818,88.7791060529755,140.223917478026,1914239.46837411,4.48570480551827
3800,3.8,0.00379999999999828,0.895129701952607,0.0175207586111757,0.0435387633662627,300.715581676961,-4.83362033876872,153.752218897058,88.7502668537319,140.20984301075,1913240.48729654,4.48804697538664
3900,3.9,0.00389999999999859,0.865704023261377,-0.0236832437289494,-0.0457832557366664,300.736050218392,-4.83370650386748,153.770483457108,88.7920690290504,140.195768543473,1914176.85870969,4.48585152575014
4000,4,0.0039999999999985,0.920676974032604,0.0322358956992932,0.0358097378966586,299.643319716586,-4.83369488772641,153.74286048682,88.7630473231063,140.181694076196,1913015.39392544,4.48857505771494
4100,4.1,0.00409999999999842,0.889828001642609,-0.0385002621516964,-0.0314216953153916,299.270917167627,-4.83365878034352,153.8010473316,88.7849452633797,140.167619608919,1914019.34185871,4.48622069506356
4200,4.2,0.00419999999999833,0.955855071939576,0.0426545754138675,0.0383622774674109,299.046952369287,-4.83341339455482,153.741930776556,88.7732003570943,140.153545141643,1912838.46053133,4.48899024113794
4300,4.3,0.00429999999999824,0.920310755270838,-0.0316647752168789,-0.0466656552947741,300.237075505696,-4.83346613632945,153.794831190339,88.8041555407172,140.139470674366,1913971.65294096,4.48633247467606
4400,4.4,0.00439999999999856,0.98101938319697,0.0225645435369687,0.0527606164815175,300.754322098721,-4.83355564336495,153.780333159506,88.7629200240175,140.125396207089,1912710.45504061,4.48929066057527
4500,4.5,0.00449999999999847,0.947061166544593,-0.026516059582233,-0.0443306961531928,300.534388841489,-4.83364942806479,153.800528778892,88.8088202268208,140.111321739813,1913758.61777953,4.48683188278015
4600,4.6,0.00459999999999838,1.00036812482152,0.0309423422054555,0.0257558745538437,301.10880570686,-4.83380190874201,153.762222707395,88.7872683898688,140.097247272536,1912625.5151908,4.48949003032717
4700,4.7,0.00469999999999829,0.975425679327836,-0.0352947999503077,-0.024884076795759,298.335094079389,-4.83372269336345,153.828685019084,88.7971148610985,140.083172805259,1913472.18030417,4.48750353968224
4800,4.8,0.00479999999999821,1.02756444464463,0.0272959081831622,0.0290201198576808,298.641603040162,-4.83374847583889,153.78461019744,88.7843960019358,140.069098337982,1912457.76847035,4.4898838153516
4900,4.9,0.00489999999999852,1.01226711242252,-0.0154319562147608,-0.0323852595023951,298.469892988141,-4.83350676728194,153.80435798104,88.8186044527995,140.055023870706,1913248.04480304,4.48802924718652
5000,5,0.00499999999999843,1.05653101516795,0.0223371420690309,0.0211035210828158,299.40556127652,-4.83348755653769,153.799510717482,88.7938334413393,140.040949403429,1912461.96272527,4.48987396850621
5100,5.1,0.00509999999999835,1.04101835288223,-0.0252739647979069,-0.0117675320159191,300.331345887618,-4.83348736270271,153.838560622637,88.8085536076782,140.026874936152,1913072.37833445,4.48844135718179
5200,5.2,0.00519999999999826,1.07386350211355,0.0234648803830535,0.00762179657550801,300.168776684072,-4.83341664909299,153.799099826897,88.8137425462378,140.012800468875,1912501.15948907,4.48978194841588
5300,5.3,0.00529999999999857,1.07642093505167,-0.0125276249089886,-0.00521831243220745,300.088351404124,-4.83346551911685,153.832711570307,88.8161979734832,139.998726001599,1912779.71275572,4.48912811283831
5400,5.4,0.00539999999999849,1.1001262922916,0.0032305471179396,0.00981340798478654,299.02831186792,-4.83354302029611,153.833219050943,88.8076605847648,139.984651534322,1912409.87846708,4.48999624969584
5500,5.5,0.0054999999999984,1.1055116965282,-0.0020856233051147,-0.00613338522391378,299.772592984269,-4.83364715625825,153.827319911821,88.8230044285805,139.970577067045,1912474.64304606,4.48984419920053
5600,5.6,0.00559999999999831,1.12058002649675,0.00721843612367065,-0.00719943827632576,300.534099423221,-4.83356887804333,153.83509405978,88.823424269555,139.956502599769,1912388.0203818,4.49004756915607
5700,5.7,0.00569999999999822,1.13565734217833,-0.0110592723113991,0.0106223723556461,300.465999398567,-4.83344870222111,153.863987209636,88.8138866495066,139.942428132492,1912349.48626243,4.49013804426549
5800,5.8,0.00579999999999854,1.14654949385687,0.00731256935874786,-0.00999270235726667,300.917570505578,-4.83353330484509,153.843346272139,88.8313697078728,139.928353665215,1912276.99670887,4.49030825396982
5900,5.9,0.00589999999999845,1.1678446869932,0.00508272609454108,0.00910496706151183,299.244820554466,-4.83336231165967,153.845655452121,88.8306846867812,139.914279197938,1912098.60848258,4.49072717489859
6000,6,0.00599999999999836,1.17200293791568,-0.00687342692068934,-0.00482260892421896,300.128884202123,-4.83350374944673,153.870769850004,88.8294242044277,139.900204730662,1912191.23739498,4.49050963851102
6100,6.1,0.00609999999999827,1.19690725529369,0.00273605713066921,0.0150313485502335,298.319499124619,-4.83340479013823,153.865158108821,88.8270106817842,139.886130263385,1911877.18481069,4.49124726756375
6200,6.2,0.00619999999999859,1.19410640534007,0.00114397502444918,-0.0186281136962633,299.30667353725,-4.83359849464905,153.862857608584,88.8456784315199,139.872055796108,1912057.99209005,4.49082256799775
6300,6.3,0.0062999999999985,1.2226772251516,0.00114800129125995,0.0192435213197445,299.754671977758,-4.83347678439276,153.877039918813,88.8303457519308,139.857981328831,1911711.84608916,4.49163570323872
6400,6.4,0.00639999999999841,1.22638525971566,-0.00542693292284536,-0.0140817045584169,298.84819975944,-4.83320347509361,153.883151167165,88.8492842196824,139.843906861555,1912002.92780504,4.49095190040108
6500,6.5,0.00649999999999833,1.25383608292565,0.0162781133288894,0.0106012080401219,300.200822304336,-4.83332688157432,153.866384566318,88.8461549286032,139.829832394278,1911534.86433518,4.49205156673136
6600,6.6,0.00659999999999824,1.25391706557088,-0.0126975150374236,-0.0119352645296179,298.676901047694,-4.83320659522915,153.903584722497,88.8494334134756,139.815757927001,1911875.11092,4.49125213940702
6700,6.7,0.00669999999999855,1.28105355940855,0.0136212128737461,0.0174245897212901,299.378289279956,-4.83348599519564,153.88694129897,88.842205967855,139.801683459725,1911320.43146468,4.49255553430061
6800,6.8,0.00679999999999847,1.27456545067496,-0.00746171174706341,-0.0208896841944711,298.668828494305,-4.83349931934597,153.895893893011,88.8641827244177,139.787608992448,1911711.97304742,4.49163540494574
6900,6.9,0.00689999999999838,1.30867178661247,0.0164899139250162,0.0114810434104257,300.284296213341,-4.83346357762183,153.892559603285,88.8507369982755,139.773534525171,1911188.85922886,4.49286481591522
7000,7,0.00699999999999829,1.30627243064264,-0.0243552015895217,-0.00936319326501913,300.486418317152,-4.83330382373109,153.931285073415,88.8592900926485,139.759460057894,1911661.30067321,4.49175446465049
7100,7.1,0.0070999999999982,1.34470104461446,0.0258436302291975,0.0124214335701205,299.910087226395,-4.83325653772854,153.895481734874,88.8590640677261,139.745385590618,1911019.33176459,4.49326338016147
7200,7.2,0.00719999999999852,1.33298958574899,-0.0187401762860364,-0.0162820948756542,298.63943336393,-4.83322709128928,153.922560668913,88.8746387513445,139.731311123341,1911498.06320591,4.49213804998424
7300,7.3,0.00729999999999843,1.36647550244954,0.0208641392640934,0.0169199994451539,300.068820180044,-4.83345542075191,153.908172859793,88.8609893695287,139.717236656064,1910833.35794256,4.49370069164168
7400,7.4,0.00739999999999834,1.35467351172789,-0.0262252467325493,-0.0141721550859321,299.066872227978,-4.83331318753762,153.943138546353,88.8757108149218,139.703162188787,1911391.54356827,4.4923883916366
7500,7.5,0.00749999999999826,1.39609615573458,0.0286833837254335,0.0184409319512627,299.938122934613,-4.83320779597311,153.914994908284,88.8681085022199,139.689087721511,1910686.1255151,4.49404696435087
7600,7.6,0.00759999999999857,1.38261120935859,-0.0241748748596875,-0.0174863787683207,299.827059836617,-4.83306368510027,153.957267820354,88.88332580077,139.675013254234,1911345.56463586,4.49249645959986
7700,7.7,0.00769999999999848,1.42489632859383,0.0272983312855417,0.02119655584683,300.435898998558,-4.83320222818161,153.927265958444,88.8721150545725,139.660938786957,1910539.5329235,4.49439178526661
7800,7.8,0.0077999999999984,1.41054013369161,-0.0251905719767798,-0.0165099134368946,300.001476670221,-4.83329403768761,153.956827522463,88.8917286501052,139.646864319681,1911135.56072944,4.49299011469447
7900,7.9,0.00789999999999831,1.45050091868701,0.0285711577166216,0.0144488590467472,300.63504218873,-4.83339049907128,153.929035633605,88.8809255292038,139.632789852404,1910365.78896554,4.49480054123465
8000,8,0.00799999999999822,1.43666903544348,-0.0290831452971151,-0.0140391157900079,299.592745088012,-4.83323132290112,153.979480738693,88.8909714724411,139.618715385127,1911015.19859739,4.49327309824683
8100,8.1,0.00809999999999854,1.47689395058996,0.0256761545924157,0.0179928537014721,300.451242707633,-4.83329353570577,153.943829604782,88.884907500731,139.60464091785,1910249.81743279,4.49507342120218
8200,8.2,0.00819999999999845,1.46522240637063,-0.022663001472054,-0.0240916235635704,300.416577974201,-4.83317409489988,153.978938317586,88.9044524285694,139.590566450574,1910912.94249737,4.49351354069353
8300,8.3,0.00829999999999836,1.51388706009381,0.0209477949156994,0.0309242101109052,300.578240255438,-4.83302963296458,153.966697974168,88.8817692268761,139.576491983297,1910080.91623638,4.49547090346188
8400,8.4,0.00839999999999827,1.4902667810589,-0.0272787491413115,-0.0285595402337296,300.979398160721,-4.83313393494509,153.99227798713,88.909937749489,139.56241751602,1910811.00295424,4.4937532644112
8500,8.5,0.00849999999999859,1.53298403589333,0.0309433189457619,0.0214028943870395,300.04713384128,-4.83324976303814,153.956684366981,88.8967511303728,139.548343048743,1909893.37818171,4.49591232698725
8600,8.6,0.0085999999999985,1.51323643110621,-0.0305472792417704,-0.0187311983966321,299.839521952622,-4.83324325546242,154.014107367347,88.9067627600326,139.534268581467,1910628.18701626,4.4941832432651
8700,8.7,0.00869999999999841,1.56354590295919,0.0215245774334633,0.0274711759228531,299.819734501282,-4.83318057556247,153.977332044759,88.8965425356674,139.52019411419,1909759.73454072,4.49622694776498
8800,8.8,0.00879999999999832,1.54969605163399,-0.013208066515089,-0.0309560825226763,300.175739013944,-4.83308824084925,153.994983113485,88.926927015349,139.506119646913,1910438.7413413,4.49462890192953
8900,8.9,0.00889999999999824,1.58564301102221,0.010661916059317,0.0273592241292117,301.654526626422,-4.8330994351328,154.000930270157,88.9006238145893,139.492045179637,1909754.7305959,4.49623872879172
9000,9,0.00899999999999855,1.57744330050224,-0.0182553161712531,-0.0170618216894425,300.38972584178,-4.83291994474344,154.027733663088,88.9189370945388,139.47797071236,1910287.82654122,4.49498398246385
9100,9.1,0.00909999999999847,1.61085971766723,0.0141395740726854,0.010800546985058,299.670233909901,-4.83311316032052,153.996115456069,88.9165585191296,139.463896245083,1909651.88166589,4.49648088462482
9200,9.2,0.00919999999999838,1.61101476404358,-0.00511819341047647,-0.0124474222952966,298.743532806862,-4.83305054641413,154.022116240092,88.9238638177929,139.449821777806,1909938.46262127,4.49580620017137
9300,9.3,0.00929999999999829,1.63428742022921,-0.00354192056748258,0.0150039159441782,300.187340199593,-4.83315414800083,154.027120585468,88.9147606177843,139.43574731053,1909612.23662698,4.49657423507377
9400,9.4,0.0093999999999982,1.64168019666928,0.00501399135179628,-0.00935142471187435,300.215880701368,-4.83301583198949,154.017971965366,88.9338301814958,139.421672843253,1909715.55979518,4.49633095261548
9500,9.5,0.00949999999999852,1.66046701053922,-0.000513077051392455,0.00539972973073775,299.478525734085,-4.83283502425561,154.030845687215,88.9301645152241,139.407598375976,1909603.67203156,4.49659440226327
9600,9.6,0.00959999999999843,1.67087749282188,0.0014403107728775,0.00137679934613696,300.716433984337,-4.83310081917114,154.040987337439,88.9278999169412,139.393523908699,1909487.97279858,4.49686685882271
9700,9.7,0.00969999999999834,1.68001074937755,-0.00190217746796124,-0.000653434207096247,299.165510790255,-4.83313349027734,154.040003046576,88.9361401725165,139.379449441423,1909459.89148942,4.49693299161192
9800,9.8,0.00979999999999825,1.70023282994315,0.010317185858031,0.00042790153792341,299.767261120533,-4.83313924409958,154.035909277939,88.9386518758912,139.365374974146,1909270.25390167,4.49737964787916
9900,9.9,0.00989999999999857,1.70838969400016,-0.0123370275655223,-0.00505485288028117,300.765950139011,-4.83308516948274,154.059530007742,88.9409045029133,139.351300506869,1909418.54619786,4.49703036523701
10000,10,0.00999999999999848,1.73116635118003,0.0100547242046185,0.00606285284465827,300.867354258417,-4.83299977400689,154.050458731585,88.9415176722326,139.337226039593,1909126.43845476,4.4977184377314
10100,10.1,0.0100999999999984,1.73438556970813,-0.00708846136544221,-0.00760476210419487,300.034365893115,-4.83291021266274,154.064739598647,88.9515577969717,139.323151572316,1909326.06949141,4.49724817536572
10200,10.2,0.0101999999999983,1.75985448991534,0.0110819785217039,0.00863002913746806,299.493010807357,-4.83297959419237,154.054969415711,88.9481656694396,139.309077105039,1908939.31971687,4.49815931470888
10300,10.3,0.0102999999999982,1.76221503265054,-0.0090911285043083,-0.00704140400468927,298.061917230477,-4.83306983194688,154.073392039321,88.9538521693013,139.295002637762,1909096.75724226,4.49778836490309
10400,10.4,0.0103999999999985,1.78571460849999,0.00843644966210653,0.010864302161661,300.165430288105,-4.83321306402899,154.065228589342,88.9510952154697,139.280928170486,1908743.55938111,4.49862064497686
10500,10.5,0.0104999999999984,1.78417582817128,-0.00577474896018148,-0.0172717279078308,300.549207738923,-4.83306520228376,154.080375253593,88.9667679244944,139.266853703209,1909074.62454612,4.49784050963433
10600,10.6,0.0105999999999984,1.81225096735097,0.0114353806460374,0.0139711113317935,301.140102460798,-4.83298906098732,154.081667032091,88.9556901129327,139.252779235932,1908660.00610766,4.49881757605924
10700,10.7,0.0106999999999983,1.81205978400165,-0.0114827385684784,-0.0131313828696465,300.967037641081,-4.83290473347486,154.103261055586,88.966783498082,139.238704768656,1908972.59274937,4.49808091263981
10800,10.8,0.0107999999999986,1.84212489748463,0.0131682645359592,0.0102282683456704,300.753287198995,-4.83293864168723,154.082526643074,88.9656407251674,139.224630301379,1908498.29188388,4.49919877775867
10900,10.9,0.0108999999999985,1.84106121614016,-0.00637892398120975,-0.019023095752547,299.239483160515,-4.83297865722265,154.10246623705,88.975767859065,139.210555834102,1908769.5636366,4.49855935770424
11000,11,0.0109999999999984,1.87337426572157,0.00426649202668114,0.0223016907849085,298.816041671761,-4.83291363579951,154.107436539532,88.9595131324671,139.196481366825,1908289.45735415,4.49969114963512
11100,11.1,0.0110999999999983,1.86927582861579,-0.00852177070591101,-0.019363192153076,299.195585214298,-4.83282531411227,154.115637206019,88.9815196128784,139.182406899549,1908670.08639136,4.49879381639653
11200,11.2,0.0111999999999982,1.89897112859471,0.0141405174367656,0.0125767772752301,299.79003857849,-4.83278173900091,154.107200250454,88.9733962577839,139.168332432272,1908198.37838701,4.49990592144659
11300,11.3,0.0112999999999986,1.88975877870044,-0.020664914082319,-0.00903157961134297,300.502334608525,-4.83283110880606,154.136758446209,88.9834364882699,139.154257964995,1908586.70873476,4.4989903486705
11400,11.4,0.0113999999999985,1.92733287108862,0.0224255507033369,0.0112509107191911,299.932702501869,-4.83276876337653,154.103741349065,88.9846614125718,139.140183497718,1908011.14321834,4.50034750201449
11500,11.5,0.0114999999999984,1.91961325783398,-0.0168010185515713,-0.013964305118686,299.600401157954,-4.83280297881252,154.137707711795,88.9938245826918,139.126109030442,1908435.14883682,4.49934763957372
11600,11.6,0.0115999999999983,1.95517930383315,0.0173825036216078,0.0199803510483251,298.952721831105,-4.83288015026184,154.13182823358,88.9763081839402,139.112034563165,1907793.71701089,4.50086039472446
11700,11.7,0.0116999999999986,1.94547327001468,-0.0210050401507635,-0.0122879466806693,299.784341323059,-4.83291622269227,154.147084764289,88.999081748738,139.097960095888,1908277.82031841,4.49971858959494
11800,11.8,0.0117999999999985,1.98047562884063,0.0287359535616321,0.00440773235396467,301.08994332866,-4.83281698890982,154.121488452778,88.998006952834,139.083885628611,1907744.85449482,4.50097567395735
11900,11.9,0.0118999999999984,1.97643336269256,-0.0309436199259652,0.00399030762070354,299.508159153205,-4.83254077344439,154.180780424145,88.9936982647482,139.069811161335,1908193.26850128,4.49991797159131
12000,12,0.0119999999999983,2.01203320402491,0.0252007871066876,0.00872536506913353,299.856632584787,-4.83260164078175,154.134865181092,89.0017118550396,139.055736694058,1907603.70405799,4.50130871728347
12100,12.1,0.0120999999999983,2.00389638698695,-0.012243174110941,-0.0201385792399551,299.230547026623,-4.83265160169518,154.15727543479,89.0177125035865,139.041662226781,1908030.91488069,4.50030086788998
12200,12.2,0.0121999999999986,2.03738661691367,0.0116432021482616,0.0206544172099582,299.616329733728,-4.83280359140298,154.168624934675,88.990575249972,139.027587759505,1907396.58373564,4.50179750525786
12300,12.3,0.0122999999999985,2.03119998353422,-0.0220711483644367,-0.0123304016457565,299.579774030541,-4.83271377123545,154.182869286257,89.0136114772861,139.013513292228,1907873.45068772,4.50067229516888
12400,12.4,0.0123999999999984,2.0683956420206,0.0358691543154963,-0.00157753128561386,300.80069562692,-4.83258395419405,154.135162125513,89.0240680454989,138.999438824951,1907314.04311828,4.50199232432641
12500,12.5,0.0124999999999983,2.05846074583461,-0.0261153150306819,-0.00669968197573293,301.702518719129,-4.83262928009658,154.205713754458,89.0134460189496,138.985364357674,1907766.20039931,4.50092531275646
12600,12.6,0.0125999999999982,2.09241317710543,0.00962419145270839,0.0222208082886117,300.868853636247,-4.83262616480323,154.187944631498,89.0054640789975,138.971289890398,1907182.16467013,4.50230362954535
12700,12.7,0.0126999999999985,2.08322939545233,-0.00562808953743632,-0.0325219290673036,300.36304131363,-4.83270826605788,154.173111489371,89.0434246227092,138.957215423121,1907618.80358536,4.50127308771533
12800,12.8,0.0127999999999984,2.12298131383561,0.0175362288624329,0.0178863626520816,299.317022199386,-4.83256378032616,154.180378248755,89.0198560344775,138.943140955844,1907010.59850722,4.50270868390559
12900,12.9,0.0128999999999984,2.11074662236981,-0.0263557981553195,-0.0071667781761005,300.111020483144,-4.8325666077197,154.227082301575,89.0235545853244,138.929066488568,1907474.28211246,4.50161413064452
13000,13,0.0129999999999983,2.14789105036555,0.0240897188855455,0.00789430002199625,300.011838773869,-4.83247951687568,154.178254448257,89.0346158784823,138.914992021291,1906914.10929796,4.50293651944277
13100,13.1,0.0130999999999986,2.14164188265454,-0.00293076089623904,-0.0241552342672414,300.215990555029,-4.83247630829473,154.210294337942,89.0437545146308,138.900917554014,1907312.89237954,4.50199504051261
13200,13.2,0.0131999999999985,2.17157149331472,-0.00776655638206284,0.029991514337153,300.957308154139,-4.83256367587845,154.236744290139,89.01437315907,138.886843086737,1906817.34468968,4.50316502842378
13300,13.3,0.0132999999999984,2.16940964555975,-0.00261880606149106,-0.0253307121535101,300.524137485905,-4.83252510872061,154.212013341276,89.0529617356941,138.872768619461,1907144.80353798,4.50239183006403
13400,13.4,0.0133999999999983,2.20288135008787,0.0168255471137845,0.00576091025618615,298.977318836754,-4.83236272252021,154.198994768585,89.0484854018668,138.858694152184,1906694.68690265,4.50345471730834
13500,13.5,0.0134999999999982,2.20561668809224,-0.0202170221854227,0.000180289379151691,299.512537338577,-4.83250896143442,154.256514916501,89.0324522761986,138.844619684907,1906869.20882641,4.50304254872477
13600,13.6,0.0135999999999985,2.22881258359524,-0.00141999321524216,0.0102774787127995,299.323083504603,-4.83247071323709,154.234873687827,89.0411228987206,138.83054521763,1906594.07744926,4.50369236103272
13700,13.7,0.0136999999999985,2.23522857324655,0.0159705232965401,-0.0231358198686661,299.76878727486,-4.83232321504564,154.214855206364,89.0674110671939,138.816470750354,1906716.11899136,4.50340409706129
13800,13.8,0.0137999999999984,2.2502193579689,-0.00862531580096183,0.0173257664393822,299.36208100068,-4.83211772064153,154.266093037449,89.0415169848475,138.802396283077,1906601.78329384,4.50367415861957
13900,13.9,0.0138999999999983,2.2602333486764,-0.00498198917830731,0.00298128740640741,300.582544299225,-4.83228413337175,154.262309090222,89.05162817192,138.7883218158,1906578.17202401,4.50372993260638
14000,14,0.0139999999999986,2.2761223832135,0.010627562763933,-0.0189597516303834,300.35794565188,-4.8323718484316,154.226367987058,89.07673509271,138.774247348523,1906478.01853349,4.50396652818666
14100,14.1,0.0140999999999985,2.29309871868985,-0.00166982457512407,0.00780889920669055,300.02824818844,-4.8323430857789,154.267273828186,89.0551683742426,138.760172881247,1906328.61187442,4.50431952220215
14200,14.2,0.0141999999999984,2.30180533157657,-0.0189993631668352,0.0120645466628584,299.762596196407,-4.83228214183962,154.293659100229,89.0511845885364,138.74609841397,1906375.98711455,4.50420758561649
14300,14.3,0.0142999999999983,2.32118378890732,0.0165642937849298,-0.00961068667317536,300.100580166965,-4.83226039861472,154.239304236579,89.0822797917053,138.732023946693,1906176.46284264,4.50467905232305
14400,14.4,0.0143999999999982,2.32918413220033,-0.00179758294675382,-0.0124129608196608,300.772031472078,-4.83225754641124,154.270461066455,89.0777273172502,138.717949479417,1906270.67113476,4.50445643014955
14500,14.5,0.0144999999999986,2.35607748569919,-0.0127452987005662,0.0260578268185306,300.175566703198,-4.83207865907754,154.30675997548,89.0541014792449,138.70387501214,1906020.08489029,4.5050486352523
14600,14.6,0.0145999999999985,2.35789088995165,0.00409237083039824,-0.0213804436772012,300.49791204551,-4.83201848204192,154.274151232299,89.0902199580544,138.689800544863,1906196.73135509,4.50463115425358
14700,14.7,0.0146999999999984,2.37842028149632,0.0154081535751956,0.00358051321738217,299.770951769491,-4.83200624518973,154.272884612253,89.0854085329364,138.675726077586,1905884.70358322,4.50536864378771
14800,14.8,0.0147999999999983,2.37861513104568,-0.0167326806866339,0.000993910232239239,299.885983578267,-4.83220767777618,154.315602842664,89.0761115032423,138.66165161031,1906020.02377837,4.50504877969579
14900,14.9,0.0148999999999982,2.4044219751014,0.0054013752107467,0.00910803494997106,299.384723084804,-4.83216151739498,154.289522956041,89.0851353717623,138.647577143033,1905697.50442098,4.50581121205143
15000,15,0.0149999999999985,2.41098756280837,0.0042634573427007,-0.0166754117475164,299.887964188985,-4.83209268594731,154.294963110589,89.0985347168505,138.633502675756,1905857.85718148,4.50543210756395
15100,15.1,0.0150999999999984,2.43555869646578,-0.0042627147808497,0.0221588282364702,300.450544981142,-4.83197997440857,154.328309343209,89.0760227051543,138.61942820848,1905594.62406174,4.50605447442754
15200,15.2,0.0151999999999984,2.44026486315359,-0.0106333781779488,-0.00822667796598962,300.577908252161,-4.83191969978852,154.326734641459,89.0951975674199,138.605353741203,1905791.8612313,4.50558812684337
15300,15.3,0.0152999999999983,2.45883101025901,0.0177813909541611,-0.00338046515500454,299.874564744398,-4.83203382003582,154.296739502908,89.1061537873383,138.591279273926,1905462.25584299,4.50636749999524
15400,15.4,0.0153999999999986,2.46346224941447,-0.00960926178127438,-0.00121638548634844,299.771263322435,-4.83214596580097,154.337793114545,89.0960222555364,138.577204806649,1905558.99215126,4.50613873281592
15500,15.5,0.0154999999999985,2.48400911974679,-0.00233089718487001,0.0095524860309943,300.057158457664,-4.83212840711186,154.338628392546,89.0940179601332,138.563130339373,1905332.90450606,4.50667343323107
15600,15.6,0.0155999999999984,2.49403954345137,0.00279774717310427,-0.0151550128584596,300.154644219934,-4.8319280637642,154.325031206611,89.1174561196964,138.549055872096,1905472.67431415,4.50634286072308
15700,15.7,0.0156999999999983,2.51361781179357,0.00806528710446188,0.00386055189344198,301.160846782419,-4.83194539756577,154.342038649059,89.1053611255216,138.534981404819,1905230.46693247,4.50691574128751
15800,15.8,0.0157999999999982,2.521409675167,-0.0179348658682554,0.00455573194604657,300.264146653348,-4.83186097842796,154.372342947066,89.1033012771546,138.520906937542,1905366.90218344,4.50659302014671
15900,15.9,0.0158999999999985,2.54315875304356,0.0197373370738686,-0.00374649507229616,299.518301222396,-4.83184619376597,154.330996931613,89.1218196425817,138.506832470266,1905058.88498868,4.5073216633141
16000,16,0.0159999999999985,2.54488441380978,-0.00918212532771172,-0.00861241403694781,299.361704082319,-4.83193664319725,154.353421764382,89.1248931763942,138.492758002989,1905207.7871097,4.50696939215483
16100,16.1,0.0160999999999984,2.56840885174802,0.00811988690103724,0.0090848583200124,298.247701833481,-4.83203267058261,154.36265667393,89.111316652545,138.478683535712,1904837.93381765,4.50784448889522
16200,16.2,0.0161999999999983,2.57324200223294,-0.0122130877296551,-0.00451497418446358,298.651706920207,-4.83193502059194,154.373846275259,89.1235583011213,138.464609068436,1905044.06798335,4.50735672025068
16300,16.3,0.0162999999999986,2.60000324924077,0.0148325386794192,-0.00147136287802955,299.337690936947,-4.83180266463335,154.356136522473,89.1297053003993,138.450534601159,1904763.26794199,4.50802119440071
16400,16.4,0.0163999999999985,2.60131410661979,-0.0150768453892455,-0.00325687159492025,299.631063783291,-4.8317023354505,154.392073960343,89.1280648565064,138.436460133882,1904977.99828064,4.50751304736775
16500,16.5,0.0164999999999984,2.62896810515307,0.0101834962046452,0.0145318539624473,299.835540147492,-4.83161247141358,154.381672860062,89.1262128263456,138.422385666605,1904616.42486909,4.50836875608099
16600,16.6,0.0165999999999983,2.63081805569179,-0.00172442419483538,-0.0170242486033835,300.174915980166,-4.83163714165363,154.380425223646,89.1471806041951,138.408311199329,1904855.40698715,4.50780313860138
16700,16.7,0.0166999999999982,2.65435043332407,0.00830797279926785,0.0104602008288886,299.850851395734,-4.83177321666158,154.389094810787,89.1327968962902,138.394236732052,1904461.33628884,4.50873589218206
16800,16.8,0.0167999999999986,2.65305482526126,-0.0146895997714534,-0.00303278384072033,299.923161645389,-4.83190032458783,154.413920497608,89.136874311567,138.380162264775,1904660.98643558,4.50826327800615
16900,16.9,0.0168999999999985,2.67781225852229,0.0148903325073421,0.00569910120541373,299.606269800787,-4.83174335083969,154.385041321769,89.1475155709131,138.366087797498,1904338.39882353,4.50902696049359
17000,17,0.0169999999999984,2.6861162841406,-0.00329166302420772,-0.0137012571456094,300.18557971821,-4.83164062236961,154.406621350741,89.1539146957517,138.352013330222,1904547.55484877,4.50853178243706
17100,17.1,0.0170999999999983,2.71116989409762,-0.00809544566459886,0.0207973843170312,300.366448809245,-4.83159417442796,154.426369151713,89.1377955024993,138.337938862945,1904253.00854319,4.50922915372866
17200,17.2,0.0171999999999982,2.71341465187646,0.000878150844768075,-0.0193818953820206,300.461868023893,-4.83156611380567,154.410009563479,89.1649410392168,138.323864395668,1904437.34885598,4.50879268218334
17300,17.3,0.0172999999999985,2.73692605360984,0.00893335188602975,0.00910904155402233,298.969174757004,-4.83144950035597,154.414266719517,89.1562002169859,138.309789928392,1904109.39526382,4.50956925245818
17400,17.4,0.0173999999999984,2.73618057219057,-0.0171151662829534,0.00141992296192303,298.208616398772,-4.83154985874957,154.452134180382,89.1504542536658,138.295715461115,1904259.80083604,4.50921306978628
17500,17.5,0.0174999999999984,2.76357509464954,0.0120537976423553,0.006241746907198,298.729011649692,-4.83156082584857,154.415456350265,89.1646986604613,138.281640993838,1903918.00150009,4.51002258260756
17600,17.6,0.0175999999999983,2.76434439156975,0.00717835934180648,-0.0280908971701798,300.158352105646,-4.83153755925169,154.419451329968,89.1832696654381,138.267566526561,1904169.98422198,4.5094257620634
17700,17.7,0.0176999999999986,2.7902810130764,-0.0115244882836149,0.0258955456424842,300.912474272924,-4.83154195417222,154.475140219182,89.1449446445894,138.253492059285,1903844.29716428,4.51019718103425
17800,17.8,0.0177999999999985,2.79308220272096,-0.00627181556747196,-0.0107752363857913,299.679773978954,-4.83136167200115,154.459397492114,89.1722266667864,138.239417592008,1904039.01517675,4.50973594225504
17900,17.9,0.0178999999999984,2.81966541695469,0.0315309858277384,-0.0145080084352718,299.644006364163,-4.83131433741809,154.409740311875,89.1941923261772,138.225343124731,1903701.91365458,4.51053451205202
18000,18,0.0179999999999983,2.82174284380083,-0.0226073015612077,0.0103560696831257,299.546384388167,-4.83122201011262,154.492162103841,89.1657721530745,138.211268657454,1903917.29672566,4.51002425208585
18100,18.1,0.0180999999999982,2.84445613911193,-0.00353509912590642,0.01759853861776,300.971225307446,-4.83131176440372,154.484195391988,89.1650180274904,138.197194190178,1903609.14560281,4.51075432266813
18200,18.2,0.0181999999999985,2.84932858513297,0.0177115784953022,-0.0277307332610805,299.459775749822,-4.83112328610027,154.435480848995,89.2097774859938,138.183119722901,1903770.24256687,4.51037262281238
18300,18.3,0.0182999999999985,2.87236856013971,0.00240053737003783,0.0111228011020081,299.459172014388,-4.83126472122325,154.479449160578,89.1790934325937,138.169045255624,1903463.36220337,4.51109979456545
18400,18.4,0.0183999999999984,2.87750048610329,-0.0276648761531509,0.0190804022957343,298.864570470485,-4.83127812773288,154.518252695131,89.169894603595,138.154970788348,1903551.17622606,4.51089168993202
18500,18.5,0.0184999999999983,2.89792432071749,0.0216490951433126,-0.0217321158430512,299.637817168385,-4.83130347464686,154.442257228999,89.2152485017314,138.140896321071,1903388.75604729,4.51127661383807
18600,18.6,0.0185999999999986,2.90879335081447,0.00494201485005096,-0.00891341945451584,300.459129792001,-4.83110104535841,154.480457656056,89.2052888319013,138.126821853794,1903453.05572387,4.51112422046731
18700,18.7,0.0186999999999985,2.92473447390668,-0.0240539392063056,0.0281012837251348,300.688643451827,-4.83105435510473,154.543546592134,89.1724821631245,138.112747386517,1903336.14326627,4.51140131635552
18800,18.8,0.0187999999999984,2.93912455866373,0.00843588977287252,-0.00581511281330089,300.587710940339,-4.83111795161639,154.48236941296,89.2129290484083,138.098672919241,1903251.69618207,4.5116014867731
18900,18.9,0.0188999999999983,2.95014335625002,0.0202030032871306,-0.0229448563894224,300.749840830061,-4.83126482595581,154.470500111738,89.2248044291818,138.084598451964,1903164.80906938,4.51180745949021
19000,19,0.0189999999999982,2.96517103261994,-0.0265838343818538,0.029440817452975,299.642452601979,-4.83112129685154,154.551292949403,89.1839535043879,138.070523984687,1903094.42178627,4.51197433185626
19100,19.1,0.0190999999999986,2.97842277028139,0.00741023346089404,-0.00956528665675506,300.49436020428,-4.83112290636526,154.504504714735,89.2181244723615,138.05644951741,1903053.22851693,4.51207199752905
19200,19.2,0.0191999999999985,2.99346697213213,0.0186312359920532,-0.0138863501452253,300.62678930144,-4.83087399345518,154.487842617324,89.2339111916948,138.042375050134,1902990.67466691,4.51222031537356
19300,19.3,0.0192999999999984,3.00341818889642,-0.0202682509560611,0.0150289949289037,300.930218694545,-4.83074708410813,154.562873426563,89.2023739145289,138.028300582857,1903047.97231569,4.51208445983099
19400,19.4,0.0193999999999983,3.02059718786313,-0.00246031102759272,0.0119245966447801,300.650531335751,-4.83085271170995,154.540118284121,89.2143727101086,138.01422611558,1902829.69845103,4.51260204167948
19500,19.5,0.0194999999999986,3.03412300839587,0.0177895681602931,-0.0248290244560442,299.702394564322,-4.83085716342494,154.501399272264,89.2462548155843,138.000151648304,1902838.72336532,4.51258063900035
19600,19.6,0.0195999999999985,3.04869551125428,-0.00817074597503503,0.0100543235333209,300.466411114037,-4.83101022097964,154.553161400515,89.2168752957183,137.986077181027,1902655.53928568,4.51301510173628
19700,19.7,0.0196999999999984,3.05813367530256,-0.0166364122562753,0.00736490041523012,299.604326518026,-4.83091029620936,154.568777522508,89.2192820894653,137.97200271375,1902705.02322643,4.51289773106182
19800,19.8,0.0197999999999984,3.07457244144035,0.0242894816682732,-0.015570438638905,300.489137895591,-4.83091156964596,154.518127713465,89.2491084139453,137.957928246473,1902523.31330609,4.51332875773122
19900,19.9,0.0198999999999983,3.08293797665978,-0.0107246427947481,-0.000989599178404563,300.755021131378,-4.83070832406502,154.568407920608,89.2365116554997,137.943853779197,1902679.65083238,4.51295791093471
20000,20,0.0199999999999986,3.10474253884081,-0.0115412715683908,0.0166875799619275,301.340684509962,-4.83071558279522,154.585570717499,89.2236533020708,137.92977931192,1902422.60053588,4.51356768983913
20100,20.1,0.0200999999999985,3.11351849656778,0.00197364561327661,-0.0157146912059688,299.704773619988,-4.83066219103622,154.550528640141,89.2556573636717,137.915704844643,1902479.43581394,4.51343285007693
20200,20.2,0.0201999999999984,3.13678783783352,0.0168445061807454,-0.00247825036059456,299.558373488402,-4.83076465886825,154.557552270222,89.2458132105561,137.901630377366,1902161.92009884,4.51418624853571
20300,20.3,0.0202999999999983,3.14005390190576,-0.0276227045750726,0.0159128046166823,299.599404098137,-4.83071370477023,154.615422703445,89.2298260835113,137.88755591009,1902339.0911007,4.51376582774744
20400,20.4,0.0203999999999982,3.16056813332432,0.0213045434834249,-0.00683438922615991,299.825917598654,-4.83061865524224,154.565730941523,89.2558189308319,137.873481442813,1902087.50713731,4.51436285132943
20500,20.5,0.0204999999999985,3.16432240429404,-0.00500422544169602,-0.0142517443992556,301.330533062377,-4.83063297342876,154.581215396219,89.2644660200421,137.859406975536,1902268.14330806,4.51393417505596
20600,20.6,0.0205999999999985,3.1944321026701,-0.00303249560300237,0.0208930287892177,300.131917809634,-4.83038004148213,154.611631469944,89.242153084833,137.84533250826,1901972.65133873,4.51463546342508
20700,20.7,0.0206999999999984,3.19283469979295,-0.00943472635867507,-0.00541293751541584,300.375347840492,-4.83054296667455,154.603950208645,89.2630813436849,137.831258040983,1902129.93698005,4.51426215173888
20800,20.8,0.0207999999999983,3.21478703516468,0.0192436420978707,-0.00280828243295404,300.101936305037,-4.83065595752921,154.577240775834,89.2709566263897,137.817183573706,1901774.89456654,4.51510491947871
20900,20.9,0.0208999999999986,3.21894195184751,-0.0164325683851126,-0.000323778226752901,299.811882754855,-4.83060569447302,154.625637200599,89.2606133528494,137.803109106429,1901955.64786989,4.51467582423135
21000,21,0.0209999999999985,3.24681894214507,0.00213359201295733,0.0160009203669011,299.546527072219,-4.83039935046164,154.621917834618,89.2583620744643,137.789034639153,1901667.68343836,4.51535946947
21100,21.1,0.0210999999999984,3.24658623344121,0.00235303087083942,-0.0228451762714625,300.877645271224,-4.83037377916106,154.605853023535,89.2885315542459,137.774960171876,1901918.51392509,4.51476397086941
21200,21.2,0.0211999999999983,3.27474176311738,0.00392124437444646,0.0136503038237408,299.844402506817,-4.83022846395647,154.623337314858,89.2719113244427,137.760885704599,1901585.25916579,4.51555518786751
21300,21.3,0.0212999999999982,3.27743969728843,-0.0136079862664537,-0.00382962079711906,300.803661329494,-4.83040996245032,154.647880458387,89.273446351817,137.746811237323,1901725.48660371,4.5152222245985
21400,21.4,0.0213999999999986,3.30370703391039,0.00919664778900255,0.00355429030261051,299.842113400026,-4.83030373814525,154.623759164063,89.2824602794303,137.732736770046,1901426.55017118,4.51593209394568
21500,21.5,0.0214999999999985,3.30117388060118,-0.00369441823853567,-0.0153326779194216,300.936186379259,-4.8304208847149,154.643798669301,89.2889783668729,137.718662302769,1901617.47035769,4.51547869960584
21600,21.6,0.0215999999999984,3.32797648084703,-0.00501314006163165,0.022480096817535,299.40524022009,-4.83022376685003,154.6608075658,89.2736372282729,137.704587835492,1901305.53527803,4.51621952541301
21700,21.7,0.0216999999999983,3.33023822753855,0.00567377614659373,-0.0205438036950367,300.370907396619,-4.83028069467128,154.643290237707,89.3013660279063,137.690513368216,1901486.3088597,4.51579017013688
21800,21.8,0.0217999999999986,3.35566307645861,0.0059603215400944,0.00620650932170028,302.299380889191,-4.83039358042996,154.647670476421,89.292361474204,137.676438900939,1901154.07715382,4.51657931641893
21900,21.9,0.0218999999999985,3.35708535020343,-0.0175647341835809,-0.00709760546903165,301.350354879443,-4.83018681708172,154.692508577964,89.2883222204787,137.662364433662,1901424.86640345,4.5159360929366
22000,22,0.0219999999999984,3.38901993127706,0.00743505478229437,0.0182618722660353,299.158520582732,-4.82997533334015,154.665960424251,89.2925589645538,137.648289966385,1900994.37771763,4.51695874687849
22100,22.1,0.0220999999999983,3.3828445176041,0.00653813198536047,-0.034146580302613,299.884539044674,-4.83021951506716,154.653496978429,89.3229196446572,137.634215499109,1901293.07554231,4.51624912153496
22200,22.2,0.0221999999999983,3.4154187071078,-0.0021409039986086,0.0300782192096806,299.938532916531,-4.83024775805931,154.695439289751,89.2838847425471,137.620141031832,1900783.20869222,4.51746056201028
22300,22.3,0.0222999999999986,3.40835248081109,-0.0203713344510124,-0.0110229086406844,300.240129171053,-4.83011852520333,154.707054094812,89.3050071066899,137.606066564555,1901181.18054888,4.51651492769324
22400,22.4,0.0223999999999985,3.44480896339689,0.0398642729265337,-0.00636629633139332,300.380476034369,-4.82992045270835,154.642238193515,89.3279230784444,137.591992097278,1900677.88609793,4.51771088883813
22500,22.5,0.0224999999999984,3.43884070395786,-0.0253603287742628,-0.0067249944398355,299.70356987037,-4.82983357389796,154.721147266708,89.3128856211321,137.577917630002,1901133.1296864,4.51662908194907
22600,22.6,0.0225999999999983,3.47374934663834,0.0013503393437953,0.0310009643701661,299.87800356467,-4.82993577647147,154.719973709861,89.2931517928295,137.563843162725,1900504.20946259,4.51812373760884
22700,22.7,0.0226999999999982,3.46261171630435,-0.0015045086631989,-0.03244252363897,298.853203450001,-4.82989350899577,154.678590063736,89.347241354937,137.549768695448,1900952.28995675,4.51705875395422
22800,22.8,0.0227999999999985,3.49856695845451,0.0278258656966376,0.00565858898148745,299.865543219976,-4.82995727904313,154.68851720177,89.3229539996249,137.535694228172,1900363.05016376,4.51845934462814
22900,22.9,0.0228999999999985,3.49303697643769,-0.0452020231664032,0.0178264640042417,299.443651237736,-4.82962227504324,154.778374947158,89.303695257734,137.521619760895,1900862.44836218,4.51727224639372
23000,23,0.0229999999999984,3.52821297338977,0.0322098502182111,-0.00460209658309533,300.696125150661,-4.82965752412325,154.690763173871,89.3388561390364,137.507545293618,1900339.95279075,4.51851426350766
23100,23.1,0.0230999999999983,3.52369642766702,-0.00225119027588639,-0.0237332232062439,299.474323963705,-4.82958725790529,154.711822911983,89.3521619992676,137.493470826341,1900687.17307962,4.51768881476993
23200,23.2,0.0231999999999986,3.5556845090033,-0.00538530977584532,0.0300705045683949,299.691565830447,-4.82971185163448,154.756136184124,89.3105840555921,137.479396359065,1900152.35460134,4.51896036725961
23300,23.3,0.0232999999999985,3.55034107514359,-0.00986116099596121,-0.0142124113687342,299.079736418423,-4.82964558421003,154.739704203691,89.3460328600093,137.465321891788,1900510.13279452,4.51810965594408
23400,23.4,0.0233999999999984,3.58078636756242,0.0306286568353822,-0.00486866319907807,299.144903649426,-4.82958843013845,154.705738098279,89.354333660977,137.451247424511,1900074.93195445,4.51914450203606
23500,23.5,0.0234999999999983,3.57994411712587,-0.0251291994994111,0.00183731966445498,300.133334935652,-4.82961198602414,154.785682054963,89.3313454929438,137.437172957235,1900373.09772165,4.51843545485519
23600,23.6,0.0235999999999982,3.60426482564415,-0.00445856588835096,0.0219978675150622,300.162956445776,-4.82956533568199,154.761472211349,89.3373466097948,137.423098489958,1900008.91297346,4.51930152725469
23700,23.7,0.0236999999999986,3.60531290573293,0.0226460041901712,-0.0361198311260669,300.266914665399,-4.82954448291236,154.719477427264,89.381068251167,137.409024022681,1900228.31753213,4.51877971871834
23800,23.8,0.0237999999999985,3.63002586848358,-0.00789208250573148,0.0246010576208021,299.879156763305,-4.82949119465599,154.778543672636,89.3409383256232,137.394949555404,1899905.6507182,4.51954715696146
23900,23.9,0.0238999999999984,3.6379011745552,-0.0111186828473787,0.00273786928309779,300.192134681574,-4.82950940736706,154.797728796731,89.3445959197035,137.380875088128,1900024.28459023,4.5192649651056
24000,24,0.0239999999999983,3.65824634673452,0.0133025792260295,-0.00713271456051238,300.953023014689,-4.82962216112728,154.74841857319,89.3716119743004,137.366800620851,1899798.73471055,4.51980150597729
24100,24.1,0.0240999999999986,3.66555123286999,0.00394271057066955,-0.0108756812327657,299.712501771611,-4.82948908367957,154.773684093614,89.3687513049383,137.352726153574,1899853.41465327,4.51967142094781
24200,24.2,0.0241999999999985,3.68657976789847,-0.0174400467201356,0.0232224866271799,299.720216752257,-4.82936934044827,154.814609366855,89.3465467736205,137.338651686297,1899688.93214608,4.52006275179909
24300,24.3,0.0242999999999984,3.69358424645207,0.00276769602802444,-0.0162136363623906,300.895854703626,-4.82929322913255,154.781988352919,89.3796342080981,137.324577219021,1899797.29491969,4.519804931379
24400,24.4,0.0243999999999983,3.71747900599193,0.0185823393543336,-0.00721015785117346,299.471888074907,-4.8290438576306,154.779414169145,89.3807474298925,137.310502751744,1899594.6504854,4.52028709388307
24500,24.5,0.0244999999999983,3.7242425428145,-0.0199399442591681,0.0166369113459446,299.235983032512,-4.82914785267232,154.832378206324,89.3589504956764,137.296428284467,1899586.53884782,4.5203063964681
24600,24.6,0.0245999999999986,3.73534327589227,0.00749699875206071,-0.00522780510565144,299.39028546449,-4.82929249683577,154.798303549297,89.3819189844199,137.28235381719,1899461.90672028,4.52060299383671
24700,24.7,0.0246999999999985,3.74832570761508,0.00631951912645793,-0.00835513294171498,299.508863616037,-4.82922531163037,154.790529365193,89.3954955788034,137.268279349914,1899460.25935649,4.52060691446501
24800,24.8,0.0247999999999984,3.76559462086089,0.00326325540178595,0.00239665459258242,299.597081216425,-4.82908407561501,154.828834819715,89.3778887389323,137.254204882637,1899361.34588968,4.52084233512522
24900,24.9,0.0248999999999983,3.77983626535319,-0.0165674126653144,0.0178874880834675,300.67555765374,-4.82907037458882,154.842086260016,89.377973531927,137.24013041536,1899330.92670321,4.52091473975153
25000,25,0.0249999999999982,3.79426701886169,0.0241993638759697,-0.0178417895653994,300.180652373644,-4.82896182282641,154.796404829173,89.409874242163,137.226055948084,1899253.49944327,4.52109904481709
25100,25.1,0.0250999999999985,3.80330515107942,-0.00647851921818803,0.00767103530329175,299.172968995238,-4.82901159221183,154.843073953015,89.3901996086404,137.211981480807,1899213.23231319,4.52119490118553
25200,25.2,0.0251999999999984,3.81951549008725,-0.0134168474454745,0.0124770992260458,299.355154697892,-4.8290971210846,154.867905675506,89.3792876000522,137.19790701353,1899091.10768323,4.52148564513774
25300,25.3,0.0252999999999984,3.83556993689376,0.00689757175105103,-0.00764910732322037,299.60353520273,-4.82898931909691,154.827543179516,89.409581267316,137.183832546253,1899044.82122767,4.52159584977433
25400,25.4,0.0253999999999983,3.84885502396198,0.00815370441320745,-0.0103502895040383,300.155401878208,-4.82884124275252,154.83402309578,89.4144038808023,137.169758078977,1899031.88432325,4.52162665255012
25500,25.5,0.0254999999999986,3.86330617799481,-0.015106823010447,0.0180603721281721,300.03204596741,-4.82873702884711,154.885819691227,89.390837624272,137.1556836117,1898971.62038856,4.52177014653937
25600,25.6,0.0255999999999985,3.87237587901102,-0.00412843578706217,0.00153884682114842,299.801238114204,-4.82871254126092,154.863040939699,89.4125740869424,137.141609144423,1898959.14740704,4.52179984699687
25700,25.7,0.0256999999999984,3.89307825400905,0.0245398444175417,-0.0183174644239356,300.204644075837,-4.82878630771183,154.836855737282,89.428644418662,137.127534677147,1898784.41926359,4.52221594778446
25800,25.8,0.0257999999999983,3.90139406250493,-0.0297431390158385,0.0213272683993317,300.029793667715,-4.82877754669304,154.904301599873,89.4005774043618,137.11346020987,1898820.41632103,4.52213021747219
25900,25.9,0.0258999999999982,3.92019744141027,0.0167107546225199,-0.00478847197671632,299.706713411401,-4.82868338048824,154.870594575055,89.419788533202,137.099385742593,1898620.2699576,4.52260692570728
26000,26,0.0259999999999986,3.92387635044639,6.95344744308881e-05,-0.00964842701016515,300.385094193727,-4.8286969146675,154.867844864606,89.4359363237535,137.085311275316,1898734.4727387,4.52233490542422
26100,26.1,0.0260999999999985,3.94942499485684,0.0068594321899175,0.00563473701408401,300.391019688293,-4.82855765789613,154.896986396954,89.4175478206429,137.07123680804,1898506.35634265,4.5228782898258
26200,26.2,0.0261999999999984,3.95438457565702,-0.0198696672353816,0.00653979022587196,301.184996432841,-4.82856289075053,154.914463248487,89.4231936012346,137.057162340763,1898645.47412404,4.52254688893935
26300,26.3,0.0262999999999983,3.97887418026102,0.0254968406544087,-0.012589353035452,300.196465013856,-4.82850276427985,154.864387704768,89.4476036924503,137.043087873486,1898354.89164172,4.52323915828646
26400,26.4,0.0263999999999986,3.98150581676548,-0.00859327500739606,-0.00158485722910168,299.683669328576,-4.82855402187169,154.913944883321,89.4333823778017,137.029013406209,1898465.46097133,4.52297571840215
26500,26.5,0.0264999999999985,4.00306377149261,-0.012198316173017,0.0263316798237682,299.322598937929,-4.82852773515222,154.933056968529,89.4187673474213,137.014938938933,1898194.41055195,4.5236215713551
26600,26.6,0.0265999999999984,4.00943976555554,0.0134990165708976,-0.0237890415043962,299.658641468384,-4.82841859829313,154.892300601212,89.4582053657555,137.000864471656,1898337.02988981,4.52328171815566
26700,26.7,0.0266999999999983,4.03010180291673,0.00386530755032405,0.00396638739383609,300.785263762735,-4.82826446140907,154.914818826125,89.4472937025159,136.986790004379,1898186.40078693,4.52364065965211
26800,26.8,0.0267999999999983,4.03967185571999,-0.00944344478474969,0.00577209185540246,299.967541166917,-4.82814243725824,154.958015413665,89.4339584553857,136.972715537103,1898237.57169156,4.5235187155982
26900,26.9,0.0268999999999986,4.0567641178207,0.00167107174730875,0.00168507697272605,300.536080247293,-4.82830752206656,154.921856281092,89.4549191983815,136.958641069826,1898044.35893997,4.52397919034622
27000,27,0.0269999999999985,4.06518567515089,0.012997627636739,-0.0194303103244573,300.102500727902,-4.82831819352285,154.916877650165,89.4682663472424,136.944566602549,1898071.47766927,4.52391455391475
27100,27.1,0.0270999999999984,4.08618523526181,-0.0177067647610718,0.0269682830399894,300.031201139574,-4.82827968345491,154.975401368941,89.4342624499079,136.930492135272,1897871.78184445,4.5243905643897
27200,27.2,0.0271999999999983,4.09174373172025,-0.00764666437755421,-0.00959857233477797,299.926175407062,-4.82818828489257,154.9556581857,89.4612289818008,136.916417667996,1898007.07374825,4.52406806115908
27300,27.3,0.0272999999999986,4.11501820962059,0.022885796954188,-0.0106551941888772,299.507860762983,-4.8280549401871,154.92475661267,89.4755424545617,136.902343200719,1897737.08307552,4.52471169941129
27400,27.4,0.0273999999999985,4.11559586204756,-0.0290292435912641,0.0124129157212049,300.067889133643,-4.82808142921313,154.997356219588,89.4511443371285,136.888268733442,1897913.53150802,4.52429103836766
27500,27.5,0.0274999999999984,4.13973472795853,0.00549735691176462,0.00645107599619837,300.683966093465,-4.82810646206275,154.972233978035,89.4612179608751,136.874194266165,1897624.48654763,4.52498017551428
27600,27.6,0.0275999999999984,4.14721384701785,0.00812280977334018,-0.0208135855704817,299.95373968212,-4.82799089422414,154.938634381358,89.4954190533935,136.860119798889,1897743.20702374,4.52469709833143
27700,27.7,0.0276999999999983,4.16887569147261,0.00397736615880504,0.0093198631411673,299.455283422823,-4.82796805318957,154.985057062932,89.4651277951371,136.846045331612,1897474.13913158,4.52533871482875
27800,27.8,0.0277999999999986,4.17207920919537,-0.0294811585151617,0.0178546717639886,298.212384348134,-4.82795195298007,155.022749472691,89.4580955074799,136.831970864335,1897591.23539545,4.52505946593343
27900,27.9,0.0278999999999985,4.19448147157089,0.0321740757323403,-0.0182156912468627,299.100562340559,-4.82800819300033,154.943758025301,89.499803527236,136.817896397059,1897313.40840079,4.52572207848151
28000,28,0.0279999999999984,4.19627789603585,-0.00801384565274783,-0.0118805044996774,300.072649987169,-4.82784404032932,154.994042308673,89.4917218978381,136.803821929782,1897562.54705823,4.52512787813523
28100,28.1,0.0280999999999983,4.2274336780556,-0.0141653775133447,0.0355569270765468,299.333131594151,-4.82762233490055,155.03666946325,89.4596933196435,136.789747462505,1897209.90329011,4.52596898598702
28200,28.2,0.0281999999999982,4.2267678603893,0.00768374732280252,-0.0258343035078497,300.055428152507,-4.82768226647541,154.988772456025,89.5065187879515,136.775672995228,1897421.27230306,4.52546480190772
28300,28.3,0.0282999999999986,4.25144331037238,0.0195587968888685,0.000617884978669803,299.429977680175,-4.82764065764031,154.982835704664,89.5030547698969,136.761598527952,1897079.92979253,4.52627907098123
28400,28.4,0.0283999999999985,4.25226456521195,-0.025916915231186,0.00773012794275165,298.245870808872,-4.82765605110993,155.059890797239,89.4780616547945,136.747524060675,1897297.84331035,4.52575920669189
28500,28.5,0.0284999999999984,4.28051985240863,0.00659734950325989,0.0180125707518087,298.171066439567,-4.82762911494791,155.014724812178,89.493818712631,136.733449593398,1896883.95978926,4.52674668784296
28600,28.6,0.0285999999999983,4.28065018975056,0.0193485379564632,-0.0391943705653131,299.415710597188,-4.82753729449046,154.99165496132,89.5310748015887,136.719375126121,1897195.90464018,4.52600238130232
28700,28.7,0.0286999999999986,4.31079654333487,-0.00697061647941141,0.032961155887843,299.149259387046,-4.82741181491278,155.051722935405,89.4865847749925,136.705300658845,1896792.76556588,4.52696432529715
28800,28.8,0.0287999999999985,4.31006004120689,-0.0126526944556132,-0.00542212533270183,299.274023002377,-4.82734261420769,155.05481064688,89.5075928282844,136.691226191568,1897080.5085858,4.52627769002778
28900,28.9,0.0288999999999984,4.33685221422624,0.0285633681076558,-0.0055302366675877,299.985947968117,-4.82735043587687,155.004181956492,89.5288497628979,136.677151724291,1896716.14103756,4.52714720796401
29000,29,0.0289999999999983,4.33261275938842,-0.0170406700566334,-0.00653656898285861,300.203700009085,-4.82739016647766,155.064290444488,89.5167385751495,136.663077257015,1896999.61445288,4.5264707049901
29100,29.1,0.0290999999999983,4.36274520019522,0.00175506467421013,0.0242800880741295,299.170825557294,-4.82739836480923,155.069707349896,89.5016431233678,136.649002789738,1896550.63605002,4.52754227542385
29200,29.2,0.0291999999999986,4.36156754175499,-0.0050505470448926,-0.0133935800939425,299.462613466744,-4.82744082497689,155.047722094522,89.5345817397956,136.634928322461,1896784.24023649,4.52698467229351
29300,29.3,0.0292999999999985,4.394939686269,0.0227174193697819,-0.00131693263849832,299.607410827549,-4.82721011835235,155.046939705697,89.5281612420258,136.620853855184,1896443.28307595,4.52779856841865
29400,29.4,0.0293999999999984,4.39101939338295,-0.0316895181795876,0.0118962302939585,300.347522074794,-4.82710129231355,155.102909388053,89.5198774624251,136.606779387908,1896756.9146441,4.52704989021202
29500,29.5,0.0294999999999983,4.41853709837448,0.023206416707713,4.35253339559124e-05,300.604199146738,-4.82712597044621,155.052697751778,89.5392472849852,136.592704920631,1896357.75240211,4.52800278392708
29600,29.6,0.0295999999999986,4.41616171739495,-0.00858922536156613,-0.0115964473086325,299.021684009035,-4.82701087839182,155.076582402867,89.5481092229636,136.578630453354,1896642.13840331,4.52732384688405
29700,29.7,0.0296999999999985,4.4452246595723,0.00525523454418671,0.018680050361989,299.215635374802,-4.82707579660985,155.094249901161,89.5256712287321,136.564555986077,1896187.50126244,4.5284093353013
29800,29.8,0.0297999999999984,4.4407227288234,-0.0148130778430756,-0.0108265380149547,299.431759451868,-4.82710175134209,155.100748169563,89.54571918104,136.550481518801,1896496.11553716,4.52767243331071
29900,29.9,0.0298999999999984,4.47646601774679,0.0224029051676025,0.00104805509755648,299.786208847893,-4.82701586190122,155.066196566083,89.554348685434,136.536407051524,1896060.9096412,4.52871167721262
30000,30,0.0299999999999983,4.47192650626876,-0.0147051689514742,-0.011387678740265,300.382395213276,-4.82686068915941,155.120711311109,89.5498738201999,136.522332584247,1896437.19986036,4.52781309227151
30100,30.1,0.0300999999999986,4.50458681650336,-0.0030756227302563,0.0291555357697217,300.873444594757,-4.82680424675183,155.121025815548,89.5369222088624,136.508258116971,1895971.28119753,4.52892576346143
30200,30.2,0.0301999999999985,4.49783144111651,0.00628272159396243,-0.0318603832689062,300.326105818229,-4.82681456672453,155.099865400325,89.5747522296247,136.494183649694,1896318.06318122,4.5280975533153
30300,30.3,0.0302999999999984,4.52926766830929,0.000661524251675357,0.0228019406994963,299.881381804494,-4.82688303907999,155.120109720334,89.5488517414678,136.480109182417,1895821.68214916,4.52928314041874
30400,30.4,0.0303999999999983,4.52375167602897,-0.0192575861760944,-0.0124135374548828,301.171575077528,-4.82698731973884,155.151927028521,89.5561961829097,136.46603471514,1896170.49926663,4.52844993924306
30500,30.5,0.0304999999999982,4.55779177066754,0.0152966245910801,0.00550708682538977,300.130108886235,-4.82675706831977,155.116282673275,89.5652690413413,136.451960247864,1895731.39428529,4.52949885626374
30600,30.6,0.0305999999999986,4.55471419298911,-0.00846750334686583,-0.0143499635162781,300.25138081981,-4.82666728818509,155.140765404857,89.5753114835898,136.437885780587,1896047.60775447,4.52874344878287
30700,30.7,0.0306999999999985,4.58232725127871,0.00378407832687521,0.0198108784921703,300.422325073844,-4.82660247437078,155.151483888136,89.5593021850313,136.42381131331,1895644.14148789,4.52970734024941
30800,30.8,0.0307999999999984,4.58017418774235,-0.0149142218261693,-0.0121236335858135,301.295891634713,-4.82661642697489,155.154147444944,89.5810278750557,136.409736846033,1895940.92731936,4.52899827123785
30900,30.9,0.0308999999999983,4.61340529895019,0.0208876946974474,-0.000171116450517343,300.600406738301,-4.8264390751011,155.13509019429,89.5814324518488,136.395662378757,1895521.01857751,4.53000156581876
31000,31,0.0309999999999986,4.61124449093493,-0.0236471486974505,0.00473589808353792,300.719757169488,-4.82647578074136,155.18129353576,89.5762874451119,136.38158791148,1895781.01244206,4.52938030597608
31100,31.1,0.0310999999999985,4.63610384536914,0.0194318929051334,0.00467658121753232,300.247172973187,-4.82651975357636,155.156630817704,89.5815113317366,136.367513444203,1895394.63570123,4.53030362145225
31200,31.2,0.0311999999999984,4.63667922830617,-0.00963486463889387,-0.0125062872996293,299.60440056897,-4.82645748219125,155.169988587971,89.5956444263581,136.353438976927,1895661.20161051,4.52966657486232
31300,31.3,0.0312999999999983,4.66753816462497,0.00844418423900416,0.0104568862250608,300.401330196933,-4.82642195353343,155.177840249855,89.5812743351684,136.33936450965,1895257.41601092,4.53063162273308
31400,31.4,0.0313999999999983,4.66882321200411,-0.0216801427581178,-0.00299476675068962,300.711980492908,-4.82614423402611,155.202668700253,89.5925863835504,136.325290042373,1895604.31714293,4.5298025039004
31500,31.5,0.0314999999999986,4.69587627418293,0.0216188718607457,0.00530057319791245,300.846031062843,-4.82612362264267,155.163763304496,89.6037898010968,136.311215575096,1895170.43897611,4.53083955173845
31600,31.6,0.0315999999999985,4.68620541742931,-0.0145639029027901,-0.016669572222095,301.036230147599,-4.82624295770175,155.205819602007,89.6054200061872,136.29714110782,1895522.86616078,4.52999715038527
31700,31.7,0.0316999999999984,4.72445253752602,-0.00601553923543839,0.0328761465720279,299.735102316602,-4.82614181501335,155.21246932863,89.5848316518905,136.283066640543,1894972.83105707,4.53131202805085
31800,31.8,0.0317999999999983,4.7195826796975,0.00572149394414893,-0.0377445036911718,299.017924678867,-4.82599547287657,155.191175837911,89.626260672219,136.268992173266,1895393.31725813,4.53030677274941
31900,31.9,0.0318999999999986,4.753592774915,0.00821189652635991,0.0253521133257033,299.134521131889,-4.8259194956606,155.206318055833,89.6007813151858,136.254917705989,1894843.64179544,4.53162097008819
32000,32,0.0319999999999985,4.74344812988465,-0.0241951743582263,-0.00506080382093284,299.70167093213,-4.82589200509774,155.252735291028,89.6039967967461,136.240843238713,1895282.55527632,4.53057152786731
32100,32.1,0.0320999999999984,4.77753098686298,0.0199716862773811,0.00842354515662214,301.393083345499,-4.82592011542596,155.193225114603,89.6234188016847,136.226768771436,1894770.96262576,4.53179479291739
32200,32.2,0.0321999999999984,4.77403006268418,-0.00219162538475535,-0.0328555685246746,301.223967395287,-4.82563334953179,155.216484750768,89.642954548372,136.212694304159,1895272.18534498,4.53059631676888
32300,32.3,0.0322999999999983,4.80958928953509,-0.00370633141441964,0.0354563382345029,301.44908334346,-4.82573600032099,155.263203962517,89.5962099778066,136.198619836883,1894658.26835427,4.53206434406614
32400,32.4,0.0323999999999986,4.80095642090003,-0.0187109462352113,-0.00790461096953274,299.382385604659,-4.82564772250464,155.250690196394,89.6321350023228,136.184545369606,1895069.34392797,4.53108125552836
32500,32.5,0.0324999999999985,4.83203125251882,0.0450377631616198,-0.0225416122924535,301.07408370133,-4.8259203096574,155.191322574153,89.6493892000949,136.170470902329,1894513.51860877,4.53241061510298
32600,32.6,0.0325999999999984,4.83092432020634,-0.0412248556742102,0.0182284723852004,299.682366381461,-4.82571589642622,155.299021386295,89.6123888992081,136.156396435052,1894849.94163535,4.53160590373067
32700,32.7,0.0326999999999983,4.86010954446084,0.0132990393560907,0.010774923953303,300.689826538188,-4.82569894364049,155.2570846364,89.625528437512,136.142321967776,1894420.172505,4.53263394616635
32800,32.8,0.0327999999999986,4.86070716307806,0.00805208493072652,-0.029629760075903,299.712255500901,-4.82531819919183,155.227358158739,89.6697037168038,136.128247500499,1894795.10670001,4.53173704736506
32900,32.9,0.0328999999999985,4.88938423486187,0.00526128894756056,0.0107388673302996,300.615634766435,-4.82533966520651,155.274573001056,89.6341053135852,136.114173033222,1894423.09889574,4.53262694442634
33000,33,0.0329999999999985,4.88866752099345,-0.0279601737107272,0.00881698565755565,300.599159798653,-4.82547024595363,155.312455870552,89.6290742158844,136.100098565945,1894583.00545851,4.53224438172367
33100,33.1,0.0330999999999984,4.91145630337015,0.0200344851760524,-0.00428617310263984,300.081518931879,-4.82544403889332,155.245302759512,89.6618381766936,136.086024098669,1894260.19232097,4.53301675081788
33200,33.2,0.0331999999999983,4.9162538459586,0.00697485903672595,-0.0167536570702091,299.526090369147,-4.82531837216306,155.270761339956,89.664431255765,136.071949631392,1894429.67464213,4.53261121124519
33300,33.3,0.0332999999999986,4.93380741620499,-0.0196434258309429,0.028827845286246,300.139708475823,-4.82530968475181,155.317505397014,89.637088597788,136.057875164115,1894226.17305036,4.53309816133039
33400,33.4,0.0333999999999985,4.94499914840604,0.0122730830489294,-0.0163204079073717,299.794009896767,-4.82513133917265,155.285028743336,89.6685895695688,136.043800696839,1894299.66238453,4.53292229983802
33500,33.5,0.0334999999999984,4.96176458150715,0.00361557284828812,0.00174110152121151,300.477532695043,-4.82509255820435,155.289181311162,89.6693179455859,136.029726229562,1894169.72434485,4.53323325351344
33600,33.6,0.0335999999999983,4.97695707355826,-0.006466669952278,0.00989173339713451,299.623747833195,-4.82497903616519,155.328990094568,89.6545879889333,136.015651762285,1894148.06467697,4.53328509123855
33700,33.7,0.0336999999999983,4.98543934781714,-0.00416765903269394,0.00527660016233833,300.350980149861,-4.8252138776455,155.313038328285,89.667296453021,136.001577295008,1894026.00030836,4.53357724804226
33800,33.8,0.0337999999999986,5.00164536583664,0.0145944559172903,-0.00894807070620256,299.108148582806,-4.82508652041928,155.290265874063,89.6852277693291,135.987502827732,1893930.97852409,4.53380470543332
33900,33.9,0.0338999999999985,5.01579327835558,-0.00232152264735652,0.00459649932768753,299.677499015951,-4.82500992953528,155.328098469752,89.6719921524611,135.973428360455,1893916.77846908,4.53383869862508
34000,34,0.0339999999999984,5.03187586295446,-0.00592136813454406,0.0119533601661877,299.734954669871,-4.82474788007917,155.3405370991,89.6727242846133,135.959353893178,1893887.85236668,4.53390794574671
34100,34.1,0.0340999999999983,5.04249726785211,0.011126564832035,-0.0148265784018766,300.352203478448,-4.82469085107415,155.319710974783,89.6942638088951,135.945279425902,1893892.72177178,4.53389628857404
34200,34.2,0.0341999999999986,5.05814430570645,0.00057466079009137,0.00392637733985881,300.196589641939,-4.82468303121044,155.335953404957,89.6890354031628,135.931204958625,1893784.2802814,4.53415590762141
34300,34.3,0.0342999999999985,5.06772006292479,-0.0019963287657667,0.0018434155178979,300.251874243881,-4.82478147163688,155.352538404854,89.6857226361066,135.917130491348,1893720.42218211,4.53430880378008
34400,34.4,0.0343999999999984,5.08540028920013,0.00261831163440992,0.00372960561562381,298.747527618074,-4.82465167172272,155.34476157088,89.6942380243211,135.903056024071,1893609.31094423,4.53457486323659
34500,34.5,0.0344999999999984,5.09539115675737,0.00457531737626677,-0.00718254477084348,298.860356689845,-4.82461536757828,155.352047855019,89.6988083401871,135.888981556795,1893598.49475929,4.53460076460929
34600,34.6,0.0345999999999983,5.11193129527468,-0.00407717159228523,0.00877234864861918,300.03165183341,-4.82454207996986,155.377741042777,89.6894501101749,135.874907089518,1893517.94207844,4.53479367233941
34700,34.7,0.0346999999999986,5.12214098784534,-0.00659681257793745,-0.00274319170331324,301.411532100019,-4.82448369128169,155.372804198285,89.7049829049014,135.860832622241,1893589.53003821,4.53462223253062
34800,34.8,0.0347999999999985,5.14393588533554,0.0184077799578358,-0.00851643970438084,300.224098728134,-4.82435335747164,155.357087208127,89.7133351725638,135.846758154964,1893378.1074018,4.53512858769748
34900,34.9,0.0348999999999984,5.14931904260185,-0.0207728847157539,0.0105728412329027,300.518867444472,-4.82449239902057,155.399421543265,89.6996264622027,135.832683687688,1893408.46155918,4.53505588283234
35000,35,0.0349999999999983,5.16928111122327,0.0119154825504143,-0.000101961805650095,299.926354306895,-4.8244132626503,155.377776181218,89.7123750769388,135.818609220411,1893217.60742577,4.53551305910044
35100,35.1,0.0350999999999986,5.17320814723737,0.00607320673215542,-0.0144896763779666,300.252256224194,-4.82439166359092,155.372138356738,89.7300129811928,135.804534753134,1893324.89552853,4.53525604743155
35200,35.2,0.0351999999999985,5.19643340148903,0.00438855781296959,0.00289536240282384,300.568537542903,-4.82431893244518,155.401810282103,89.7125325157623,135.790460285857,1893121.33845953,4.53574369891454
35300,35.3,0.0352999999999985,5.20188749708737,-0.0157790643036948,0.00623557427356287,300.457649474945,-4.82411992524441,155.427274318233,89.7137640667764,135.776385818581,1893261.28270895,4.53540843021533
35400,35.4,0.0353999999999984,5.22565579109087,0.0231418428126049,-0.00675694727664161,300.035493188673,-4.82389437153482,155.381072504637,89.7395292219215,135.762311351304,1893045.81557792,4.53592465197526
35500,35.5,0.0354999999999983,5.22791463735416,-0.00331610697549485,-0.0100188452745062,300.251319188903,-4.82398525657556,155.417347453178,89.7340743263364,135.748236884027,1893176.37910726,4.5356118304453
35600,35.6,0.0355999999999986,5.25718818780241,-0.0116770886808456,0.0304197800228183,299.496793376657,-4.82403601022663,155.44856868253,89.7086495400562,135.734162416751,1892823.91236814,4.53645641630525
35700,35.7,0.0356999999999985,5.25421345335024,0.00273072427018094,-0.0236015835637102,299.787407070425,-4.82407856012879,155.413195681812,89.7481965181209,135.720087949474,1893031.11934451,4.53595986587465
35800,35.8,0.0357999999999984,5.28124119674489,0.0227081919709955,0.00202098549400372,298.948326178628,-4.82385454456219,155.405841567079,89.7465221730215,135.706013482197,1892709.92831734,4.53672961383589
35900,35.9,0.0358999999999983,5.27796986537263,-0.0258492593991302,0.00297349426591062,300.076405962052,-4.8237530184207,155.48003956363,89.7283490749298,135.69193901492,1893033.7992061,4.53595344457112
36000,36,0.0359999999999982,5.31368614740618,0.0058009180755086,0.0153470363076112,300.334287549151,-4.82359281851516,155.448008339402,89.7375962848308,135.677864547644,1892642.52537232,4.53689118102707
36100,36.1,0.0360999999999986,5.30872391920726,0.00278843754017711,-0.0278902830088698,301.31591946909,-4.82376296266531,155.427237881627,89.7710949605001,135.663790080367,1892899.67863812,4.53627483754255
36200,36.2,0.0361999999999985,5.34134983406883,0.0045148539016621,0.0183260956843583,300.179817674002,-4.82365402303719,155.463819181109,89.7386935708074,135.64971561309,1892465.46466767,4.53731565648749
36300,36.3,0.0362999999999984,5.33440102857829,-0.0307304620064881,0.00452874194976737,299.854501427497,-4.82364662929825,155.495567581863,89.7453237760455,135.635641145814,1892795.38010746,4.53652479947989
36400,36.4,0.0363999999999983,5.36410364568105,0.0350920211026192,-0.0117113125056642,299.81912089104,-4.82367649314871,155.424441604745,89.7734696208512,135.621566678537,1892326.55172199,4.53764873424446
36500,36.5,0.0364999999999986,5.36051438564096,-0.0159022397617857,-0.0108941031479243,298.435202655558,-4.82355794283855,155.479878227956,89.7657931344791,135.60749221126,1892643.20090899,4.53688956168521
36600,36.6,0.0365999999999985,5.39324802494543,-0.00204827520722462,0.030139911860146,299.463809824159,-4.82367575643588,155.500123337743,89.7394819687204,135.593417743983,1892138.41765783,4.53809990963952
36700,36.7,0.0366999999999984,5.38910238343018,-0.00287399861073207,-0.0233070702462478,299.310325459369,-4.82340560912905,155.474111840222,89.784639869458,135.579343276707,1892577.42519895,4.53704723932012
36800,36.8,0.0367999999999984,5.42427357647071,0.0258330374490282,0.00581435520550435,300.051275430567,-4.82327749188282,155.460013487872,89.7789825026641,135.56526880943,1892090.12757572,4.53821573140408
36900,36.9,0.0368999999999983,5.41517482494388,-0.0281206675541134,-0.00177285946394611,301.017361550204,-4.82333066810114,155.534319526236,89.7642436110281,135.551194342153,1892487.22997124,4.53726347328059
37000,37,0.0369999999999986,5.44853339092166,0.0018768702079867,0.0208496945965547,300.463263639566,-4.82331850967531,155.50111658557,89.7693832074237,135.537119874876,1891995.09361261,4.5384436837005
37100,37.1,0.0370999999999985,5.44211411320402,0.0110550392247529,-0.0365432732457045,298.988008485409,-4.82329244397726,155.482554023392,89.8049579415521,135.5230454076,1892322.40787721,4.53765867087678
37200,37.2,0.0371999999999984,5.47358760884028,-0.00387139893771624,0.0283635511188994,299.134432819901,-4.82328575255487,155.52552195624,89.7673707585396,135.508970940323,1891856.62384636,4.53877586386051
37300,37.3,0.0372999999999983,5.4680097081431,-0.0176382597621751,-0.0103533201114057,299.837366333254,-4.82320999748197,155.540377296042,89.7851627000564,135.494896473046,1892215.77823777,4.53791437580935
37400,37.4,0.0373999999999986,5.50046578513611,0.0214345764746887,0.00344553435193947,300.357230559836,-4.82311346852951,155.491556473367,89.8009705791179,135.480822005769,1891758.37129989,4.53901159496297
37500,37.5,0.0374999999999985,5.50051162454081,-0.00601077567349757,-0.00775109450559006,299.558066466088,-4.82284079218745,155.536792201206,89.7994335498857,135.466747538493,1892079.75477389,4.53824061091158
37600,37.6,0.0375999999999985,5.52637247621243,-0.00286531601469633,0.0194154841532305,300.271814157226,-4.82282441911043,155.552136676067,89.7848201055259,135.452673071216,1891761.91412239,4.53900309446811
37700,37.7,0.0376999999999984,5.52683600331187,-0.000649260488625127,-0.0120093786615802,300.550570533161,-4.82282035207687,155.540086248323,89.810156950239,135.438598603939,1891952.55912457,4.53854571605732
37800,37.8,0.0377999999999983,5.55310234623309,0.0130056797509206,0.00252130882740581,300.260277135426,-4.82293170912484,155.540410323384,89.8029341126257,135.424524136663,1891607.7515829,4.53937301484046
37900,37.9,0.0378999999999986,5.55604765413862,-0.0198196265041351,0.00486273926760727,299.21156001482,-4.82282342562082,155.576131630599,89.7998705229555,135.410449669386,1891781.00033918,4.53895730037407
38000,38,0.0379999999999985,5.57768765968678,0.0153895496849851,-0.00789897019099597,300.287049950085,-4.82276705862618,155.545301316661,89.8158630829713,135.396375202109,1891546.32483408,4.53952042805595
38100,38.1,0.0380999999999984,5.58340129899498,-0.00407562307134642,-0.00603677275369805,299.985466541865,-4.82251824224268,155.565189081999,89.8211097130691,135.382300734832,1891702.02133241,4.5391468029148
38200,38.2,0.0381999999999983,5.60872931166372,0.00361224522177066,0.0113662818182535,299.836450571372,-4.822440854125,155.579286609555,89.8099752054336,135.368226267556,1891442.27082813,4.53977016091479
38300,38.3,0.0382999999999986,5.61104548126357,-0.00633999606309723,-0.00606034120310437,300.410249416678,-4.82250484592305,155.584702009259,89.8227951340548,135.354151800279,1891581.4200803,4.53943620456683
38400,38.4,0.0383999999999986,5.6315602152827,0.00666158345031,0.00148374083905485,300.342596083939,-4.82251444480738,155.573941567118,89.8269256026377,135.340077333002,1891340.88663111,4.54001351257905
38500,38.5,0.0384999999999985,5.64041291245866,-0.00782953493344277,-0.00366673694185025,298.701390902486,-4.82242158395124,155.595145996885,89.8277588196371,135.326002865726,1891419.5033679,4.53982480719312
38600,38.6,0.0385999999999984,5.66354895985578,0.00185027723640545,0.0116195751066123,298.000008180471,-4.82243994499528,155.590523122099,89.8261391692549,135.311928398449,1891132.49899335,4.54051378566504
38700,38.7,0.0386999999999983,5.66582418480283,-0.00104398239027707,-0.0118081306128706,298.535510466398,-4.82226970908744,155.594427190203,89.8426879862924,135.297853931172,1891331.61908135,4.54003575870485
38800,38.8,0.0387999999999986,5.68519941220978,0.00160062460114036,0.0070003496301251,300.321328232471,-4.82227738287763,155.603865316564,89.8371752751689,135.283779463895,1891133.53891386,4.54051128886968
38900,38.9,0.0388999999999985,5.69171601731302,-0.00906338272446706,-0.00203585169033383,299.948766577588,-4.82209900193614,155.620494642469,89.8430009006941,135.269704996619,1891261.50918553,4.5402040598269
39000,39,0.0389999999999984,5.71476345604113,0.0130575644885194,0.00313445955042553,299.370172076266,-4.8219024142696,155.606225364327,89.8498294425912,135.255630529342,1891035.04895932,4.54074777034087
39100,39.1,0.0390999999999984,5.71981065595704,-0.00245953743401928,-0.00596859953597196,299.834496130913,-4.82184436184065,155.623428004836,89.8562097785365,135.241556062065,1891181.59317809,4.54039591606254
39200,39.2,0.0391999999999983,5.74124652795427,0.00133377326373042,0.0100620008050376,300.540757436424,-4.82195883995878,155.630077189673,89.8486231599044,135.227481594788,1890905.91014092,4.54105787926726
39300,39.3,0.0392999999999986,5.74409080284826,-0.00825856571891471,-0.00607752670669385,300.525471361376,-4.82209865129456,155.635024348773,89.8602722524636,135.213407127512,1891014.34934893,4.54079747472823
39400,39.4,0.0393999999999985,5.77030752579351,0.0142554642990834,0.00464376108322094,298.335299393572,-4.82180472663867,155.623056386838,89.8634043631876,135.199332660235,1890738.0128879,4.54146112452841
39500,39.5,0.0394999999999984,5.7717819286295,-0.0122958998001705,-0.00113222135869291,299.086058389985,-4.82167408114961,155.656617731138,89.8647003809848,135.185258192958,1890976.16563348,4.5408891652116
39600,39.6,0.0395999999999983,5.80195676639464,0.00703753434861928,0.0103287053193264,300.297903773498,-4.82166886751417,155.650337402044,89.8617559851766,135.171183725682,1890641.05515008,4.54169402426145
39700,39.7,0.0396999999999986,5.80093108996571,-0.00333450823071063,-0.0128998071643188,299.297247092315,-4.82149167754679,155.656170796299,89.879138435053,135.157109258405,1890880.73726929,4.54111833335345
39800,39.8,0.0397999999999985,5.83095894735622,0.00683059180685777,0.0156192502101884,299.009168868594,-4.82143806903994,155.661435994862,89.8681169894298,135.143034791128,1890515.93271162,4.54199461301672
39900,39.9,0.0398999999999985,5.82432169842091,-0.0187999232111702,-0.00966567617490678,299.213493629288,-4.82152905295027,155.682641086948,89.8799419800127,135.128960323851,1890825.32015786,4.54125142637796
40000,40,0.0399999999999984,5.86143935791079,0.0206357362703179,0.00942998386253844,297.972917900537,-4.82148799358322,155.653615291269,89.8799284350202,135.114885856575,1890275.60214457,4.54257208443922
40100,40.1,0.0400999999999983,5.8503102582258,-0.0152927366204375,-0.0125007847936253,298.424784686179,-4.8214467374438,155.690134920746,89.8886560423064,135.100811389298,1890705.72616559,4.5415386769958
40200,40.2,0.0401999999999986,5.88841241265014,0.0106723185861374,0.0219452441154866,299.935459837827,-4.82128966382506,155.683725782238,89.8783039577686,135.086736922021,1890213.21978374,4.54272200211407
40300,40.3,0.0402999999999985,5.8731963115334,-0.012231064051133,-0.0248783862644597,300.477059356919,-4.82122987485174,155.691897682696,89.9071166697684,135.072662454744,1890721.41248921,4.54150099823206
40400,40.4,0.0403999999999984,5.91935855306558,0.0219727287005533,0.0184431771360753,299.142501995222,-4.82100780868352,155.684118979719,89.8903521889835,135.058587987468,1890077.44812534,4.54304832360978
40500,40.5,0.0404999999999983,5.89941369705739,-0.033810179575125,-0.00691424001204582,299.537177629692,-4.82109784548652,155.739751904683,89.8941276864041,135.044513520191,1890635.22763251,4.54170802315523
40600,40.6,0.0405999999999982,5.94488640209471,0.0288768176393204,0.0110584927195925,299.608121275702,-4.8211847803466,155.68693674417,89.8994421388961,135.030439052914,1889908.81293949,4.54345369650033
40700,40.7,0.0406999999999986,5.92392665654896,-0.0187576290027894,-0.0243611347313494,299.429051736586,-4.82116379380685,155.724693281874,89.9158966989194,135.016364585638,1890516.0726523,4.54199427680703
40800,40.8,0.0407999999999985,5.97246158776661,0.0130976000281828,0.0292039164075753,300.442450214922,-4.82101791441317,155.728083958962,89.8895980600508,135.002290118361,1889807.26579767,4.54369783501394
40900,40.9,0.0408999999999984,5.95167526016884,-0.0268522561735437,-0.0244197275831715,300.467610565999,-4.82079999883811,155.747297851864,89.9218038959103,134.988215651084,1890520.48586624,4.54198367401665
41000,41,0.0409999999999983,6.00315511391319,0.0381372831497623,0.0139921076213467,300.649491101341,-4.82074480820409,155.702976927291,89.9170590470486,134.974141183807,1889685.72639851,4.54399007318725
41100,41.1,0.0410999999999986,5.97498883939161,-0.0362717150960814,-0.0220206708271477,301.372468035523,-4.82089940034887,155.775521624505,89.9212975936723,134.960066716531,1890458.13315666,4.54213348161299
41200,41.2,0.0411999999999985,6.02927302981482,0.0218788282086145,0.0286218102848371,300.732800669714,-4.82093921965108,155.738786007833,89.9056250622864,134.945992249254,1889485.83649317,4.54447078477982
41300,41.3,0.0412999999999984,6.00346949879393,-0.0171774812394332,-0.0440068444792384,299.669033478788,-4.82074045693811,155.756273841345,89.9445232246969,134.931917781977,1890318.41899371,4.54246919244935
41400,41.4,0.0413999999999983,6.06062336985918,0.0199368917079777,0.028748548281641,301.16556585111,-4.82077585526147,155.749028832364,89.9119905240733,134.9178433147,1889349.70460722,4.54479822409774
41500,41.5,0.0414999999999983,6.03124506392807,-0.0350421352891939,-0.0235157527250174,299.273850545239,-4.82040473030152,155.798528248879,89.9355222375555,134.903768847424,1890247.5964763,4.54263938661018
41600,41.6,0.0415999999999986,6.08634436675638,0.0343997337473408,0.0204197393016189,300.956712194428,-4.82046895625434,155.736481058026,89.9348147851271,134.889694380147,1889282.80817195,4.54495914802024
41700,41.7,0.0416999999999985,6.0575344269163,-0.0195475747201069,-0.0360780709883151,299.870409542779,-4.8202095408152,155.788467104756,89.9562195991022,134.87561991287,1890166.03016618,4.54283541506855
41800,41.8,0.0417999999999984,6.11625015092034,0.0198314893228959,0.0410538643934699,300.040791053127,-4.82014399978284,155.790149815689,89.9184356100927,134.861545445594,1889195.35722248,4.54516953441108
41900,41.9,0.0418999999999983,6.08213828945095,-0.0314008836401433,-0.0266664417381781,299.991960120317,-4.82018937526678,155.811574880326,89.9562046353788,134.847470978317,1890051.53845067,4.54311060175495
42000,42,0.0419999999999986,6.14085765424836,0.0409046110939592,0.0142842460329878,300.094817344196,-4.82027793547068,155.755439442876,89.9492675859977,134.83339651104,1889027.71006543,4.54557290845725
42100,42.1,0.0420999999999985,6.11152527456035,-0.0408319780017446,-0.0184159427374457,299.444752875437,-4.82015429414317,155.834695804756,89.9540683394953,134.819322043763,1889892.52102713,4.54349286356861
42200,42.2,0.0421999999999985,6.1720132862921,0.0302011867932623,0.0337155421627771,299.400311908395,-4.81990091491154,155.792071975469,89.9428448242443,134.805247576487,1888942.64547872,4.54577760883912
42300,42.3,0.0422999999999984,6.13646193158843,-0.0199229345066949,-0.0383472321861597,300.723316960135,-4.81985214060568,155.812187647736,89.9852889448779,134.79117310921,1889880.7170356,4.54352124173599
42400,42.4,0.0423999999999983,6.19456095976695,0.0264289838581381,0.0305582055322946,300.76158425062,-4.81982677933997,155.810563178088,89.9498378756061,134.777098641933,1888919.21851668,4.54583398698299
42500,42.5,0.0424999999999986,6.164431674469,-0.0352237554536515,-0.0173119798181593,300.309046222188,-4.81979884403137,155.866841057507,89.9645254246822,134.763024174656,1889712.67171521,4.54392528066433
42600,42.6,0.0425999999999985,6.22250886744281,0.0287737208435168,0.021335054294116,299.662194981169,-4.81971185273753,155.803986754208,89.9668726464045,134.74894970738,1888802.63208837,4.54611457879243
42700,42.7,0.0426999999999984,6.19666982584824,-0.0114187742924353,-0.0321868730886318,299.003539595179,-4.81958564628253,155.840919938204,89.9891285659508,134.734875240103,1889520.35171582,4.54438777248475
42800,42.8,0.0427999999999983,6.24331673013779,0.00967554358732453,0.0339884458226124,299.767768068657,-4.81958989573284,155.847081935553,89.9589995647431,134.720800772826,1888765.09215262,4.54620493457566
42900,42.9,0.0428999999999986,6.22126853577355,-0.0159485160236598,-0.0276784820006044,299.751012810148,-4.81948577951281,155.856301457344,89.9943422857457,134.70672630555,1889421.50980632,4.54462550449035
43000,43,0.0429999999999986,6.26710152871291,0.0279439961347121,0.0141465474376882,300.942382370008,-4.8193492747952,155.834233281804,89.9838847390873,134.692651838273,1888737.09659888,4.54627232009202
43100,43.1,0.0430999999999985,6.25255773774859,-0.0284502214391917,-0.00656467383346612,300.446487554266,-4.81916099959261,155.895851088933,89.986188605502,134.678577370996,1889334.84813196,4.54483396137451
43200,43.2,0.0431999999999984,6.29492673333294,0.0225080334560832,0.0139221987822083,300.729851360963,-4.81932514988015,155.857073635112,89.9845734142939,134.664502903719,1888633.60147091,4.54652145101672
43300,43.3,0.0432999999999983,6.28257847251209,-0.0108825480650702,-0.0189179073176188,299.115082629797,-4.81920842082793,155.874252434121,90.0064906067215,134.650428436443,1889104.36684733,4.54538845650364
43400,43.4,0.0433999999999986,6.32029177977245,0.0160496454511428,0.0169107182500776,300.383415632838,-4.81930564643889,155.87452752608,89.987266098581,134.636353969166,1888506.78718061,4.54682675248297
43500,43.5,0.0434999999999985,6.3052409228525,-0.0210710907400916,-0.00708910429365391,299.388760575961,-4.81904177738605,155.907848075133,90.0028707069738,134.622279501889,1889040.54333083,4.54554202794295
43600,43.6,0.0435999999999984,6.34245451239177,0.0179450272160221,0.0100338067944647,301.271846790574,-4.81902479149622,155.87200791927,90.0078515777712,134.608205034612,1888513.34717002,4.54681095850653
43700,43.7,0.0436999999999983,6.33208112562401,-0.00922157798915692,-0.0215927078684552,300.297309844278,-4.81874353296783,155.907894257383,90.019978880557,134.594130567336,1889005.11542715,4.54562727865182
43800,43.8,0.0437999999999983,6.37538203529132,0.00533240615499452,0.0306477959887604,299.648509619486,-4.81880858817662,155.909115606899,89.9970546666445,134.580056100059,1888341.37749687,4.54722503278553
43900,43.9,0.0438999999999986,6.36201611809225,-0.00652918168136171,-0.0243142314100933,299.522599679696,-4.81887425066612,155.912112735694,90.0255528812738,134.565981632782,1888778.09625429,4.54617363428088
44000,44,0.0439999999999985,6.3990157559793,0.0163991702239474,0.0133272189237257,300.302509358305,-4.81889652606347,155.900437387888,90.0158493005486,134.551907165506,1888235.57210441,4.54747983199402
44100,44.1,0.0440999999999984,6.38962563080301,-0.0203734060240019,-0.0101453432364325,300.354605139008,-4.81874224369436,155.941272665468,90.0234674535966,134.537832698229,1888692.42393188,4.54637985168738
44200,44.2,0.0441999999999983,6.42490246845976,0.0148522534977881,0.0128802692915726,301.730258647595,-4.81870574907266,155.914594507892,90.024317798315,134.523758230952,1888189.59624717,4.54759055937222
44300,44.3,0.0442999999999986,6.41381872231212,-0.0082421899507149,-0.0201694340341998,300.45322191604,-4.81842604304953,155.932204402922,90.044629835643,134.509683763675,1888631.31889837,4.54652694587691
44400,44.4,0.0443999999999985,6.45485323723776,0.0117070368804909,0.016145631268742,300.087427164829,-4.8184443862591,155.937935483406,90.0241505968161,134.495609296399,1888073.59775933,4.54786995188576
44500,44.5,0.0444999999999985,6.44793127590528,-0.0209385675784033,-0.00697997992656001,299.434806541608,-4.81849125018059,155.959976078172,90.0376251546087,134.481534829122,1888425.46603716,4.54702255218872
44600,44.6,0.0445999999999984,6.4781444325334,0.0174390002276508,0.00228655773867524,300.277472036511,-4.81854004764313,155.930660974175,90.0420055009179,134.467460361845,1887964.75217666,4.54813214722295
44700,44.7,0.0446999999999983,6.46861948967979,-0.0185840988585191,-0.0127248910430557,300.798694367686,-4.81839969157743,155.968348625497,90.0484814626849,134.453385894568,1888359.21004057,4.54718209149094
44800,44.8,0.0447999999999986,6.50114693483718,0.00949903666113696,0.0127129452736818,300.828174661948,-4.81815718723739,155.963086768208,90.0425251757933,134.439311427292,1887972.94898728,4.54811240108311
44900,44.9,0.0448999999999985,6.49937925485631,-0.0088634567320641,-0.0147803088859434,300.202374722714,-4.81804196218575,155.973582571405,90.0597090225949,134.425236960015,1888262.62798659,4.54741467364329
45000,45,0.0449999999999984,6.53806234439841,0.011948332655236,0.0159003920659479,299.132937805963,-4.8179181894248,155.967987488474,90.0494429746926,134.411162492738,1887781.98043499,4.54857248940362
45100,45.1,0.0450999999999983,6.52842230893372,-0.0151214834950557,-0.00935499764980013,300.022008576145,-4.81802666052927,155.994336500426,90.059701105331,134.397088025462,1888118.25636345,4.54776238366374
45200,45.2,0.0451999999999986,6.55647769988332,0.0132314606909008,0.00570576667536442,300.198618333488,-4.81801502730867,155.976939819776,90.06052135327,134.383013558185,1887727.17664803,4.54870454185312
45300,45.3,0.0452999999999986,6.5507531835405,-0.0132379477687634,-0.0129649003239526,300.358133422346,-4.81790030682414,156.005544218741,90.0699893561541,134.368939090908,1888074.09005082,4.54786876608605
45400,45.4,0.0453999999999985,6.58312273013977,0.00927387184901976,0.0147596813249015,300.741245367989,-4.81765526625023,156.004117686651,90.0607043153868,134.354864623631,1887664.44724207,4.54885570088682
45500,45.5,0.0454999999999984,6.58036261802103,-0.016338906164611,-0.00995687026229424,300.398893294259,-4.81753063059622,156.020892776209,90.0775229826246,134.340790156355,1888022.18087242,4.54799380494073
45600,45.6,0.0455999999999983,6.61562792192991,0.0216356012247903,0.00633889212947665,300.04747360711,-4.81761986055177,155.994347990401,90.076270876211,134.326715689078,1887476.95468226,4.54930756155589
45700,45.7,0.0456999999999986,6.60556995213831,-0.0178329607837844,-0.0101802726975335,299.535741248101,-4.81757663995469,156.035968038132,90.0803654554591,134.312641221801,1887868.53666203,4.5483639434877
45800,45.8,0.0457999999999985,6.64270231608932,0.0161584274686834,0.0175572962150317,300.07682633663,-4.81756182830485,156.023925625809,90.0705685514489,134.298566754524,1887319.74176526,4.54968651690523
45900,45.9,0.0458999999999984,6.63055424506197,-0.0171910738270448,-0.0194843289989511,300.175576864503,-4.81743771597257,156.038895002743,90.0965862521188,134.284492287248,1887848.17138428,4.54841300924225
46000,46,0.0459999999999983,6.67394434045564,0.0187743594545624,0.0172520573796701,301.12507030991,-4.81725511673376,156.025582401539,90.0858034369448,134.270417819971,1887263.36197998,4.54982243346785
46100,46.1,0.0460999999999983,6.65391523086192,-0.027747577952473,-0.0185063952454835,301.262407231378,-4.81716100390135,156.070808863486,90.0973113773444,134.256343352694,1887853.66275567,4.54839977886028
46200,46.2,0.0461999999999986,6.7038057380323,0.0211118979360382,0.0204933132950671,300.761517755522,-4.81723190979113,156.030980269279,90.0917211765816,134.242268885418,1887056.94013489,4.55032013055455
46300,46.3,0.0462999999999985,6.6798789824996,-0.0135097077290359,-0.0342149425904712,299.93370206877,-4.81715798823648,156.06029775116,90.1157257865236,134.228194418141,1887716.46700571,4.54873034816435
46400,46.4,0.0463999999999984,6.73485352959303,0.0177210431242498,0.0340883197079278,299.961080073383,-4.81708825985391,156.056302770391,90.086443427139,134.214119950864,1886856.89458678,4.5508025578585
46500,46.5,0.0464999999999983,6.70109165654715,-0.0274497750315892,-0.0323687543184358,300.722072926675,-4.81705749467394,156.08980698847,90.1178309375627,134.200045483587,1887721.56295454,4.54871806875963
46600,46.6,0.0465999999999986,6.7633781274717,0.0321893781031448,0.0319803759417952,300.623627315785,-4.81686505968034,156.049092630788,90.1032373431055,134.185971016311,1886725.66044749,4.55111909601202
46700,46.7,0.0466999999999985,6.72519132318199,-0.0364323311517178,-0.0291703452535577,300.818099314575,-4.81671334899731,156.10643265777,90.127894333845,134.171896549034,1887737.41110501,4.54867988083794
46800,46.8,0.0467999999999984,6.79598570520826,0.0358800985959128,0.0319201338493088,301.062590305086,-4.8166793642604,156.065345476844,90.1067268572377,134.157822081757,1886599.39814238,4.5514236836147
46900,46.9,0.0468999999999984,6.74884586790279,-0.0343492827466944,-0.0363188143425839,299.703437528548,-4.81668781725767,156.112700673784,90.1374043155125,134.143747614481,1887616.30301694,4.54897172082828
47000,47,0.0469999999999983,6.81948192160539,0.0343790793973701,0.0354810880440588,300.7955236195,-4.81681608919288,156.082164112964,90.1059579334615,134.129673147204,1886390.72488232,4.55192716383512
47100,47.1,0.0470999999999986,6.77457137764594,-0.0408943209818524,-0.0297422434392245,299.166478601545,-4.81650788669642,156.13503275617,90.140331646594,134.115598679927,1887551.4701726,4.54912796704468
47200,47.2,0.0471999999999985,6.84983782232251,0.0482360916931743,0.0351279593350222,299.848012173069,-4.81635256788547,156.073854527989,90.1248264175233,134.10152421265,1886289.34506154,4.55217181005618
47300,47.3,0.0472999999999984,6.79766472587927,-0.0455703477506335,-0.0360111481816579,300.67188056323,-4.81624397472024,156.155262460982,90.1494703514463,134.087449745374,1887591.16080475,4.54903231192163
47400,47.4,0.0473999999999983,6.87848830351722,0.0343291216049314,0.0453108886988338,300.756254059178,-4.81625084036586,156.105523822655,90.1211529508794,134.073375278097,1886199.18519305,4.55238940277647
47500,47.5,0.0474999999999986,6.82431366122867,-0.0307128647576932,-0.0520832282060156,300.344406688586,-4.81621626867707,156.141630990084,90.168345743467,134.05930081082,1887425.26216725,4.54943215729702
47600,47.6,0.0475999999999986,6.90346843001866,0.0345178540507439,0.0478279007299199,299.636512953316,-4.81610649240984,156.116761793668,90.1283079064998,134.045226343543,1886088.66228164,4.55265616824765
47700,47.7,0.0476999999999985,6.85492415485165,-0.0415971238011975,-0.0298797697166801,299.355471295817,-4.81603910444788,156.17927986453,90.1582448241443,134.031151876267,1887272.51145412,4.54980037598412
47800,47.8,0.0477999999999984,6.92656651232274,0.0404369856085805,0.0323297619780477,299.500816231161,-4.81608242561609,156.112783099969,90.1456792393583,134.01707740899,1886007.97319332,4.5528509445587
47900,47.9,0.0478999999999983,6.88202074223241,-0.0336434000853938,-0.0408780717894254,299.129921498174,-4.8161198617972,156.170575147261,90.1728832818103,134.003002941713,1887077.32848353,4.5502709680153
48000,48,0.0479999999999986,6.95166413547045,0.0238383673545516,0.0402066391400046,299.582745462915,-4.81603940442793,156.152341191794,90.1380615731973,133.988928474436,1885930.25754504,4.55303855900589
48100,48.1,0.0480999999999985,6.91390796251971,-0.0301291750556857,-0.0343477444640263,299.87615833283,-4.81575571147284,156.182123057067,90.1809654747534,133.97485400716,1886989.55009761,4.55048263608789
48200,48.2,0.0481999999999984,6.97898350365036,0.0401389732212214,0.0221143705944811,300.445659839998,-4.81569195215984,156.139487225877,90.1641225949983,133.960779539883,1885923.94964062,4.55305378768574
48300,48.3,0.0482999999999983,6.94073163023475,-0.0362636252042995,-0.0234979500753994,300.269644491139,-4.81562640372608,156.211304777257,90.176108381471,133.946705072606,1886843.95123765,4.5508337753984
48400,48.4,0.0483999999999987,7.00018894353081,0.0276997887470516,0.0293618198740771,299.76162962495,-4.81557267471962,156.171287102926,90.1624971819001,133.93263060533,1885877.6787471,4.55316549899626
48500,48.5,0.0484999999999986,6.96781310183754,-0.0164180845220091,-0.0342567184310076,297.865223538396,-4.81544706745847,156.199232083995,90.1940361389422,133.918556138053,1886676.64997636,4.55123732108843
48600,48.6,0.0485999999999985,7.02667407906121,0.0193126026240698,0.0361817159916755,298.566084040942,-4.81543807900355,156.185874487317,90.1670594148799,133.904481670776,1885752.84976979,4.55346689957103
48700,48.7,0.0486999999999984,7.0013748296649,-0.0201109127956168,-0.0304768856846252,299.26538695223,-4.81517877753748,156.21378797313,90.2005782200338,133.890407203499,1886592.69074074,4.55143986528806
48800,48.8,0.0487999999999983,7.0548885234803,0.0269722748660435,0.0205656620045544,300.554240289821,-4.81521658503188,156.186419356258,90.1854629244787,133.876332736223,1885747.821825,4.55347904042035
48900,48.9,0.0488999999999986,7.02687559114309,-0.0254851521069501,-0.018936423017864,299.804883384146,-4.81511566902964,156.243640563505,90.1968366611074,133.862258268946,1886478.25461919,4.55171596130156
49000,49,0.0489999999999985,7.07475599052781,0.0200860497628147,0.022155492200276,300.132828594866,-4.81517727710926,156.212037930201,90.1865274511331,133.848183801669,1885682.82690564,4.553635987813
49100,49.1,0.0490999999999985,7.0540934553947,-0.0143455605964883,-0.0278433558472253,299.030548888866,-4.81505661478715,156.227324631963,90.217392734904,133.834109334393,1886314.40187013,4.55211134139963
49200,49.2,0.0491999999999984,7.10186427937602,0.0192378723094927,0.0209653212020421,299.931350326485,-4.81509106999078,156.222403353487,90.1952039412661,133.820034867116,1885592.74432875,4.55385353386859
49300,49.3,0.0492999999999983,7.0878306843103,-0.0239357533401482,-0.00784898806208187,300.053522445607,-4.81482543904375,156.267393661832,90.2061192821436,133.805960399839,1886165.63484987,4.552470378818
49400,49.4,0.0493999999999986,7.12418524543637,0.0149747084863575,0.0128000449649268,301.377799239377,-4.8147859034139,156.23540121541,90.2103638180381,133.791885932562,1885669.849008,4.55366732766911
49500,49.5,0.0494999999999985,7.11199297146872,-0.0132814603234996,-0.0218883462975847,300.883387195081,-4.8147018937086,156.25524487137,90.2286784534483,133.777811465286,1886093.79854811,4.55264377031959
49600,49.6,0.0495999999999984,7.15576675525852,0.0101385567189249,0.0184391094393359,299.115557377328,-4.81458219577587,156.265213212018,90.2049305593069,133.763736998009,1885519.28476119,4.55403095136522
49700,49.7,0.0496999999999983,7.14465145841586,-0.0131988054027164,-0.00579572513589891,298.702637178449,-4.81458819981268,156.278743377418,90.2226071388477,133.749662530732,1885853.61230605,4.55322360450793
49800,49.8,0.0497999999999986,7.17485640372229,0.0202790597535961,0.000904280575968283,299.798556538451,-4.81460197538265,156.243989490336,90.2330595204887,133.735588063455,1885454.23109477,4.55418807870646
49900,49.9,0.0498999999999986,7.16860166393779,-0.0156618116713746,-0.00511206945478522,299.956366615605,-4.81445863752183,156.292283349125,90.2310083876334,133.721513596179,1885795.65465488,4.55336354233457
50000,50,0.0499999999999985,7.20339421175372,0.00340054731610794,0.0170516802082349,300.106976211504,-4.8142691594746,156.294816853976,90.2204519466085,133.707439128902,1885407.13017694,4.5543018506526
50100,50.1,0.0500999999999984,7.200397461767,-0.00266618330822497,-0.0136743443321166,299.62656673793,-4.81405850761022,156.289367396997,90.2464566583323,133.693364661625,1885686.3001822,4.5536276003961
50200,50.2,0.0501999999999983,7.22869035837459,0.0175142146665332,0.00362419173924038,299.998593587487,-4.81403912265168,156.283011787911,90.2435256385609,133.679290194349,1885349.87711537,4.55444015268739
50300,50.3,0.0502999999999986,7.22366375500349,-0.0200495465403945,-0.00167575772128834,299.935865603453,-4.81416540859605,156.32766409168,90.2386205165234,133.665215727072,1885587.49697506,4.55386620667227
50400,50.4,0.0503999999999985,7.25574544712787,0.0127080119872194,0.007604247922205,299.741344591684,-4.81415866263183,156.293597825446,90.2469691920557,133.651141259795,1885152.48932288,4.55491703235249
50500,50.5,0.0504999999999984,7.25555834914429,-0.000192593128986273,-0.0217571419979962,299.747580694882,-4.81395197183137,156.301476693324,90.2668866308802,133.637066792518,1885465.01936542,4.5541620205123
50600,50.6,0.0505999999999983,7.28059533448053,0.00116621478765775,0.0173470113078065,301.056729980304,-4.8138959582194,156.333583628394,90.242484715245,133.622992325242,1885143.95988902,4.55493764131626
50700,50.7,0.0506999999999987,7.2770880417928,-0.0165787205937555,-0.00262335621032553,300.179375094037,-4.81369414731485,156.349531799366,90.2580623408451,133.608917857965,1885463.10037103,4.55416665566606
50800,50.8,0.0507999999999986,7.3094168221779,0.0219876182844929,-0.00266774937335231,300.836546692702,-4.81372171651073,156.304140273178,90.2723832710314,133.594843390688,1885016.19412852,4.55524637344999
50900,50.9,0.0508999999999985,7.3077036940097,-0.0107397355550753,-0.0110494654941879,299.812045842406,-4.81356259576692,156.354404053959,90.2662573816596,133.580768923411,1885295.77273017,4.55457085641461
51000,51,0.0509999999999984,7.33464950755676,-0.00774229806326315,0.025445994269324,300.709577176316,-4.81365879035742,156.37045467434,90.2487632037814,133.566694456135,1884925.26633299,4.55546611612003
51100,51.1,0.0510999999999983,7.33006993050426,-0.000816716771865164,-0.0190567549816623,299.774650209436,-4.8136455325074,156.339875988947,90.2884956597447,133.552619988858,1885187.67822591,4.55483201029574
51200,51.2,0.0511999999999986,7.3590577201194,0.0168419916785708,0.00440288537800726,300.228126331047,-4.81359304594255,156.336671469289,90.2814174654554,133.538545521581,1884802.59924021,4.55576259586011
51300,51.3,0.0512999999999985,7.35817796472167,-0.0261111687156612,0.00280602248972808,300.886928821389,-4.81337250434223,156.397143637176,90.2715254912106,133.524471054305,1885126.35405527,4.55498018142222
51400,51.4,0.0513999999999984,7.3891419303402,0.0133583481414193,0.00604700123135741,300.72198144636,-4.81318407630685,156.366843497701,90.2807106191045,133.510396587028,1884754.21907064,4.55587953872974
51500,51.5,0.0514999999999984,7.38562587916672,-0.00711802354569412,-0.0204591863026412,300.297431501387,-4.81307326951024,156.375902018808,90.2999922517377,133.496322119751,1885067.22147686,4.55512306636535
51600,51.6,0.0515999999999983,7.41799756635824,0.00570217714023992,0.0236966352234898,298.840116922565,-4.81292760309121,156.389560607492,90.2807121187763,133.482247652474,1884630.63539426,4.5561782881674
51700,51.7,0.0516999999999986,7.40845686257808,-0.0101736662027274,-0.010062897658882,298.425252723979,-4.8130007597698,156.397742148807,90.2998057635826,133.468173185198,1884929.06590617,4.55545693337295
51800,51.8,0.0517999999999985,7.43940432586247,0.0158190398176416,0.0104296274809901,299.179575078877,-4.81296023548171,156.376515952218,90.3006626579226,133.454098717921,1884492.38489962,4.55651253939976
51900,51.9,0.0518999999999984,7.43231187302498,-0.011743318323238,-0.00998876263308142,299.838948941964,-4.81271397411939,156.420592020959,90.3046468633078,133.440024250644,1884907.90650755,4.5555080715367
52000,52,0.0519999999999983,7.47030178716092,0.00614005061503673,0.0235617394060977,299.486835842144,-4.81256196009245,156.423487336964,90.2911524532661,133.425949783367,1884462.34195595,4.55658518136585
52100,52.1,0.0520999999999986,7.46221512498664,-0.00740371975928554,-0.0200245338637693,300.288169113234,-4.81261263262413,156.417001192822,90.3212976469592,133.411875316091,1884814.49393628,4.55573384533235
52200,52.2,0.0521999999999986,7.50179251273766,0.0228932550474414,0.0114600341567951,299.175843100199,-4.81245508029212,156.401759033376,90.3141655002958,133.397800848814,1884283.20261586,4.55701837721525
52300,52.3,0.0522999999999985,7.4826632187664,-0.0288941181927602,-0.00351217372156176,299.312993568943,-4.81248408073142,156.461709296651,90.3120773284992,133.383726381537,1884763.00488049,4.55585830152844
52400,52.4,0.0523999999999984,7.52491960726385,0.0226813846832804,0.0173894814995723,299.162629436646,-4.8124091796535,156.426614693874,90.3126681333891,133.369651914261,1884153.74234474,4.55733149011117
52500,52.5,0.0524999999999983,7.50790367006405,-0.0108721957867239,-0.0291564022682451,299.625091650362,-4.8122306959137,156.440453113374,90.3433419954001,133.355577446984,1884761.4982566,4.55586194334994
52600,52.6,0.0525999999999986,7.55649078030876,0.0173451306561335,0.0238838963546761,301.04352429195,-4.81216106582149,156.449607711417,90.3138570275044,133.341502979707,1884057.76728432,4.55756364337774
52700,52.7,0.0526999999999985,7.53299177808411,-0.031534027180212,-0.0136740998672745,299.668437635589,-4.81191480967164,156.495514661823,90.3309488647,133.32742851243,1884768.30482162,4.555845490521
52800,52.8,0.0527999999999984,7.58346129464084,0.0382013874914734,0.0130420421933613,300.022245754495,-4.81204714112583,156.422608314502,90.3395812338956,133.313354045154,1883871.39370939,4.558014528418
52900,52.9,0.0528999999999983,7.5550571990322,-0.020233197505753,-0.0353689900955465,299.050549975817,-4.81199103371596,156.477856445138,90.3549396595567,133.299279577877,1884658.16632281,4.5561117318968
53000,53,0.0529999999999987,7.61474097156445,0.00507113335303867,0.0485364331863594,299.363584117673,-4.81190585076508,156.493723325077,90.3111139005365,133.2852051106,1883736.12752443,4.55834182756953
53100,53.1,0.0530999999999986,7.57825925307444,-0.0161863955478586,-0.0398634555868302,299.133002466605,-4.81170897551739,156.487803872283,90.3659720850767,133.271130643323,1884610.04987994,4.55622805510641
53200,53.2,0.0531999999999985,7.63677129900238,0.038306867138842,0.0152420607672959,300.585146377435,-4.81167228823433,156.44730600441,90.3550967455548,133.257056176047,1883696.62309981,4.55843742399886
53300,53.3,0.0532999999999984,7.60464192979436,-0.0429979599622519,-0.0133785973570208,300.023559993849,-4.81147778413524,156.547769603208,90.3487608096014,133.24298170877,1884575.00808343,4.55631277363216
53400,53.4,0.0533999999999983,7.67185812188178,0.0285700566898094,0.0339127910437463,300.153784760503,-4.81145797271921,156.491802591957,90.3402823609242,133.228907241493,1883525.49247992,4.55885158787677
53500,53.5,0.0534999999999986,7.62937107669438,-0.0151908043940883,-0.0440431312473753,299.632340944004,-4.81135524693274,156.50131073315,90.3903302422747,133.214832774217,1884484.35484821,4.556531955337
53600,53.6,0.0535999999999985,7.69265130341444,0.0303111414811215,0.0343039628646682,298.836525186267,-4.81119668708639,156.506881424009,90.3480995805752,133.20075830694,1883471.95035326,4.55898118397143
53700,53.7,0.0536999999999984,7.65592225567454,-0.0450889348723675,-0.0123790157511874,299.966716522153,-4.81125257730376,156.567584210461,90.3653975781767,133.186683839663,1884364.09281369,4.55682275784453
53800,53.8,0.0537999999999984,7.72122880792177,0.0485567076490635,0.0139717979359601,299.64267280363,-4.81112214947825,156.481492914387,90.3767392651978,133.172609372386,1883365.27359651,4.55923941180094
53900,53.9,0.0538999999999987,7.68284727178429,-0.0265876931402203,-0.0286846603039013,300.22989758138,-4.8111172135879,156.553818345685,90.3873856590209,133.15853490511,1884258.56388781,4.55707796518193
54000,54,0.0539999999999986,7.74041977950322,0.00659249255670683,0.0465258742648084,300.882291099145,-4.81110941978433,156.559713595888,90.3495760300759,133.144460437833,1883342.206202,4.55929525389582
54100,54.1,0.0540999999999985,7.71431612556996,-0.0161269055945383,-0.040265354544362,300.358762801747,-4.81089485603101,156.545672741697,90.4061762616279,133.130385970556,1884153.83878577,4.55733125684265
54200,54.2,0.0541999999999984,7.77651935009074,0.0422820335458273,0.0145355012276383,298.888758462464,-4.81055286245751,156.511752155952,90.3920845043297,133.116311503279,1883252.83716253,4.55951161349951
54300,54.3,0.0542999999999983,7.73950943055159,-0.0439305425574437,-0.00391849230544314,300.123468220302,-4.81061432554353,156.612395627437,90.3816833963998,133.102237036003,1884047.78455293,4.55758779188079
54400,54.4,0.0543999999999986,7.7909825666405,0.0203018197087954,0.0212000311091589,300.853095118925,-4.81078457593151,156.554485516516,90.3862530840608,133.088162568726,1883247.18872523,4.55952528887661
54500,54.5,0.0544999999999985,7.76929282267321,-0.00629789647410777,-0.0317930737338087,300.185428501287,-4.81077541843847,156.559748902961,90.4200722878345,133.074088101449,1883815.9289707,4.55814872894199
54600,54.6,0.0545999999999985,7.81961964277678,0.0100406470188213,0.023634186915165,299.005349837086,-4.81050260422485,156.582978407003,90.3850260820637,133.060013634173,1883165.98447048,4.55972190078239
54700,54.7,0.0546999999999984,7.80111033210048,-0.0308323329582837,-0.00526700276804255,299.657741178684,-4.81036197334304,156.614308060598,90.4037960270955,133.045939166896,1883734.64977005,4.55834540350291
54800,54.8,0.0547999999999983,7.83841652217944,0.0333636788313376,-0.00194736570653953,300.853377174318,-4.81034983317097,156.554913855434,90.421023406727,133.031864699619,1883179.85759564,4.55968830994273
54900,54.9,0.0548999999999986,7.82931038838408,-0.019732223545604,-0.00929273458339108,300.832417620287,-4.81026938356824,156.614851337111,90.4154106425614,133.017790232342,1883584.59755363,4.55870853549702
55000,55,0.0549999999999985,7.8646348012805,0.00690349507439508,0.0219009704540347,299.384793460589,-4.81003475401224,156.616770238585,90.400935505736,133.003715765066,1883106.8474715,4.55986509407477
55100,55.1,0.0550999999999984,7.855291742828,-0.00258202493356465,-0.0189504733492527,299.547592566796,-4.81005343975388,156.60311147168,90.4351009466362,132.989641297789,1883454.91559566,4.55902241731274
55200,55.2,0.0551999999999983,7.88283830551097,0.0170215930590331,0.000999015648865129,298.855005801468,-4.80999587007373,156.599034206672,90.4300593006954,132.975566830512,1883101.56885104,4.55987787607102
55300,55.3,0.0552999999999987,7.88150018728869,-0.0195341987368112,-0.000459452248376714,299.706236046326,-4.81003098371326,156.651921986469,90.4186363879831,132.961492363235,1883300.24016899,4.55939684977048
55400,55.4,0.0553999999999986,7.91570379778662,0.00201264482281157,0.0154799719368949,299.447708493602,-4.80968324968939,156.635222618153,90.4234305939042,132.947417895959,1882999.97974484,4.5601238845271
55500,55.5,0.0554999999999985,7.9125847149263,0.00288857546778032,-0.0214841882027053,301.04757643947,-4.80968525170877,156.625492785614,90.4519607942504,132.933343428682,1883277.70089178,4.55945141713961
55600,55.6,0.0555999999999984,7.93577592533854,0.00451547913716498,0.0122125838601581,300.053816469966,-4.80951226501815,156.647136192837,90.4351701998424,132.919268961405,1882988.91722137,4.56015067516671
55700,55.7,0.0556999999999983,7.93357822539664,-0.0143543842313209,0.0015077168244032,299.807787448417,-4.80954684224341,156.674967942462,90.4359937315161,132.905194494129,1883141.19912959,4.55978191447745
55800,55.8,0.0557999999999986,7.96247384625351,0.0123122602873089,0.00235240568931642,299.390099145074,-4.80953410098252,156.645500556593,90.4471265368483,132.891120026852,1882819.38336289,4.56056128276191
55900,55.9,0.0558999999999985,7.96486535893818,-0.0025084589736564,-0.0102206435924623,300.202060987448,-4.80944071022179,156.660126542081,90.4585577416487,132.877045559575,1883033.71264504,4.56004219390049
56000,56,0.0559999999999984,7.98498601306266,0.00465656545913466,0.00852928010528814,301.12367862575,-4.80914535348276,156.679749457224,90.4478486496826,132.862971092298,1882847.16919576,4.56049398096723
56100,56.1,0.0560999999999984,7.98688665994844,-0.010596766058059,-0.00398036402528663,301.362887937184,-4.80911774170793,156.688520341456,90.4599471790329,132.848896625022,1883004.9468284,4.56011185560681
56200,56.2,0.0561999999999987,8.01091415277094,0.0136401705924917,-0.00442980211633924,300.982435653308,-4.80915979418153,156.666164429907,90.4697571489836,132.834822157745,1882740.97359382,4.56075121465486
56300,56.3,0.0562999999999986,8.01770221279337,-0.0109033647775529,-0.00296838253959418,299.556604375909,-4.80901605818166,156.700569127173,90.4649266047818,132.820747690468,1882854.3657094,4.56047655016763
56400,56.4,0.0563999999999985,8.04258483687402,-0.000201143186498644,0.0129971217934674,298.640924585159,-4.80882937250636,156.704161548884,90.4599939516407,132.806673223191,1882595.35277649,4.5611039937683
56500,56.5,0.0564999999999984,8.04037064816699,0.00181187165820349,-0.017115655749888,300.505237481221,-4.80877911648454,156.699529585654,90.4825992363774,132.792598755915,1882810.58260766,4.560582600033
56600,56.6,0.0565999999999983,8.06341392816756,-0.000800491297228861,0.0121923474756964,300.648703633116,-4.80853693744905,156.714987934611,90.474236582373,132.778524288638,1882622.73217562,4.56103766062328
56700,56.7,0.0566999999999986,8.067784671007,-0.00544090261018186,-0.00612160918174458,300.402978444754,-4.80849870715282,156.726326269691,90.4830123820575,132.764449821361,1882741.97242033,4.56074879509908
56800,56.8,0.0567999999999985,8.09104791851052,0.0101663802969354,0.0017928574499591,299.052690470694,-4.80835735687491,156.713687607625,90.488580049467,132.750375354085,1882506.39882302,4.56131951932117
56900,56.9,0.0568999999999985,8.09300237349272,-0.00690147642424607,-0.00737975500537491,300.118669904096,-4.80848241265363,156.735011851712,90.4909305959148,132.736300886808,1882611.84144111,4.56106404580216
57000,57,0.0569999999999984,8.11815740137208,0.000754825079208287,0.0135529934566404,299.816405432416,-4.80838076421655,156.743473381373,90.4828282264345,132.722226419531,1882345.28984218,4.5617099203507
57100,57.1,0.0570999999999983,8.11699086405712,-0.004362898559406,-0.0121048504865528,300.723859081397,-4.80827998225808,156.741213362441,90.5049997275586,132.708151952254,1882579.72530435,4.56114185592341
57200,57.2,0.0571999999999986,8.14412724365598,0.0133217814750317,0.0077578723130925,299.870631600912,-4.80787140429967,156.743152098539,90.5016932554316,132.694077484978,1882334.57909722,4.56173587711315
57300,57.3,0.0572999999999985,8.14455250183509,-0.0198096454431227,-0.000759253855146483,300.106916573127,-4.8078723565105,156.782496308126,90.4997514555792,132.680003017701,1882566.96834058,4.56117276389237
57400,57.4,0.0573999999999984,8.17500683065845,0.0148871312892962,0.00873289389196118,299.551970858916,-4.80790916254095,156.75389798036,90.5051178144694,132.665928550424,1882135.50893164,4.56221836390121
57500,57.5,0.0574999999999983,8.16636788542548,-0.00475885036216544,-0.0181263155683789,300.542171139604,-4.80798769272806,156.764937886662,90.5234504156054,132.651854083147,1882449.60490026,4.56145713534436
57600,57.6,0.0575999999999987,8.19699789355486,0.00434791041109128,0.0148165552721343,300.380289311662,-4.80786738123366,156.780460973265,90.5058576377424,132.637779615871,1882070.41652201,4.56237615065772
57700,57.7,0.0576999999999986,8.19761681362419,-0.0108371705893066,-0.00718977894208174,299.680118772778,-4.80761056353736,156.798421697321,90.5187532086694,132.623705148594,1882354.45854227,4.56168770086383
57800,57.8,0.0577999999999985,8.22930576923172,0.0143011404043521,0.00959107760313112,300.573039724854,-4.80739872088248,156.778616939113,90.5233265492745,132.609630681317,1882012.0486661,4.56251764609288
57900,57.9,0.0578999999999984,8.21936478515098,-0.0120838120735051,-0.013677068884871,300.700594960348,-4.80733402911684,156.80914535363,90.532712578806,132.595556214041,1882373.89055419,4.56164060991648
58000,58,0.0579999999999983,8.25473983486697,0.00532538126004672,0.0167379554008765,300.531700348208,-4.80742307103749,156.804472028737,90.5217766727168,132.581481746764,1881890.64006111,4.5628119931133
58100,58.1,0.0580999999999986,8.24372677518729,-0.0117950801693706,-0.0172714313557227,300.556853847629,-4.80741738483858,156.81422332843,90.5420985414658,132.567407279487,1882230.34214857,4.56198850370073
58200,58.2,0.0581999999999985,8.27750998401072,0.0152904939514952,0.0106580882227763,300.1540255497,-4.80727723564168,156.804635536733,90.5354773834495,132.55333281221,1881777.81879268,4.56308555475884
58300,58.3,0.0582999999999984,8.26491594191588,-0.0274702009103597,-0.00242967621984843,300.517686289254,-4.80720201018944,156.845205932097,90.5420867817933,132.539258344934,1882202.23408047,4.56205663064331
58400,58.4,0.0583999999999984,8.30845909310428,0.0257544251973356,0.00169494386265339,299.629368010486,-4.80691552054089,156.81112369869,90.5469147916905,132.525183877657,1881693.73783308,4.56328945011357
58500,58.5,0.0584999999999987,8.29593006067481,-0.018478912639912,-0.0143563848343079,300.291220409342,-4.80679387166178,156.848481737926,90.5568873034714,132.51110941038,1882149.40753768,4.56218467450576
58600,58.6,0.0585999999999986,8.33565306180146,0.010698280126194,0.0215499173084295,300.341184323419,-4.80667349740057,156.843014891175,90.5440788422601,132.497034943103,1881617.72818207,4.56347378832073
58700,58.7,0.0586999999999985,8.31400935349663,-0.0117231377481775,-0.0239793311570332,300.159178164318,-4.80676653692205,156.85104883101,90.5721704449986,132.482960475827,1882097.97134624,4.56230935526512
58800,58.8,0.0587999999999984,8.36326356182354,0.0252460077230307,0.0222866940858657,300.273624027767,-4.80682067322342,156.834639330511,90.5548923622882,132.46888600855,1881342.17914763,4.56414217326951
58900,58.9,0.0588999999999983,8.33572906962129,-0.0312580578934194,-0.0197314897431897,299.28248258495,-4.80658281740068,156.901373343641,90.5631045117846,132.454811541273,1882113.39576566,4.5622719659276
59000,59,0.0589999999999986,8.39438986874452,0.0237507624232034,0.0306921210878663,300.965466656761,-4.80657927418481,156.849953073387,90.5581191862874,132.440737073997,1881193.09590524,4.56450387835731
59100,59.1,0.0590999999999985,8.36011192274187,-0.0174198380464325,-0.0450236079616406,301.478065530302,-4.8063221776752,156.873065370443,90.600143141155,132.42666260672,1882143.36452997,4.56219932233634
59200,59.2,0.0591999999999985,8.42172301579604,0.0177793261090561,0.0387795933457656,301.742346718888,-4.80618128972247,156.884806238154,90.5575621127378,132.412588139443,1881199.62054063,4.56448804711685
59300,59.3,0.0592999999999984,8.38352235403266,-0.0392139331516602,-0.0212746312646761,300.473610111053,-4.80604259709237,156.925965697711,90.5863117883877,132.398513672166,1882090.47736347,4.56232752116529
59400,59.4,0.0593999999999987,8.44959710000647,0.0498907284633144,0.00883868535271234,300.849802372173,-4.80612257957052,156.847199723156,90.5897279738095,132.38443920489,1881016.75933182,4.56493177936843
59500,59.5,0.0594999999999986,8.41175884500473,-0.0353074372928142,-0.0189592218247416,299.191152888222,-4.80596777576967,156.929691743856,90.5953381485019,132.370364737613,1881922.5125094,4.56273471682357
59600,59.6,0.0595999999999985,8.47536044135713,0.0180051123445979,0.0387467888701612,300.263216327736,-4.80603545664572,156.907742238013,90.5695127279931,132.356290270336,1880922.88563279,4.56515960743903
59700,59.7,0.0596999999999984,8.4400002288058,-0.0185832376585574,-0.0419472103471597,299.585976806148,-4.80580085382485,156.90980585315,90.622329783652,132.34221580306,1881844.39536679,4.56292412026173
59800,59.8,0.0597999999999983,8.50193531484758,0.0291606783073327,0.020442726690307,301.929755455298,-4.80576129127896,156.894559368627,90.5956985800567,132.328141335783,1880908.52346982,4.56519446589463
59900,59.9,0.0598999999999986,8.46699736831041,-0.0433245837662665,-0.0149382942395134,301.062851384204,-4.80553377014085,156.985109046918,90.5961161338935,132.314066868506,1881802.56925442,4.56302553864648
60000,60,0.0599999999999986,8.52514232843565,0.0273470535140358,0.0291076547393938,300.893996914765,-4.80558359633932,156.915775299695,90.5975390950358,132.299992401229,1880800.91442983,4.56545566110678
60100,60.1,0.0600999999999985,8.4921123269518,-0.0111951593563847,-0.0416753973569465,299.426744889464,-4.80540154648546,156.930810705406,90.6394607162244,132.285917933953,1881651.30703819,4.56339235121856
60200,60.2,0.0601999999999984,8.5526074924376,0.0162855043732343,0.0387822141007833,299.359000089146,-4.80528737378888,156.954476848142,90.5914886058417,132.271843466676,1880738.91202729,4.56560617068461
60300,60.3,0.0602999999999983,8.51470307158643,-0.037394151214815,-0.0186546065600716,301.136269938534,-4.8053660241535,156.98614544621,90.6230537845093,132.257768999399,1881573.60223165,4.56358080917703
60400,60.4,0.0603999999999986,8.57246933387458,0.0440907356719578,0.00221796404585054,301.387716187101,-4.80517153439162,156.913941474621,90.6351830876541,132.243694532122,1880759.74859149,4.56555558923945
60500,60.5,0.0604999999999985,8.55046032306458,-0.0254628488626112,-0.0112295666521054,300.811088958681,-4.80484306290527,156.998724931298,90.6292213531341,132.229620064846,1881451.91823436,4.56387596142061
60600,60.6,0.0605999999999984,8.59965773652001,0.00472675317750116,0.034010564742767,300.986487499167,-4.80480563474019,156.988319691349,90.6108410982673,132.215545597569,1880745.46949191,4.56559025210264
60700,60.7,0.0606999999999984,8.58118159871436,-0.000359197987724498,-0.0338908023226035,299.256468690856,-4.80476198823107,156.967594751176,90.656930007106,132.201471130292,1881253.40762664,4.56435754342705
60800,60.8,0.0607999999999987,8.62058941608692,0.0173904329261602,0.0118680104945084,300.006262492678,-4.80481465753465,156.97486292151,90.6352671183766,132.187396663015,1880690.71766331,4.56572316838312
60900,60.9,0.0608999999999986,8.60799605955068,-0.0260551676438625,0.000986051571528624,299.626704747721,-4.80468283267116,157.033157274498,90.6307011222377,132.173322195739,1881094.04475351,4.56474422751342
61000,61,0.0609999999999985,8.64268488071297,0.0189419429764782,0.00627114240552371,300.692082026197,-4.80460061341189,156.985678620181,90.6462801089505,132.159247728462,1880648.27114077,4.56582621746166
61100,61.1,0.0610999999999984,8.63519158836029,0.00030056236930862,-0.0217986687609117,300.277844742637,-4.80429241528963,156.998563452012,90.6679026815669,132.145173261185,1881050.92457684,4.56484886719913
61200,61.2,0.0611999999999983,8.66702272608587,-0.00103866958893548,0.0216406629433387,299.994556730237,-4.80419479044363,157.031756697567,90.6393632874663,132.131098793909,1880656.07748859,4.56580726533746
61300,61.3,0.0612999999999986,8.66140775153098,-0.0146493291051317,-0.00654648586304227,300.423897646823,-4.80444680819025,157.040225388828,90.6545337233492,132.117024326632,1880871.91602092,4.5652833183687
61400,61.4,0.0613999999999985,8.69001340973778,0.0184983352914815,0.00168077432038961,299.778967850766,-4.80431892560899,157.009001622101,90.6647549974906,132.102949859355,1880509.62176303,4.56616285437997
61500,61.5,0.0614999999999985,8.68380148373324,-0.00719707711507522,-0.0106308579519168,299.771053574927,-4.80409692698024,157.048150146834,90.6673019296743,132.088875392078,1880830.93862902,4.56538278153671
61600,61.6,0.0615999999999984,8.71725180201927,0.00205490370800581,0.01681287858601,299.924920181283,-4.80388599664367,157.049170371903,90.6596631181891,132.074800924802,1880484.30144412,4.56622433678616
61700,61.7,0.0616999999999983,8.71186092506447,0.000182542860701972,-0.0161067952825548,300.011756688438,-4.80374359870078,157.04890508552,90.6836636278466,132.060726457525,1880778.50305634,4.56551006311732
61800,61.8,0.0617999999999986,8.73605007231904,0.00733450208993417,0.00300019609838006,301.097678911276,-4.80387667945993,157.05535614502,90.6743684572895,132.046651990248,1880462.536635,4.56627718708186
61900,61.9,0.0618999999999985,8.74186497670805,-0.0162336412712943,0.00298225005432211,299.304758315351,-4.80383363267103,157.082551698646,90.6719710863975,132.032577522972,1880537.96648275,4.56609403013467
62000,62,0.0619999999999984,8.76628742601276,0.0124554764921197,-0.00154125518145611,299.156729852571,-4.80365530022204,157.062729373488,90.6839307939527,132.018503055695,1880348.2101051,4.56655482003438
62100,62.1,0.0620999999999983,8.76583697694686,-0.00565060573333178,-0.00236413851692817,300.59583296857,-4.80354925078346,157.075958080607,90.6934765135806,132.004428588418,1880504.03101281,4.56617642961063
62200,62.2,0.0621999999999986,8.78567238797774,-0.0016922011563209,0.00609436544387902,301.243540925589,-4.80344497035956,157.086629252098,90.6901141019554,131.990354121141,1880361.55449972,4.5665224124852
62300,62.3,0.0622999999999986,8.79955553919676,0.00235202448485278,-0.00466205363771618,298.947121175552,-4.80306580180013,157.08905531496,90.7018734112374,131.976279653865,1880433.87851542,4.56634677789233
62400,62.4,0.0623999999999985,8.81707303849142,0.00478403494961096,0.00372222846039289,299.336130025747,-4.80310909570896,157.089525802324,90.7031012898881,131.962205186588,1880264.42682668,4.5667583025491
62500,62.5,0.0624999999999984,8.82246012964124,-0.000552757364049493,-0.00661629553975203,298.896574181224,-4.80321447105807,157.110918104577,90.7011605894841,131.948130719311,1880279.68031705,4.56672125539888
62600,62.6,0.0625999999999983,8.83569201781725,-0.00377506482406015,0.0125915544745122,299.285585088808,-4.80313530181329,157.116855660512,90.700534994177,131.934056252034,1880137.20133668,4.56706732683858
62700,62.7,0.0626999999999986,8.83875001569035,0.00227619230919906,-0.0143569765128094,300.606828454727,-4.80302951202359,157.107353449515,90.7238446571076,131.919981784758,1880306.04272815,4.56665722870302
62800,62.8,0.0627999999999985,8.87096441712046,0.00904269126904426,0.00380055997753316,299.137825730048,-4.80264676525094,157.117641393992,90.7168332173012,131.905907317481,1880083.23959653,4.56719840981148
62900,62.9,0.0628999999999984,8.87433488452113,-0.0190314592226383,0.0092920467769522,300.528266004483,-4.80268495170557,157.156227112892,90.7092494219274,131.891832850204,1880187.1099124,4.56694609644385
63000,63,0.0629999999999983,8.88982767886628,0.00976462017389801,-0.00600268939891995,300.607172590805,-4.80262701320638,157.129416346405,90.7283455162106,131.877758382928,1880061.4532325,4.56725133502144
63100,63.1,0.0630999999999987,8.89487208426122,0.00638099776319533,-0.0135491514587831,299.570005357717,-4.80257117167335,157.13387715502,90.7373077297306,131.863683915651,1880099.87375984,4.56715800157291
63200,63.2,0.0631999999999986,8.9144532488579,-0.01234728957327,0.0200404213371319,300.095538041301,-4.80262916495049,157.181988308162,90.709906809924,131.849609448374,1879906.92053784,4.56762677363932
63300,63.3,0.0632999999999985,8.92313140063443,-0.000946462587183929,-0.00927194805667331,300.09486348694,-4.80239295684733,157.163656265362,90.7353327524886,131.835534981097,1880013.83755652,4.56736701116984
63400,63.4,0.0633999999999984,8.94233681581615,0.0161427993908117,-0.0167384419171397,300.227206834177,-4.80211768925815,157.125969988296,90.7631972662755,131.821460513821,1879939.51686762,4.56754757541656
63500,63.5,0.0634999999999983,8.95215036453943,-0.00268165800768149,0.00790214256511244,299.542500912664,-4.80192872608173,157.187605371483,90.7357378708975,131.807386046544,1879907.24025911,4.56762599680979
63600,63.6,0.0635999999999986,8.96085296034502,-0.0185127603661818,0.0171029531243105,299.801965809321,-4.80192097489816,157.212216556167,90.7313170083058,131.793311579267,1879909.21404469,4.56762120109187
63700,63.7,0.0636999999999985,8.97762895676539,0.021931826953739,-0.0163579161861368,300.243796413536,-4.80200660040062,157.143076534905,90.7730886603288,131.77923711199,1879746.79741993,4.56801585936163
63800,63.8,0.0637999999999985,8.98331688288207,0.002603648248338,-0.0140714529556934,298.693966075068,-4.8019008614123,157.179069853745,90.7653217792017,131.765162644714,1879815.68277018,4.56784846562442
63900,63.9,0.0638999999999984,9.00672442542941,-0.0196754246721785,0.0325279618400864,298.983094804661,-4.80176917117534,157.232482622199,90.7337156172361,131.751088177437,1879598.88446358,4.56837533431982
64000,64,0.0639999999999987,9.00522694349855,-0.00118372914096757,-0.020711036828243,300.135029084964,-4.80152340962084,157.194372040723,90.7795517249033,131.73701371016,1879891.74737198,4.5676636403146
64100,64.1,0.0640999999999986,9.03657070196199,0.0280692860483557,-0.00537301340071835,300.220154743775,-4.80137774163273,157.176181442642,90.7818401774376,131.722939242884,1879520.76507812,4.56856521180364
64200,64.2,0.0641999999999985,9.02818318934471,-0.030129353497694,0.0105513937881839,299.456832058611,-4.80123797084288,157.266324246251,90.7552783792959,131.708864775607,1879847.57284524,4.56777097581484
64300,64.3,0.0642999999999984,9.06178086721384,0.0117830274757798,0.0144771454640692,299.158375828729,-4.8012615731063,157.225606310804,90.7657406971687,131.69479030833,1879376.66144002,4.56891551245461
64400,64.4,0.0643999999999983,9.05346932036149,0.00687027860404585,-0.0291077821058934,299.248880301715,-4.80120873854869,157.204804273591,90.8041865119107,131.680715841053,1879723.04168232,4.56807358945471
64500,64.5,0.0644999999999986,9.08878316002557,0.00807247435978652,0.0192754445666455,299.780837637824,-4.80098755352157,157.245741736314,90.7715497616946,131.666641373777,1879335.86230973,4.56901470056836
64600,64.6,0.0645999999999986,9.07832180752415,-0.0245070519927704,0.00129246694072656,300.366944640544,-4.8007735045929,157.280827735158,90.7806674257026,131.6525669065,1879743.05394947,4.56802495647329
64700,64.7,0.0646999999999985,9.11698378186986,0.0223686806255415,0.00114609432466784,300.561721990531,-4.8007490574557,157.22157694054,90.8018191728113,131.638492439223,1879271.80250605,4.56917044716357
64800,64.8,0.0647999999999984,9.10069057409178,-0.0063269313228264,-0.0153669036772904,299.821508962597,-4.80070717727152,157.265867114008,90.8038765105679,131.624417971946,1879642.8067749,4.5682685833973
64900,64.9,0.0648999999999983,9.13706426061832,-0.00133995352194546,0.0270472198685827,300.617288357852,-4.80076601636698,157.286693897378,90.7790814877648,131.61034350467,1879177.44294929,4.56939987994002
65000,65,0.0649999999999986,9.12949873622492,-0.00887329096630615,-0.0166696521786386,299.74704661328,-4.80054200999546,157.275289243111,90.8126551433227,131.596269037393,1879535.10936893,4.56853034529454
65100,65.1,0.0650999999999985,9.17035300847445,0.0252149372648031,0.00280146433727713,299.858518911676,-4.8003158116397,157.25503510816,90.8133631856952,131.582194570116,1879106.71704627,4.56957186321794
65200,65.2,0.0651999999999984,9.15313473834833,-0.0238562809166958,-0.000577249158673571,301.341385724807,-4.80015244759683,157.318859823211,90.8083257698294,131.56812010284,1879564.04324935,4.56846001765065
65300,65.3,0.0652999999999983,9.18973601285178,0.0121540551238198,0.0132294239785717,300.723123584714,-4.8000326059886,157.295449766874,90.8095571125228,131.554045635563,1879108.79606472,4.56956680751057
65400,65.4,0.0653999999999987,9.18019752462711,-0.000294114387312862,-0.023303717913219,300.494237423527,-4.80005279237767,157.292350921242,90.8370024813707,131.539971168286,1879438.59240805,4.56876495826163
65500,65.5,0.0654999999999986,9.21577684999244,0.00610318937747502,0.0136045053637963,300.544399448973,-4.80005480818944,157.308329177112,90.8156054892923,131.525896701009,1878985.68949434,4.56986619440899
65600,65.6,0.0655999999999985,9.20792283675009,-0.0152689376918856,-0.0126311273567027,299.328118528138,-4.79987605551948,157.336159050171,90.8259088142137,131.511822233733,1879330.1940918,4.56902848110098
65700,65.7,0.0656999999999984,9.2439786648615,0.0178598927971051,0.00901262149456035,298.817937531763,-4.79973984591898,157.299992771583,90.8338185043315,131.497747766456,1878860.72745931,4.57017013379691
65800,65.8,0.0657999999999983,9.23133534145829,-0.00327935961829348,-0.0173462279833121,299.499157938464,-4.79961815890844,157.333664038093,90.8429785891024,131.483673299179,1879251.26361072,4.56922038498477
65900,65.9,0.0658999999999986,9.26317862230149,-0.00403745506598139,0.0224634672945426,301.131851289246,-4.799529403712,157.355902205093,90.8234518667281,131.469598831902,1878911.73507512,4.57004606544499
66000,66,0.0659999999999985,9.25407648744955,-0.013223944081766,-0.0170008455546059,301.588925670025,-4.79948659994683,157.3495862984,90.8537798467666,131.455524364626,1879262.49944231,4.56919306629418
66100,66.1,0.0660999999999985,9.28832485716394,0.0241302582678955,0.000427035433268633,300.557841288289,-4.7994531744703,157.324258405226,90.8547186737464,131.441449897349,1878778.24304484,4.57037077898157
66200,66.2,0.0661999999999984,9.28326386660166,-0.0236764320326919,-0.00318269059536602,300.355894618262,-4.7994180127097,157.381462441652,90.8469650012055,131.427375430072,1879099.75055145,4.56958880425512
66300,66.3,0.0662999999999987,9.31701382440722,0.00317429680809506,0.0157696966299643,299.760409104179,-4.79920965920345,157.368550942311,90.8446550762806,131.413300962796,1878696.6051336,4.5705693823766
66400,66.4,0.0663999999999986,9.3109779756414,-0.00129077264015615,-0.0217701777848556,300.24958616934,-4.79906957776151,157.360798573464,90.8748490761625,131.399226495519,1879027.17984059,4.56976528829505
66500,66.5,0.0664999999999985,9.34133268819498,0.012467259923884,0.0112688266162397,299.433889115645,-4.79877547936359,157.373790460666,90.8600634911749,131.385152028242,1878675.31569554,4.57062117677286
66600,66.6,0.0665999999999984,9.33426059843699,-0.0156733056022642,-0.00420665613277873,300.722858745519,-4.79871186186275,157.414692404163,90.861038156808,131.371077560965,1878982.44214415,4.56987409227729
66700,66.7,0.0666999999999983,9.3646933013768,0.00817196297280993,0.013453771293925,301.514769721977,-4.79858215044231,157.380553048824,90.8734904994318,131.357003093689,1878631.10354208,4.57072874286419
66800,66.8,0.0667999999999986,9.35902089768131,0.00169137267719148,-0.0257639748185607,300.7986512079,-4.79855491387214,157.380819882454,90.897593862659,131.342928626412,1878931.23645975,4.56999863304068
66900,66.9,0.0668999999999986,9.39448077505831,0.00660567257518855,0.0228168659417962,299.441077404575,-4.79846670011612,157.411211249151,90.8664114358139,131.328854159135,1878448.06697419,4.57117411610426
67000,67,0.0669999999999985,9.37831745463516,-0.0311781668299385,-0.00602036854225514,300.605422153611,-4.79855051817771,157.441043184342,90.8803464084773,131.314779691858,1878890.80837615,4.57009696567712
67100,67.1,0.0670999999999984,9.42597042144188,0.0351236083200364,-0.00203493052064914,299.152902337393,-4.79821260904046,157.375507885962,90.9003543146155,131.300705224582,1878320.85038421,4.57148371666218
67200,67.2,0.0671999999999983,9.40629142724118,-0.0169882560681786,-0.0153819156069559,300.054057062869,-4.79805487917302,157.436532855856,90.9013086263598,131.286630757305,1878867.50527568,4.57015364739013
67300,67.3,0.0672999999999986,9.44438485544012,-0.00337219185217664,0.0289850466393469,302.738829558964,-4.79813215738738,157.45851686366,90.8727363874565,131.272556290028,1878337.8270851,4.57144239890211
67400,67.4,0.0673999999999985,9.42888255012773,-0.00368726180622487,-0.0332176908682542,300.734311237246,-4.79791283651759,157.429591194315,90.9225009333067,131.258481822752,1878819.75288487,4.57026980316438
67500,67.5,0.0674999999999984,9.47116548556205,0.0287823428516867,0.00768026398124298,301.02641877532,-4.79799274343539,157.410703367276,90.9113379951367,131.244407355475,1878162.28451708,4.57186966908257
67600,67.6,0.0675999999999983,9.45136427610994,-0.0389176202860991,0.00117841313417513,299.766237099339,-4.79775119653835,157.507980707076,90.8939695092284,131.230332888198,1878762.41974569,4.57040927152502
67700,67.7,0.0676999999999987,9.50270202867766,0.0218534701444218,0.0218766369002013,300.479897802517,-4.79772685733953,157.449023505911,90.9016708995154,131.216258420921,1878016.86323314,4.57222368462434
67800,67.8,0.0677999999999986,9.47534081826671,0.00167414804945796,-0.0430345857526654,299.303532427426,-4.7974062305319,157.444812810394,90.9486445315735,131.202183953645,1878735.54443764,4.57047465122013
67900,67.9,0.0678999999999985,9.5299635274808,0.0103426414847553,0.0338680158042847,300.418183189827,-4.7973306137049,157.483538712563,90.8997332549625,131.188109486368,1877985.55470636,4.57229990969823
68000,68,0.0679999999999984,9.49897725705332,-0.0406390881901716,-0.00732002089593911,300.633117541648,-4.79721258889399,157.528243837632,90.9195043112704,131.174035019091,1878725.66705132,4.57049868045684
68100,68.1,0.0680999999999983,9.55313529264765,0.0467590639058092,-0.00345054674574626,300.766014398148,-4.79728486414847,157.433428164111,90.9429444046972,131.159960551814,1877877.42387402,4.57256318917997
68200,68.2,0.0681999999999986,9.51958305969561,-0.027848988290492,-0.0202780839194522,300.484600300039,-4.79731083489211,157.510626659399,90.9423994052274,131.145886084538,1878585.38575045,4.5708399774271
68300,68.3,0.0682999999999985,9.5756124458328,0.00693374535896683,0.037700423206049,299.525636965948,-4.79708219020276,157.515591780193,90.9106551123697,131.131811617261,1877787.30074127,4.57278264626073
68400,68.4,0.0683999999999984,9.54845790615236,-0.00686111558745286,-0.036657786943545,299.233435777531,-4.79680587021863,157.506389584417,90.9616010544381,131.117737149984,1878528.1959273,4.57097913186222
68500,68.5,0.0684999999999984,9.6023529655811,0.0270559487906906,0.0194897540103036,299.82043749527,-4.79665198245713,157.492081703628,90.9446456783226,131.103662682708,1877805.83235249,4.57273751857568
68600,68.6,0.0685999999999987,9.57636311891117,-0.0306806230725665,-0.00654450507997251,299.733844191678,-4.79655523052914,157.559584949103,90.9460046234616,131.089588215431,1878437.07779882,4.5712008582478
68700,68.7,0.0686999999999986,9.62516092313681,0.0177163966358576,0.0168778084114297,300.640915627252,-4.79661130029236,157.516613626023,90.9467704870352,131.075513748154,1877738.9590743,4.57290037079041
68800,68.8,0.0687999999999985,9.60179848274096,-0.00822493791763454,-0.0265249490866089,299.750274804205,-4.79649419993226,157.527903196566,90.9768367727369,131.061439280877,1878292.64436701,4.57155236589462
68900,68.9,0.0688999999999984,9.6463286723863,0.0125508612717889,0.0186186797665836,299.223722307444,-4.79641270679539,157.538434623289,90.9523349776954,131.047364813601,1877710.65676713,4.57296929708131
69000,69,0.0689999999999983,9.63275932900116,-0.0187182421243528,-0.0120730592738985,299.806660522979,-4.79644201597059,157.566877447536,90.965792347999,131.033290346324,1878125.81403472,4.57195844816801
69100,69.1,0.0690999999999986,9.66974890097126,0.0221936292941047,0.00554020488354675,299.666577007537,-4.79615213548809,157.532627045692,90.9734710509646,131.019215879047,1877674.36341524,4.57305768747909
69200,69.2,0.0691999999999986,9.66025059065614,-0.00581140917427835,-0.0185300480733629,300.110336609699,-4.79592465031331,157.569224515323,90.9832992693511,131.00514141177,1878111.70431539,4.57199279599214
69300,69.3,0.0692999999999985,9.69233755803319,0.00181454068300477,0.0249987174639644,300.76391003203,-4.79587419896585,157.586151371274,90.9615705943537,130.991066944494,1877663.13312411,4.57308503890772
69400,69.4,0.0693999999999984,9.68730743256878,-0.00739236100745169,-0.00917235761845375,299.151005995802,-4.79568063021249,157.589590691757,90.9844372507759,130.976992477217,1877974.34309436,4.57232720658474
69500,69.5,0.0694999999999987,9.71719360428232,0.0194066926858444,0.00446701034243147,298.587092119418,-4.79569692294643,157.565777096713,90.9878520092301,130.96291800994,1877559.25206769,4.57333805723693
69600,69.6,0.0695999999999986,9.71176249947952,-0.015275805017355,8.7401469833096e-05,299.530340339231,-4.79570451005743,157.609319294703,90.9857467044193,130.948843542664,1877832.81616056,4.57267180991914
69700,69.7,0.0696999999999985,9.74004671478789,0.00855259677143222,0.00882376379408334,299.850710022951,-4.79553582260318,157.60534455371,90.9852727388259,130.934769075387,1877573.85282379,4.57330249315329
69800,69.8,0.0697999999999984,9.73954170273571,-0.00719286578734863,-0.00919357804403984,300.338673153575,-4.79542225120951,157.602714568855,91.0072205701425,130.92069460811,1877793.55989908,4.57276740402708
69900,69.9,0.0698999999999983,9.76727293199946,0.0121148107765087,0.00102803386067501,298.751952529374,-4.7950286927684,157.603298618832,91.0058040990585,130.906620140833,1877569.42441344,4.57331327968391
70000,70,0.0699999999999987,9.76549082089233,-0.0106024523831737,0.00182346810131275,300.655336291508,-4.795078172787,157.634035991801,91.0045312276944,130.892545673557,1877707.43664044,4.57297713937888
70100,70.1,0.0700999999999986,9.7860449309957,-0.00106683390307564,0.00549806869686829,300.305152792656,-4.79494861718348,157.623147688311,91.0137642674024,130.87847120628,1877566.31988351,4.57332084159414
70200,70.2,0.0701999999999985,9.79305403465242,0.0078280689831743,-0.0154787284539214,299.589688121223,-4.79495819380394,157.622422967992,91.0237860094587,130.864396739003,1877562.49767764,4.57333015162978
70300,70.3,0.0702999999999984,9.80813959564084,-0.00736838290016743,0.0125187608499621,298.570061748702,-4.79479976930521,157.656895505634,91.0085002285085,130.850322271726,1877455.81334624,4.57359002601193
70400,70.4,0.0703999999999983,9.81991257734841,-0.00696302586774855,-0.00151114413540194,300.280124489633,-4.79475507247458,157.659832464969,91.0193625117114,130.83624780445,1877512.90528815,4.5734509509966
70500,70.5,0.0704999999999986,9.83418966901005,0.0127961140693167,-0.0125883182101414,299.809474371966,-4.79445704407341,157.643090951181,91.0369325059271,130.822173337173,1877473.93794483,4.57354587387661
70600,70.6,0.0705999999999985,9.84440742644399,-0.00355597266433794,0.00716224159753325,300.511565714408,-4.79442389778997,157.668287705605,91.0291252154089,130.808098869896,1877410.98284144,4.57369923830027
70700,70.7,0.0706999999999984,9.85443711224944,-0.00606195993675749,0.00403099024062655,300.717525959931,-4.79439036805823,157.690782997983,91.0265915207928,130.79402440262,1877424.55331371,4.57366617851177
70800,70.8,0.0707999999999984,9.86808999181342,0.001766260584117,0.00415607526027553,299.317947174479,-4.79416542278723,157.676215761604,91.0417908263846,130.779949935343,1877362.53583374,4.57381726667145
70900,70.9,0.0708999999999987,9.88098346098701,0.00724700342409767,-0.000885717894719114,299.0299733019,-4.79407235808373,157.67541268344,91.0484079800886,130.765875468066,1877287.37052534,4.57400039920131
71000,71,0.0709999999999986,9.89190484958141,-0.00163386710015355,0.000971651125554535,298.700865154735,-4.79403028574173,157.706715405024,91.039756019699,130.751801000789,1877279.55979278,4.57401943008761
71100,71.1,0.0710999999999985,9.90613189673372,-0.00399538385527471,0.0106996005016003,298.524582061148,-4.79387354100889,157.710098110691,91.0442007146603,130.737726533513,1877209.3902247,4.57419040566949
71200,71.2,0.0711999999999984,9.91840955931449,0.0118150024170048,-0.0128580988897795,299.513653558591,-4.79367687778505,157.69666406519,91.0631334310105,130.723652066236,1877237.70563937,4.57412141062546
71300,71.3,0.0712999999999983,9.93497435508043,-7.00466585644902e-05,0.00620083301193873,299.212550505254,-4.79343097293151,157.721873499472,91.0560230655425,130.709577598959,1877189.06919777,4.57423992238996
71400,71.4,0.0713999999999986,9.93692770351633,-0.0113557626169565,0.00639463265060668,300.99906851566,-4.79354581155014,157.741718066026,91.0562424919763,130.695503131682,1877227.62458857,4.57414597448213
71500,71.5,0.0714999999999986,9.95281591802448,0.0109363099048632,-0.0119484320501252,300.034814030942,-4.79347855399069,157.718024157346,91.0751987149236,130.681428664406,1877134.22872493,4.57437355880038
71600,71.6,0.0715999999999985,9.96541812233109,-0.00333267408841346,0.00248604177777086,298.121376596092,-4.79333139272761,157.736204489355,91.0711158831462,130.667354197129,1877064.2651686,4.57454405879236
71700,71.7,0.0716999999999984,9.97957366304862,-0.00663743205797945,0.00985415768848531,298.992437657969,-4.79325781299138,157.764770443214,91.0621732509195,130.653279729852,1877017.65144757,4.57465766268971
71800,71.8,0.0717999999999987,9.98705289359303,0.00610642833496261,-0.0065858940187299,299.289439726781,-4.79306531060121,157.750148153251,91.08362617455,130.639205262576,1877083.6104238,4.5744969134645
71900,71.9,0.0718999999999986,10.0026076122878,0.00439168520267662,-0.000633721009539091,301.198989438987,-4.79307500120327,157.745257865358,91.0917289381439,130.625130795299,1876990.15980191,4.57472466616697
72000,72,0.0719999999999985,10.0117637364377,-0.00446126056774837,0.00369506513154388,299.357952014396,-4.79266075387415,157.786487284868,91.0817818363596,130.611056328022,1877073.45389098,4.57452166530781
72100,72.1,0.0720999999999984,10.031274449875,-0.00488706219381162,0.0099561258119555,300.419509751949,-4.79266040718771,157.7844823722,91.086010383805,130.596981860745,1876934.4687947,4.57486040400363
72200,72.2,0.0721999999999983,10.0365667800565,0.00773866044816045,-0.0142207394365918,300.100981909504,-4.79267996568683,157.762588075571,91.1100227638476,130.582907393469,1876966.4557006,4.57478244010141
72300,72.3,0.0722999999999987,10.0547901569471,0.00451898310438821,0.00512118410653442,299.22684078243,-4.79261406086708,157.79135669045,91.0948523078677,130.568832926192,1876793.83660665,4.57520320810716
72400,72.4,0.0723999999999986,10.0605065363408,-0.0231078002633087,0.00797336807518881,300.346276014751,-4.79257649487927,157.827475104991,91.0902240718116,130.554758458915,1876925.71657513,4.57488173685789
72500,72.5,0.0724999999999985,10.0844658070965,0.0174042883589813,-0.00524257771790932,299.939242589749,-4.79220315325045,157.784226563497,91.1164675778222,130.540683991639,1876749.65122282,4.57531092471694
72600,72.6,0.0725999999999984,10.082637253518,-0.000284762553977658,-0.0154813168136152,301.316150256604,-4.79221277817415,157.802376978087,91.1241959221732,130.526609524362,1876922.35524214,4.57488992989841
72700,72.7,0.0726999999999983,10.104305892572,-0.0116652504853704,0.022169276471272,300.161027930598,-4.7920207808892,157.84510496809,91.0985752027135,130.512535057085,1876700.32097787,4.5754311896341
72800,72.8,0.0727999999999986,10.1092637967156,-0.00232304044880774,-0.00372049924100525,298.808096199983,-4.79182543461974,157.832350248372,91.1212818555075,130.498460589808,1876813.99289133,4.57515407212527
72900,72.9,0.0728999999999985,10.1269167276927,0.0146501749938914,-0.0089609919808341,299.149277571378,-4.79195573274203,157.801546203377,91.1396545118428,130.484386122532,1876623.62306602,4.57561818824892
73000,73,0.0729999999999984,10.1361306244873,-0.00666012763046209,0.00813498195425316,298.448772406516,-4.79184908737789,157.851902587979,91.1204168246726,130.470311655255,1876623.7931984,4.57561777342906
73100,73.1,0.0730999999999984,10.1480216919222,-0.0143190146568484,0.0120905504616069,299.308762266654,-4.79161700541291,157.868072390065,91.1220050519183,130.456237187978,1876646.27610413,4.57556295586202
73200,73.2,0.0731999999999987,10.163691278262,0.0162493052796005,-0.0105931953681088,299.685056345591,-4.79143675902699,157.821415308212,91.1555950108743,130.442162720701,1876580.74009173,4.57572274869385
73300,73.3,0.0732999999999986,10.1727322877033,0.0066438105697171,-0.0105845373391734,299.607660837319,-4.79124079726269,157.854946905913,91.1490477901688,130.428088253425,1876642.1271732,4.57557307163976
73400,73.4,0.0733999999999985,10.1876823976854,-0.0210128017512318,0.027164084736146,300.768900307217,-4.7911993135904,157.910879351681,91.1207627400952,130.414013786148,1876521.99800668,4.5758659857543
73500,73.5,0.0734999999999984,10.191864245763,0.00270296982688015,-0.00730391116146873,299.580374804306,-4.7909601364184,157.868675398133,91.1612041967082,130.399939318871,1876650.53817961,4.57555256426577
73600,73.6,0.0735999999999983,10.214261739273,0.0300108823770144,-0.0147654630272337,299.555359361765,-4.79101698906204,157.842905754356,91.1738854806392,130.385864851595,1876402.67106324,4.57615698091759
73700,73.7,0.0736999999999986,10.2178815971427,-0.0290868841442943,0.0182864230445204,300.083929939943,-4.79107627293829,157.931802186728,91.1371534039358,130.371790384318,1876500.48294544,4.57591845045537
73800,73.8,0.0737999999999985,10.238172843073,-0.000982829064868855,0.01543207394621,299.638116200242,-4.79081676720382,157.910760359971,91.1494928781541,130.357715917041,1876301.92343215,4.57640269668944
73900,73.9,0.0738999999999985,10.2332192449592,0.0159597905355387,-0.0314769824024127,300.329038247836,-4.79054447190282,157.87195863079,91.1974351611526,130.343641449764,1876624.88628864,4.57561510823839
74000,74,0.0739999999999984,10.2628884140918,0.00213479349200245,0.0156151583137417,301.075276500757,-4.79051096755394,157.919742596895,91.1636311997532,130.329566982488,1876294.45583869,4.57642091062956
74100,74.1,0.0740999999999987,10.2635089144462,-0.0184554528820062,0.00775057769866685,299.96066811782,-4.79035500140683,157.959398053409,91.1589518921607,130.315492515211,1876466.61892645,4.57600103065571
74200,74.2,0.0741999999999986,10.2882139851039,0.0171056949695593,-0.004501640111167,300.502231213123,-4.79041035591547,157.900996711695,91.1897729716928,130.301418047934,1876204.39070117,4.57664059670464
74300,74.3,0.0742999999999985,10.285819485774,0.00112461832501922,-0.0146409039589316,299.627168964332,-4.79026124515093,157.925095709984,91.1949290757581,130.287343580657,1876394.1403577,4.57617778563388
74400,74.4,0.0743999999999984,10.3124353104396,-0.00638069981643342,0.0203264545970319,299.609640233652,-4.79011248784863,157.966989313095,91.1676948667551,130.273269113381,1876128.69788041,4.57682524226589
74500,74.5,0.0744999999999983,10.309851478025,-0.00695008672048571,-0.00157071817814787,300.296610532334,-4.78988123800381,157.953929972232,91.1971035704349,130.259194646104,1876376.00199612,4.57622202216602
74600,74.6,0.0745999999999987,10.3374038552824,0.025908836866834,-0.0144028628012721,300.381560548534,-4.78967701425592,157.921191230434,91.2146324454509,130.245120178827,1876144.93212519,4.57678563908809
74700,74.7,0.0746999999999986,10.3432907600352,-0.0137291741678792,-0.000211806627146739,300.440660736531,-4.78959777834124,157.986322709177,91.1932845678669,130.231045711551,1876276.66196315,4.57646431161927
74800,74.8,0.0747999999999985,10.3652339346078,-0.00860298025707877,0.0190402628327591,299.149742081379,-4.7895307588004,157.989908452481,91.1898743111205,130.216971244274,1876046.30829794,4.57702624088681
74900,74.9,0.0748999999999984,10.3614625115873,0.0102811552591856,-0.0205529779182047,299.844998835032,-4.7895900422839,157.955625928843,91.2255789810001,130.202896776997,1876170.80579097,4.57672252211516
75000,75,0.0749999999999987,10.3870461436882,0.0080751591507847,0.00634348215561456,298.735125544267,-4.78926446561518,157.977697380661,91.21398063008,130.18882230972,1875991.58868032,4.57715974528374
75100,75.1,0.0750999999999986,10.3865780170349,-0.0218778024744845,0.0120844322032525,299.807088990378,-4.7891794224028,158.027837746083,91.2024202026424,130.174747842444,1876146.321033,4.57678225090177
75200,75.2,0.0751999999999985,10.4061486596206,0.0129556938414893,-0.00172059034153987,299.804027494616,-4.78899620693602,157.989394850199,91.2264149495121,130.160673375167,1875980.54618992,4.57718668759008
75300,75.3,0.0752999999999984,10.4128039018771,0.00823969820949397,-0.00385789472752538,299.733283255188,-4.78886856933269,157.988194935453,91.240305841211,130.14659890789,1876049.06658847,4.57701951144225
75400,75.4,0.0753999999999984,10.4283256508884,-0.00229019132113228,0.00924072666099765,301.116788396989,-4.78896401484221,158.02888689025,91.2210824579737,130.132524440613,1875934.01066485,4.57730023198163
75500,75.5,0.0754999999999987,10.4366390249089,-0.011299889574774,0.0086478888040475,298.760976798273,-4.78879720103762,158.036991487408,91.2270325575889,130.118449973337,1875949.67218105,4.57726201802377
75600,75.6,0.0755999999999986,10.4550801833583,0.017041245111096,-0.0129174525736455,299.953931107034,-4.78890124924733,158.00127387039,91.2505357381524,130.10437550606,1875805.97026428,4.57761267333461
75700,75.7,0.0756999999999985,10.4610765014406,-0.0026379593589868,-0.00212685868322544,299.698363530963,-4.78855211161835,158.043566210408,91.2421979399514,130.090301038783,1875933.6685336,4.57730106678593
75800,75.8,0.0757999999999984,10.478502843054,-0.00779012737398275,0.0184971362072882,299.430750229554,-4.78825913103608,158.065432836772,91.2342678729493,130.076226571507,1875827.18748607,4.57756089659099
75900,75.9,0.0758999999999983,10.4835285051339,0.0070337791775186,-0.0179469193268198,300.996005387365,-4.7882674116585,158.039576847544,91.2638749485433,130.06215210423,1875925.98188817,4.57731982237151
76000,76,0.0759999999999986,10.5038137888864,0.00410465290654924,0.000154827496618122,300.255537764717,-4.78806063149472,158.049633236493,91.2608228974947,130.048077636953,1875779.60573066,4.57767701278198
76100,76.1,0.0760999999999985,10.5083216380842,-0.0140324508335006,0.00454300967386974,299.713382901464,-4.78798768664258,158.088138250048,91.2522597687297,130.034003169676,1875857.50785387,4.57748690731971
76200,76.2,0.0761999999999985,10.5249688286825,4.64631475877675e-05,0.00018993561956057,299.420043916199,-4.78800161716584,158.069390487756,91.2654779781137,130.0199287024,1875703.69896514,4.57786226413901
76300,76.3,0.0762999999999984,10.5346302889646,0.0115442877814764,-0.014593678359585,299.068833044182,-4.78781556044434,158.05484160551,91.2842237143564,130.005854235123,1875713.22203117,4.57783902216145
76400,76.4,0.0763999999999987,10.5472630986944,-0.00628667266374839,0.00581428138096893,300.310909859485,-4.78758943527919,158.10409597093,91.2650208799845,129.991779767846,1875699.95779875,4.57787139488743
76500,76.5,0.0764999999999986,10.556851819791,-0.00874346680685244,0.00927304871623981,300.295256165224,-4.7874302068549,158.122512727082,91.265368949361,129.977705300569,1875722.4929729,4.5778163957447
76600,76.6,0.0765999999999985,10.5670319057533,0.0112030565901357,-0.0158192725828767,300.558490536648,-4.78738810997302,158.079557664933,91.2992255869425,129.963630833293,1875705.45597476,4.5778579759668
76700,76.7,0.0766999999999984,10.5866656609965,0.00730304679195638,0.00154711934836803,298.650650314427,-4.78714095793747,158.103572388776,91.2879045031828,129.949556366016,1875554.64618377,4.578226072842
76800,76.8,0.0767999999999983,10.5933711748614,-0.022944541914577,0.010683642267844,299.152169815056,-4.78720910021197,158.151837932626,91.2726589738793,129.935481898739,1875610.72522195,4.57808918808692
76900,76.9,0.0768999999999986,10.609356887504,0.0126253640108522,-0.00222126787250792,299.238257726662,-4.78716629587266,158.103805786999,91.3013312313361,129.921407431463,1875426.94170382,4.57853782051221
77000,77,0.0769999999999986,10.6073213267105,0.013896934575709,-0.0268659826803164,300.228511130028,-4.78699229733503,158.109917196741,91.3186330160568,129.907332964186,1875651.63359349,4.57798933896244
77100,77.1,0.0770999999999985,10.6375542626785,-0.0194524938042454,0.0296482176410234,300.185767823473,-4.78667059641428,158.182710647133,91.2768717076057,129.893258496909,1875453.80922117,4.57847222895047
77200,77.2,0.0771999999999984,10.6366230844136,-0.0137936155158162,0.0010480790302063,300.42328257744,-4.78657095627854,158.164333516781,91.3053880139612,129.879184029632,1875618.52508567,4.57807014984899
77300,77.3,0.0772999999999983,10.6595755121592,0.0359071346388098,-0.0278801527914278,300.709339891788,-4.78656840720867,158.094750884546,91.3439574780237,129.865109562356,1875382.07346127,4.5786473613617
77400,77.4,0.0773999999999986,10.6577411166451,-0.0280714291641219,0.00821672802434466,300.89543975509,-4.78665905618833,158.194543313508,91.3030655033637,129.851035095079,1875522.48109074,4.57830458913226
77500,77.5,0.0774999999999985,10.6833236649363,-0.0199820247964221,0.0326907485568832,300.065371977155,-4.78647700143942,158.213579694798,91.2881470777895,129.836960627802,1875238.40762222,4.57899814087442
77600,77.6,0.0775999999999984,10.6830776368268,0.0222583129812344,-0.0389818330953232,299.874114019892,-4.78610127733272,158.127375885201,91.3623900411078,129.822886160525,1875537.6038936,4.5782676734247
77700,77.7,0.0776999999999984,10.709532325628,0.019429819239918,-0.00658516564618603,300.429076601098,-4.78592478623477,158.152804635614,91.3448529864563,129.808811693249,1875275.81825004,4.57890679260792
77800,77.8,0.0777999999999987,10.7089612067877,-0.0347844526110522,0.0200515014124499,300.066229276263,-4.78582091982555,158.25876272343,91.3015625298096,129.794737225972,1875439.50396963,4.57850715206942
77900,77.9,0.0778999999999986,10.7354765086663,0.00641929172907904,0.00749082949987063,299.863209790978,-4.78579097058369,158.194529245365,91.3350240769325,129.780662758695,1875162.00962245,4.57918469878095
78000,78,0.0779999999999985,10.7302888725328,0.0152662364883588,-0.0323068733050914,299.876942745779,-4.78577200395514,158.159247221765,91.374940463825,129.766588291419,1875359.71641418,4.57870194557494
78100,78.1,0.0780999999999984,10.7556485540344,-0.00309708229976543,0.0158197915682336,299.744656551306,-4.78558032073837,158.230100699112,91.3311328695487,129.752513824142,1875096.96014409,4.57934355647328
78200,78.2,0.0781999999999983,10.7565902096686,-0.0272780975550818,0.0118097843432276,301.028599094678,-4.78536769147717,158.259801418286,91.3358203631957,129.738439356865,1875341.73924413,4.5787458373637
78300,78.3,0.0782999999999986,10.7757095470712,0.0241002820865559,-0.00911469337522043,300.286090044906,-4.78511257076396,158.200722506462,91.3704329254593,129.724364889588,1875148.63631343,4.57921735691314
78400,78.4,0.0783999999999985,10.7795959632407,0.00297931789265343,-0.00652518298035317,299.762482003195,-4.78505310202015,158.233680987086,91.3654233050734,129.710290422312,1875232.98514544,4.57901138163506
78500,78.5,0.0784999999999985,10.8001943580706,-0.0123350021229251,0.0207721101733364,299.935857066292,-4.78506192685109,158.264714426251,91.3485821727573,129.696215955035,1875051.56111304,4.57945443222978
78600,78.6,0.0785999999999984,10.8059803590626,0.00305998410301176,-0.0127782882416297,299.59191280955,-4.78490883714422,158.248088642242,91.3734446622807,129.682141487758,1875161.35602237,4.57918629488652
78700,78.7,0.0786999999999987,10.8256679287978,0.00712198587514051,-0.0079723402495927,300.079223220543,-4.78479219389271,158.247693210812,91.3777810859167,129.668067020481,1875042.14066334,4.57947743999008
78800,78.8,0.0787999999999986,10.8322898935469,-0.0162119557718244,0.00764165031583596,300.119859437822,-4.784629101283,158.285250081062,91.3684919540007,129.653992553205,1875092.93963216,4.57935337534945
78900,78.9,0.0788999999999985,10.8465260281499,0.0062239802867925,-0.00412571400345379,299.992635016609,-4.78446688637169,158.272730809195,91.3813000940136,129.639918085928,1875003.90321578,4.57957083047752
79000,79,0.0789999999999984,10.8556608402977,-0.000372491892952306,-0.00431188192010596,300.326583651918,-4.78440334419917,158.27572717218,91.3905826419407,129.625843618651,1875026.28143652,4.57951617383192
79100,79.1,0.0790999999999983,10.8699363351884,0.00110239941775368,0.00329647669456011,299.375327086908,-4.78430367910809,158.293319574933,91.3865181403889,129.611769151375,1874947.6926569,4.5797081251001
79200,79.2,0.0791999999999986,10.8786266485527,0.00266238794369342,-0.00476533160032634,297.869226126118,-4.78409239341542,158.302200853681,91.3931976631038,129.597694684098,1874986.3128519,4.57961379416038
79300,79.3,0.0792999999999986,10.9005968608792,-0.00173261688599509,0.00756162284286569,299.865686851144,-4.78408145485927,158.298618312483,91.3968757697015,129.583620216821,1874815.70746467,4.58003053207314
79400,79.4,0.0793999999999985,10.9029464945814,0.0030314722952562,-0.00635708795397971,300.722811336359,-4.78389746843811,158.312777623986,91.405142382308,129.569545749544,1874949.32522689,4.57970413742217
79500,79.5,0.0794999999999984,10.9143117046569,-0.00583311298597463,0.00246193698877597,301.139433051721,-4.7837715651166,158.3294852521,91.4040982557887,129.555471282268,1874922.09395729,4.57977065280348
79600,79.6,0.0795999999999987,10.9254815335269,-0.0053554626440025,0.00298854783885575,300.310361669888,-4.78360830671093,158.327819548341,91.4134880349104,129.541396814991,1874891.27025437,4.57984594543102
79700,79.7,0.0796999999999986,10.9388240980674,0.00916781085968441,-0.00984421714655162,299.466418327645,-4.78362358763865,158.32998658359,91.4184971755928,129.527322347714,1874815.95292257,4.58002993243845
79800,79.8,0.0797999999999985,10.9564718207851,-0.00516226809945393,0.0151603959741626,299.862841867475,-4.78357433233471,158.350711422715,91.4096584483905,129.513247880437,1874676.3459979,4.58037100672314
79900,79.9,0.0798999999999984,10.9599822205995,-0.00786062994192915,0.000473274367870829,300.015228928027,-4.78334897975884,158.349578429172,91.4275003393018,129.499173413161,1874825.07763917,4.58000764157214
80000,80,0.0799999999999984,10.9841907038182,0.0169599513991287,-0.00838514206994753,300.213660332349,-4.7831618412277,158.334580852787,91.436935327089,129.485098945884,1874637.20148675,4.58046664996751
80100,80.1,0.0800999999999987,10.9822597417888,-0.0158210364614983,0.00216283919292028,299.924476230022,-4.78293664427123,158.382104940409,91.4298232461772,129.471024478607,1874850.20776069,4.57994625205518
80200,80.2,0.0801999999999986,11.0080375235242,0.00308746180189654,0.0125728465845838,299.896199854878,-4.78275453390494,158.387989203571,91.4243638570417,129.456950011331,1874604.10336978,4.58054752294794
80300,80.3,0.0802999999999985,11.0022088478399,0.00195616419385754,-0.0209802367176616,301.37612440899,-4.7827179137686,158.37159543801,91.4561864603288,129.442875544054,1874858.65585968,4.57992561485186
80400,80.4,0.0803999999999984,11.0298599628398,0.00588460371504478,0.00945429437418409,301.648076288587,-4.78254833179919,158.368868227144,91.4541608258801,129.428801076777,1874580.99780223,4.58060398151139
80500,80.5,0.0804999999999987,11.0223974822945,-0.0151789479245853,-0.00304592486002051,301.07569700653,-4.78248608023198,158.419691700174,91.4461413353514,129.4147266095,1874814.25803696,4.58003407291626
80600,80.6,0.0805999999999986,11.0526290087865,0.00566259590417191,0.0178459315574882,300.266910412077,-4.78244953768547,158.400147835086,91.4466558118099,129.400652142224,1874389.6420571,4.58107161367726
80700,80.7,0.0806999999999986,11.048570021737,-0.00158616507803547,-0.0175957173762174,298.618518206742,-4.78214470517756,158.394526865378,91.4773746307461,129.386577674947,1874748.81928746,4.58019394057389
80800,80.8,0.0807999999999985,11.0815020669865,0.0163354685998987,0.00766644341091097,299.689605138586,-4.78206299301485,158.412436891319,91.4579594159342,129.37250320767,1874358.94653142,4.5811466358077
80900,80.9,0.0808999999999984,11.0679910734531,-0.0297571304770435,0.00219745975015101,300.73998516266,-4.78185784601129,158.460508904222,91.4612741159123,129.358428740393,1874791.71309462,4.58008914922331
81000,81,0.0809999999999987,11.105274137029,0.025058748261589,-0.00429185467372683,301.201067610154,-4.78172194492151,158.406838474708,91.481008294802,129.344354273117,1874357.14487655,4.58115103926153
81100,81.1,0.0810999999999986,11.0878356231731,-0.00583595732185616,-0.0250640513000839,301.308849924439,-4.78171295414469,158.440080475172,91.4914808551171,129.33027980584,1874761.07788951,4.58016399181108
81200,81.2,0.0811999999999985,11.1296433859655,-0.0032049882533863,0.0320792237036441,300.465700699069,-4.78153433613914,158.463524919471,91.4625978957276,129.316205338563,1874242.56778989,4.58143109636227
81300,81.3,0.0812999999999984,11.1129936383941,-0.00652194041980997,-0.0196713558990488,300.584132322557,-4.78150564411205,158.457073569279,91.4965534827599,129.302130871287,1874657.99453759,4.58041584503338
81400,81.4,0.0813999999999983,11.1509884548475,0.0249545874026019,0.00459371182139346,300.55312613429,-4.78146169644669,158.433563258373,91.4949858336324,129.28805640401,1874143.71483451,4.58167274698926
81500,81.5,0.0814999999999986,11.1410209078215,-0.0285488707003585,0.00182743721294949,299.372854250314,-4.78121399525045,158.504669058088,91.4851294439616,129.273981936733,1874578.76423981,4.58060943930548
81600,81.6,0.0815999999999986,11.1824920025991,0.0174032601116571,0.0154612759852268,299.362716411833,-4.78092865461172,158.475449014023,91.4885041731982,129.259907469456,1874098.26511398,4.58178385949055
81700,81.7,0.0816999999999985,11.1623994211567,-0.0063188460452149,-0.0261920551139121,300.544722507102,-4.78078101159986,158.469203951271,91.5276530237962,129.24583300218,1874622.18566539,4.58050333974397
81800,81.8,0.0817999999999984,11.204300225652,0.0148214398249495,0.0159777204072022,299.930737854382,-4.78059266852097,158.486223867194,91.5025012070885,129.231758534903,1874104.21572957,4.58176931150851
81900,81.9,0.0818999999999987,11.1828680950958,-0.0284513778321713,-0.00240432209013024,299.756083587902,-4.78062709394917,158.541678822786,91.502268825201,129.217684067626,1874551.03379381,4.58067720078031
82000,82,0.0819999999999986,11.2280334035658,0.0209517178321526,0.00893177978689126,299.29201060678,-4.78055080450055,158.478056745676,91.5208381076157,129.203609600349,1873974.91289832,4.58208545007582
82100,82.1,0.0820999999999985,11.2084215871535,-0.00769585240695656,-0.0267935632474162,299.326436627653,-4.78038785437783,158.506655900942,91.5399023414206,129.189535133073,1874499.30526141,4.58080360878074
82200,82.2,0.0821999999999984,11.2536964142725,0.00340049525430154,0.023922198391436,299.691336626645,-4.780184814125,158.539371159584,91.5050798343967,129.175460665796,1873968.79368502,4.58210041230908
82300,82.3,0.0822999999999983,11.228150164709,-0.027859387240756,-0.00899783279805232,301.131387606591,-4.78013135873859,158.559850914778,91.5292297514384,129.161386198519,1874501.24753175,4.58079886236673
82400,82.4,0.0823999999999987,11.2686567991179,0.0356442642403045,-0.00522608619325852,300.324534329156,-4.7798734527994,158.504064281643,91.5471427154274,129.147311731243,1874004.23174797,4.58201376321827
82500,82.5,0.0824999999999986,11.2542792046056,-0.0151210072298935,-0.0127331315694468,299.567868306954,-4.77986331077722,158.558165831695,91.5435846546902,129.133237263966,1874366.72767428,4.58112761788772
82600,82.6,0.0825999999999985,11.2925691003981,-0.00307794167251661,0.0282737620830186,299.36015488609,-4.77982109928645,158.56855243914,91.5240196885685,129.119162796689,1873884.62925759,4.58230621465764
82700,82.7,0.0826999999999984,11.2797618722986,0.00329801345608621,-0.0273420523259153,298.364322154327,-4.77950154394522,158.549645029174,91.5664652488115,129.105088329412,1874325.79702944,4.5812276583971
82800,82.8,0.0827999999999983,11.3167287506732,0.0206085986822223,0.00562567374967131,300.782500153721,-4.77947359146721,158.544696517551,91.5567688196299,129.091013862136,1873864.51900808,4.58235539181018
82900,82.9,0.0828999999999986,11.304586567559,-0.0310339196434162,0.00724821502736609,300.22186082198,-4.77924567551029,158.621182333649,91.5437301790169,129.076939394859,1874297.15801299,4.58129765895902
83000,83,0.0829999999999985,11.3353649134753,0.0125620933476586,0.00727600625979339,299.82876300418,-4.77912240013801,158.580211261456,91.5583450424693,129.062864927582,1873907.83661084,4.58224946522902
83100,83.1,0.0830999999999985,11.3255641467798,0.00286417842588084,-0.0191570976055045,299.081616036764,-4.77898834706858,158.568858278333,91.5888579414886,129.048790460305,1874193.73260564,4.58155047304561
83200,83.2,0.0831999999999984,11.353876406577,0.00551129831430439,0.0144522550766964,298.698185907626,-4.77904522319371,158.6094587758,91.5576221908252,129.034715993029,1873829.87477005,4.58244011252739
83300,83.3,0.0832999999999987,11.3524092975173,-0.0150883880654032,0.00762808406523312,298.239252227097,-4.77893451327878,158.642333399917,91.5582399993501,129.020641525752,1874026.47420425,4.58195938018676
83400,83.4,0.0833999999999986,11.378623056682,0.014905998229599,-0.00446335099242679,298.336117120089,-4.77863772233558,158.587984534436,91.5905134837772,129.006567058475,1873840.37426858,4.5824144362084
83500,83.5,0.0834999999999985,11.3799840406888,0.00918926012809347,-0.0134754100235409,299.760742685528,-4.77857095825099,158.607125684005,91.5951781422159,128.992492591199,1873957.51819106,4.58212798254213
83600,83.6,0.0835999999999984,11.3894027200323,-0.0215573145100829,0.0156669173672324,301.135125355889,-4.77847954830905,158.668395443673,91.5694230794423,128.978418123922,1873949.80587109,4.58214684048434
83700,83.7,0.0836999999999983,11.4084086949361,0.000390815230370172,0.00038585610673782,300.453612467593,-4.77819144396862,158.639820579703,91.5928952293308,128.964343656645,1873888.08338748,4.58229776811219
83800,83.8,0.0837999999999987,11.4129865645666,0.0136498701694535,-0.0266218890456293,301.359949183537,-4.77821575137606,158.619369175813,91.6181097708049,128.950269189368,1873957.76585394,4.58212737696658
83900,83.9,0.0838999999999986,11.4345917912682,-0.00361574459013345,0.0179985658157725,298.688132950332,-4.77798761254731,158.669149392705,91.5873875791147,128.936194722092,1873712.75758894,4.58272653981803
84000,84,0.0839999999999985,11.4350802677789,-0.0147694735262364,0.00777189094600397,298.628841433252,-4.7779068415414,158.68634761898,91.5944332491726,128.922120254815,1873855.43818007,4.582377598209
84100,84.1,0.0840999999999984,11.4577867983489,0.0216538135478326,-0.0119389923123749,300.126607120014,-4.77781334118772,158.639669624793,91.6240514976137,128.908045787538,1873705.42072497,4.58274448438971
84200,84.2,0.0841999999999987,11.4549560802439,-0.00945305126672878,-0.00909597280838768,300.548022499006,-4.77761235207282,158.68574996481,91.6187383258339,128.893971320261,1873936.37075401,4.58217969201561
84300,84.3,0.0842999999999986,11.4834044414182,-0.00709884125279508,0.0209715769480561,299.962280681268,-4.77739706158164,158.707902084225,91.6019390196502,128.879896852985,1873649.69862204,4.58288077462585
84400,84.4,0.0843999999999985,11.4788370180656,0.00228987389247715,-0.0196134714121155,300.80755011544,-4.77739677313708,158.68668541747,91.6349170240093,128.865822385708,1873869.01232489,4.5823444038626
84500,84.5,0.0844999999999984,11.5063238426705,0.011610283383244,-0.000262774429262645,300.140611230814,-4.77725031381211,158.685726924346,91.632096006918,128.851747918431,1873595.35371818,4.58301370419071
84600,84.6,0.0845999999999983,11.5035158352705,-0.00998600360239274,-0.00289520858329357,299.100582193301,-4.77715991109146,158.733902554349,91.6225108988189,128.837673451155,1873763.42227944,4.58260262747188
84700,84.7,0.0846999999999987,11.5272223937873,0.000775857302207661,0.0113434344809319,299.762165211529,-4.77716854464091,158.721055371571,91.6262264314493,128.823598983878,1873483.06331874,4.58328839492561
84800,84.8,0.0847999999999986,11.523702977923,-0.00373601192433809,-0.0117946454581783,300.089336078288,-4.77685341129003,158.720624608212,91.6513532740028,128.809524516601,1873787.00563586,4.5825449511454
84900,84.9,0.0848999999999985,11.5503439356367,0.00982960897728606,0.00497466282600698,300.036768430543,-4.77657834207829,158.729625511347,91.6448678567378,128.795450049324,1873555.92845561,4.58311014460967
85000,85,0.0849999999999984,11.5468269880428,-0.0148078827337405,0.00132585699369375,300.905718827895,-4.77655344205472,158.757178568518,91.646823747136,128.781375582048,1873716.36410972,4.58271771900673
85100,85.1,0.0850999999999987,11.5728899352953,0.0122672499965974,-0.00246705609121237,300.206274948458,-4.77639050775818,158.737073621676,91.6577270095717,128.767301114771,1873497.18985268,4.58325383603787
85200,85.2,0.0851999999999986,11.5771971101004,-0.00194621605198405,-0.00546577072215274,299.742979101744,-4.77634065692908,158.755009938526,91.6628100637387,128.753226647494,1873607.98299225,4.58298281185002
85300,85.3,0.0852999999999985,11.5895255745383,-0.00226461732019353,0.00875362784392774,299.283767645453,-4.77629540804227,158.769652419864,91.6564365008528,128.739152180218,1873445.68748025,4.58337983298969
85400,85.4,0.0853999999999984,11.5949656557071,0.000528325428503082,-0.00661716025316985,300.230900829357,-4.77612478803955,158.770126291705,91.6710031484895,128.725077712941,1873544.17186191,4.58313890388026
85500,85.5,0.0854999999999984,11.6141015385878,0.0057160079494162,0.00257864278527081,300.434264507203,-4.77583242326924,158.773784652375,91.6749185633127,128.711003245664,1873462.50378208,4.5833386923218
85600,85.6,0.0855999999999987,11.6179352022884,-0.00682689547211311,-0.000731226325530303,299.84788681113,-4.77562116327106,158.79442682068,91.6783848780554,128.696928778387,1873572.02276507,4.58307077489659
85700,85.7,0.0856999999999986,11.6397382835484,0.00820709385132526,-0.00510967441317006,300.109927299227,-4.77554646766126,158.789584548054,91.6834049772551,128.682854311111,1873412.57821634,4.58346083614631
85800,85.8,0.0857999999999985,11.643565574795,-0.00205649110014653,-0.00234474056029438,299.811899147807,-4.77545565479087,158.808262596147,91.6850262582625,128.668779843834,1873461.14667629,4.58334201242026
85900,85.9,0.0858999999999984,11.6538487271903,-0.00473973769513402,0.00819972405270788,300.090422353068,-4.77547541328167,158.824499320051,91.6816128246228,128.654705376557,1873377.99287676,4.58354545363945
86000,86,0.0859999999999983,11.6637682955602,0.00102181843950144,-0.00790555962883109,299.532416849143,-4.77527692778028,158.80893307607,91.7030657220847,128.64063090928,1873427.72982957,4.58342376675488
86100,86.1,0.0860999999999986,11.6841559499304,0.0111861440581607,-0.00213998906852151,300.167057088972,-4.77497808026405,158.814246373591,91.7052890647229,128.626556442004,1873330.8501936,4.58366079932495
86200,86.2,0.0861999999999986,11.6835586896107,-0.0131912753421148,0.00202364549532322,300.858581423079,-4.77483778203143,158.863522811777,91.6941113262203,128.612481974727,1873478.67471217,4.58329913123653
86300,86.3,0.0862999999999985,11.7052198952589,-0.000979546115792632,0.00986327730102626,300.93030779856,-4.77477346655218,158.851521381964,91.7013351085312,128.59840750745,1873279.70441022,4.58378594610455
86400,86.4,0.0863999999999984,11.7071554750252,0.00411796343132517,-0.0186384072296959,299.688476039811,-4.77464329991207,158.835028125173,91.7283671449013,128.584333040174,1873432.29935189,4.58341258724376
86500,86.5,0.0864999999999987,11.7324073135538,0.00433582818603769,0.0110687394083906,299.000068497012,-4.77452428796473,158.859899727475,91.7093654605138,128.570258572897,1873132.46022014,4.58414627078178
86600,86.6,0.0865999999999986,11.7247956535156,-0.0202791234801497,0.00521076688706972,299.804603399452,-4.77431436627959,158.898633975326,91.7114901823982,128.55618410562,1873427.48196101,4.58342437317635
86700,86.7,0.0866999999999985,11.7512404618357,0.0191650275827263,-0.00376549079251009,300.029946354746,-4.77397294022733,158.855049201936,91.7363041117947,128.542109638343,1873215.25506111,4.58394365463267
86800,86.8,0.0867999999999984,11.747801817525,-0.000306271233387989,-0.0201374791430937,300.591551962217,-4.77397332853843,158.877224016397,91.7443296063586,128.528035171067,1873435.48933265,4.58340478286616
86900,86.9,0.0868999999999983,11.7777692978477,-0.01311927533355,0.0273168510063307,299.816153882173,-4.77390988582155,158.920450823597,91.7122268594368,128.51396070379,1873084.35088999,4.58426401251951
87000,87,0.0869999999999987,11.7716392347585,-0.000600548178938597,-0.0122364390697919,299.587612891676,-4.77383575275761,158.899879417826,91.7450443565043,128.499886236513,1873306.8699024,4.58371947498694
87100,87.1,0.0870999999999986,11.7970474818116,0.0244910738663823,-0.0122203362846888,300.266228000264,-4.77374536115813,158.861914079654,91.7644496138307,128.485811769236,1873050.24588001,4.58434748404958
87200,87.2,0.0871999999999985,11.7941607951963,-0.0178808075996981,0.00622825425108431,299.755301061634,-4.77328480401474,158.939662218295,91.7441829050816,128.47173730196,1873347.82251152,4.58361927188014
87300,87.3,0.0872999999999984,11.8181668063758,-0.001537193277603,0.0149446055082152,300.66822035674,-4.77321275970235,158.943389801406,91.7394972190149,128.457662834683,1873090.85208884,4.58424810127214
87400,87.4,0.0873999999999987,11.8151463472712,0.00677320304418779,-0.0205334425464038,300.522678196037,-4.77317262161245,158.902396818982,91.7820915028601,128.443588367406,1873271.94125072,4.58380494209796
87500,87.5,0.0874999999999986,11.8409750045851,0.00663495321562164,0.000701831384694218,300.377229863163,-4.77312832954815,158.923557058524,91.7681901367065,128.42951390013,1873032.36712683,4.58439124325983
87600,87.6,0.0875999999999985,11.8436193696661,-0.0162436609629252,0.00668611423570348,299.959848993764,-4.77298190282831,158.983418502451,91.7491127639999,128.415439432853,1873143.05542519,4.58412034111796
87700,87.7,0.0876999999999984,11.8585029267612,-0.00173445310267531,0.00428093114747168,299.84494523108,-4.77279832318,158.952599130606,91.7734700113075,128.401364965576,1873071.80771087,4.5842947114198
87800,87.8,0.0877999999999984,11.8666912530781,0.0188224601203454,-0.0241484386070536,300.03568884728,-4.77264620931701,158.92625171128,91.7995856129214,128.387290498299,1873088.92048696,4.58425282872642
87900,87.9,0.0878999999999987,11.8767236787937,-0.00614372731626843,0.00386095753960924,300.593265982516,-4.77256553038017,158.986317436653,91.7734537699733,128.373216031023,1873058.09392336,4.58432827580509
88000,88,0.0879999999999986,11.8900975053295,-0.0173385371209183,0.0166515247084228,299.516428246603,-4.77229015079124,159.009317685372,91.7704857159134,128.359141563746,1873063.10044124,4.58431602233565
88100,88.1,0.0880999999999985,11.8995849989685,0.0206586815108496,-0.0210642824904558,300.755392691301,-4.77230256350784,158.950375457505,91.8116525141188,128.345067096469,1873003.3052395,4.5844623755752
88200,88.2,0.0881999999999984,11.9143684245803,0.0119693697582377,-0.00633808922497941,299.006699149047,-4.77194487919894,158.983594113028,91.8009662945176,128.330992629192,1872971.27523062,4.58454077526692
88300,88.3,0.0882999999999983,11.9216402236387,-0.0289744369872461,0.022682146320262,299.363008888603,-4.77183459771109,159.055671761479,91.7728273295012,128.316918161916,1873040.60447245,4.58437108180948
88400,88.4,0.0883999999999986,11.9376626988576,0.011000442311078,-0.00341554595243456,299.907345405602,-4.77176866800321,158.99696199355,91.8097508333378,128.302843694639,1872897.09956785,4.58472234495944
88500,88.5,0.0884999999999986,11.942285886782,0.0190458370993374,-0.0177351468122322,298.771254006569,-4.7715097788568,158.974599134838,91.8372884903189,128.288769227362,1872989.8756387,4.58449524681513
88600,88.6,0.0885999999999985,11.9629426170867,-0.00875866353177647,0.0210427339674406,299.540666661729,-4.77150141311888,159.042715560725,91.7989378336795,128.274694760086,1872804.43231872,4.58494919918962
88700,88.7,0.0886999999999984,11.9645034844917,-0.0143188197251487,0.00454643359423967,298.646714665489,-4.7713059991179,159.064166835126,91.8045246000854,128.260620292809,1872965.49647719,4.58455492017819
88800,88.8,0.0887999999999987,11.985891066784,0.0191978117982861,-0.0099760500769761,299.801751175339,-4.77130056241645,159.001836392692,91.8414213259937,128.246545825532,1872778.49242058,4.58501270542684
88900,88.9,0.0888999999999986,11.9810043326401,0.00164458718175836,-0.01356610143997,300.475185029513,-4.77109767808956,159.039827337061,91.839886778865,128.232471358255,1872989.08929521,4.58449717153962
89000,89,0.0889999999999985,12.0068180541572,-0.0136068916143667,0.0253745529665653,301.138479253001,-4.77089987375382,159.095807744255,91.8078630842491,128.218396890979,1872789.4639815,4.58498584456118
89100,89.1,0.0890999999999984,12.0078251283661,-0.00255683864608289,-0.0116871744981871,300.2098794145,-4.77067643144124,159.063002251112,91.8462063883919,128.204322423702,1872979.68108503,4.58452020003983
89200,89.2,0.0891999999999984,12.0329425141882,0.0307731003509212,-0.00835557606277755,299.215572291567,-4.77067878190024,159.029399680098,91.8577600634363,128.190247956425,1872613.96638416,4.58541554017061
89300,89.3,0.0892999999999987,12.0259293653922,-0.0193177012387313,0.00971271937662295,298.573040232445,-4.77050403979081,159.11468034013,91.8328031669109,128.176173489148,1872903.46914956,4.58470675271773
89400,89.4,0.0893999999999986,12.0573400180502,-0.00335260612788266,0.0239811902532367,299.243551021059,-4.77035698255361,159.104995997354,91.8340529907373,128.162099021872,1872609.31949815,4.58542691889393
89500,89.5,0.0894999999999985,12.0449733976772,0.014468529483246,-0.0314202213140152,300.503055485183,-4.77023161297143,159.062928848189,91.8835859868386,128.148024554595,1872918.27359056,4.58467051300479
89600,89.6,0.0895999999999984,12.0752131119966,0.00242121823217954,0.00829749555692669,300.885068222703,-4.77006459896347,159.106815554773,91.856283173881,128.133950087318,1872672.64543771,4.58527185897536
89700,89.7,0.0896999999999987,12.0743373988362,-0.0227371251554323,0.0101041426533761,299.661624412739,-4.76987988391835,159.161229657349,91.8438414796498,128.119875620042,1872853.6187995,4.58482878533911
89800,89.8,0.0897999999999986,12.0978998994673,0.0100458757010873,-0.00229696110737769,299.085784015194,-4.76994304151595,159.099757813528,91.8746161146277,128.105801152765,1872551.8538469,4.58556763838515
89900,89.9,0.0898999999999985,12.0949487410289,0.0106058282574267,-0.0224755934958449,299.205847914306,-4.76976772604132,159.097807596649,91.8953506354216,128.091726685488,1872745.7243833,4.58509293087619
90000,90,0.0899999999999984,12.1142750354453,-0.00869962030868884,0.0161317247337633,300.021451003425,-4.7695519491737,159.159140694108,91.8635353756891,128.077652218211,1872613.27996947,4.58541722097499
90100,90.1,0.0900999999999984,12.1187489505954,-0.0134425199384636,0.00509313521570015,300.341318798431,-4.769336428264,159.160888169454,91.8793894925022,128.063577750935,1872751.20615148,4.58507950975733
90200,90.2,0.0901999999999987,12.1377877861539,0.0215724027527012,-0.0153754919969351,299.527210753605,-4.76909638241024,159.115948621125,91.9089313679261,128.049503283658,1872618.57534673,4.58540425436535
90300,90.3,0.0902999999999986,12.1452115556612,-0.00765460293800661,0.000384520771654115,299.846622630679,-4.76909022447409,159.171168607043,91.8883544331381,128.035428816381,1872643.20587699,4.58534394338998
90400,90.4,0.0903999999999985,12.1583303121213,-0.0138161649933214,0.0144252163391817,299.311800981564,-4.76914146679552,159.195742460648,91.8782902515705,128.021354349104,1872521.31919401,4.5856424138842
90500,90.5,0.0904999999999984,12.1636762246935,0.00744898464704411,-0.0173565976757063,299.506741565537,-4.76901215833074,159.152549986611,91.9165151557853,128.007279881828,1872586.21048963,4.58548350623242
90600,90.6,0.0905999999999986,12.1774997685671,0.0104443608794196,-0.00567163780696136,299.020483806137,-4.76866604159516,159.166191336323,91.9168656994493,127.993205414551,1872547.94624271,4.58557720747701
90700,90.7,0.0906999999999985,12.1861644826498,-0.0150946529628137,0.0161140498570284,299.636322908349,-4.76850539213211,159.21725239497,91.8981871328833,127.979130947274,1872562.08616552,4.58554258127785
90800,90.8,0.0907999999999985,12.2010128886536,0.0045713275355545,-0.000943353140915308,299.948327555864,-4.76831961286654,159.198948498417,91.9170114772416,127.965056479998,1872524.39003742,4.5856348936672
90900,90.9,0.0908999999999985,12.2091611427099,0.00715114213087624,-0.00926379319811118,300.220131441576,-4.76816589112559,159.189935377201,91.9351865722714,127.950982012721,1872582.63448364,4.58549226297094
91000,91,0.0909999999999985,12.2207139218254,-0.00660322650422826,0.00888215957754703,299.915832682845,-4.76801575967651,159.228886886294,91.9194526440525,127.936907545444,1872514.27653648,4.58565966080696
91100,91.1,0.0910999999999986,12.2337117001897,-0.00460717671996295,0.00932173971074613,299.735369150275,-4.76799533484878,159.237785804076,91.9212126328998,127.922833078167,1872448.76938699,4.58582008895742
91200,91.2,0.0911999999999986,12.2435977270583,0.0109988736593865,-0.00807952073898508,299.956882892761,-4.76796179489083,159.208626418909,91.9477685489712,127.908758610891,1872440.70386197,4.58583984234486
91300,91.3,0.0912999999999985,12.2541013150415,-0.00270112318214828,-0.00328678072965237,299.950755383547,-4.76772424079333,159.234517668571,91.9441362752498,127.894684143614,1872465.16883455,4.5857799253713
91400,91.4,0.0913999999999984,12.2671505160788,-0.0117204664692815,0.0155007433469812,299.895679898178,-4.76737207022017,159.273794476854,91.9295998267959,127.880609676337,1872424.84193524,4.58587869050259
91500,91.5,0.0914999999999984,12.2766460221365,0.0019751143996212,-0.000571455112658412,299.628734818595,-4.76719134565978,159.252007116896,91.9542799621144,127.86653520906,1872465.22127154,4.58577979694995
91600,91.6,0.0915999999999986,12.2887846444792,0.0146897856436394,-0.0121513306840529,300.226467592733,-4.76718654377191,159.235614479828,91.9704862460305,127.852460741784,1872396.33307144,4.58594851449692
91700,91.7,0.0916999999999986,12.2963816380603,-0.00838671372777993,0.00764898430463104,299.461135264812,-4.76701814212866,159.297190436144,91.9459161447003,127.838386274507,1872413.83060925,4.58590565922306
91800,91.8,0.0917999999999985,12.3096629445388,-0.0130060971144143,0.0143562330714962,300.233259877464,-4.76700672748456,159.30923103573,91.9460943337782,127.82431180723,1872352.82655695,4.58605507488057
91900,91.9,0.0918999999999985,12.3185969205529,0.0144514981648192,-0.0185056670251059,301.036552075258,-4.76689261261917,159.258150648744,91.9868563988911,127.810237339954,1872376.09135046,4.58599809187121
92000,92,0.0919999999999986,12.3309526751656,0.00486757912150995,-0.00823591077843103,301.010752591534,-4.76658705108284,159.288438442509,91.98011455868,127.796162872677,1872388.71549359,4.58596717185133
92100,92.1,0.0920999999999986,12.3413191447482,-0.0241980441625326,0.0263349202228025,299.761416146696,-4.76625014787805,159.357727723505,91.9508492049863,127.7820884054,1872400.95844072,4.58593718588417
92200,92.2,0.0921999999999985,12.3522887027175,0.00399268026231977,-0.00518392685554102,300.161469440974,-4.76632134658196,159.309324763704,91.9847472767636,127.768013938123,1872316.05084324,4.58614515339505
92300,92.3,0.0922999999999985,12.3652935194058,0.0226416656383051,-0.0241787637117928,298.926119168923,-4.76617234081235,159.281786683215,92.0094880118771,127.753939470847,1872289.63797034,4.58620985132776
92400,92.4,0.0923999999999985,12.3779066563159,-0.0191912628539659,0.0170018040161834,299.26578176276,-4.76605493084205,159.365035098818,91.9698593617558,127.73986500357,1872255.08137019,4.58629449995369
92500,92.5,0.0924999999999986,12.3832867588848,-0.0136193499604781,0.0149088569839545,300.635758385242,-4.7659743463536,159.364567003237,91.9804421471478,127.725790536293,1872258.70854833,4.58628561479961
92600,92.6,0.0925999999999986,12.3914444190393,0.0258580978894633,-0.0301641017608622,301.04658364394,-4.76573863538985,159.300034765792,92.0308769970507,127.711716069016,1872320.41097494,4.58613447349392
92700,92.7,0.0926999999999985,12.4064145105487,-0.00181363303108294,0.0100744603932612,301.046788634901,-4.76532112154399,159.364248163339,92.0018100197446,127.69764160174,1872277.1901363,4.58624034274187
92800,92.8,0.0927999999999985,12.4104789980662,-0.0283624939397741,0.0195510532829792,301.014490361765,-4.76526482685887,159.427576393294,91.9804263647418,127.683567134463,1872379.46568951,4.5859898271403
92900,92.9,0.0928999999999984,12.4323168217656,0.0219466021500084,-0.00965575799542247,300.061346181526,-4.76517565998073,159.345842554713,92.0270469275071,127.669492667186,1872161.69669014,4.58652326739684
93000,93,0.0929999999999986,12.4270689032485,0.0122090450697843,-0.0322277431459789,300.056994710868,-4.76516907132791,159.345380625666,92.0463753352076,127.65541819991,1872343.04524517,4.58607903290185
93100,93.1,0.0930999999999985,12.4568963809149,-0.00899029911202682,0.0323452797437864,298.883382842131,-4.7649655721465,159.434233317331,91.9882677512634,127.641343732633,1871998.02358769,4.58692427769876
93200,93.2,0.0931999999999985,12.4483691454865,-0.020455236465386,0.000743821058528513,299.58658864699,-4.7649121289307,159.429475771422,92.0181667567375,127.627269265356,1872344.12321269,4.58607639255161
93300,93.3,0.0932999999999985,12.4821516878913,0.0407838246541061,-0.0222610774862007,300.997046623036,-4.76470588305555,159.338990251285,92.0640616774424,127.613194798079,1872008.3139924,4.58689906343724
93400,93.4,0.0933999999999986,12.4746825246404,-0.0149727481106484,-0.00342527616275833,301.164821968034,-4.76449007837423,159.428207594374,92.0380076876609,127.599120330803,1872319.89868922,4.58613572830685
93500,93.5,0.0934999999999986,12.49865753482,-0.00642883639595183,0.0295484494513443,299.513216316072,-4.7642335140849,159.461335858836,92.0148058419498,127.585045863526,1872030.35321395,4.58684506234452
93600,93.6,0.0935999999999985,12.4936582764386,-0.000629745532859499,-0.0177684056338876,300.571399707843,-4.76434207222523,159.412272278709,92.0637457900739,127.570971396249,1872243.17380127,4.58632366903739
93700,93.7,0.0936999999999985,12.5177371804374,0.0181719863215496,-0.0121332591834438,300.671964497132,-4.7642508430382,159.407589016949,92.0649462799679,127.556896928972,1872006.02859049,4.58690466326317
93800,93.8,0.0937999999999984,12.5191884947857,-0.0241272653207398,0.0171589013885712,299.295299431001,-4.76389884147551,159.483161100228,92.0398688909317,127.542822461696,1872176.76058832,4.58648636333899
93900,93.9,0.0938999999999986,12.5393129528656,0.0085580694605343,0.00386660321485525,300.093829212579,-4.76380536233182,159.457263484808,92.0559192301634,127.528747994419,1871992.57480054,4.58693762880624
94000,94,0.0939999999999986,12.5426810317011,0.00898246753672674,-0.0210729219279508,301.398232398953,-4.76373219563585,159.442117055927,92.0825860683489,127.514673527142,1872150.34892101,4.58655106794564
94100,94.1,0.0940999999999985,12.5563880007523,-0.00399043124638241,0.00757813455997188,301.42617378185,-4.7634043903973,159.482224025312,92.0667571344509,127.500599059866,1872092.72229427,4.58669225083861
94200,94.2,0.0941999999999985,12.5650789998459,-0.0107144489337353,0.00747440887883832,300.803014308899,-4.76322626855683,159.499759625261,92.0670163982358,127.486524592589,1872097.15870871,4.58668138149476
94300,94.3,0.0942999999999986,12.5833607359443,0.0192194180233301,-0.00661315135850197,300.368644850442,-4.76324570581037,159.462018853196,92.090419566532,127.472450125312,1871923.27037033,4.58710745152482
94400,94.4,0.0943999999999986,12.5846339824981,0.00045080661129829,-0.00615529757557961,299.019724663533,-4.76300594895674,159.489611678772,92.0926283539768,127.458375658035,1872085.36492852,4.58671027671131
94500,94.5,0.0944999999999985,12.6049825422895,-0.00683953793144363,0.0164474143150891,299.906560251744,-4.7629565739961,159.523370990721,92.0737227594331,127.444301190759,1871890.50673428,4.58718773951097
94600,94.6,0.0945999999999984,12.6055119949687,0.00168347213214087,-0.0110837004399882,299.841759491783,-4.76270804404063,159.513984610719,92.0974680093883,127.430226723482,1872056.31944924,4.58678144080873
94700,94.7,0.0946999999999985,12.6299640961966,0.00910871856400324,0.000229791730307758,302.163423913597,-4.76263345514295,159.504842997436,92.1049907087426,127.416152256205,1871895.16718073,4.58717631881649
94800,94.8,0.0947999999999986,12.6241679398499,-0.00701271012962784,-0.00249981768159886,300.94678866301,-4.76233858103876,159.545397590743,92.1024258044615,127.402077788928,1872112.14365841,4.58664466831493
94900,94.9,0.0948999999999986,12.6459476219622,0.000675242966341494,0.00906871666671819,300.70230378813,-4.76237052850069,159.542479729081,92.1027107023258,127.388003321652,1871876.881826,4.58722112846557
95000,95,0.0949999999999985,12.6494417358366,0.000350303338887854,-0.00524468587243908,299.730506906123,-4.76217572759846,159.532517743503,92.1230574411426,127.373928854375,1871966.65008067,4.58700115294705
95100,95.1,0.0950999999999985,12.661970968212,0.00868885986555863,-0.00385192711525518,300.213898660219,-4.76206610079217,159.545615102045,92.1213336587291,127.359854387098,1871878.44460026,4.58721729873446
95200,95.2,0.0951999999999986,12.6694983436638,-0.0113949104434001,0.011905692630096,300.189127551124,-4.76184366943287,159.581741536128,92.1128121397986,127.345779919822,1871922.21821764,4.58711002980368
95300,95.3,0.0952999999999986,12.6820785183191,-0.000421622473277469,0.000696501603926448,299.992615780338,-4.76157001919714,159.565523993146,92.1327757965337,127.331705452545,1871930.73321587,4.5870891640563
95400,95.4,0.0953999999999986,12.6958888966703,0.0175696805274044,-0.0170715187341322,299.964161160088,-4.76138865441181,159.55341160145,92.1497514345016,127.317630985268,1871926.58403261,4.58709933148152
95500,95.5,0.0954999999999985,12.7022637095835,-0.0111190454929066,0.011672664002018,299.950491913927,-4.76143930546625,159.602999970085,92.1292623739213,127.303556517991,1871885.07322628,4.58720105470944
95600,95.6,0.0955999999999985,12.7159815241241,-0.00970106074572285,0.0113239488807809,300.091848664952,-4.76143567797307,159.607556067246,92.1325957052351,127.289482050715,1871799.27167135,4.58741132778158
95700,95.7,0.0956999999999986,12.7222618096845,0.0131174442256315,-0.0140460617770154,298.605017158592,-4.76104359589694,159.579753453754,92.1621507062134,127.275407583438,1871866.56557869,4.58724640959858
95800,95.8,0.0957999999999986,12.7383087740554,0.0085881716412736,-0.0030856963089979,300.935977356137,-4.76099540608437,159.600945957091,92.1557956353079,127.261333116161,1871779.05140723,4.58746088420152
95900,95.9,0.0958999999999985,12.7370533871122,-0.0262206412463322,0.0152813912448523,300.418220972338,-4.7607330417503,159.664514698582,92.1383855687424,127.247258648884,1871963.76735767,4.58700821668086
96000,96,0.0959999999999985,12.7635913803493,0.0086685969182506,0.00174738054053986,300.493199380423,-4.76063936616311,159.625517475654,92.1592188757211,127.233184181608,1871722.66527357,4.5875990826576
96100,96.1,0.0960999999999986,12.7588870911983,0.0113075182150709,-0.022052838528245,299.746133868516,-4.76049504850072,159.600600779572,92.1929121311567,127.219109714331,1871907.59880973,4.58714585466633
96200,96.2,0.0961999999999986,12.7807710062178,0.00057218833210184,0.0156315242913123,299.832278780749,-4.760377305001,159.654557001105,92.1608207059907,127.205035247054,1871681.5324365,4.58769990160694
96300,96.3,0.0962999999999986,12.7807807403972,-0.021800405120267,0.0161816500174236,300.895828097314,-4.7602724201666,159.697097577463,92.1542611798048,127.190960779778,1871839.8665566,4.58731183987145
96400,96.4,0.0963999999999985,12.7974648967081,0.0160787927230181,-0.01337655051572,302.01435573129,-4.76003608938785,159.62466322726,92.2035593043712,127.176886312501,1871784.5930378,4.58744730250328
96500,96.5,0.0964999999999985,12.8021547643263,0.00754661420246758,-0.014998963803449,301.716508458433,-4.75987889162822,159.646144224696,92.2042607052433,127.162811845224,1871843.5465084,4.58730282144334
96600,96.6,0.0965999999999986,12.818597715469,-0.0169784884248511,0.0179698257066725,300.183519793591,-4.75973497162595,159.721327767009,92.1651205166894,127.148737377947,1871722.92227521,4.58759845274574
96700,96.7,0.0966999999999986,12.8301198699117,-0.00714638702456798,0.00692109918974736,299.869734855569,-4.75964614109276,159.694267940302,92.1906205050064,127.134662910671,1871716.38347692,4.58761447941579
96800,96.8,0.0967999999999985,12.8376754372768,0.016909357645054,-0.0223386298415699,300.854820593895,-4.75960841971968,159.645578816844,92.2284468674273,127.120588443394,1871706.22832258,4.58763937003825
96900,96.9,0.0968999999999984,12.8491816835524,0.00154170907359805,0.00159708627213322,299.809565148848,-4.75922054257461,159.711078537504,92.20001754752,127.106513976117,1871689.71604416,4.5876798427608
97000,97,0.0969999999999985,12.8574613253587,-0.0280368928010511,0.0281510914365981,300.767428888906,-4.75892817009463,159.759336545287,92.1858063667802,127.092439508841,1871759.40139999,4.58750904404487
97100,97.1,0.0970999999999986,12.8680246376585,0.0187063610394826,-0.0165060477626878,301.199844101436,-4.75884154894565,159.692483592882,92.2341653035799,127.078365041564,1871750.31880279,4.58753130475795
97200,97.2,0.0971999999999986,12.8784209070448,0.0204451286072239,-0.0198147944623165,300.704102326964,-4.75876128559205,159.707121265799,92.2343416214349,127.064290574287,1871718.14123484,4.58761017111984
97300,97.3,0.0972999999999985,12.8927167812617,-0.0256211170587229,0.0297591250988467,299.834583104335,-4.75862093094595,159.778195434055,92.1985848513742,127.05021610701,1871617.83537676,4.58785603550841
97400,97.4,0.0973999999999985,12.8975939887061,0.00237498707255668,-0.00838775221162005,298.657044855675,-4.75839059282869,159.742882345993,92.2330104366634,127.036141639734,1871695.49596242,4.58766567570501
97500,97.5,0.0974999999999986,12.9146390259979,0.0282009662594135,-0.0173631131580507,300.049001360853,-4.75843502579168,159.715255923731,92.2519363732909,127.022067172457,1871548.4253072,4.58802618521026
97600,97.6,0.0975999999999986,12.9150637105227,-0.0278365830538202,0.0171189627459021,299.414256766346,-4.7581734462758,159.795776304298,92.2250862487871,127.00799270518,1871739.55491463,4.58755768645929
97700,97.7,0.0976999999999986,12.9379561829637,0.0014057254843667,0.0114565145070702,300.702903707124,-4.75802788522094,159.785797827303,92.2307147753017,126.993918237903,1871529.48186733,4.58807262476627
97800,97.8,0.0977999999999985,12.9326187697087,0.00867416536351318,-0.0250937354163854,300.447872963567,-4.7577758072413,159.754571351097,92.2714304416647,126.979843770627,1871782.29930678,4.58745292408127
97900,97.9,0.0978999999999985,12.9602452776084,0.00434563540637481,0.0128594402376757,299.971977509184,-4.7576091569709,159.780378118522,92.2523605788878,126.96576930335,1871490.30158834,4.58816867760998
98000,98,0.0979999999999986,12.9530906363796,-0.0124971382740828,-0.00485260841345468,299.845865663793,-4.75767221899712,159.826779327085,92.2463419974824,126.951694836073,1871704.15568207,4.58764445018256
98100,98.1,0.0980999999999986,12.9795379806393,0.0092840300447552,0.00850332520449534,299.132691052071,-4.75747146460181,159.795797274323,92.2594708671068,126.937620368797,1871400.17164786,4.58838965192433
98200,98.2,0.0981999999999985,12.9756138166271,-0.00345578326720832,-0.00612883252009698,300.254590466355,-4.75735922837656,159.807439208528,92.2753268224653,126.92354590152,1871650.61374197,4.58777568802287
98300,98.3,0.0982999999999985,13.0004087596409,0.00709598763352117,0.00388736709800183,299.984169935907,-4.75705055185013,159.833288801352,92.2627109911852,126.909471434243,1871489.87819073,4.588169715617
98400,98.4,0.0983999999999984,12.9990615204698,-0.00880638080506266,-0.00213344658160867,301.189275758116,-4.75700828041381,159.846523512384,92.2728595587245,126.895396966966,1871643.12650812,4.5877940407467
98500,98.5,0.0984999999999987,13.0139421397017,0.0041573306361338,0.00678705140213522,300.881747659063,-4.75683256643147,159.828379716211,92.2865616051164,126.88132249969,1871500.98008007,4.58814249823749
98600,98.6,0.0985999999999986,13.0176657099245,0.00367001961969801,-0.00981358608514808,299.315589726794,-4.75654332159885,159.844669746738,92.2935064383447,126.867248032413,1871624.9421602,4.58783861487111
98700,98.7,0.0986999999999985,13.0420273914653,-0.000514742756384961,0.0138453175190179,299.853507958992,-4.75652133274374,159.860654222848,92.2826258991475,126.853173565136,1871383.80404023,4.58842978316911
98800,98.8,0.0987999999999985,13.0355640169809,-0.00638094763281025,-0.00559545498638154,299.545072360563,-4.75638780424513,159.872721893845,92.2979522176411,126.839099097859,1871628.21385563,4.58783059511027
98900,98.9,0.0988999999999986,13.0576294031461,0.0141492398785047,-0.0018524366662552,299.896241784631,-4.75625815410284,159.858532161081,92.3056098844989,126.825024630583,1871409.68347521,4.58836633048351
99000,99,0.0989999999999986,13.0597311137359,-0.0111758913633508,-0.00341660265951958,301.027599648886,-4.7560618853971,159.886817677771,92.307687549366,126.810950163306,1871575.22059738,4.58796049856746
99100,99.1,0.0990999999999985,13.082097761688,-0.00199288692488535,0.0079469908576349,300.690403288048,-4.75575960698372,159.893182572213,92.308458210098,126.796875696029,1871457.61974103,4.58824880222866
99200,99.2,0.0991999999999984,13.08041513313,0.000612281014800091,-0.0123706432682772,300.110332610284,-4.7556132866767,159.899035299182,92.3225867666299,126.782801228753,1871604.80335437,4.58788798084351
99300,99.3,0.0992999999999985,13.1014439496909,0.00685984540691941,0.00722613769663066,299.65050631419,-4.75564075768386,159.899557822974,92.3182353661134,126.768726761476,1871314.94333458,4.58859862835137
99400,99.4,0.0993999999999986,13.0973849708627,-0.00985553440767154,-0.00454796288561348,299.606162543346,-4.75551958625235,159.92281383408,92.3254731067348,126.754652294199,1871526.03339626,4.58808107874201
99500,99.5,0.0994999999999986,13.1205967666176,0.00289104624923821,0.00685502075113635,300.046811148011,-4.7553152158714,159.927804454205,92.3242844079255,126.740577826922,1871352.52761683,4.58850647084312
99600,99.6,0.0995999999999985,13.1226750018089,-0.00471862506590223,-0.00199168744453116,300.668293709539,-4.75511128271629,159.932397085771,92.3397269167061,126.726503359646,1871511.43221999,4.58811687407803
99700,99.7,0.0996999999999985,13.1362092544202,0.00264023837252395,-0.00231917227229407,300.271164013418,-4.75484480014081,159.93812584413,92.3441395421732,126.712428892369,1871460.03566606,4.58824287911787
99800,99.8,0.0997999999999986,13.1454425069992,-0.00701952393392451,0.000287293705245592,300.140691861852,-4.75470805895487,159.953413917151,92.3445637285453,126.698354425092,1871439.62961217,4.58829290901463
99900,99.9,0.0998999999999986,13.1541336230771,-0.00331230777611364,-0.000327276444699401,299.376922301958,-4.75468725107355,159.948724207497,92.3556837925781,126.684279957815,1871402.20074959,4.58838467687975
100000,100,0.0999999999999985,13.165486269464,0.00687857424131593,-0.00245488167629394,299.046597517277,-4.7545545392457,159.949010714279,92.3625768908193,126.670205490539,1871337.30153964,4.58854380508194
100100,100.1,0.100099999999998,13.1702086524296,-0.0072146918644259,0.000824112331365083,299.956270627985,-4.75434885246842,159.984040549706,92.3572221720299,126.656131023262,1871430.66177809,4.5883148959631
100200,100.2,0.100199999999998,13.1871220425587,-0.00330235766673112,0.0127799975085408,300.192542315264,-4.75407354457089,159.996168992785,92.356898513707,126.642056555985,1871358.00189989,4.58849304808639
100300,100.3,0.100299999999999,13.188364361154,0.001249360233449,-0.0135343884152243,300.655249190514,-4.75395728701737,159.984308017848,92.3815750477187,126.627982088709,1871511.22261744,4.58811738793067
100400,100.4,0.100399999999999,13.2122017809666,0.00709674143745848,0.0109400906753245,300.259992249794,-4.75382536465712,159.987614019726,92.3770807885142,126.613907621432,1871250.83853761,4.58875582330213
100500,100.5,0.100499999999999,13.2006458390674,-0.0100693801287968,-0.0114009315261167,299.220640980386,-4.75367760706083,160.021835251929,92.3829678681509,126.599833154155,1871562.30880719,4.58799215061725
100600,100.6,0.100599999999999,13.2430572210784,0.00907497941924949,0.0216671221668069,298.165414982773,-4.75367139265117,160.006244769931,92.3753055281829,126.585758686878,1871016.72405582,4.58932999999325
100700,100.7,0.100699999999999,13.2194668405626,-0.00768522451798523,-0.0255614154894195,298.604398282008,-4.7535049625626,160.01910137017,92.4046478183942,126.571684219602,1871553.31068755,4.58801420892681
100800,100.8,0.100799999999999,13.2602361391077,0.0155643713764737,0.0157398551975882,300.244045466536,-4.7533667042537,160.021619102168,92.3877713279044,126.557609752325,1871032.86019737,4.58929042074264
100900,100.9,0.100899999999999,13.2348871241007,-0.0284183856385134,-0.00334701309003059,299.556076509356,-4.75297472626518,160.074458433609,92.3977609572599,126.543535285048,1871644.885104,4.58778973005948
101000,101,0.100999999999998,13.2820296068492,0.0203365011916145,0.00994667971442728,300.586139426339,-4.75282414557587,160.029551976249,92.4059753884389,126.529460817771,1871078.04277682,4.58917959908029
101100,101.1,0.101099999999998,13.2498628307241,-0.00630362645053685,-0.0300385176914166,300.362026522133,-4.75265127924468,160.057027339103,92.4295845996225,126.515386350495,1871669.20121348,4.58773012700713
101200,101.2,0.101199999999999,13.2973598948415,0.00474128933003641,0.0303222689308995,299.766830488733,-4.75256780131307,160.079134769756,92.3952628922782,126.501311883218,1871024.45166767,4.58931104537143
101300,101.3,0.101299999999999,13.2719799608636,-0.0199924303309391,-0.0144247659018205,299.20244022021,-4.75253869240951,160.09324008108,92.4251007130303,126.487237415941,1871585.33721995,4.58793569891563
101400,101.4,0.101399999999999,13.320282427225,0.0330265011078966,-0.00280157836288291,299.930234470607,-4.75241147526309,160.037491878732,92.4384341440413,126.473162948665,1870995.29992231,4.58938255085676
101500,101.5,0.101499999999999,13.298154473662,-0.0242226560311813,-0.0080543064936256,299.333650648444,-4.75205114342963,160.118565122042,92.4298735911925,126.459088481388,1871561.47004327,4.5879942067839
101600,101.6,0.101599999999998,13.3390041534656,0.0010214023240812,0.0276160465867766,300.080815603377,-4.75191109442434,160.126948450733,92.4087864849691,126.445014014111,1871024.19405327,4.58931167725669
101700,101.7,0.101699999999999,13.3122831692418,-0.000136758172520052,-0.0296795777968961,300.511221403477,-4.75172885452907,160.099222265918,92.4614013168628,126.430939546834,1871557.00093599,4.58800516249526
101800,101.8,0.101799999999999,13.3506764624451,0.0146734360958464,0.00885509947060998,300.144628916801,-4.75148034665389,160.102384250158,92.4486903782108,126.416865079558,1871128.3512008,4.5890562112898
101900,101.9,0.101899999999998,13.3422364734571,-0.0235831077028452,0.00969288393280886,299.395670755739,-4.75135914992261,160.17214371559,92.4322006027669,126.402790612281,1871401.36926091,4.58838671556049
102000,102,0.101999999999999,13.367468886374,0.014438580314506,0.00519926617691142,298.349408081679,-4.75123741663095,160.119392317342,92.4593468898597,126.388716145004,1871126.10075124,4.58906173066101
102100,102.1,0.102099999999999,13.3677366822573,0.0175143324048067,-0.0221194462937872,298.999432037399,-4.75113442405073,160.102481560129,92.4867192777897,126.374641677727,1871273.9634048,4.58869911628271
102200,102.2,0.102199999999999,13.3815664717126,-0.00745743949539895,0.00830217652668599,300.033428064679,-4.75087990297687,160.180593458609,92.4516091584279,126.360567210451,1871267.77936813,4.58871428069902
102300,102.3,0.102299999999999,13.388823640582,-0.0157465950190885,0.0143837144705595,300.930234281346,-4.75075517497132,160.196616991142,92.4535449155832,126.346492743174,1871285.70137027,4.58867033286833
102400,102.4,0.102399999999998,13.3954723561942,0.0163215812100651,-0.0219217066878098,300.296006586423,-4.75057362731392,160.129698647982,92.5039769374286,126.332418275897,1871315.86803142,4.58859636092942
102500,102.5,0.102499999999998,13.4138358640223,0.0161145031239689,-0.00839205850776526,300.650491563541,-4.75053351138952,160.155512060074,92.4913055402598,126.318343808621,1871152.66680569,4.58899657656323
102600,102.6,0.102599999999999,13.4141174217659,-0.03178670241012,0.0182363983687655,300.26724649332,-4.75047907955109,160.244032265999,92.456760650139,126.304269341344,1871279.10752376,4.58868650201581
102700,102.7,0.102699999999999,13.4376890786046,0.00400977661359342,0.00673166425296671,298.284295353044,-4.75025781607271,160.189245602662,92.487662248752,126.290194874067,1871056.02476774,4.5892336031276
102800,102.8,0.102799999999999,13.4325497767956,0.0201727586505379,-0.0312538707553526,298.961619195201,-4.75009457105999,160.159174174569,92.5254615671203,126.27612040679,1871260.76435595,4.58873148294425
102900,102.9,0.102899999999999,13.4520742898035,-0.00489296023911276,0.0166421407116843,300.111395259042,-4.74980921016346,160.231386721838,92.4868959266943,126.262045939514,1871115.59041113,4.58908750811688
103000,103,0.102999999999999,13.4535020253747,-0.021096678200578,0.0151204819881955,300.152212250587,-4.74957875435617,160.261704790437,92.4888582778927,126.247971472237,1871300.72264944,4.58863349875756
103100,103.1,0.103099999999999,13.4718546947363,0.0228760327124517,-0.0143596325514291,300.601990720656,-4.74943859787201,160.199993280533,92.5287156691646,126.23389700496,1871177.63179285,4.58893535082033
103200,103.2,0.103199999999999,13.47407865004,0.00499072310307977,-0.00686516186603375,299.434007541307,-4.74921851450809,160.233586093229,92.5228467497863,126.219822537683,1871242.63674468,4.58877593615354
103300,103.3,0.103299999999998,13.4917868753235,-0.0099972808211146,0.0188060944619631,299.712339780443,-4.74926349153791,160.282128550916,92.4973278509781,126.205748070407,1871084.59545211,4.58916352743723
103400,103.4,0.103399999999998,13.4933343183959,2.62795512637494e-05,-0.00597136072354933,298.57051872274,-4.74903835635941,160.259023821763,92.5281269364745,126.19167360313,1871229.10541692,4.58880911874514
103500,103.5,0.103499999999999,13.5160211706632,0.0152892144747034,-0.0073435146999784,300.197874255241,-4.74885673239931,160.236764698484,92.5438732740041,126.177599135853,1871078.8919116,4.58917751641449
103600,103.6,0.103599999999999,13.5057271540032,-0.0129753155723893,-0.00536917385762943,300.600891302286,-4.74859268400466,160.297410805268,92.5333679714391,126.163524668577,1871365.81006391,4.58847390286842
103700,103.7,0.103699999999999,13.5311236257256,-0.00699971170158304,0.019850515207176,300.788105959475,-4.74849520723445,160.304470474242,92.5250725778143,126.1494502013,1871071.70111232,4.58919515328773
103800,103.8,0.103799999999999,13.5259271345016,0.00401562251507473,-0.0181254462724197,299.45672504062,-4.74830707519085,160.275885427165,92.5627228949065,126.135375734023,1871290.49506002,4.58865857805956
103900,103.9,0.103899999999999,13.5518266057903,0.0130005857195371,-0.00522957863989074,299.726812366154,-4.74827925733891,160.281988117169,92.5582415605332,126.121301266746,1871062.34583213,4.58921809918612
104000,104,0.103999999999999,13.5530449948274,-0.0165539693384905,0.00802608242498604,299.375753587685,-4.74804765274355,160.338066472374,92.5424950935835,126.10722679947,1871189.71629497,4.58890571459559
104100,104.1,0.104099999999999,13.5669728140724,-0.00320996132479648,0.00742286023336158,301.397160797354,-4.74785030686271,160.325612122219,92.557670996029,126.093152332193,1871142.34412186,4.58902189305554
104200,104.2,0.104199999999998,13.5708487164382,0.0120481609022967,-0.0247360948873192,299.945876031732,-4.747496413275,160.30839487799,92.5845756998432,126.079077864916,1871276.35520424,4.58869325116934
104300,104.3,0.104299999999999,13.5924956073168,-0.00522368851482986,0.0178550645683063,299.605243968417,-4.74743579352117,160.347048944824,92.5608923786239,126.065003397639,1871039.88023054,4.58927320199101
104400,104.4,0.104399999999999,13.5839859138223,-0.0172696064496053,-0.000427325259771212,299.676230143318,-4.74741034132382,160.369641257035,92.5695572443359,126.050928930363,1871269.7401388,4.58870947251119
104500,104.5,0.104499999999999,13.615658074443,0.0198261252726509,-0.00357954320385844,298.965452951238,-4.74715021549409,160.324671376072,92.5911344111829,126.036854463086,1870972.13415286,4.58943937510132
104600,104.6,0.104599999999999,13.6053048629002,0.0016872656307746,-0.0115018873555605,300.32366707314,-4.74702278130172,160.35201767935,92.5983563734753,126.022779995809,1871228.23803291,4.58881124582913
104700,104.7,0.104699999999998,13.6275416815211,-0.00825945218096897,0.015575370792604,301.166039127238,-4.74668868777716,160.402385937601,92.5739685397533,126.008705528533,1871114.03325248,4.58909132719855
104800,104.8,0.104799999999998,13.6260726539625,-0.00485390794740298,-0.00696954992859037,301.037654265101,-4.74655253514757,160.397325617731,92.5943169188895,125.994631061256,1871257.24211174,4.58874012025639
104900,104.9,0.104899999999999,13.6486097814315,0.0164096142371593,-0.00545266968878659,301.202283736534,-4.74659655573861,160.354892522029,92.6173584618942,125.980556593979,1871018.70019656,4.58932515281457
105000,105,0.104999999999999,13.6413742133454,-0.0094903528762745,-0.00672593323472259,299.629417531098,-4.74637589936695,160.407626049248,92.6082574675861,125.966482126702,1871241.00197091,4.58877994504952
105100,105.1,0.105099999999999,13.6716013680167,0.00162258022910052,0.0155705559114694,299.572669099045,-4.7462059770827,160.441124134822,92.5835337657802,125.952407659426,1870923.03901122,4.58955980719365
105200,105.2,0.105199999999999,13.6638649437159,-0.0139653199763558,-0.00308723104622123,300.425149177132,-4.74604444431793,160.419549545951,92.6225556754205,125.938333192149,1871250.77673319,4.58875597486141
105300,105.3,0.105299999999999,13.6878993983171,0.0243793203862978,-0.0148257242801401,300.547966177695,-4.74569551186643,160.382105226433,92.6454064929864,125.924258724872,1871066.41768687,4.58920811203158
105400,105.4,0.105399999999999,13.6886224641052,-0.00756183204710738,0.000604664304490026,300.932426742168,-4.74559340548841,160.457020732003,92.6178914789261,125.910184257595,1871175.28868506,4.58894109713935
105500,105.5,0.105499999999999,13.7036414785811,-0.0195760837795443,0.0271490918566015,300.192455766836,-4.74562003517465,160.47501765969,92.6098667655193,125.896109790319,1871013.84896296,4.5893370521858
105600,105.6,0.105599999999998,13.7090997876466,0.0177319818420732,-0.0187717396517794,299.666713909533,-4.74543099193161,160.414787377536,92.658225614242,125.882035323042,1871079.04723143,4.58917713546307
105700,105.7,0.105699999999998,13.722037411193,0.0113556697664209,-0.00920024366102714,300.227568703042,-4.74525350831655,160.443092114636,92.6510281801897,125.867960855765,1871054.60796176,4.58923707820181
105800,105.8,0.105799999999999,13.7327458234004,-0.0201961533908885,0.0282966921193686,298.933838597296,-4.7448190152021,160.513273239263,92.6225170175371,125.853886388489,1871087.77413775,4.58915573116577
105900,105.9,0.105899999999999,13.7374615239762,7.29899684494066e-05,-0.00135829962716127,300.562332971823,-4.74478878644145,160.483903921437,92.6513226114692,125.839811921212,1871117.94657268,4.58908172941568
106000,106,0.105999999999999,13.7509244207025,0.0257118501141041,-0.0185569516880167,299.667919432503,-4.74460066884129,160.447112288928,92.6795983151961,125.825737453935,1871050.59927181,4.58924691055405
106100,106.1,0.106099999999999,13.7507007617086,-0.0141604965515266,0.0102237360470348,299.603949244143,-4.74464918297934,160.510548122835,92.6555893632354,125.811662986658,1871096.14322901,4.58913520466142
106200,106.2,0.106199999999999,13.7738012487722,-0.00950565749379981,0.0186059818557212,299.322614197015,-4.74445370429435,160.532289207024,92.6455002630093,125.797588519382,1870936.49066466,4.58952680919062
106300,106.3,0.106299999999999,13.7701807401098,0.00918437467430995,-0.0177778615126324,299.685212018984,-4.74418303697939,160.497475802743,92.6871452504878,125.783514052105,1871162.20295764,4.58897318929697
106400,106.4,0.106399999999999,13.7934850236054,0.00865135081886452,0.000563357282916762,300.243576249032,-4.74398914948507,160.501273014983,92.6862531679855,125.769439584828,1870979.08762444,4.58942231850433
106500,106.5,0.106499999999998,13.7865627966038,-0.017073632061377,0.00482900696093242,299.972246536248,-4.74380040724215,160.565160390314,92.6693629803865,125.755365117551,1871173.32473613,4.58894591360709
106600,106.6,0.106599999999999,13.8116441394451,0.00835926418464976,0.00228882726226391,300.572168815429,-4.74373441025069,160.540515309665,92.6823418552006,125.741290650275,1870938.7296096,4.58952131692214
106700,106.7,0.106699999999999,13.8096410562935,0.00458462914013457,-0.0144630559719726,298.646352801805,-4.7434308224562,160.525709597851,92.7107847883278,125.727216182998,1871130.83347857,4.5890501233605
106800,106.8,0.106799999999999,13.8329281816055,0.00214106487124273,0.00989902452807842,298.796194765656,-4.74347267425758,160.556075214366,92.6914251479374,125.713141715721,1870884.52573804,4.58965428601807
106900,106.9,0.106899999999999,13.8331080036309,-0.00553755669074182,0.00109179352474499,298.187934452754,-4.74330471898234,160.583784812278,92.6925414228004,125.699067248445,1871020.45014917,4.58932086045017
107000,107,0.106999999999998,13.8462425792765,0.00322102288174442,0.00870916135311457,299.251462315146,-4.74297843127374,160.567474238146,92.7085221759164,125.684992781168,1870943.43998151,4.58950976213547
107100,107.1,0.107099999999998,13.8502786187221,0.00360661302865889,-0.00866319157725612,299.8526500026,-4.74279685273859,160.575654960873,92.7207341351765,125.670918313891,1871075.67306954,4.58918541125157
107200,107.2,0.107199999999999,13.8643033223946,0.00549106352015847,0.00486191518297124,300.41217243703,-4.74268148440492,160.60461980981,92.7092457160834,125.656843846614,1870971.74337155,4.58944033367652
107300,107.3,0.107299999999999,13.8623871211457,-0.0126996132085398,0.00489292050589781,300.581303810349,-4.74258039255794,160.618731134471,92.7176459056931,125.642769379338,1871096.07402755,4.58913537438807
107400,107.4,0.107399999999999,13.8875952370052,0.00719287298598783,0.000665412458312064,299.55517971959,-4.74237441642265,160.597425930682,92.7322574930807,125.628694912061,1870933.10963149,4.58953510309611
107500,107.5,0.107499999999999,13.8861835852164,0.00431124685288668,-0.0130080818690845,299.626937748938,-4.74232789034423,160.61483759831,92.7391950882606,125.614620444784,1871066.2949933,4.58920841296498
107600,107.6,0.107599999999999,13.8974173566669,-0.00703096944612983,0.0134872176288564,300.303184208738,-4.74219448273544,160.641995772292,92.7283824607832,125.600545977507,1870954.82927901,4.58948182383827
107700,107.7,0.107699999999999,13.9041266801458,-0.00786499886458448,0.00400311226967252,300.600921979174,-4.74181527957609,160.652254561856,92.7392697677551,125.586471510231,1871084.30259597,4.58916424571846
107800,107.8,0.107799999999999,13.9213429741387,0.0111055783765468,-0.00792967541911074,299.790110021842,-4.74153005277076,160.633175513484,92.7573430983249,125.572397042954,1871016.984223,4.58932936184134
107900,107.9,0.107899999999998,13.9219683587824,-0.00753476046478224,-0.00482498876404233,300.904489445861,-4.74157606894277,160.653904169886,92.7593747284915,125.558322575677,1871089.67226392,4.58915107569857
108000,108,0.107999999999998,13.9414371979056,-0.00315432220039607,0.00892400465119462,298.763424601199,-4.74133312522734,160.671590045855,92.7518657562466,125.544248108401,1870934.42512911,4.58953187608696
108100,108.1,0.108099999999999,13.9481877569052,0.00206737909573499,-0.00469924217383146,299.206987481377,-4.74129352521286,160.668659976917,92.7662308669842,125.530173641124,1870980.29040186,4.58941936815067
108200,108.2,0.108199999999999,13.9492665405923,0.00794759296215067,-0.00394439862934013,300.323432691887,-4.741145980257,160.667913671542,92.7769070736416,125.516099173847,1870977.12676667,4.58942712839981
108300,108.3,0.108299999999999,13.9597791549656,-0.0092816389340733,0.00337385187046709,301.000968531213,-4.74093980803088,160.700758598348,92.771415268814,125.50202470657,1871039.00485753,4.58927534910064
108400,108.4,0.108399999999999,13.9684997176639,-0.00215949241505743,0.000128164765915162,299.787765580019,-4.74060517599295,160.707956633357,92.7787575786122,125.487950239294,1871061.04559388,4.58922128832683
108500,108.5,0.108499999999999,13.9830921966234,0.00779933291140525,-0.00612602048350659,299.682620604369,-4.74043358107724,160.694230386954,92.7940699656422,125.473875772017,1871000.14234391,4.58937067286451
108600,108.6,0.108599999999999,13.9878803587936,0.00308061160783683,-0.00173714428704277,298.968300214036,-4.7402096263473,160.717007822322,92.7926660401443,125.45980130474,1871027.13644619,4.58930446006677
108700,108.7,0.108699999999999,13.9996058968385,-0.00414964317079408,0.00770574876147129,299.214880916324,-4.74010418684383,160.740632950982,92.7878563067752,125.445726837463,1870995.26127948,4.58938264564414
108800,108.8,0.108799999999998,14.0062000341745,0.00113715531673319,-0.0011554338441683,299.61350272349,-4.74000349085032,160.727193109591,92.8064472984713,125.431652370187,1871003.72321113,4.5893618893828
108900,108.9,0.108899999999998,14.0134724205881,0.0127708142275971,-0.00699782960638119,299.926022456609,-4.73978725033125,160.72681971597,92.817127800576,125.41757790291,1871004.73222853,4.58935941437782
109000,109,0.108999999999999,14.0245119048136,-0.00922847461735098,0.00162839046120867,300.727771375257,-4.73956637325464,160.777156047494,92.8022152827392,125.403503435633,1871079.99443564,4.58917481226581
109100,109.1,0.109099999999999,14.0363016569958,-0.00847979857522948,0.0145165254324728,300.87451490307,-4.73941642974659,160.787120030733,92.8030977218484,125.389428968357,1871003.73260215,4.58936186634769
109200,109.2,0.109199999999999,14.0346946516298,0.00629454907481318,-0.0157619473771253,300.393362767349,-4.73941701208091,160.753020374581,92.838148520314,125.37535450108,1871103.39294943,4.58911742373745
109300,109.3,0.109299999999998,14.0568115889638,0.0133445379085784,-0.002443053748703,299.913834523664,-4.73931237163517,160.763939983338,92.8307390910132,125.361280033803,1870871.10472573,4.58968721068428
109400,109.4,0.109399999999998,14.0461165316786,-0.0256711955273214,-0.00283920491942257,300.612833594975,-4.73914013211798,160.832414940011,92.8184719875579,125.347205566526,1871210.53583549,4.58885465732189
109500,109.5,0.109499999999999,14.0854559486404,0.00387885531843597,0.0121177504763103,300.871821773405,-4.7388752461671,160.802375080883,92.8266561107635,125.33313109925,1870815.91023925,4.58982261974689
109600,109.6,0.109599999999999,14.0659984902269,0.00229048390367383,-0.0307803485978101,300.111691547821,-4.73857556793627,160.784839995269,92.8689422139632,125.319056631973,1871253.87927082,4.58874836670719
109700,109.7,0.109699999999999,14.107089876156,0.0077531175019519,0.0219577773405442,299.690896189858,-4.73835358117349,160.810858182314,92.8396233864377,125.304982164696,1870755.70643826,4.58997032731053
109800,109.8,0.109799999999999,14.0757962620866,-0.0294780804397161,-0.00413378910253077,299.460082808188,-4.73824629723801,160.871849539065,92.8421394700794,125.29090769742,1871305.7426893,4.58862118910526
109900,109.9,0.109899999999999,14.1280118629109,0.0321693684984225,0.00850080858896008,298.70402175629,-4.73822648801159,160.801222924582,92.860207751622,125.276833230143,1870638.0544091,4.59025900919719
110000,110,0.109999999999999,14.0961794054943,-0.00661695229869312,-0.0308699479209134,298.426890086459,-4.73799359756675,160.833419834659,92.8840042898497,125.262758762866,1871281.82151957,4.58867984685794
110100,110.1,0.110099999999999,14.1459038280001,-0.00345251421850562,0.0368550505938175,299.249741408506,-4.73771313847787,160.875946145931,92.8416556910432,125.248684295589,1870712.99608481,4.59007512118079
110200,110.2,0.110199999999998,14.1165592813223,-0.0206704895728136,-0.0164888207208473,299.6373937823,-4.73749791822893,160.885814172793,92.8773628324936,125.234609828313,1871336.95977426,4.58854464309533
110300,110.3,0.110299999999998,14.1603861534018,0.0364765890387309,-0.005402609575949,301.181964863634,-4.73747765563816,160.817823292067,92.8967834376176,125.220535361036,1870726.99178373,4.59004078088973
110400,110.4,0.110399999999999,14.1343752294558,-0.0149934105652434,-0.0092331557820972,299.849482406985,-4.73720004631407,160.900781976463,92.8861080131494,125.206460893759,1871266.57718898,4.58871722867912
110500,110.5,0.110499999999999,14.1710951462162,-0.0102456237398708,0.0262725720059428,299.403216326989,-4.73717183849299,160.921218389239,92.8624968095124,125.192386426482,1870818.20159547,4.5898169981859
110600,110.6,0.110599999999999,14.1699689727454,0.00968869189524983,-0.0153917531167529,299.107923961705,-4.73707603598229,160.868572647409,92.9111921269818,125.178311959206,1870976.49562317,4.58942867656842
110700,110.7,0.110699999999999,14.1751226432782,0.0162440551843899,-0.0213655649852227,299.360876797321,-4.73674963940319,160.878966518503,92.9201751739563,125.164237491929,1871067.88896867,4.58920450338735
110800,110.8,0.110799999999999,14.1960621692753,-0.0145072194442812,0.0285525766788239,299.557953142433,-4.73649711514365,160.957859256898,92.8760514859318,125.150163024652,1870886.10956643,4.58965040057323
110900,110.9,0.110899999999999,14.1860884380916,-0.0139469212324688,-0.00583335974970273,300.481482388855,-4.73639859275846,160.946489752699,92.9089042840965,125.136088557376,1871205.23287588,4.58886766204765
111000,111,0.110999999999999,14.2215880931178,0.0340242767955507,-0.00869893112695452,301.077940388619,-4.73628337569529,160.88351125127,92.9351122366711,125.122014090099,1870790.2182825,4.58988565274923
111100,111.1,0.111099999999998,14.1957021212862,-0.016472156229434,-0.0135424008250682,299.931560254971,-4.73602146140407,160.966066104488,92.9233169754258,125.107939622822,1871302.1048572,4.58863010943588
111200,111.2,0.111199999999998,14.2426123789947,0.00366465058163682,0.0359417552645643,299.13887442347,-4.73583949284622,160.98069379513,92.8957304544193,125.093865155545,1870706.09127331,4.59009206323473
111300,111.3,0.111299999999999,14.2110240552485,-0.00704140855577724,-0.0305235618175695,299.082212460503,-4.73572904387502,160.957286263519,92.9513901071904,125.079790688269,1871344.20298446,4.58852688271042
111400,111.4,0.111399999999999,14.2656924799764,0.0332128246364863,0.0100688220621865,300.189421707376,-4.73557803728694,160.927121934349,92.9440847191443,125.065716220992,1870635.93907568,4.59026419990699
111500,111.5,0.111499999999999,14.2228208716306,-0.0277963508659989,-0.011112728534887,299.832546406142,-4.73516756669083,161.027654437553,92.9369716366639,125.051641753715,1871450.6598134,4.58826586593238
111600,111.6,0.111599999999999,14.2821044058818,0.0114932294003426,0.0296516238298537,300.893206595307,-4.73511120814734,160.995072584704,92.9279039129361,125.037567286438,1870678.87116779,4.59015885331411
111700,111.7,0.111699999999999,14.2509169553487,-0.0102113069057732,-0.0326710851621699,300.656481898697,-4.73502329268003,160.984883804106,92.9770708175693,125.023492819162,1871339.50598861,4.58853839975029
111800,111.8,0.111799999999999,14.2930678972636,0.0188877004306766,0.014478643369153,300.458596200661,-4.73495588013879,160.998856577053,92.9484392410311,125.009418351885,1870714.99660086,4.59007021261964
111900,111.9,0.111899999999999,14.2676168842877,-0.026623660148377,-0.00433781336250953,298.797012270123,-4.73456914919111,161.061323293732,92.9536533512403,124.995343884608,1871335.09390359,4.58854921824111
112000,112,0.111999999999999,14.3142869401664,0.0165866007778552,0.00826866510585212,300.331738008357,-4.7345134802313,161.005527685568,92.9682140084337,124.981269417332,1870769.17751626,4.58993727574596
112100,112.1,0.112099999999999,14.2867530249555,0.0014705425801098,-0.0225708511829654,300.271579773062,-4.73426059079018,161.028351280038,92.9899666821643,124.967194950055,1871261.40404436,4.58872991429203
112200,112.2,0.112199999999999,14.3210330407291,0.00402726325921836,0.0195639287445871,300.162306807788,-4.73398263881199,161.062740650637,92.963152237806,124.953120482778,1870910.58754082,4.58959035208898
112300,112.3,0.112299999999999,14.314447259514,-0.0166847398599862,0.00253708558535366,300.5664477662,-4.73378596819196,161.074128182219,92.9810866158422,124.939046015501,1871193.03448211,4.58889757708777
112400,112.4,0.112399999999999,14.3339393297162,0.0151014034833057,-0.00934237947750893,301.01292295051,-4.73374795316579,161.04302333115,93.0005290887072,124.924971548225,1871012.08937736,4.58934136820889
112500,112.5,0.112499999999998,14.3390063361148,0.00152296737416025,8.42653960503286e-05,299.160044015244,-4.73355990153533,161.075706885169,92.9931093714841,124.910897080948,1871031.6869717,4.58929329844554
112600,112.6,0.112599999999998,14.3418972886318,-0.0160363921821171,0.00954485724552698,301.112196091537,-4.73367699074905,161.107867331109,92.98566450288,124.896822613671,1871044.59080149,4.58926164796544
112700,112.7,0.112699999999999,14.3544182824423,0.00733338691405084,-0.0037768749937924,300.495377851914,-4.73332967845451,161.08142631463,93.0108021162344,124.882748146394,1871032.37951229,4.5892915997727
112800,112.8,0.112799999999999,14.3647107794101,0.018069178276229,-0.0103036225470864,298.364866988364,-4.73273101819703,161.077589070367,93.0252953284696,124.868673679118,1871068.45504325,4.58920311496567
112900,112.9,0.112899999999999,14.374732187701,-0.0131168094918249,0.0115809100970695,301.265898276639,-4.73276928305807,161.132535966792,93.0057687380007,124.854599211841,1871102.90869361,4.58911861143631
113000,113,0.112999999999999,14.3778748025696,-0.00881589284459875,0.00124470217534556,301.224536715882,-4.73250458461512,161.135471785995,93.018240312383,124.840524744564,1871176.95374774,4.58893701368026
113100,113.1,0.113099999999999,14.3970649251831,0.0173482169079894,-0.00820266079154904,300.01225280528,-4.73230396221532,161.102402190761,93.040677768983,124.826450277288,1871033.23615168,4.58928949859785
113200,113.2,0.113199999999999,14.3966672961253,-0.00368701599010137,-0.00448209587823903,299.814980474772,-4.7323362902574,161.141508560539,93.0331257943471,124.812375810011,1871124.51186207,4.58906562752113
113300,113.3,0.113299999999999,14.4165499019051,-0.0089419518074965,0.0233380572784882,299.873318252884,-4.73226344393026,161.16662067746,93.0188758715142,124.798301342734,1870918.46236707,4.58957103418321
113400,113.4,0.113399999999998,14.4058573420949,0.00649592819809101,-0.022628885742601,299.672852158991,-4.73206660644594,161.142547798209,93.0568736014467,124.784226875457,1871192.10378959,4.58889985951117
113500,113.5,0.113499999999998,14.4359416721601,0.0211270098105756,-0.00149655310599983,300.520026828128,-4.73183040521651,161.139844365805,93.0543073100386,124.770152408181,1870898.06599457,4.58962106929848
113600,113.6,0.113599999999999,14.4162749777495,-0.0258757256622489,0.000583553190913437,300.300542099738,-4.73149366084317,161.213849137007,93.0450627805672,124.756077940904,1871360.22111944,4.58848760665754
113700,113.7,0.113699999999999,14.4538109946794,0.0112097848632792,0.0173262907443883,301.504812999002,-4.73150033181445,161.193278233931,93.0426184474038,124.742003473627,1870861.19354443,4.58971152527385
113800,113.8,0.113799999999999,14.4326820636381,-0.00436344852701734,-0.026713335105131,299.443688781187,-4.73125266548357,161.18481962991,93.0824613201339,124.72792900635,1871352.95568355,4.58850542123519
113900,113.9,0.113899999999999,14.4772904794997,0.0133611244448541,0.0174299425674691,299.616677650843,-4.73112581271107,161.182259431434,93.0673500742622,124.713854539074,1870808.30805355,4.58984127087418
114000,114,0.113999999999998,14.4481356726358,-0.0252937358427764,-0.00614770857221919,299.727506252377,-4.73094422479062,161.248207415978,93.0673878975711,124.699780071797,1871363.29812971,4.58848006198489
114100,114.1,0.114099999999999,14.4927111582367,0.0166558196682429,0.0158963526485602,300.572601851701,-4.73076094017249,161.217522863034,93.0686848828462,124.68570560452,1870822.08582813,4.58980746872973
114200,114.2,0.114199999999999,14.4626777701738,-0.00921418368802185,-0.0235038239404907,299.911503902389,-4.73040194400902,161.219241671677,93.1090032171985,124.671631137244,1871441.22862175,4.5882889886541
114300,114.3,0.114299999999999,14.5095914887442,0.0252501037458529,0.01367121296731,299.720274256127,-4.73025070619682,161.219614527503,93.0893344160626,124.657556669967,1870838.99627614,4.58976598162115
114400,114.4,0.114399999999999,14.4822716245633,-0.031113017708231,0.001721521922108,299.529222617686,-4.73030720679782,161.290594333953,93.0834994723126,124.64348220269,1871334.04163431,4.58855179842684
114500,114.5,0.114499999999999,14.5238441990145,0.0138144689248264,0.0143218028005732,298.971626476784,-4.73008167706254,161.243389570892,93.0964046316295,124.629407735413,1870834.45282751,4.5897771281798
114600,114.6,0.114599999999999,14.5042928170972,0.00107666645229879,-0.0262648753335673,299.716674790714,-4.72986780495787,161.240695340004,93.133682862713,124.615333268137,1871340.95589546,4.58853484457064
114700,114.7,0.114699999999999,14.5420904534726,0.00664944258725407,0.0121605828025702,300.148107068433,-4.72961980520954,161.276540515671,93.10439508389,124.60125880086,1870957.02293661,4.58947644276777
114800,114.8,0.114799999999998,14.5227613685107,-0.0245273379809083,0.0146085507490607,300.326131467527,-4.72946257766228,161.335446575472,93.0958437535904,124.587184333583,1871257.09003153,4.58874049319102
114900,114.9,0.114899999999998,14.5433447436758,0.0106565253902619,-0.0108727696514328,300.807598311291,-4.72937355990911,161.272128669669,93.1359520491158,124.573109866306,1871117.16595258,4.5890836439561
115000,115,0.114999999999999,14.5549861370482,0.0183557588563792,-0.0163731216913078,300.287336686542,-4.72918312281701,161.260899426099,93.1527336144275,124.55903539903,1871112.57751272,4.58909489754638
115100,115.1,0.115099999999999,14.5501973095842,-0.0240158252714699,0.00384221075718257,300.06831150502,-4.72904946760791,161.356074959401,93.1168340786352,124.544960931753,1871283.91052657,4.58867472428713
115200,115.2,0.115199999999999,14.5860168629815,0.000623899481536786,0.0283878318032582,299.741443919796,-4.72883100823467,161.34373415796,93.1139348352077,124.530886464476,1870871.08674694,4.5896872547905
115300,115.3,0.115299999999999,14.5546396526481,-0.000521760191645686,-0.0426142041726726,300.878793075302,-4.72867720929033,161.304954905898,93.1777228105757,124.5168119972,1871491.21763115,4.58816643182924
115400,115.4,0.115399999999999,14.6151686956148,0.0196436508614001,0.0228916940905816,299.941833191407,-4.72827719690316,161.323048877985,93.1431633817457,124.502737529923,1870795.45231641,4.58987281135758
115500,115.5,0.115499999999999,14.5655794436033,-0.0397092565106697,-0.00839384239988104,300.778674187721,-4.72823293744828,161.412431244084,93.1438534919998,124.488663062646,1871634.24697999,4.58781580645563
115600,115.6,0.115599999999999,14.635844339041,0.0254492610487054,0.0249981500956628,300.295308396028,-4.72819147476013,161.337617085278,93.1505441608376,124.474588595369,1870689.60968377,4.59013250394329
115700,115.7,0.115699999999998,14.5870638055474,-0.0082469574553079,-0.0384919728721184,299.517367303336,-4.72804760951629,161.353608168174,93.1929730010786,124.460514128093,1871515.54503827,4.5881067912919
115800,115.8,0.115799999999998,14.6461771388063,0.013562135074068,0.0292946376735241,300.393478336575,-4.72788865263785,161.378942715528,93.1516467582122,124.446439660816,1870767.76884835,4.5899407319191
115900,115.9,0.115899999999999,14.6034322500724,-0.0300368837452268,-0.00538164595360361,300.282297243307,-4.7275999894241,161.42680199391,93.1715440058383,124.432365193539,1871510.6025323,4.58811890810557
116000,116,0.115999999999999,14.6588625978099,0.0321528306744075,0.00612281625439936,300.181724629242,-4.72735651346249,161.357193559954,93.1896909369769,124.418290726262,1870856.31307625,4.58972349836922
116100,116.1,0.116099999999999,14.6247456748714,-0.0169510022496235,-0.0208379769550262,299.564888297848,-4.72708298860564,161.407748048463,93.2045866866439,124.404216258986,1871529.86930046,4.5880716749704
116200,116.2,0.116199999999999,14.6721786717414,0.00953435401089863,0.0288224676678071,299.529274227195,-4.7268633777984,161.425269282718,93.1745902871611,124.390141791709,1870918.95124805,4.58956983490411
116300,116.3,0.116299999999999,14.642233560537,-0.016105682574003,-0.0143805741720608,300.079373302529,-4.72670089479933,161.441990044838,93.2051415831747,124.376067324432,1871514.48800689,4.58810938265461
116400,116.4,0.116399999999999,14.6866616686194,0.0218018796831859,0.0061307564298813,300.320478223618,-4.72659253470534,161.408124064599,93.2074128360892,124.361992857156,1870955.75071667,4.58947956353822
116500,116.5,0.116499999999999,14.6638882160656,-0.01525030592262,-0.00596384952148618,299.810162511914,-4.72651191378414,161.462045925833,93.2093255883255,124.347918389879,1871407.37389127,4.58837199318281
116600,116.6,0.116599999999998,14.6945365247884,0.0040591668522331,0.0109241436461241,299.684220309069,-4.72641352708798,161.45387154916,93.2064713053744,124.333843922602,1871043.52557317,4.58926426073815
116700,116.7,0.116699999999999,14.6888892183578,-0.00232199338487479,-0.00993109146235744,299.754848875344,-4.72615066405504,161.453955589633,93.2300824981947,124.319769455325,1871306.62105992,4.58861903525724
116800,116.8,0.116799999999999,14.7059589932046,0.00545170896085721,0.00144448055149783,300.277723136452,-4.72578063938933,161.467624717439,93.2281778067059,124.305694988049,1871214.94924722,4.5888438341372
116900,116.9,0.116899999999999,14.7154434068611,-0.00225604948677791,0.00492944502812622,300.347354781213,-4.72562093260754,161.493455896868,93.2260040092875,124.291620520772,1871258.7668434,4.58873638127732
117000,117,0.116999999999999,14.7165631221198,-0.00545642240081908,-0.00445857194875593,300.780272555356,-4.7256142085079,161.496965043822,93.2367705202592,124.277546053495,1871303.61556038,4.58862640503536
117100,117.1,0.117099999999998,14.7375105585135,0.0125664074799584,0.00325873105507906,299.679548548886,-4.72544237905373,161.487030621993,93.2421313812139,124.263471586218,1871084.166502,4.58916457951294
117200,117.2,0.117199999999999,14.722538408691,-0.00889273941647803,-0.0124836600079153,299.475803088084,-4.72523404899653,161.520756588676,93.2505862291772,124.249397118942,1871432.64554186,4.58831003223856
117300,117.3,0.117299999999999,14.7602664919772,0.00973881478371927,0.0202743152041624,300.59129056488,-4.72509697652364,161.517173316685,93.2422295463632,124.235322651665,1871011.45863195,4.58934291534319
117400,117.4,0.117399999999999,14.7351791976484,-0.0139282897659664,-0.0186179951596859,300.220370584434,-4.72484894052563,161.531015779846,93.2715499789112,124.221248184388,1871548.15828265,4.58802683981038
117500,117.5,0.117499999999999,14.7825369227689,0.0199047201825624,0.0147186864907503,300.731332831758,-4.72473224648116,161.513263350509,93.2620057350148,124.207173717112,1870938.97896116,4.58952070524837
117600,117.6,0.117599999999999,14.7473027689524,-0.0244333919024775,-0.00902990168025883,300.39500775104,-4.72452222112675,161.570741345815,93.2713308256019,124.193099249835,1871579.83028157,4.58794919846227
117700,117.7,0.117699999999999,14.7987906694572,0.0159177902881706,0.0212285839520215,299.851568936566,-4.72430851807671,161.548604463835,93.2639005358251,124.179024782558,1870962.27359698,4.58946356288107
117800,117.8,0.117799999999999,14.763412683177,-0.00799399980473655,-0.0248742534825305,300.395390964168,-4.72422611326131,161.567102772971,93.2944924844712,124.164950315281,1871578.13509589,4.58795335400653
117900,117.9,0.117899999999999,14.8139847055716,0.0147170748827861,0.0185592853702673,300.723806847602,-4.72403008212371,161.566622285996,93.2763559385824,124.150875848005,1870996.62644723,4.5893792970132
118000,118,0.117999999999998,14.7833476145852,-0.0278737746087296,-0.00867413783564475,301.093369751747,-4.72376287488719,161.619533586322,93.2875364649156,124.136801380728,1871621.49495064,4.58784706489222
118100,118.1,0.118099999999998,14.8217198518066,0.0160622647825489,0.0122553552081247,301.517848192532,-4.72353160832328,161.583034784988,93.2945266526044,124.122726913451,1871126.86566333,4.58905985466378
118200,118.2,0.118199999999999,14.8009852699978,-0.00151863742683202,-0.0248462005299522,300.326931030429,-4.72328337588939,161.591603967667,93.323771750511,124.108652446174,1871600.4233283,4.58789871768066
118300,118.3,0.118299999999999,14.8436052529748,0.00612431774470551,0.0142403309200592,299.663599943722,-4.72327060821548,161.615833460527,93.2957049088007,124.094577978898,1871105.87801764,4.58911132880184
118400,118.4,0.118399999999999,14.8255042984874,-0.0200078797257541,0.0047850605200982,299.232731737578,-4.72306697719426,161.65448085783,93.300923898087,124.080503511621,1871445.73483492,4.58827794061359
118500,118.5,0.118499999999999,14.8471601294793,0.0205486283055675,-0.00948727941808826,299.72460780385,-4.72282833537649,161.59854027852,93.3334175594805,124.066429044344,1871237.37955203,4.58878882819993
118600,118.6,0.118599999999999,14.8474798054588,0.00928644427403833,-0.0135085778414224,300.587048030477,-4.72262805105207,161.62427423615,93.3369423614929,124.052354577068,1871393.72629355,4.58840545501089
118700,118.7,0.118699999999999,14.8577766526677,-0.0215308866742263,0.0214556729829722,299.800857487746,-4.72234479981902,161.701917742044,93.303036642064,124.038280109791,1871400.25729924,4.58838944192015
118800,118.8,0.118799999999999,14.873748621883,0.00730839908498751,0.00749894134991307,299.695493591794,-4.72220488201842,161.667635719053,93.3271469220799,124.024205642514,1871274.63395144,4.58869747198279
118900,118.9,0.118899999999998,14.8582450131518,0.00965112350436849,-0.0284850823757652,299.616413364637,-4.72204825464052,161.636410734997,93.3699671864223,124.010131175237,1871559.20899931,4.58799974957224
119000,119,0.118999999999999,14.8952527560392,0.00315870259366931,0.0139622725760924,301.377939548941,-4.72207925440251,161.67775956248,93.3365763423326,123.996056707961,1871156.1139387,4.58898812249493
119100,119.1,0.119099999999999,14.8760634710374,-0.0277539765827623,-0.00774027388961118,299.478801254929,-4.72170318288864,161.73335975674,93.3404714573504,123.981982240684,1871665.23728505,4.58773984318582
119200,119.2,0.119199999999999,14.9209640897,0.0230779298050007,0.0110115141420324,299.475705349989,-4.72158276239138,161.669972799128,93.3565949040318,123.967907773407,1871042.44505231,4.58926691102318
119300,119.3,0.119299999999999,14.8856296000737,-0.0053266857810717,-0.0297989531506206,299.372160383291,-4.72139584454864,161.695411851679,93.3844000561843,123.95383330613,1871681.69023902,4.58769951481542
119400,119.4,0.119399999999999,14.936959708522,0.000687222940265715,0.0237136585444277,300.960892425585,-4.72126257905938,161.726278509915,93.3496796676967,123.939758838854,1871130.4736903,4.58905100576097
119500,119.5,0.119499999999998,14.9016957368555,-0.0162063358596856,-0.0171892276396799,300.885726333591,-4.7209559273883,161.755616838991,93.3744657534709,123.925684371577,1871754.2421344,4.58752168896216
119600,119.6,0.119599999999999,14.9430609220644,0.0194257439500899,0.00898001768083503,299.510508321804,-4.72065080455105,161.718863039534,93.3811604173553,123.9116099043,1871250.56881248,4.58875648473295
119700,119.7,0.119699999999999,14.9177658013957,-0.0171959173786667,-0.0141712737676937,299.884404204648,-4.72073784371963,161.755085733843,93.3928093772712,123.897535437024,1871690.56632556,4.58767775864555
119800,119.8,0.119799999999999,14.9633943295671,0.0143729840992628,0.0186362194100719,298.570915513501,-4.72050154569102,161.753212357056,93.3767456768805,123.883460969747,1871134.37883151,4.58904142820609
119900,119.9,0.119899999999999,14.9374729546141,-0.00995879695014145,-0.0118964062537339,299.354258300756,-4.72032635603288,161.774194464994,93.40172731717,123.86938650247,1871665.09206156,4.587740199151
120000,120,0.119999999999999,14.9674659041834,0.0120244168197696,0.00592483349205781,300.319566251993,-4.72014834851768,161.758500056536,93.4041751206464,123.855312035193,1871319.91027109,4.58858644909867
120100,120.1,0.120099999999999,14.9546695781449,-0.0132868482296986,-0.00208770383757908,300.501380760888,-4.71991885501968,161.800369073107,93.4067732815876,123.841237567917,1871643.63208148,4.58779280147955
120200,120.2,0.120199999999999,14.9801398270815,0.00805584971149642,0.00292835509907088,299.846057418015,-4.71960428248022,161.794188810441,93.4118279782433,123.82716310064,1871460.70678563,4.58824123374024
120300,120.3,0.120299999999998,14.985264274037,-0.00296882620963027,-0.000274455793779128,300.033666191797,-4.71944994251137,161.797462388277,93.4251320109187,123.813088633363,1871552.36831097,4.58801651911444
120400,120.4,0.120399999999998,14.9925857363032,0.000963972809547236,-0.00267890757070195,299.60397182218,-4.71937417936636,161.822763501302,93.4196060642127,123.799014166087,1871521.54646786,4.58809207855729
120500,120.5,0.120499999999999,15.0033904308816,-0.00106255562693408,0.0159147193527897,298.639996502059,-4.71919998275646,161.833660066868,93.4172267894573,123.78493969881,1871387.12109737,4.58842165011976
120600,120.6,0.120599999999999,14.9985865778622,-0.00152178875120385,-0.0150196151185746,299.233423283778,-4.71898327297593,161.825558114244,93.4451089435814,123.770865231533,1871639.1248477,4.5878038496856
120700,120.7,0.120699999999999,15.0281683750283,0.00644014817635737,0.00959678656869701,300.276319758691,-4.71874806184267,161.840039572843,93.4362173612831,123.756790764256,1871415.67605999,4.58835163777008
120800,120.8,0.120799999999999,15.0058844680364,-0.0206384933387653,-0.00769112580424835,301.260031143314,-4.71865450262027,161.880813538379,93.4431976593002,123.74271629698,1871814.10291312,4.58737497961731
120900,120.9,0.120899999999999,15.0547168908101,0.0199923003873368,0.0130721075347076,300.494258391662,-4.71840773329167,161.839353612798,93.4501304900731,123.728641829703,1871260.68428334,4.58873167929942
121000,121,0.120999999999999,15.0065672343554,-0.0192222478489558,-0.0350892973511275,299.232789793267,-4.71823400876676,161.869555593558,93.4816463660578,123.714567362426,1872028.11774802,4.58685053968526
121100,121.1,0.121099999999999,15.0855890662994,0.0319764013610381,0.0355494070772451,299.132350654666,-4.71824576333938,161.861469197933,93.4423132893662,123.700492895149,1870934.09603149,4.58953268338637
121200,121.2,0.121199999999998,15.0160528918119,-0.0505803734898313,-0.0237851561910524,298.381123118561,-4.71789610034027,161.93308729046,93.4732818257425,123.686418427873,1872169.21957428,4.58650483750131
121300,121.3,0.121299999999999,15.1103003019478,0.0492628291361955,0.0265159919013611,299.144123948027,-4.71754655770626,161.84955562179,93.4708629411967,123.672343960596,1870942.13432453,4.58951296497395
121400,121.4,0.121399999999999,15.0194632749938,-0.0359930249487987,-0.0457348816225785,300.837999031165,-4.7175357583581,161.936260505179,93.5012340823086,123.658269493319,1872339.56110336,4.58608756690393
121500,121.5,0.121499999999999,15.1243134018313,0.0238618028062925,0.0501777493009282,300.232034985239,-4.71724572276866,161.925572847042,93.4483156321623,123.644195026042,1870943.40882456,4.58950983856489
121600,121.6,0.121599999999999,15.0414314993212,-0.0450341248953408,-0.0279560097303531,299.569751351734,-4.71696699541945,161.964297782835,93.5047595200587,123.630120558766,1872308.04235193,4.58616476988056
121700,121.7,0.121699999999999,15.1275825136596,0.0560988053713122,0.00454131029029001,300.596988523987,-4.71696129027544,161.867174722195,93.5110094797011,123.616046091489,1871097.33512766,4.58913228135865
121800,121.8,0.121799999999999,15.0726536711744,-0.0258224375148845,-0.0217173038522965,299.704328138937,-4.71679226127131,161.972581566615,93.5089794577187,123.601971624212,1872061.96518491,4.58676760806385
121900,121.9,0.121899999999999,15.1268817530128,-0.0110354630747623,0.0432766186800547,298.93049225177,-4.71662784103957,161.989347990369,93.4740042796162,123.587897156936,1871342.35695829,4.58853140916207
122000,122,0.121999999999999,15.103779799852,0.00369034751015222,-0.0176231663094091,300.102780008613,-4.71648236182933,161.950905678636,93.5279578641701,123.573822689659,1871764.96673844,4.58749540395601
122100,122.1,0.122099999999999,15.124958709368,0.0170041637416749,-0.0199996886219754,300.079237848459,-4.71605244368225,161.943990265601,93.5404288668012,123.559748222382,1871721.40689054,4.58760216696108
122200,122.2,0.122199999999999,15.1417797751263,-0.0185484171997648,0.0237595837918016,300.854629249566,-4.71597153257606,162.016182618988,93.5041046031894,123.545673755105,1871615.41359639,4.58786197197358
122300,122.3,0.122299999999999,15.1228206608847,-0.0165568864329519,-0.00265581973771001,300.418339085966,-4.71583286181935,162.026025775135,93.5239455946434,123.531599287829,1871913.01651546,4.58713257851185
122400,122.4,0.122399999999999,15.1639293576888,0.0292264579285464,-0.00456874799871963,299.447178260108,-4.71565517182172,161.97015513099,93.5446000309393,123.517524820552,1871467.54841775,4.58822446024148
122500,122.5,0.122499999999999,15.1339299049766,-0.0181653656792424,-0.0160514580841357,299.345398589198,-4.71557486388069,162.020187898755,93.5519460123656,123.503450353275,1871979.32614844,4.58697009216734
122600,122.6,0.122599999999998,15.1804759484318,0.00500420367742827,0.03671618989623,299.812211048849,-4.71529989170551,162.033439943604,93.525822406851,123.489375885999,1871396.37380009,4.58839896369048
122700,122.7,0.122699999999999,15.14322114218,-0.0140652300982932,-0.0271941740614521,300.482028035149,-4.71499195951307,162.046936688616,93.5666620504142,123.475301418722,1872156.09913309,4.58653698063671
122800,122.8,0.122799999999999,15.1970235468063,0.0253317624486022,0.0120872266202663,300.926284965505,-4.71478885003488,162.018361700532,93.5602023554397,123.461226951445,1871483.39207012,4.5881856171325
122900,122.9,0.122899999999999,15.1588240200953,-0.0280592450228978,-0.00812811898198759,300.203540638862,-4.71460673609733,162.094779523076,93.5581983442257,123.447152484168,1872112.55015238,4.58664367241144
123000,123,0.122999999999999,15.2116588970781,0.00851223813498605,0.0196981139762239,299.466160562569,-4.71451634693885,162.072811323732,93.551393980662,123.433078016892,1871509.29176926,4.58812212152091
123100,123.1,0.123099999999999,15.1817987864422,-0.00335483888245642,-0.0265285710180908,299.429100014672,-4.71438532726351,162.061099368239,93.5942011844709,123.419003549615,1872016.87112853,4.5868780963614
123200,123.2,0.123199999999999,15.2198646443931,0.013567067602027,0.0160943116607404,299.47163071675,-4.71413065723666,162.065145532283,93.58122692779,123.404929082338,1871590.64260536,4.58792269352517
123300,123.3,0.123299999999999,15.2004086814637,-0.0228125042822727,-0.00761139715146667,300.024294364875,-4.71395838754579,162.125198883685,93.5807950921241,123.390854615061,1872061.98697781,4.58676755466873
123400,123.4,0.123399999999999,15.2303210683981,0.00897242664752389,0.00939388660535939,301.492729710128,-4.71386995059532,162.105266818809,93.5820037368107,123.376780147785,1871642.49524431,4.58779558810864
123500,123.5,0.123499999999998,15.211541385078,-0.00845596887254938,-0.0149750512942018,300.327459242301,-4.71347883518932,162.118203026362,93.6079943337272,123.362705680508,1872098.12088048,4.58667902415285
123600,123.6,0.123599999999999,15.2423040718808,0.00698076618319166,0.00356055793775491,300.606944488597,-4.7132750185778,162.119491777089,93.6029568503811,123.348631213231,1871798.67776515,4.58741278332916
123700,123.7,0.123699999999999,15.2344945383991,-0.0100254515602064,0.000880957400334644,300.917861735304,-4.71307357528784,162.151602280254,93.6054119982338,123.334556745955,1872004.8989235,4.58690743124459
123800,123.8,0.123799999999999,15.2528401294268,0.00403373980854478,0.00373839747641411,299.661554566164,-4.71283789896049,162.144924990813,93.6138717977841,123.320482278678,1871883.35421795,4.58720526727793
123900,123.9,0.123899999999999,15.2566693320296,0.0122232467424978,-0.00507021550107109,299.393197822359,-4.71279757369784,162.142716327353,93.6248974693672,123.306407811401,1871864.66150944,4.5872510757665
124000,124,0.123999999999999,15.2621083445995,-0.00869685887903904,-0.00105809041235206,299.324721872753,-4.71261469088207,162.177287165173,93.6202956883113,123.292333344124,1871958.04831604,4.58702223050503
124100,124.1,0.124099999999999,15.2814857712493,0.000100182565074838,0.0126306349594369,299.991415086092,-4.71236754694287,162.183598890664,93.6197884638787,123.278258876848,1871807.0589902,4.58739224267634
124200,124.2,0.124199999999999,15.261432260939,-0.00458106939010258,-0.0155900652555296,300.610567767641,-4.7120474146495,162.186595976973,93.648619471741,123.264184409571,1872204.32796593,4.58641882936334
124300,124.3,0.124299999999999,15.2993301961581,0.0157340059751676,0.00992076588239141,301.463891439787,-4.71198033637095,162.180457998251,93.6415654849089,123.250109942294,1871778.71096558,4.58746171857511
124400,124.4,0.124399999999999,15.2751096514869,-0.0193888996531805,-0.0117015573868598,300.654638270546,-4.71181403732738,162.225887046072,93.651017416568,123.236035475017,1872278.1800304,4.58623791794606
124500,124.5,0.124499999999999,15.3216554482551,0.0158602404982874,0.015789935838186,299.310151928935,-4.71156778623501,162.200810891785,93.6480438553243,123.221961007741,1871715.54496336,4.58761653463029
124600,124.6,0.124599999999999,15.2875273023242,-0.00996983203298898,-0.0184897297473525,298.614308597516,-4.71136815271478,162.220244134459,93.675393471012,123.207886540464,1872272.61265087,4.58625155555789
124700,124.7,0.124699999999999,15.3389778779249,0.0198580923026118,0.0149167641834538,299.92565508836,-4.71133206844047,162.218890346344,93.6565650406089,123.193812073187,1871666.8391882,4.58773591667776
124800,124.8,0.124799999999999,15.2995279322292,-0.0258828843181142,-0.00998169922637176,299.943912034491,-4.71092857293301,162.281438850682,93.6681102518345,123.179737605911,1872405.39052994,4.58592633071207
124900,124.9,0.124899999999998,15.3451005156127,0.0130461395771868,0.0184798541667358,300.865695329527,-4.71076781196664,162.246085930526,93.6697657424072,123.165663138634,1871816.67630001,4.58736867286154
125000,125,0.124999999999998,15.3188125553833,-0.00318169380850123,-0.0275874516196152,300.204601534787,-4.71058450840564,162.257335269031,93.701036607751,123.151588671357,1872357.40869465,4.58604385163027
125100,125.1,0.125099999999999,15.3635933681766,0.0168589023544619,0.010951647316033,299.89052986907,-4.71055540627538,162.263664413629,93.6795466607595,123.13751420408,1871787.06623917,4.58744124108682
125200,125.2,0.125199999999999,15.3330087206287,-0.0281340875738838,-0.000486710694744675,299.474648717907,-4.71037310524285,162.312591305447,93.68817850272,123.123439736804,1872309.95619131,4.58616008199077
125300,125.3,0.125299999999999,15.3702485339378,0.0180233080127864,0.00857124897040814,298.98790873442,-4.71005027472526,162.277348545837,93.6984833186903,123.109365269527,1871895.31098529,4.58717596641598
125400,125.4,0.125399999999999,15.3600515844658,0.00477933277240079,-0.0150910844332893,299.995034584182,-4.70991637641269,162.295052504443,93.7145231560085,123.09529080225,1872205.94134916,4.586414876993
125500,125.5,0.125499999999999,15.3706233450335,-0.00507878339292228,0.000557328091670884,300.114831645012,-4.7096646151314,162.334523981823,93.7016955699503,123.081216334973,1872190.86134394,4.58645181935915
125600,125.6,0.125599999999999,15.3868106633221,0.000616249627063435,0.0101660009036049,301.502621120935,-4.70950494584168,162.337130805838,93.7041258654489,123.067141867697,1872055.38852477,4.58678372169589
125700,125.7,0.125699999999999,15.3673353493821,-0.000427905047713599,-0.0255634814670741,301.061491842081,-4.70907388863108,162.3245569585,93.743867005631,123.05306740042,1872490.11955625,4.58571882036599
125800,125.8,0.125799999999998,15.4134506005463,0.0148897621721693,0.0138339692793091,301.095749324366,-4.70890678007055,162.327543467439,93.727682596315,123.038992933143,1871987.15117802,4.58695091833027
125900,125.9,0.125899999999999,15.3756206437004,-0.0329789637930241,-0.00966592005413527,300.719167908893,-4.70893523477975,162.393439984953,93.7304563655986,123.024918465867,1872588.27182274,4.58547845856171
126000,126,0.125999999999999,15.4348737480106,0.0278752683792198,0.0186460191225499,300.061757660022,-4.70876868669415,162.340214011507,93.7321785046308,123.01084399859,1871794.74366475,4.58742242506073
126100,126.1,0.126099999999999,15.3793963133172,-0.0132488448920022,-0.0396222500607248,300.28915380346,-4.70866174656149,162.3690785983,93.7704820415103,122.996769531313,1872678.30729779,4.58525799585345
126200,126.2,0.126199999999999,15.4492888086329,0.0190782635338794,0.0360828850702683,299.312278560099,-4.70833100829651,162.377795652658,93.7312618064167,122.982695064036,1871781.32915784,4.58745530176961
126300,126.3,0.126299999999999,15.3961107830856,-0.0304973391194148,-0.0129227491300914,299.535758482601,-4.70801806140617,162.430113397578,93.7588789833187,122.96862059676,1872721.75221238,4.58515162332812
126400,126.4,0.126399999999999,15.4581001533853,0.0350410749400467,0.0114525156839019,301.681811168414,-4.70795879006248,162.364708189029,93.7671360672015,122.954546129483,1871918.25203289,4.58711974888505
126500,126.5,0.126499999999999,15.4097027592559,-0.0224137065234704,-0.0276388999468514,300.599812383582,-4.70769326153078,162.429341443979,93.7850221930431,122.940471662206,1872806.22390547,4.58494481307955
126600,126.6,0.126599999999999,15.4782937794459,0.00993060249064754,0.0423834352507824,299.409664166794,-4.70764414405425,162.427938294334,93.7486648012722,122.926397194929,1871849.70848035,4.58728772042792
126700,126.7,0.126699999999999,15.4269127040284,-0.0208738718298527,-0.0266489292391199,300.232483881437,-4.70757711185033,162.439021301539,93.7954974808215,122.912322727653,1872698.1488316,4.58520941431796
126800,126.8,0.126799999999999,15.4876818970467,0.0308945403051329,0.00817301523254723,299.232229523935,-4.70716045707164,162.397765507999,93.7940056168095,122.898248260376,1871978.3663359,4.58697244402755
126900,126.9,0.126899999999999,15.4469553780767,-0.0212874076091424,-0.00867265077112379,300.029049825971,-4.70692969868077,162.480408758141,93.7914637708152,122.884173793099,1872665.76323309,4.58528871023615
127000,127,0.126999999999999,15.4887308363887,0.002340318000758,0.0233475173591674,301.333209134478,-4.70682702696808,162.474244440425,93.7817134047961,122.870099325823,1872185.59116121,4.58646473017272
127100,127.1,0.127099999999999,15.4770203302936,0.00606249062873244,-0.021065729287262,300.182829723304,-4.70658299852613,162.453105947115,93.8218988647536,122.856024858546,1872529.62180881,4.58562208159032
127200,127.2,0.127199999999999,15.4961432593592,0.0105203721489421,-0.00266953033695268,298.980605939468,-4.70654354246187,162.470174828998,93.8106154427747,122.841950391269,1872286.63070347,4.58621721769823
127300,127.3,0.127299999999999,15.4972899698336,-0.0133151362344444,0.0183501816251051,300.090820297236,-4.70646095497789,162.5197602145,93.7953316692006,122.827875923992,1872338.37221844,4.5860904789472
127400,127.4,0.127399999999999,15.4975163424794,-0.0029122153682939,-0.0091883263619532,299.834496288316,-4.70604650150541,162.502387441772,93.8258953188015,122.813801456716,1872533.67863286,4.58561214688948
127500,127.5,0.127499999999999,15.5217217899947,0.0213679631536436,-0.00169039125248304,300.551703689577,-4.70587626921925,162.476551188327,93.8389658336204,122.799726989439,1872282.19009571,4.58622809511397
127600,127.6,0.127599999999999,15.4974054759045,-0.0190137787502995,-0.0112005946567172,300.195517494556,-4.70561122038066,162.538047114366,93.8386884133924,122.785652522162,1872770.62620581,4.58503196389562
127700,127.7,0.127699999999999,15.5479081111136,0.0151478228262954,0.0290009283964237,300.766631502882,-4.70543735120618,162.530991286523,93.8223541653668,122.771578054885,1872148.73253202,4.58655502791449
127800,127.8,0.127799999999999,15.5024618153225,-0.0212680990438257,-0.0251771703367604,300.411890131462,-4.70523100929611,162.555697508184,93.8593421864671,122.757503587609,1872956.75523356,4.58457631667407
127900,127.9,0.127899999999999,15.5640467137596,0.0292322500691693,0.0174546736690514,300.165410449434,-4.70513403664243,162.516136694276,93.8493338766274,122.743429120332,1872086.6072194,4.58670723303355
128000,128,0.127999999999999,15.5173982081639,-0.0295847802801743,-0.0233781378980701,299.533979891322,-4.70495634378888,162.584479380796,93.8647562829646,122.729354653055,1872966.85570109,4.58455159313766
128100,128.1,0.128099999999998,15.5831588199256,0.0177214424762123,0.0294562420695687,299.699812037267,-4.70477317573939,162.567425574328,93.8422509901094,122.715280185779,1872106.65976763,4.58665810379857
128200,128.2,0.128199999999999,15.5305207979088,-0.0178826884778007,-0.0274738850195569,300.541369715099,-4.70444982101982,162.592948465446,93.8830987640616,122.701205718502,1873000.75622739,4.58446861468112
128300,128.3,0.128299999999999,15.5871254894061,0.0254067296308801,0.0170124409232091,300.109416902878,-4.7041235458395,162.570340250107,93.8706850602715,122.687131251225,1872277.91134872,4.5862385760952
128400,128.4,0.128399999999999,15.5470953478209,-0.0230507213836553,-0.0108933003085852,298.915353954889,-4.70385340970841,162.6336286276,93.8794680379669,122.673056783948,1872967.14503131,4.58455088493019
128500,128.5,0.128499999999999,15.5977065596408,0.0157035410794928,0.0148427607990367,300.571453842001,-4.70401614192262,162.601321889994,93.8758333575737,122.658982316672,1872307.74746638,4.58616549219437
128600,128.6,0.128599999999999,15.5737754369512,-0.00820960019547467,-0.0232085129446299,300.320769767599,-4.70385198177576,162.611164494482,93.9086897068713,122.644907849395,1872861.50020601,4.58480949138736
128700,128.7,0.128699999999999,15.6091735515898,0.00894609740384702,0.0146944625754981,299.967598166053,-4.70358995622363,162.622132762221,93.8917307202936,122.630833382118,1872434.68192355,4.58585459086742
128800,128.8,0.128799999999999,15.5833816438597,-0.0151619159281297,-0.00334034905465258,300.353916369373,-4.70338648688753,162.66683445109,93.8972269090584,122.616758914841,1872844.04300607,4.58485222742632
128900,128.9,0.128899999999999,15.6149499821664,0.0125976348976149,0.00232187765640558,299.501695620451,-4.70296273601479,162.648844355244,93.9067539436446,122.602684447565,1872611.9475285,4.5854204836893
129000,129,0.128999999999999,15.6112457793689,-0.00947572849643469,-0.00291877704000269,300.459225003442,-4.70278765969641,162.665052659148,93.9187296300729,122.588609980288,1872822.37068487,4.58490528338702
129100,129.1,0.129099999999999,15.6188386384981,-0.000346436950758407,0.00304238315894363,300.865948676323,-4.70280208421206,162.671022147749,93.9206133735944,122.574535513011,1872713.63248853,4.58517150365812
129200,129.2,0.129199999999999,15.63554711138,0.00914862217347314,0.00291272561502076,297.970329285131,-4.70246565005321,162.673242981915,93.9250256948356,122.560461045735,1872612.13422018,4.58542002654183
129300,129.3,0.129299999999999,15.6239460424777,-0.00848282452533739,-0.0049302382912669,299.752598439309,-4.70241761618075,162.703947155714,93.9299327493524,122.546386578458,1872848.34021026,4.58484170759629
129400,129.4,0.129399999999999,15.6474401552358,0.00824937462678869,0.0113508519559174,299.717453939136,-4.70205326387201,162.704509538767,93.929537662344,122.532312111181,1872631.83939745,4.58537177545876
129500,129.5,0.129499999999999,15.6361360210764,-0.00391787481159383,-0.0206945922316782,299.815347710139,-4.70180078323623,162.709088458478,93.9567470827751,122.518237643904,1873011.85247337,4.58444145500705
129600,129.6,0.129599999999998,15.674991998039,0.0124501816834044,0.0162967372994809,300.119537996673,-4.70168740845549,162.716184496829,93.9404421361158,122.504163176628,1872553.35028477,4.58556397386096
129700,129.7,0.129699999999999,15.6358724215525,-0.0278674517406775,-0.00660868218280805,299.122908604361,-4.70164435813487,162.767900625124,93.9507613182018,122.490088709351,1873139.03715873,4.58413017499397
129800,129.8,0.129799999999999,15.6959383100442,0.0293184205993977,0.0159782171935699,299.356216012374,-4.70154031483456,162.71780005783,93.951424225304,122.476014242074,1872360.52619376,4.58603621582111
129900,129.9,0.129899999999999,15.6351311644242,-0.0288494496092725,-0.0355892046320024,299.860524824382,-4.70126388267076,162.76868845751,93.9846904798792,122.461939774797,1873393.95217708,4.58350640676501
130000,130,0.129999999999999,15.7241619210888,0.0294569860776011,0.0448817670558695,299.438848286848,-4.70088381337241,162.756229930509,93.9443762239007,122.447865307521,1872231.83978624,4.58635143347357
130100,130.1,0.130099999999999,15.6368659768985,-0.0418212534206015,-0.037130546665369,299.809363437997,-4.70067596441508,162.817968559069,93.9897213334475,122.433790840244,1873630.6848464,4.58292728211932
130200,130.2,0.130199999999999,15.7422976073537,0.0530064481228761,0.0291379229239915,300.020709302847,-4.70048951735929,162.730180889938,93.980283255114,122.419716372967,1872217.17862928,4.58638734876107
130300,130.3,0.130299999999999,15.6452263170189,-0.0502647705081014,-0.036796468059221,299.223436002426,-4.70036209855351,162.820589778366,94.0139970613981,122.405641905691,1873713.8915412,4.58272376639936
130400,130.4,0.130399999999998,15.7591177392265,0.04379232356605,0.0400769883859243,298.848763814405,-4.70028399626592,162.781488665352,93.9676780835188,122.391567438414,1872125.71330698,4.58661142313495
130500,130.5,0.130499999999999,15.6665825370086,-0.0437509101602335,-0.0325708016052771,300.505485430258,-4.70020606031484,162.859455019228,94.0083538989136,122.377492971137,1873617.68629576,4.5829590769795
130600,130.6,0.130599999999999,15.7469380326113,0.0212481814062819,0.0253284790174127,301.279271601945,-4.69990973433976,162.793697295838,94.0047018859472,122.36341850386,1872573.03286475,4.58551577508415
130700,130.7,0.130699999999999,15.7085105857495,0.00468678875151901,-0.0238246564497226,299.290235086641,-4.69945839666628,162.830230482794,94.026394258582,122.349344036584,1873209.98851253,4.58395654243599
130800,130.8,0.130799999999999,15.7233928712679,-0.00905727147114916,0.00437770762056497,300.388168252859,-4.69938155552375,162.873511137685,94.0061213219176,122.335269569307,1873088.40813822,4.58425408266412
130900,130.9,0.130899999999999,15.750949167709,-0.00322434758686247,0.0254681251643208,300.043944040184,-4.69914140288659,162.857975890133,94.01532856273,122.32119510203,1872877.69084715,4.58476985665544
131000,131,0.130999999999999,15.720460070608,-0.00251143649236063,-0.0347091431228322,300.10896757565,-4.69902783398792,162.856767867701,94.0539358706751,122.307120634753,1873417.30517985,4.58344927126322
131100,131.1,0.131099999999999,15.7775432569337,0.0244189999187489,0.0236535331020951,299.577882708147,-4.69888156545539,162.861448691495,94.0227438634005,122.293046167477,1872634.31588477,4.58536571147981
131200,131.2,0.131199999999999,15.7243611831551,-0.0390605460307554,-0.0110395639856096,298.18269010344,-4.69855215469025,162.929577692132,94.0397976966919,122.2789717002,1873541.83864379,4.58314461149915
131300,131.3,0.131299999999999,15.8014375956957,0.0293008214786089,0.0266008932225205,299.650888230727,-4.69834085864808,162.872318850051,94.037949181034,122.264897232923,1872631.03224271,4.5853737518783
131400,131.4,0.131399999999999,15.7310427826515,-0.0183921672589423,-0.042947778517904,299.952531130757,-4.69805464469476,162.920169609633,94.0764120055801,122.250822765647,1873731.63676008,4.58268036560775
131500,131.5,0.131499999999999,15.810919183107,0.0214572892425357,0.0429746184440532,300.039662329751,-4.69788598330656,162.913345383465,94.0367736603125,122.23674829837,1872648.08442688,4.58533199783044
131600,131.6,0.131599999999999,15.7446537932694,-0.0370303066176983,-0.0186048017850997,299.939429470764,-4.69780759147233,162.963328601712,94.0725405198806,122.222673831093,1873719.34182783,4.58271043614359
131700,131.7,0.131699999999999,15.8173353340521,0.0390601267484461,0.0126754447996597,299.55124775915,-4.69773214021766,162.898680030803,94.0702088819475,122.208599363816,1872713.92703829,4.58517078247953
131800,131.8,0.131799999999999,15.7674893466101,-0.0273182412731304,-0.0254170418991515,297.950500430031,-4.69757153375913,162.963538505831,94.087590508276,122.19452489654,1873589.91521722,4.58302700738167
131900,131.9,0.131899999999999,15.8299949654123,0.0175055797177125,0.0319748023538213,298.217515003892,-4.69739988834985,162.95923393257,94.058378936717,122.180450429263,1872743.01461294,4.5850995652883
132000,132,0.131999999999999,15.7755761480176,-0.0280383718850385,-0.0224786188022156,299.791801801107,-4.69712908371217,162.994410125906,94.0963284657873,122.166375961986,1873687.15483876,4.58278915987841
132100,132.1,0.132099999999999,15.8415508378877,0.0289036753061518,0.0107618015445362,300.651427316643,-4.69688831360471,162.935067773996,94.1017842492151,122.152301494709,1872897.79221669,4.58472064940371
132200,132.2,0.132199999999999,15.7936796195832,-0.0189562276266368,-0.0223833518447941,300.775769896345,-4.69659514011043,162.998188845828,94.116968328849,122.138227027433,1873709.76239219,4.58273386548176
132300,132.3,0.132299999999999,15.8437171579686,0.00342684542740321,0.0285224010417675,299.564182073414,-4.69621552041086,163.016832046893,94.0862311679584,122.124152560156,1873096.20718767,4.5842349951105
132400,132.4,0.132399999999999,15.820026658563,-0.00318069116559577,-0.0163827264989156,300.083084437408,-4.69613961227409,163.020432746045,94.1180603490714,122.110078092879,1873555.31168762,4.58311165335383
132500,132.5,0.132499999999999,15.8384650000104,0.00326620027128518,-0.00632728696911127,300.570048271985,-4.69619221564484,163.001253918286,94.1296717286032,122.096003625603,1873350.05982956,4.58361379772221
132600,132.6,0.132599999999999,15.8529295552712,0.00716483450593714,0.000947428903528706,299.42099261619,-4.69593021991295,163.025718611298,94.1218169854743,122.081929158326,1873258.9195166,4.5838368058668
132700,132.7,0.132699999999999,15.8399429305609,-0.0121073569648091,-0.0054958166114716,299.398821355889,-4.69555240334617,163.069209404759,94.1244000129146,122.067854691049,1873594.04999292,4.58301689324372
132800,132.8,0.132799999999999,15.8731099104564,0.0145511594437681,0.0152157109717109,300.720040348098,-4.69532379530074,163.040978909095,94.1332685494953,122.053780223772,1873230.18707147,4.5839071148125
132900,132.9,0.132899999999999,15.8422009607608,-0.013751844586889,-0.0175505226862921,300.252605181617,-4.69512341866664,163.066892933261,94.1584134587685,122.039705756496,1873812.27794909,4.58248314585531
133000,133,0.132999999999999,15.8898703906429,0.0175254338108179,0.0167416236470254,301.443343579281,-4.69519175335864,163.071642506438,94.133616615007,122.025631289219,1873157.31783751,4.58408543715459
133100,133.1,0.133099999999999,15.8527940442621,-0.027294991521584,-0.0145838521921051,299.333038986933,-4.69485461786021,163.119132466958,94.1526594421807,122.011556821942,1873865.70640373,4.58235248815021
133200,133.2,0.133199999999999,15.9125507534067,0.0203266797843076,0.0204007786870133,299.132072633043,-4.69467216975518,163.069456675337,94.1535780878463,121.997482354666,1873097.22953354,4.58423249301204
133300,133.3,0.133299999999999,15.8602793266312,-0.0100760336813891,-0.0345388574556721,301.231152426292,-4.69450037919375,163.107470590138,94.1859703669474,121.983407887389,1873962.22252092,4.58211647972675
133400,133.4,0.133399999999999,15.9135460156012,0.011924875286357,0.0270369297755855,300.101060956162,-4.69404262943084,163.110366791922,94.1616541324639,121.969333420112,1873295.51699341,4.58374725413315
133500,133.5,0.133499999999999,15.885724798344,-0.015125742116899,-0.0148431947827341,299.58784558815,-4.6938650883484,163.136532474952,94.186415904417,121.955258952835,1873872.46905609,4.58233595081516
133600,133.6,0.133599999999998,15.9208337206735,0.0145570873373606,0.0104067417936732,299.522533954492,-4.69380402354288,163.12183066258,94.1821319808205,121.941184485559,1873402.14543497,4.58348636096218
133700,133.7,0.133699999999999,15.9035166037122,-0.00937149406489722,-0.0110118552163963,298.815676634042,-4.69355786477242,163.155360695576,94.1944627716941,121.927110018282,1873816.25157745,4.58247342820825
133800,133.8,0.133799999999999,15.926794651764,0.00301064462287279,0.0122921126125257,300.295736392482,-4.6933934836969,163.149616011205,94.1952664202672,121.913035551005,1873549.96584836,4.58312473044204
133900,133.9,0.133899999999999,15.9190102848069,0.000232244378675895,-0.00514759592274258,299.964966343398,-4.69294448812733,163.172933017485,94.2060640247434,121.898961083728,1873816.17447042,4.5824736167758
134000,134,0.133999999999999,15.9326992221626,-0.00428905723281298,0.00797795522003942,300.350780873022,-4.6928511223329,163.190398663763,94.203358822211,121.884886616452,1873746.56148461,4.58264386374378
134100,134.1,0.134099999999999,15.9365711777755,0.00202624173922585,0.000228989096532384,299.667825918514,-4.69274902349745,163.176597969128,94.2219842480122,121.870812149175,1873742.14658599,4.58265466133838
134200,134.2,0.134199999999999,15.937797076505,0.00725222025095484,-0.00808564507388359,299.53555573978,-4.69263106659418,163.18024777093,94.2321961025797,121.856737681898,1873770.71842205,4.58258478360125
134300,134.3,0.134299999999999,15.9522702382839,0.000408052006596792,0.00875482959531147,299.592212221249,-4.69240119904742,163.225071158854,94.2138090307787,121.842663214621,1873703.25950329,4.58274977035305
134400,134.4,0.134399999999999,15.9423505819156,-0.0169088521518355,-0.000643170640373293,300.852598900118,-4.69228325647434,163.239607870292,94.2285087236834,121.828588747345,1873946.00947976,4.58215612336788
134500,134.5,0.134499999999999,15.9699719480656,0.0199405109641152,-0.00467048327246542,300.762631440069,-4.69201710191102,163.189125881131,94.2556873764847,121.814514280068,1873690.34513915,4.58278135684196
134600,134.6,0.134599999999999,15.9467863830795,-0.00311582560616615,-0.0186135667025914,299.87788025144,-4.6917125497027,163.239855975413,94.2582785153559,121.800439812791,1874107.77844817,4.58176060146797
134700,134.7,0.134699999999999,15.9905019654933,-0.00518178686771372,0.0365368110269026,298.894721560597,-4.69153902802908,163.275754264133,94.2226028793004,121.786365345515,1873593.90709967,4.58301724277634
134800,134.8,0.134799999999999,15.9570816570795,-0.0191644397004688,-0.0136393353154331,299.60985282889,-4.69153906123906,163.263972639101,94.2684330012921,121.772290878238,1874153.35282338,4.5816491853576
134900,134.9,0.134899999999999,16.0042376919115,0.0352737805552785,-0.00641235122569131,299.670014804134,-4.69123198932696,163.214725718326,94.2809123111837,121.758216410961,1873619.48178207,4.58295468513775
135000,135,0.134999999999999,15.9657267698788,-0.0305883466972994,-0.00350405437451539,299.794697567187,-4.69086753866122,163.325624426634,94.2621350184421,121.744141943684,1874302.44875946,4.58128472695627
135100,135.1,0.135099999999998,16.012012961773,0.00300486439575944,0.0302172346561266,299.764361020378,-4.69060821766117,163.311018572387,94.2532428284968,121.730067476408,1873741.39549139,4.58265649830862
135200,135.2,0.135199999999999,15.9840152162646,0.00569729842514975,-0.0292095346833348,299.259953077919,-4.69045273119257,163.272428925386,94.3119100531744,121.715993009131,1874247.93349453,4.58141798037817
135300,135.3,0.135299999999999,16.01774433718,0.0117947816326671,0.00798230551975018,298.920896437349,-4.69039990745675,163.288985683885,94.2912229974402,121.701918541854,1873810.13958126,4.58248837532566
135400,135.4,0.135399999999999,16.0057774617921,-0.0237052623143284,0.00832827331805063,297.845259631683,-4.69024682903378,163.358417404006,94.2766075076502,121.687844074578,1874099.56774421,4.58178067483041
135500,135.5,0.135499999999999,16.020492577287,0.00677980872826181,0.00403089845895945,299.890723713333,-4.69009620128473,163.324338447892,94.2999764919712,121.673769607301,1873956.28441187,4.58213099933297
135600,135.6,0.135599999999999,16.0175489767083,0.00708930691148366,-0.0170522925500442,300.438349990471,-4.68975694907737,163.324498601743,94.3222708058583,121.659695140024,1874184.34234481,4.58157342807353
135700,135.7,0.135699999999999,16.0237095435339,-0.00432784433555751,0.0064257958242506,299.726904694686,-4.68942597951309,163.363421613581,94.3099385668916,121.645620672747,1874169.04990367,4.58161081181007
135800,135.8,0.135799999999999,16.0384195541125,-0.00713330498577836,0.0110449832310802,300.093608474254,-4.68931093376546,163.37576221857,94.310232326371,121.631546205471,1874099.60483193,4.58178058415873
135900,135.9,0.135899999999998,16.0289086973718,-0.00434151237701668,-0.012391013078218,300.697203993118,-4.68924918058579,163.369104235227,94.3352835122267,121.617471738194,1874304.1102269,4.5812806658995
136000,136,0.135999999999999,16.0646360709087,0.017781167288693,0.00536682703579583,299.427337656116,-4.68900410795193,163.362087616886,94.3319995783296,121.603397270917,1873941.47430142,4.58216721277247
136100,136.1,0.136099999999999,16.033205464478,-0.0251159790869198,-0.00902956163219804,298.870594933252,-4.68879150546534,163.426652751337,94.3325064542406,121.58932280364,1874475.20187728,4.58086251213082
136200,136.2,0.136199999999999,16.0858144791936,0.015680649582977,0.0277631958562444,300.186714268451,-4.68856806921441,163.400175537226,94.3266873751097,121.575248336364,1873838.97130828,4.58241786710381
136300,136.3,0.136299999999999,16.0243797411131,-0.0171973047196988,-0.0383539734881888,300.945406354679,-4.68829375802968,163.416794267055,94.3777119321859,121.561173869087,1874826.20946469,4.58000487663877
136400,136.4,0.136399999999999,16.0992702224281,0.0271791357372812,0.0215891939860204,300.97069073945,-4.68808377978116,163.400374340899,94.3493985817826,121.54709940181,1873858.45484468,4.58237022118632
136500,136.5,0.136499999999999,16.0430580248173,-0.0326361784520694,-0.0154012826812262,299.387094901446,-4.68783167124298,163.47994153564,94.3608768915188,121.533024934534,1874781.88874739,4.58011315008787
136600,136.6,0.136599999999999,16.1085003655121,0.0219143434194386,0.0273765596511555,299.429088585964,-4.68774485313013,163.435547845533,94.3527277727512,121.518950467257,1873893.88252381,4.58228358728279
136700,136.7,0.136699999999999,16.0667212332551,-0.00969846431784834,-0.0259958408085073,299.09572887277,-4.68747716788293,163.453895234638,94.3921452371866,121.50487599998,1874670.03460855,4.5803864273061
136800,136.8,0.136799999999999,16.1085824391478,0.0120048181047766,0.0161222811124804,299.253731631389,-4.6872456269024,163.459881473653,94.3734914667162,121.490801532703,1874151.08899301,4.58165471963744
136900,136.9,0.136899999999999,16.0880872788508,-0.0114222615893127,0.00209802031917845,299.159896684856,-4.6869789354878,163.500044516618,94.380366685686,121.476727065427,1874530.96061249,4.5807262523916
137000,137,0.136999999999999,16.0998893500686,-0.000249468031391654,-0.00293640542903929,300.379429912424,-4.6867755412596,163.489138311649,94.3971755564071,121.46265259815,1874522.53702917,4.58074683690232
137100,137.1,0.137099999999999,16.1174330101845,0.0157143522977024,0.00246832772442046,300.942598727761,-4.68651962297313,163.481483426595,94.4043414186167,121.448578130873,1874359.8435992,4.58114444327297
137200,137.2,0.137199999999999,16.0855004792041,-0.0291130011452674,-0.0138826516781354,300.739278971586,-4.68639425790592,163.542234768634,94.4089013099827,121.434503663596,1874929.63519611,4.57975223230196
137300,137.3,0.137299999999999,16.1527782984521,0.0219896113683454,0.0333282395138215,299.059185701886,-4.68624448025028,163.514197309064,94.3899138036782,121.42042919632,1874013.95222202,4.58198999640167
137400,137.4,0.137399999999999,16.0870072350671,-0.0180195915035719,-0.0433638407630784,299.209278684515,-4.68610563570699,163.541064737768,94.4393303977503,121.406354729043,1875085.7766079,4.57937086895947
137500,137.5,0.137499999999999,16.1809131028209,0.0335731179621104,0.0467953996573919,300.634029046702,-4.6860084700583,163.516905750565,94.4006649613404,121.392280261766,1873823.94003515,4.58245462593321
137600,137.6,0.137599999999999,16.0775019616983,-0.0503184675749149,-0.0356244465538358,300.414912275259,-4.68560537804827,163.611600844685,94.4385583155184,121.37820579449,1875444.23850563,4.57849559368421
137700,137.7,0.137699999999999,16.1948952681123,0.04425897490244,0.0379079946450916,301.368554188459,-4.68542463097539,163.52892853615,94.4198063565419,121.364131327213,1873907.06403078,4.58225135441265
137800,137.8,0.137799999999999,16.0953531020963,-0.0379124176496094,-0.042991351725443,300.155204464,-4.68516294308488,163.594363145589,94.4678067430003,121.350056859936,1875392.40148258,4.57862214617608
137900,137.9,0.137899999999999,16.1908874168959,0.0262417402716428,0.042717718411327,300.687410670408,-4.68510971463193,163.577740826442,94.4209494030645,121.335982392659,1874054.34008493,4.58189124964719
138000,138,0.137999999999999,16.1166704862875,-0.029498116610943,-0.0298591570463322,299.948026639607,-4.68483072500177,163.629007989143,94.4623697037979,121.321907925383,1875246.50670053,4.57897836445336
138100,138.1,0.138099999999999,16.1898799246519,0.0248685844358347,0.0211368266922266,299.661030423069,-4.68459478558161,163.577304171138,94.4567944271364,121.307833458106,1874325.85396112,4.58122751924468
138200,138.2,0.138199999999998,16.1474554236142,-0.0110530749926819,-0.0252754999688669,299.844141025563,-4.68441533682359,163.628701866218,94.4749476413514,121.293758990829,1875057.5433319,4.57943982185222
138300,138.3,0.138299999999999,16.1816585087176,0.00503597440913244,0.0147793170795571,300.391030345101,-4.68425951338308,163.635842995543,94.4598541895436,121.279684523552,1874622.25089298,4.58050318036511
138400,138.4,0.138399999999999,16.1684509840782,-0.0078703918448376,-0.00157821003112371,300.493262136296,-4.68397810112412,163.641186330974,94.4820616216836,121.265610056276,1874906.59343108,4.57980851541238
138500,138.5,0.138499999999999,16.1787739688759,0.00845449317793368,-0.00796757950309257,300.222355181714,-4.68370102664329,163.64164670392,94.4919854959852,121.251535588999,1874891.16750252,4.57984619642567
138600,138.6,0.138599999999999,16.191639100118,0.00665461291334847,0.0122905738404795,299.526639759943,-4.68351569902103,163.666525848428,94.4832277543035,121.237461121722,1874784.77557187,4.58010609755417
138700,138.7,0.138699999999999,16.1799193105626,-0.00752891553439126,-0.00838373495693022,297.96248258549,-4.68329703613681,163.686964130138,94.4964377099141,121.223386654446,1875063.34410604,4.57942565470624
138800,138.8,0.138799999999999,16.2110309114816,0.0140623813830839,0.0105353976515242,300.469595304146,-4.68338265343514,163.667574341995,94.4978232128031,121.209312187169,1874651.04053154,4.58043283605667
138900,138.9,0.138899999999999,16.1844472020893,-0.015185787877723,-0.0155452358879442,300.548129176197,-4.68305106538307,163.704310586273,94.5166185433611,121.195237719892,1875226.99306121,4.57902601336872
139000,139,0.138999999999999,16.2235043965988,0.00987421358910311,0.015655078864463,300.948765525149,-4.68264324363692,163.71063856493,94.5040832733908,121.181163252615,1874833.01752674,4.5799882453137
139100,139.1,0.139099999999999,16.188572333811,-0.0229531238251946,-0.00728344432749802,300.664015466588,-4.68245532559686,163.737364562429,94.5251379493925,121.167088785339,1875339.01645226,4.57875248521341
139200,139.2,0.139199999999999,16.2344737695179,0.0230422031272494,0.00792398714090348,299.965274916982,-4.68230803863543,163.694561487483,94.5332356779113,121.153014318062,1874791.59557459,4.58008943632309
139300,139.3,0.139299999999999,16.2067193682954,-0.0102831647627156,-0.0150781455061499,299.210945977514,-4.68215449141449,163.744114688388,94.5414879297863,121.138939850785,1875304.9552837,4.57883564910617
139400,139.4,0.139399999999999,16.2411693665786,0.00337714353595555,0.0207360790924162,299.429477123072,-4.68200540556058,163.761079900213,94.5210647829764,121.124865383508,1874876.24394744,4.57988265087816
139500,139.5,0.139499999999999,16.2176846534415,-0.0104727060313037,-0.00983686149839025,300.084613540079,-4.68173500208314,163.764487944573,94.5525364967258,121.110790916232,1875321.59958438,4.57879500993404
139600,139.6,0.139599999999999,16.2399581460265,0.0159300344706765,0.00285299824394983,300.02733817802,-4.68131276025572,163.750603542128,94.560544204341,121.096716448955,1875103.47933006,4.57932763543608
139700,139.7,0.139699999999998,16.2389567101913,-0.00399407338714246,-0.0127588810052825,300.970700824012,-4.68126653907154,163.798914216783,94.555365387791,121.082641981678,1875335.97273266,4.57875991664912
139800,139.8,0.139799999999999,16.2525661046943,-0.0091283594171644,0.0160690669271665,300.254350965793,-4.68113074653638,163.817473536073,94.5462284478263,121.068567514402,1875149.23337706,4.57921589885098
139900,139.9,0.139899999999999,16.2467313838787,0.00281454406948207,-0.00376518024382675,299.819886000659,-4.6809428491107,163.798067776215,94.5751723808858,121.054493047125,1875283.05432,4.57888912418724
140000,140,0.139999999999999,16.2546028296354,0.0118635229900485,-0.0120579292312857,299.225862376791,-4.68063655253382,163.804811811294,94.583222593225,121.040418579848,1875301.83687901,4.57884326316716
140100,140.1,0.140099999999999,16.2662784902503,-0.00382841203987397,0.0125091295570856,300.737206070841,-4.68058079227011,163.837041898019,94.5714679794345,121.026344112571,1875219.64080147,4.57904396656623
140200,140.2,0.140199999999999,16.2566584677547,-0.0165979592610941,0.00176126533338294,300.250191975526,-4.68024671234276,163.850832513984,94.5888036378295,121.012269645295,1875503.1214657,4.57835184805664
140300,140.3,0.140299999999999,16.2829503194086,0.0189521134615166,-0.000889597149812335,301.345185724007,-4.67991629910184,163.82623584735,94.6018422425379,120.998195178018,1875261.93837016,4.57894068370066
140400,140.4,0.140399999999999,16.2578899921171,-0.00972478438062659,-0.0179374441674777,301.59533329716,-4.67979151510298,163.863143994578,94.6138368600611,120.984120710741,1875704.0255001,4.57786146719447
140500,140.5,0.140499999999999,16.3032948433999,0.00478231856342224,0.0207952864378276,301.080035763676,-4.67972963497909,163.861090809971,94.5989185677182,120.970046243464,1875166.6046641,4.579173477621
140600,140.6,0.140599999999999,16.2648812539108,-0.0124512997225568,-0.0158669045704627,299.896414603718,-4.67947278403049,163.888756269034,94.6222434459698,120.955971776188,1875727.36840293,4.57780449698803
140700,140.7,0.140699999999999,16.3057759042913,0.0196546757570691,0.00272403695155444,298.900422241341,-4.6791504447645,163.875125140096,94.6182163454188,120.941897308911,1875273.30187808,4.57891293690308
140800,140.8,0.140799999999999,16.2863863244976,-0.0186006110923866,-0.00219909485844943,300.209595325564,-4.67900381747577,163.90998264955,94.6300545813863,120.927822841634,1875688.5569185,4.57789922027635
140900,140.9,0.140899999999999,16.3007770299068,0.00547205174699342,0.00468326883612248,301.091864819587,-4.67874223807035,163.897073631891,94.6391635656403,120.913748374358,1875503.06105031,4.57835199553862
141000,141,0.140999999999999,16.300473797866,0.000893881912323303,-0.0122480153540082,300.838105307495,-4.6783985939476,163.923133710682,94.6464662163526,120.899673907081,1875727.65197376,4.57780380491965
141100,141.1,0.141099999999999,16.3048118142936,-0.0051555304070349,0.00239691564112387,299.941268946515,-4.67831259261229,163.950292343817,94.6389666948871,120.885599439804,1875671.38810614,4.57794112372128
141200,141.2,0.141199999999999,16.3245061100311,-0.00216176748704631,0.0172382660800979,298.447604565509,-4.67807359812569,163.944131290022,94.6462422349341,120.871524972527,1875526.70359148,4.57829428168398
141300,141.3,0.141299999999999,16.3019046859279,-0.00474669449961593,-0.0142952254097563,300.139407402082,-4.67809763375793,163.949571266714,94.6706222240197,120.857450505251,1875853.61859927,4.57749639793871
141400,141.4,0.141399999999998,16.33396198285,0.0185289407157299,0.00467780368627825,301.031931635489,-4.67787411586479,163.95420054729,94.6620946797379,120.843376037974,1875519.17195509,4.57831266701873
141500,141.5,0.141499999999999,16.3015657514935,-0.023807090504816,-0.00292519335411205,300.193371732449,-4.67742433599719,164.008401882637,94.6704302676661,120.829301570697,1876085.87167282,4.57692971939609
141600,141.6,0.141599999999999,16.3450449834537,0.0130705926648928,0.0196949492234348,299.84698944462,-4.67719857945171,163.977587844891,94.6722366942205,120.81522710342,1875550.68854408,4.57823573345491
141700,141.7,0.141699999999999,16.3189890343047,-0.00115220445528033,-0.029278459479101,299.103178921724,-4.67720639713984,163.985868875637,94.7037388404599,120.801152636144,1876050.94838818,4.57701492039745
141800,141.8,0.141799999999999,16.3554133201146,0.0132993199584803,0.0168639116194644,299.930792249998,-4.67714564444679,164.004192700416,94.6779982800819,120.787078168867,1875532.06699072,4.57828118928182
141900,141.9,0.141899999999999,16.3238470110986,-0.0278936839797933,0.00374691319300982,299.360508760126,-4.67672588339978,164.052718967677,94.6911011090742,120.77300370159,1876128.00847917,4.57682692406423
142000,142,0.141999999999999,16.3704204761598,0.0257708133969215,0.00554135110125481,299.897284920382,-4.6764284034657,163.99277987802,94.7112355496735,120.758929234314,1875622.71401886,4.57805992538866
142100,142.1,0.142099999999999,16.3273375997463,-0.00136150842656495,-0.0257863222297536,299.768190276629,-4.67619703919646,164.032533114492,94.7311713444573,120.744854767037,1876253.57382038,4.57652062706772
142200,142.2,0.142199999999999,16.3655124904291,-0.00406019909159108,0.024106416777213,299.772099310281,-4.67602247850902,164.064682289833,94.7028622957054,120.73078029976,1875841.8239241,4.57752517972747
142300,142.3,0.142299999999999,16.3526584225479,-0.00594977482259799,-0.000796836039143152,299.929314824447,-4.67599752120452,164.063516854307,94.7257510599052,120.716705832483,1876063.13657377,4.57698518498704
142400,142.4,0.142399999999999,16.3629647990835,0.0120861195032843,-0.0144367583481139,298.889893824775,-4.67580698108213,164.059297240813,94.7370240420784,120.702631365207,1876019.39112077,4.57709191218359
142500,142.5,0.142499999999999,16.3801236041642,0.000567325835809737,0.012469688749195,298.896419523186,-4.67550496878818,164.095183730347,94.7220098905559,120.68855689793,1875913.60688138,4.57735001798589
142600,142.6,0.142599999999999,16.356987732321,-0.0139545513237377,0.00137811158562708,299.203533294644,-4.67512134285078,164.109775566794,94.7449799867999,120.674482430653,1876316.5304848,4.57636706956894
142700,142.7,0.142699999999999,16.3884594309507,0.0195097916679627,-0.00238175339426657,301.258145794002,-4.67513277565861,164.078715401499,94.7573599629319,120.660407963376,1875987.7100773,4.57716920855768
142800,142.8,0.142799999999999,16.355584596921,-0.0101483171005577,-0.0224155646199138,300.171847729981,-4.67479559966383,164.134326762829,94.7642148494242,120.6463334961,1876540.38303191,4.57582115463189
142900,142.9,0.142899999999999,16.4062626860123,0.0095260065217685,0.0349555398539105,298.6761119233,-4.67445847068315,164.133453345086,94.7428428105248,120.632259028823,1875888.32146776,4.57741171685525
143000,143,0.142999999999999,16.3625802811077,-0.0234921652649308,-0.0230255151908447,299.665244453232,-4.67449249195948,164.148820623964,94.7834323759407,120.618184561546,1876648.71600043,4.57555700701339
143100,143.1,0.143099999999999,16.4286275331655,0.0273409099622383,0.0134666657567371,299.540359119456,-4.67431935817556,164.117719370518,94.7706325384759,120.60411009427,1875820.85962317,4.57757633845879
143200,143.2,0.143199999999999,16.3716746583023,-0.0242932684816429,-0.0157921340237497,299.237321265584,-4.67392528362679,164.189982957814,94.7850013506481,120.590035626993,1876712.30640051,4.57540196913165
143300,143.3,0.143299999999999,16.4352297271835,0.016395417646629,0.0266056393742676,300.567898309584,-4.67373344899142,164.167818968699,94.7707417726148,120.575961159716,1875957.69741752,4.57724243676663
143400,143.4,0.143399999999999,16.3831783725796,-0.0148911754306924,-0.0272621013752538,300.169213057061,-4.67348301927699,164.190029375538,94.8107976442326,120.561886692439,1876785.40124106,4.57522377173243
143500,143.5,0.143499999999999,16.4278308408803,0.0151863477002012,0.00757924359070194,300.551496361679,-4.67337333115189,164.178776257557,94.7979752925736,120.547812225163,1876183.91746975,4.57669053776916
143600,143.6,0.143599999999999,16.4083708395924,-0.0120742566465434,-0.00162338412762342,298.348847451472,-4.67312583218324,164.223899141554,94.8012608158517,120.533737757886,1876545.49047358,4.57580870050289
143700,143.7,0.143699999999998,16.4198529394796,-0.00773145886205397,0.0115440017147205,298.880830051519,-4.67303452889232,164.223952354394,94.80474850675,120.519663290609,1876396.00737066,4.57617323233959
143800,143.8,0.143799999999999,16.4375412824586,0.0141553419046776,-0.00755891459122633,300.115455827329,-4.67281114492455,164.202179955769,94.8289675337669,120.505588823332,1876407.36889253,4.57614552391489
143900,143.9,0.143899999999999,16.4110051880416,-0.00713642944196838,-0.0185389322598086,299.522802026272,-4.67243659643246,164.244739460772,94.8367453886919,120.491514356056,1876828.42669525,4.57511888676903
144000,144,0.143999999999999,16.455404155572,0.0108103032878482,0.0321928722031309,301.140862635642,-4.67239523868446,164.259424250544,94.8093736373072,120.477439888779,1876235.30570243,4.57656518673374
144100,144.1,0.144099999999999,16.4041375598649,-0.0259128866841505,-0.0207451241004062,299.874301684899,-4.67203770699541,164.281087603105,94.8502664474209,120.463365421502,1877072.80039064,4.57452325792131
144200,144.2,0.144199999999999,16.4823712355356,0.0383159084210142,0.0209875016152774,300.281102234459,-4.6718503251841,164.230320843948,94.8417060221287,120.449290954226,1876104.16082783,4.57688510130994
144300,144.3,0.144299999999999,16.397224240496,-0.0317277337460723,-0.0316245543280899,299.086563289052,-4.67147862653192,164.320401564124,94.8639175496447,120.435216486949,1877353.43120584,4.57383944837875
144400,144.4,0.144399999999999,16.4966817120739,0.023798097808103,0.0489628501585613,300.624294372051,-4.67145098318295,164.287081659704,94.8292488157619,120.421142019672,1876067.5296756,4.57697446726944
144500,144.5,0.144499999999999,16.4003877827625,-0.0346459197435581,-0.0413018538034678,300.904135886636,-4.67134786377828,164.323414642473,94.8896637961655,120.407067552395,1877458.4672112,4.57358356105383
144600,144.6,0.144599999999999,16.4967408003234,0.0463623582693586,0.0222625970507691,300.468722491149,-4.67115991871288,164.274635696374,94.8642654679309,120.392993085119,1876179.44079333,4.57670145802666
144700,144.7,0.144699999999999,16.424902310808,-0.0406106731191382,-0.020162093951261,300.300601615414,-4.67097825095349,164.367988612305,94.8797415093437,120.378918617842,1877332.38133421,4.57389073324135
144800,144.8,0.144799999999999,16.4884922336873,0.024563980044119,0.0215208269294212,300.205266856961,-4.67066428973755,164.321938316587,94.8729347110502,120.364844150565,1876452.3555655,4.57603581392863
144900,144.9,0.144899999999999,16.4497331502909,-0.0172717712567252,-0.0180282927695728,301.010053596791,-4.67036077514338,164.354782629526,94.9047830042058,120.350769683288,1877237.92254469,4.57412088210895
145000,145,0.144999999999999,16.4831921770171,0.00882409848117558,0.00907148993132166,300.742034679603,-4.67008948846845,164.350293474843,94.897612613666,120.336695216012,1876825.30823859,4.57512648860067
145100,145.1,0.145099999999999,16.4651750235835,-0.00465539150119483,-0.00147334993142448,299.968417656459,-4.66989102576551,164.380190643443,94.9056087034488,120.322620748735,1877105.32413127,4.57444399726075
145200,145.2,0.145199999999998,16.4791276266388,-0.00722584394534458,0.0103708365095479,298.472874770857,-4.6697356322008,164.39082761112,94.9047286876022,120.308546281458,1876989.80177483,4.57472553877443
145300,145.3,0.145299999999999,16.4858924197657,0.00884615824869953,0.00296949303029743,298.634088168644,-4.66957075618816,164.39164464541,94.9146104763859,120.294471814182,1876974.96350899,4.57476170387787
145400,145.4,0.145399999999999,16.4761797832468,-0.00266952804774604,-0.00615529051381793,300.465794414129,-4.66948718768476,164.409163835702,94.9256185119346,120.280397346905,1877173.04882533,4.57427896036104
145500,145.5,0.145499999999999,16.5028642909979,0.00901738619841919,0.00306528304303599,300.231488033306,-4.66912078306074,164.416257400245,94.9249629183128,120.266322879628,1877021.41277397,4.57464849562292
145600,145.6,0.145599999999999,16.4816320594748,-0.00900232480547284,0.00126115220158289,299.931069705449,-4.66879867151128,164.438850367817,94.9368876951132,120.252248412351,1877295.44924571,4.57398071552807
145700,145.7,0.145699999999999,16.5117729022081,0.0104415386080376,0.00729071441983829,300.120193145938,-4.66856908945096,164.434686525493,94.939408871337,120.238173945075,1877078.0449161,4.5745104767779
145800,145.8,0.145799999999999,16.4908219477297,-0.0058615214842589,-0.0129546603859446,300.018007372537,-4.66849485766879,164.459862667999,94.9521599692807,120.224099477798,1877397.79955488,4.57373135530165
145900,145.9,0.145899999999999,16.5176333662545,0.00968092160525245,0.0113362737963523,299.895480522486,-4.66847551012853,164.452499374707,94.9499655679827,120.210025010521,1877050.58833909,4.5745773904775
146000,146,0.145999999999999,16.4903079425745,-0.0140498018835314,-0.00587599263977916,299.023948167457,-4.66810074900202,164.484369441538,94.9655411517933,120.195950543245,1877502.47411395,4.57347636053093
146100,146.1,0.146099999999999,16.5176853701614,0.00672559890674867,0.00268353905280117,300.367577791585,-4.66784896558776,164.47752290934,94.9685381563135,120.181876075968,1877263.72807934,4.57405800461701
146200,146.2,0.146199999999999,16.5023878226694,-0.00222288210332883,-0.00894927190985106,300.737450552115,-4.66761985027397,164.498634921791,94.9823747388639,120.167801608691,1877558.3297072,4.57334030391352
146300,146.3,0.146299999999999,16.5272217669017,0.000451398413136646,0.00945513312785677,300.139234551015,-4.66731523142082,164.513183859668,94.9759675418749,120.153727141414,1877377.81291227,4.5737800474367
146400,146.4,0.146399999999999,16.5071437313301,-0.00596513206653935,0.00388725251486857,298.938798556992,-4.6669977627283,164.535512385921,94.9853667042639,120.139652674138,1877598.47464883,4.57324252130342
146500,146.5,0.146499999999999,16.532663089712,0.00726721323632094,-0.000683527466902413,299.527302492094,-4.66697976957319,164.518406778732,94.9982289849661,120.125578206861,1877437.52995919,4.57363456582501
146600,146.6,0.146599999999999,16.5233898167875,0.00111731818308722,-0.00758926145365314,299.241985505532,-4.66685539424857,164.530468659181,95.0100193450919,120.111503739584,1877588.19247287,4.57326756560466
146700,146.7,0.146699999999999,16.5413750572577,-0.00248430837873233,0.0042859789803398,299.034938844217,-4.66652065393329,164.564332005026,94.9987863559013,120.097429272307,1877532.57009076,4.57340304982481
146800,146.8,0.146799999999999,16.5304282405976,-0.00648822364181808,0.00863334377072209,301.019081760147,-4.66633352711332,164.575581408155,95.0093268683742,120.083354805031,1877649.17869734,4.5731190254378
146900,146.9,0.146899999999999,16.5275110510185,0.00772293509756255,-0.00854628392225639,299.984386281079,-4.66597089773386,164.556858117065,95.0390318562665,120.069280337754,1877802.43537286,4.57274579074316
147000,147,0.146999999999999,16.5541591791596,0.0148973668237584,0.0023207541064679,299.352508038253,-4.66572743136639,164.575967746232,95.0281634633475,120.055205870477,1877585.61985424,4.57327383177609
147100,147.1,0.147099999999999,16.5324206031451,-0.0267881556205643,0.00846546872414038,299.977237777928,-4.66573567593219,164.634920955361,95.0219957838491,120.041131403201,1877916.10894034,4.57246899439172
147200,147.2,0.147199999999999,16.5578099195128,0.0101616683283072,0.00271566291322606,299.183527937255,-4.66561063282943,164.588670446867,95.0440724751111,120.027056935924,1877604.55915597,4.57322770139545
147300,147.3,0.147299999999999,16.5365656156349,0.00744228332940402,-0.0237507955075774,298.752834670512,-4.6653030613836,164.59531100912,95.0694362436827,120.012982468647,1877961.1605731,4.57235930245654
147400,147.4,0.147399999999999,16.5620890100161,-0.000953283472756212,0.0110214933949886,300.36514048775,-4.66498938961413,164.654265624734,95.0381282438125,119.99890800137,1877794.89741248,4.57276414694202
147500,147.5,0.147499999999999,16.5416033804229,-0.0147879497326173,0.00372848449242643,300.770728927539,-4.6647756942022,164.685326843561,95.0464711498843,119.984833534094,1878093.70295925,4.57203661812435
147600,147.6,0.147599999999999,16.5512034208341,0.0109134267396616,-0.00455405323887149,299.54533213948,-4.66443332782784,164.630658105252,95.0849325341044,119.970759066817,1878009.66777966,4.57224120275718
147700,147.7,0.147699999999999,16.5593651253463,0.019393131902969,-0.0157258426788072,300.459796126326,-4.66439555114773,164.643009608227,95.0887638545215,119.95668459954,1878005.89838585,4.57225037981978
147800,147.8,0.147799999999999,16.552994463079,-0.0283186614065885,0.00995737243791721,299.642065843935,-4.66418437718242,164.74192104709,95.0524999778427,119.942610132263,1878197.0981188,4.5717849265122
147900,147.9,0.147899999999999,16.586378109075,-0.00935832452086835,0.0318016115220342,298.806293440161,-4.663883050014,164.70623299897,95.0682965740194,119.928535664987,1877881.90783285,4.57255227092947
148000,148,0.147999999999999,16.5459823294798,0.0200286692727492,-0.042912133330925,300.077756675566,-4.66363320736945,164.640506698944,95.1454916179055,119.91446119771,1878436.28561413,4.57120278604029
148100,148.1,0.148099999999999,16.5839474715706,0.020380358675853,0.00542490775764941,299.490285794582,-4.6632188849247,164.703775107222,95.100467811637,119.900386730433,1878048.44447424,4.5721467981633
148200,148.2,0.148199999999999,16.5482464297031,-0.0449204121326437,0.0273016415056969,300.082844851829,-4.66313824741469,164.821318543353,95.0669428684084,119.886312263157,1878505.68497301,4.57103390790208
148300,148.3,0.148299999999999,16.573691481438,0.0140892498797727,-0.00716070906577367,300.613684162367,-4.66313843043118,164.714545539318,95.1265045788569,119.87223779588,1878244.40638263,4.57166977472111
148400,148.4,0.148399999999999,16.5733271025499,0.025663165066513,-0.0263275519477402,299.023163770285,-4.66285380677762,164.678722050674,95.1635451998355,119.858163328603,1878346.54034479,4.57142119292975
148500,148.5,0.148499999999999,16.5848080283799,-0.0135070601225194,0.0114773737489994,298.457032914795,-4.66273249994464,164.780388486709,95.1133384575541,119.844088861326,1878293.977257,4.57154912179308
148600,148.6,0.148599999999999,16.5865588915288,-0.0113172824659764,0.0183934785100081,298.362304210777,-4.66255364842818,164.805705216111,95.1097370606563,119.83001439405,1878290.81368624,4.5715568215694
148700,148.7,0.148699999999999,16.5707863411922,0.00909121879761654,-0.016889188551317,298.63156861246,-4.66211347827521,164.76204041479,95.1614178744767,119.815939926773,1878592.84939859,4.57082181748291
148800,148.8,0.148799999999999,16.593959466923,0.012948548560661,0.000819507824718468,300.447982056939,-4.66197632587665,164.768521486883,95.1591883492444,119.801865459496,1878402.05365443,4.57128609154415
148900,148.9,0.148899999999999,16.5749221921192,-0.0188680272498186,0.00137905059452733,300.688405743474,-4.66171849669079,164.841608685452,95.1465733695255,119.787790992219,1878765.3955014,4.57040203250437
149000,149,0.148999999999999,16.6007235000685,-0.00280009364334453,0.0114600994526257,301.64569457587,-4.66157717653624,164.831621602211,95.1513382277016,119.773716524943,1878524.90675529,4.57098713534226
149100,149.1,0.149099999999999,16.5787590394078,0.00686813015260701,-0.0100800478598348,299.143206841754,-4.66113764520372,164.818178642745,95.1844072730857,119.759642057666,1878803.71263613,4.57030882175049
149200,149.2,0.149199999999999,16.5873416162045,-0.00397063680764332,0.00380749253022404,299.05520261957,-4.66108061605946,164.840517913167,95.1792634334909,119.745567590389,1878735.99786344,4.57047354815343
149300,149.3,0.149299999999999,16.5992538542171,-0.0098655709969626,0.0157418818178195,299.854007069818,-4.66101340481033,164.869792404483,95.1693627110838,119.731493123113,1878653.34741082,4.57067462394421
149400,149.4,0.149399999999999,16.5875055831724,-0.00261026231387676,-0.00676049372098174,300.031879486013,-4.66061179187636,164.869328495246,95.1942147303608,119.717418655836,1878917.74817436,4.57003143992956
149500,149.5,0.149499999999999,16.6020418941664,0.0122063295534534,0.000708060955094878,299.456488985037,-4.66015944577572,164.857114657378,95.2090215419897,119.703344188559,1878849.87431516,4.57019653330648
149600,149.6,0.149599999999999,16.5873436478616,-0.00311386218556534,-0.00886611131561917,301.210138653474,-4.66019657285534,164.891522923996,95.2122955904404,119.689269721282,1879085.67823208,4.56962302553292
149700,149.7,0.149699999999999,16.6052936061718,-0.000439488027349088,0.00869799901759827,299.857026733824,-4.65996943337778,164.920775047799,95.1969029135026,119.675195254006,1878894.22397648,4.57008865779875
149800,149.8,0.149799999999999,16.5899838054127,-0.00245480699785143,-0.00365443832857077,299.526289509053,-4.65982320549757,164.929526741822,95.213028521382,119.661120786729,1879091.19873985,4.56960960061804
149900,149.9,0.149899999999999,16.5958102525898,0.0126173513601004,-0.00201222326904186,299.474716818851,-4.65963343199961,164.908289665628,95.2333373176271,119.647046319452,1879028.95790816,4.56976096406609
150000,150,0.149999999999999,16.5960520580517,-0.00372780139212396,0.00617657150074169,300.214176355245,-4.65927351481394,164.939047349132,95.2347536377611,119.632971852175,1879186.29245994,4.56937836160889
150100,150.1,0.150099999999999,16.5958406678315,-0.00670176536747144,-0.00118717353078492,300.321510525766,-4.65893551032729,164.979666825915,95.2308494462503,119.618897384899,1879350.89577848,4.56897815170467
150200,150.2,0.150199999999999,16.6066530140603,0.0131527626229761,-0.00304417110976258,299.460398978379,-4.65863267063749,164.968712151525,95.2419243178705,119.604822917622,1879223.51404794,4.56928785639886
150300,150.3,0.150299999999999,16.599845804875,0.00145519118822238,0.000742003082983431,299.501355261199,-4.65859804524275,164.96546700176,95.2602731036039,119.590748450345,1879327.40561934,4.56903526044665
150400,150.4,0.150399999999999,16.5911147064938,-0.00585005469963345,-0.00305685623123653,299.591319868467,-4.65851699804488,164.988742340868,95.2637393363807,119.576673983069,1879439.74206067,4.56876216354975
150500,150.5,0.150499999999999,16.6188042125965,-0.000439102140921714,0.00735138769278611,299.135206125297,-4.65817710538209,165.007914606414,95.2576327538771,119.562599515792,1879316.42373539,4.56906195984349
150600,150.6,0.150599999999999,16.6038505108307,-0.00649629764232171,-0.00604685316755399,300.06634610359,-4.65799780984496,165.017046568295,95.2769201958405,119.548525048515,1879579.68537801,4.5684219982786
150700,150.7,0.150699999999999,16.6297361768972,0.0204284477524287,0.00895002179561165,299.617368125755,-4.65769113572019,164.99279175984,95.285828659813,119.534450581238,1879257.86279275,4.56920433975879
150800,150.8,0.150799999999999,16.5943568048367,-0.017779193407845,-0.00835973604994682,300.211881257803,-4.65752049493562,165.058954694322,95.2875687941008,119.520376113962,1879824.42368727,4.56782722577659
150900,150.9,0.150899999999999,16.6176055676324,0.00485018908738952,0.0200706234917133,300.124485291809,-4.65721096556891,165.071725778426,95.2735435621496,119.506301646685,1879471.81248857,4.56868420432917
151000,151,0.150999999999999,16.5861720166748,-0.00117811664060685,-0.0179906770124065,300.569693551881,-4.65687249351411,165.055556125053,95.3202499953753,119.492227179408,1879987.56546915,4.56743083832879
151100,151.1,0.151099999999999,16.6105341111833,0.0113297956849615,-0.00475088017062356,300.522594018371,-4.65662710817426,165.044949286014,95.3262210129912,119.478152712131,1879763.07605771,4.56797630061272
151200,151.2,0.151199999999999,16.612245116399,-0.00855302497876449,0.00750356558455045,300.060273403225,-4.65660080488723,165.110804721383,95.3031325507739,119.464078244855,1879836.19095651,4.56779863240601
151300,151.3,0.151299999999999,16.6161694661222,-0.0137046013642189,0.00337826078248454,300.288876818229,-4.65651575292058,165.131208561099,95.3047704093786,119.450003777578,1879879.30421575,4.56769387425152
151400,151.4,0.151399999999999,16.6301479672839,0.0171949867965964,0.00170436823152218,299.447615698888,-4.65618079101925,165.082270327357,95.3354496181995,119.435929310301,1879705.6427995,4.56811587233949
151500,151.5,0.151499999999999,16.591846620961,-0.00567932312782765,-0.0228889892042417,299.553975393854,-4.65586832095925,165.112365494685,95.3585408794666,119.421854843025,1880282.08777008,4.56671540831508
151600,151.6,0.151599999999999,16.6454968939615,0.0176792969896324,0.0335688121459059,300.680825017501,-4.65563840285867,165.145323243104,95.3166162003373,119.407780375748,1879609.02272681,4.5683506933487
151700,151.7,0.151699999999999,16.5653906969666,-0.0316328478773001,-0.0274696128084834,300.889903316795,-4.65545028627075,165.204405555364,95.3508975099515,119.393705908471,1880736.02109683,4.56561318860195
151800,151.8,0.151799999999999,16.6491010185236,0.0339991881427766,0.0283880849537281,299.974745927629,-4.65524168507181,165.119886231363,95.3542975140457,119.379631441194,1879619.2556753,4.5683258225153
151900,151.9,0.151899999999999,16.5721853500453,-0.027048087908288,-0.0334864443590263,298.631671456127,-4.65514995838778,165.188126828959,95.3830044637269,119.365556973918,1880740.40760312,4.56560254008775
152000,152,0.151999999999999,16.6387647144884,0.0246256278543009,0.0304388629226189,299.037525313528,-4.65505210069744,165.192988918099,95.3407423325884,119.351482506641,1879740.75748583,4.56803053719134
152100,152.1,0.152099999999999,16.5850693168282,-0.0258583870165675,-0.023997302024057,299.487818872082,-4.65472109064736,165.21843765089,95.3876482043575,119.337408039364,1880733.46930845,4.56561938324828
152200,152.2,0.152199999999999,16.6306175024842,0.0205202375120304,0.00366697572353357,300.209163251887,-4.65439953138915,165.177958858423,95.3926262566871,119.323333572087,1880149.0453991,4.56703855644368
152300,152.3,0.152299999999999,16.6140925299732,-0.0127895329019306,-0.00256410210731379,300.0001673489,-4.65404671083965,165.244738554746,95.3875170577425,119.309259104811,1880586.58304066,4.5659759883615
152400,152.4,0.152399999999999,16.6208324115325,-0.0045301966946382,0.0026400000485702,300.383409609394,-4.65387401668114,165.257080222409,95.3864239070745,119.295184637534,1880483.62567735,4.56622597769525
152500,152.5,0.152499999999999,16.6229193806598,0.0092712417731263,0.0118017152542193,299.822131731757,-4.65376252873095,165.231378692917,95.4078932686837,119.281110170257,1880392.47832491,4.56644731415204
152600,152.6,0.152599999999999,16.5995489851872,-0.00921650540569965,-0.0212705337730706,297.836368424861,-4.6534459295595,165.246905929475,95.4341296645584,119.267035702981,1880864.36802347,4.56530163906604
152700,152.7,0.152699999999999,16.6413362892831,0.0223374938809849,0.0184575345292412,300.978850839328,-4.65354969605015,165.259005855932,95.406658637005,119.252961235704,1880238.72907713,4.56682071771441
152800,152.8,0.152799999999999,16.5638465832025,-0.0294007951681877,-0.0269017807983816,299.704204993439,-4.65305957837192,165.335356998652,95.4308058651723,119.238886768427,1881361.45247173,4.5640954166023
152900,152.9,0.152899999999999,16.657467299226,0.0331400150948437,0.0312364330339119,299.845813797846,-4.65279022561466,165.267290463109,95.4221765254979,119.22481230115,1880194.91015618,4.5669271498481
153000,153,0.152999999999999,16.5667321440133,-0.0304111927723681,-0.0249306431742907,300.54036808805,-4.65264815279316,165.324727479822,95.4644517193052,119.210737833874,1881459.49947594,4.56385757152371
153100,153.1,0.153099999999999,16.6211394767664,0.0350986592110631,0.0172230000298156,300.017062026507,-4.65231985117409,165.30651655694,95.4439904278303,119.196663366597,1880626.97542424,4.56587791965572
153200,153.2,0.153199999999999,16.5700676731627,-0.0136837062281865,-0.0182541400726154,300.544576741428,-4.65200150849508,165.353894737368,95.4708052036875,119.18258889932,1881472.30150837,4.56382651783633
153300,153.3,0.153299999999999,16.6018706485536,0.0154893849306877,0.0206170757953384,301.308764918281,-4.65183195765035,165.335757770311,95.46626671823,119.168514432043,1880954.34807124,4.5650832467058
153400,153.4,0.153399999999999,16.5752178611756,-0.00421801763888509,-0.0177582870854665,299.858835703155,-4.65164218089763,165.366330567352,95.4847447810001,119.154439964767,1881444.06363651,4.56389501455697
153500,153.5,0.153499999999999,16.5822834597689,0.00727695938785004,0.00485710695344091,299.278790983717,-4.65150622270856,165.380377324531,95.4777453871483,119.14036549749,1881243.71306514,4.56438106480526
153600,153.6,0.153599999999999,16.5536654912393,0.00505801392246435,-0.00554262132584958,299.934785195372,-4.65130958086539,165.407478618183,95.4891994789066,119.126291030213,1881555.41861462,4.56362491226585
153700,153.7,0.153699999999999,16.5581358089426,-0.00588127941264005,0.00159143254369335,300.409061897642,-4.65100035326128,165.417105991083,95.4988982090278,119.112216562937,1881633.71471246,4.56343501663428
153800,153.8,0.153799999999999,16.5766505719895,0.00839898251612081,-0.000279985931478513,300.612494291096,-4.65075598973001,165.408280328228,95.5103416200181,119.09814209566,1881536.43053974,4.56367096742064
153900,153.9,0.153899999999999,16.5692714382272,0.00307834089763138,-0.00798625428242073,299.774902807653,-4.650459912064,165.427757399571,95.5195336427749,119.084067628383,1881716.68791035,4.56323379463357
154000,154,0.153999999999999,16.5590086241685,0.00450902697049018,0.00357942395836283,299.522685375091,-4.65025184983255,165.453539990119,95.5178292350281,119.069993161106,1881753.94984203,4.56314343483606
154100,154.1,0.154099999999999,16.5489024941471,-0.0118877502899414,0.0088529503387257,299.897339838186,-4.65010384562597,165.480912293192,95.5215448293199,119.05591869383,1881915.99982667,4.56275050692449
154200,154.2,0.154199999999999,16.5437607176203,0.00174177258423822,0.00444941197257001,300.910760467113,-4.64998574751148,165.464942839026,95.5441288266902,119.041844226553,1881956.77788068,4.56265164169614
154300,154.3,0.154299999999999,16.5215039976569,0.00536847379585454,-0.0126912628462542,298.671987605185,-4.64923894750385,165.488754395196,95.5605548134804,119.027769759276,1882328.62151119,4.56175031504583
154400,154.4,0.154399999999999,16.5196099310456,-0.00136685361216247,0.0167300631685758,300.36147641013,-4.64913636666562,165.525496908469,95.5461789146102,119.013695291999,1882240.71590821,4.56196336081022
154500,154.5,0.154499999999999,16.5058571907132,-0.0220043743434305,0.00696054592571909,301.178676719266,-4.64922282349469,165.543113014971,95.5601998110584,118.999620824723,1882494.62358961,4.56134805093094
154600,154.6,0.154599999999999,16.5041831566075,0.0180187015868899,-0.000221633655996044,299.621042867778,-4.64898042697024,165.515936284049,95.5803244489667,118.985546357446,1882359.30249694,4.56167596208028
154700,154.7,0.154699999999999,16.4660735478172,-0.00637666682713848,-0.0106370093830331,299.291161295125,-4.64875531419926,165.563490411094,95.5877388665438,118.971471890169,1882823.4414899,4.56055145319612
154800,154.8,0.154799999999999,16.4486726662651,0.00125309890144764,0.0191796658585815,299.661204050736,-4.64845835774721,165.583520585011,95.5862571555576,118.957397422893,1882799.2758723,4.56060998760491
154900,154.9,0.154899999999999,16.4155573526787,-0.0093387586217724,-0.0145381096465784,300.631719377373,-4.64818898336877,165.598434593979,95.6160957780791,118.943322955616,1883333.80087719,4.55931560204522
155000,155,0.154999999999999,16.4423446952035,0.019824300999999,0.018639636315745,301.049284279164,-4.64808289158497,165.59377003585,95.6075721210203,118.929248488339,1882890.03983962,4.56039014520989
155100,155.1,0.155099999999999,16.3821802220274,-0.0184056534963253,-0.0214746985683205,300.635645801177,-4.64794950089225,165.644712604048,95.6314253625512,118.915174021062,1883716.24168368,4.55838994864938
155200,155.2,0.155199999999999,16.3983391856351,0.000412784526466549,0.0312193204228838,300.190704393443,-4.64782077460881,165.62918412352,95.6286567959643,118.901099553786,1883262.1981474,4.55948894988992
155300,155.3,0.155299999999999,16.3008557900626,-0.00825279757689262,-0.0287088819424362,300.035013622398,-4.64773537801535,165.652383889773,95.6777446234945,118.887025086509,1884269.76411716,4.5570508775964
155400,155.4,0.155399999999999,16.3063217391191,0.0201007192778718,0.0158323023238159,300.844262299498,-4.64773558110754,165.668067446827,95.6585368894314,118.872950619232,1883846.80469784,4.55807402214732
155500,155.5,0.155499999999999,16.2202527728603,-0.0353713701486168,-0.00422484355932512,301.312971357345,-4.64768336701872,165.733356009767,95.6818022418145,118.858876151955,1884824.38228287,4.55570994460417
155600,155.6,0.155599999999999,16.1944218076541,0.0288841607035835,-0.00141860511534302,300.936593333772,-4.64757920902668,165.679228200565,95.7153306813867,118.844801684679,1884645.8701758,4.55614145770392
155700,155.7,0.155699999999999,16.0934398378357,0.00304660081005109,-0.0166821642646314,301.254952587484,-4.64756781277804,165.735829220969,95.7391307821378,118.830727217402,1885535.18359315,4.55399255177795
155800,155.8,0.155799999999999,16.0570418553029,-0.0128308219975241,0.0136775515354347,301.971593015756,-4.64770201217916,165.781046865141,95.732907640068,118.816652750125,1885703.64661296,4.55358571195513
155900,155.9,0.155899999999999,15.9657184489586,-0.000194902937474414,0.012040142505974,302.339450466314,-4.64787416688255,165.779121250831,95.76958113934,118.802578282849,1886180.65841393,4.55243411806531
156000,156,0.155999999999999,15.8506662986075,-0.010921795519536,-0.0177147670660768,302.98641867212,-4.64816109813964,165.795561990369,95.8206841253227,118.788503815572,1887150.69218194,4.55009407450682
156100,156.1,0.156099999999999,15.7644678672299,0.0264094737154522,0.0153816845354418,304.662850382166,-4.64868087284264,165.805560973161,95.8271316333964,118.774429348295,1887167.8687703,4.55005266054773
156200,156.2,0.156199999999999,15.563613397249,-0.0309822989750101,-0.0225926211744894,305.984953214743,-4.64927714340562,165.914104852007,95.8635402886839,118.760354881018,1888896.9207069,4.54588764906504
156300,156.3,0.156299999999999,15.4732738428008,0.0286164319128158,0.0230705553527617,307.815729057445,-4.6500818713845,165.891578670681,95.8791775802989,118.746280413742,1888724.67843177,4.54630221135677
156400,156.4,0.156399999999999,15.254189607611,-0.0274973064325185,-0.0240931607848313,311.312986952283,-4.6512769839019,165.936400439155,95.9514613705888,118.732205946465,1890435.19978416,4.54218858344305
156500,156.5,0.156499999999999,15.0946414374385,0.0103362246861264,0.0226756899284465,313.207193912473,-4.65243933690904,165.913057004411,95.9930297592039,118.718131479188,1890763.96704102,4.5413987847655
156600,156.6,0.156599999999999,14.84837577772,-0.0100531077936286,-0.0184412201084224,317.148428659461,-4.65408260744024,165.92781576945,96.075250925675,118.704057011912,1892327.43586037,4.53764661415186
156700,156.7,0.156699999999999,14.6558804086557,0.0182710464066042,0.0117571768566051,319.541813310339,-4.65573976307943,165.915250500139,96.1177373859943,118.689982544635,1892796.44673736,4.53652224305446
156800,156.8,0.156799999999999,14.3677565868872,-0.0100861468452691,-0.000256937548437615,324.260947634361,-4.65795979301201,165.927871964146,96.1939234329708,118.675908077358,1894216.19514652,4.5331220397122
156900,156.9,0.156899999999999,14.0841573753471,0.0253085779218054,0.000270149370687937,327.340013048637,-4.66021678677053,165.882425329229,96.27754344168,118.661833610081,1895118.76520363,4.53096309311034
157000,157,0.156999999999999,13.7643649160539,-0.0192235637440397,0.00622304848218452,332.403222433319,-4.66299985526132,165.91346872024,96.3468909088777,118.647759142805,1896613.72060084,4.52739168178022
157100,157.1,0.157099999999999,13.4144591299331,0.00443694691935928,0.00722984526232199,336.584529158598,-4.66596909915763,165.871694851524,96.4358897005671,118.633684675528,1897662.57758751,4.52488934735422
157200,157.2,0.157199999999999,13.0614557073666,0.0245829917622337,-0.00810717732386023,341.773304046314,-4.66940643797793,165.847666158123,96.5146200147728,118.619610208251,1898711.41847962,4.52238981586482
157300,157.3,0.157299999999999,12.6604459887497,-0.0178699218282108,0.00325744526699466,347.758772301376,-4.67326748077311,165.885408683363,96.5772939988164,118.605535740974,1900151.28350398,4.51896291455495
157400,157.4,0.157399999999999,12.2513351376256,-0.00452302426006265,0.0229501106575754,349.612378670287,-4.67687519431114,165.817159611915,96.682719465009,118.591461273698,1901217.26562883,4.51642920429634
157500,157.5,0.157499999999999,11.7811621955157,0.0137626407942307,-0.00377684000657736,353.23380740131,-4.68096452947509,165.735702705502,96.8246612121508,118.577386806421,1902847.2864797,4.51256033167226
157600,157.6,0.157599999999999,11.3160932453884,0.00430303903129295,-0.00436554211345647,354.690989150543,-4.68501664322754,165.728210079972,96.9136285012134,118.563312339144,1904283.55866479,4.50915681287462
157700,157.7,0.157699999999999,10.8604611684969,-0.0135681090981068,0.0325970725113007,355.631104991009,-4.68922579249908,165.71998077917,96.992339199509,118.549237871867,1905509.30597311,4.50625623043777
157800,157.8,0.157799999999999,10.3973719797386,0.00833184973290874,0.00102788093788146,356.658248984341,-4.69358724047818,165.644424460219,97.1137424548283,118.535163404591,1906798.12300139,4.50321042307436
157900,157.9,0.157899999999999,9.89908734684615,-0.0136054550096127,0.0194404380056106,357.444546021331,-4.69806847249168,165.614539627432,97.219336979069,118.521088937314,1908300.43642016,4.49966526146509
158000,158,0.157999999999999,9.44129291719383,-0.00883383999084576,0.0181823011268367,356.303919931756,-4.70241404446794,165.524168449814,97.3405510690684,118.507014470037,1909410.35064101,4.49704966735715
158100,158.1,0.158099999999999,8.93855782866076,-0.00262861437517934,0.0160474889273546,356.062692369038,-4.7069620933989,165.431739753004,97.4763403968002,118.492940002761,1910779.30106659,4.4938278206203
158200,158.2,0.158199999999999,8.43704288396477,-0.00302801094862638,0.0145950269770937,355.482649043997,-4.71151069013237,165.340542468538,97.6032061856384,118.478865535484,1911984.3332369,4.49099557613089
158300,158.3,0.158299999999999,7.96699631630583,-0.0208359096456457,0.00486282264199597,352.336823437088,-4.71571670386573,165.262589135911,97.7245635252998,118.464791068207,1913231.77346168,4.48806741624525
158400,158.4,0.158399999999999,7.52874194475648,0.0130380274913113,0.0256297967957998,347.771869954955,-4.71968928105295,165.163218338687,97.8281739769719,118.45071660093,1913881.20066048,4.48654450403462
158500,158.5,0.158499999999999,7.11127502460269,-0.0191308264861845,0.0097612452899902,343.324038525712,-4.72355130665727,165.10177707155,97.9422584733356,118.436642133654,1915172.72490049,4.48351893829557
158600,158.6,0.158599999999999,6.69596335060026,0.00239915730532064,0.0266815537040962,339.138689418806,-4.72726260033586,164.991221866265,98.0556351013464,118.422567666377,1915878.08198204,4.48186826862972
158700,158.7,0.158699999999999,6.29065615303838,-0.0190185864511015,0.00219826201731154,332.461752418046,-4.73044318940139,164.910900949934,98.192302146789,118.4084931991,1917386.48219538,4.47834240093671
158800,158.8,0.158799999999999,5.94707258803001,-0.00351264445296341,0.00903473263274767,328.800747744727,-4.7337764702959,164.799848283995,98.298298309321,118.394418731824,1917935.67231438,4.4770600527164
158900,158.9,0.158899999999999,5.64198726354749,-0.00562765110253849,0.0072631093413923,322.259803582663,-4.73650023862853,164.710633195395,98.3974020573627,118.380344264547,1918601.8878432,4.47550543789532
159000,159,0.158999999999999,5.34744269626089,-0.00465661056710778,0.0136670682580309,319.092860719279,-4.73938762987094,164.642360827081,98.4774624469024,118.36626979727,1919138.84288331,4.47425323813353
159100,159.1,0.159099999999999,5.10383935143996,-0.0187041174867325,0.0140755035832982,313.222318443058,-4.74164059738003,164.551967020702,98.574100770611,118.352195329993,1919739.14338326,4.47285414364456
159200,159.2,0.159199999999999,4.86872372825287,0.000287389341231003,0.00976346458402061,310.259697428177,-4.74394682206387,164.429012802719,98.6832089472428,118.338120862717,1920199.6285259,4.47178150367123
159300,159.3,0.159299999999999,4.6707665312423,-0.0037213653694381,0.00174495568186136,307.421349980642,-4.74601753906077,164.351311558802,98.7612722811332,118.32404639544,1920582.03994316,4.4708911171806
159400,159.4,0.159399999999999,4.49991838935601,-0.000753116041935201,0.0127295521869645,304.321594550212,-4.74771213555518,164.283419028571,98.8323672671909,118.309971928163,1920942.13139504,4.4700530233894
159500,159.5,0.159499999999999,4.33750926164948,0.00187840435094735,-0.00247718100309145,301.693365891941,-4.74914541555251,164.200228474909,98.9119736024345,118.295897460886,1921287.28215115,4.46924999814939
159600,159.6,0.159599999999999,4.19519446880291,0.00297631109988016,0.00929116411598472,299.657285126421,-4.75028064212014,164.147574527894,98.9704863065613,118.28182299361,1921578.73289791,4.46857213560485
159700,159.7,0.159699999999999,4.06931954515643,-0.0151877342547837,0.0091453970104291,299.805839343798,-4.75129465141877,164.111751365409,99.0250662615339,118.267748526333,1921990.12099139,4.46761567003754
159800,159.8,0.159799999999999,3.98130727853653,0.00612125514823781,-0.00171215972950726,299.064142973405,-4.75197426065915,164.0306672831,99.0966359170257,118.253674059056,1922200.14641235,4.46712752479233
159900,159.9,0.159899999999999,3.87465356303306,-0.00968898821590863,0.0130996360213936,299.715044898383,-4.75274299139334,163.983244398278,99.1566508185082,118.23959959178,1922579.35436034,4.46624643228594
160000,160,0.159999999999999,3.78274469601282,0.0141126089558192,-0.00989833572360778,301.002632754564,-4.75362089438626,163.915495826778,99.2198391850054,118.225525124503,1922780.82403861,4.4657784573506
160100,160.1,0.160099999999999,3.70610726080619,-0.0154516591398265,0.0123101229523473,300.00745885264,-4.75436726245412,163.903327516254,99.2512964611229,118.211450657226,1923018.69299786,4.46522606018578
160200,160.2,0.160199999999999,3.62415590680351,-0.00717483598947597,-0.00871205947178752,300.262652779475,-4.75519333918799,163.866594034114,99.3001144084851,118.197376189949,1923304.34091193,4.4645628877056
160300,160.3,0.160299999999999,3.57817020488457,0.0190807710681949,0.00604674916242391,301.237372209489,-4.75606124720905,163.819690076201,99.3284551573812,118.183301722673,1923073.57297797,4.46509863317478
160400,160.4,0.160399999999999,3.51306533788504,-0.00873352898240001,-0.00619100404816451,299.807627721555,-4.75658115730632,163.816135629161,99.3661050011259,118.169227255396,1923531.65995587,4.46403527477965
160500,160.5,0.160499999999999,3.48163447520595,0.00480271637955353,0.0089037922984092,299.918687216616,-4.75717628805909,163.771440109586,99.3910263700314,118.155152788119,1923260.0454467,4.46466571305707
160600,160.6,0.160599999999999,3.41766806315918,0.00818055022228423,-0.0181265868623875,299.215184476464,-4.75756438171477,163.768855565203,99.4205060233413,118.141078320842,1923570.96870625,4.46394405087831
160700,160.7,0.160699999999999,3.37561231950649,-0.0139585080317931,0.0184355999050078,300.649634798684,-4.75817290549097,163.786433561887,99.4173612814412,118.127003853566,1923487.40559199,4.46413798043859
160800,160.8,0.160799999999999,3.34047045809397,-0.0173130844852578,0.00614317052882662,300.562709352237,-4.75865331713823,163.752622479357,99.4594509441358,118.112929386289,1923675.27107185,4.46370201422512
160900,160.9,0.160899999999999,3.32089842678129,0.0303218424861488,-0.00767223872628634,299.570154550292,-4.75904601291415,163.701788604412,99.489742878254,118.098854919012,1923434.5804754,4.46426058331349
161000,161,0.160999999999999,3.30389515658586,-0.0119272261604621,-0.0142501067130026,300.016861437607,-4.75955621130455,163.760418987661,99.4770773852682,118.084780451736,1923649.23706735,4.46376242442678
161100,161.1,0.161099999999999,3.2762035710516,0.00682547754492322,0.0173365268528109,299.156519665906,-4.75989418458571,163.784366399954,99.4612558703035,118.070705984459,1923395.26988059,4.46435182443365
161200,161.2,0.161199999999999,3.23058145237914,-0.0166380854656512,-0.00873128662736248,300.610154184318,-4.7605424116396,163.779738499894,99.4956607066166,118.056631517182,1923776.88021626,4.463466252507
161300,161.3,0.161299999999999,3.2123966292097,0.0173791238417315,0.00304559454180115,299.350001785103,-4.76082601115519,163.74543501908,99.5148952524699,118.042557049905,1923516.42985284,4.46407062031459
161400,161.4,0.161399999999999,3.16194397837003,-1.59622560064268e-05,-0.00988720737661635,300.317949148756,-4.76127704382118,163.788488100664,99.522928316881,118.028482582629,1923948.06164233,4.46306911989539
161500,161.5,0.161499999999999,3.14806494657209,-0.00387755951784602,0.0241392013480374,299.611976462404,-4.76146731822652,163.804219923783,99.5131780011701,118.014408115352,1923714.92442101,4.46361000436842
161600,161.6,0.161599999999999,3.12682675133302,-0.0111889107829026,-0.0342088764631213,300.519711676459,-4.76184614749242,163.780503671698,99.5583379228765,118.000333648075,1924079.77847798,4.46276359132619
161700,161.7,0.161699999999999,3.13146407244397,0.0272493670650694,0.0168942872584797,299.631565427662,-4.76206637725366,163.751701023972,99.556889375646,117.986259180798,1923483.96688596,4.46414596119562
161800,161.8,0.161799999999999,3.08773337139674,-0.0154126337858876,-0.01053660777996,298.658965606338,-4.76229810522339,163.793833739885,99.5690149023378,117.972184713522,1923983.66567713,4.46298652913794
161900,161.9,0.161899999999999,3.07122841768913,0.0128526491185504,0.00515264128920584,300.326280784709,-4.76279861095465,163.805805829058,99.5551498550319,117.958110246245,1923626.83645848,4.46381440488071
162000,162,0.161999999999999,3.06250047004729,-0.0268832839855978,0.0188524453038237,300.43637894772,-4.76306794528872,163.833603587224,99.5500891672709,117.944035778968,1923625.92494409,4.46381652006901
162100,162.1,0.162099999999999,3.0286443905602,0.0159804858570209,-0.0153335838536051,299.610330249458,-4.76322502281847,163.795386425885,99.5925427476138,117.929961311692,1923767.75784254,4.46348741795541
162200,162.2,0.162199999999999,3.0152890397932,0.00207245186777059,0.00398210435920368,300.62417618567,-4.76358259419311,163.818910473022,99.5866659905697,117.915886844415,1923700.89909889,4.4636425476646
162300,162.3,0.162299999999999,2.99459427700615,-0.00944987106833224,0.00245368329177713,299.318130439464,-4.76361603635392,163.846265549165,99.5923453857798,117.901812377138,1923902.1871938,4.46317553946078
162400,162.4,0.162399999999999,2.97999348891544,0.00605710526732075,0.00375678754763347,298.742016032904,-4.76376923822855,163.823291552995,99.6159652865888,117.887737909861,1923858.95661422,4.46327583042269
162500,162.5,0.162499999999999,2.95801813047453,-0.00158629474901651,-0.00812336929135223,300.109273749722,-4.76423006400234,163.821947290788,99.6320670076457,117.873663442585,1923924.41403035,4.46312397700204
162600,162.6,0.162599999999999,2.9375185530026,0.00588184218166079,0.00344846323083774,299.935799702025,-4.76454403258835,163.825864109235,99.6335162703061,117.859588975308,1923768.66833706,4.46348530544527
162700,162.7,0.162699999999999,2.91926231778592,-0.00890611307692048,-0.00472590533780088,300.152414619394,-4.7648355703561,163.833793350091,99.6519511925537,117.845514508031,1923987.96175568,4.4629765637218
162800,162.8,0.162799999999999,2.91500860736757,0.00885865802812953,-0.00557967293956233,298.879619864804,-4.76484566549128,163.811429802394,99.6707307220317,117.831440040754,1923858.06627094,4.46327789598444
162900,162.9,0.162899999999999,2.90486464591146,0.00261223783810608,-0.00727110540528134,300.301509501908,-4.76510112880667,163.824784071417,99.6741253694126,117.817365573478,1923850.60944074,4.46329519561534
163000,163,0.162999999999999,2.89108359243859,-0.00146876906414467,0.00925124158778094,301.073804389649,-4.76535953816752,163.862452934645,99.6579382749806,117.803291106201,1923750.62353687,4.46352717298231
163100,163.1,0.163099999999999,2.86856203661899,-0.0146793125416142,-0.0087507040865356,301.001928126628,-4.76567698028823,163.86666052232,99.6800905712537,117.789216638924,1923997.75361317,4.46295385016592
163200,163.2,0.163199999999999,2.86388955825413,0.0173582229857577,0.00198100656805464,299.802928168726,-4.76585116384527,163.817153809828,99.7061335723445,117.775142171648,1923689.12005803,4.46366987922636
163300,163.3,0.163299999999999,2.84727535109904,-0.00668123262356824,-0.0138510360711323,299.246638583694,-4.76600855543192,163.837637708659,99.7212792604188,117.761067704371,1923991.9616928,4.46296728529134
163400,163.4,0.163399999999999,2.84622507926789,-0.0179225245859547,0.0201883467742457,300.625621218091,-4.76630153538082,163.846972813929,99.7151750695085,117.746993237094,1923753.85831652,4.46351966759029
163500,163.5,0.163499999999999,2.83778413482873,0.0330034626006054,-0.0205816421676068,300.917072768087,-4.76643945470556,163.806233399175,99.7480195783877,117.732918769817,1923679.05738961,4.46369322845905
163600,163.6,0.163599999999999,2.83549837733668,-0.0161276628055585,0.00523680700897576,300.74052280153,-4.76659552909162,163.878439274761,99.7217128444185,117.718844302541,1923789.44869513,4.46343709184113
163700,163.7,0.163699999999999,2.81125115599937,-0.00838834256239642,0.0109731015085036,299.825075750938,-4.76678460471723,163.881116768524,99.7301739954493,117.704769835264,1923754.08019425,4.46351915278663
163800,163.8,0.163799999999999,2.78581915720109,0.00945694031335898,-0.0166128999975319,299.972684244205,-4.76709183039479,163.846290050923,99.7701768264746,117.690695367987,1923886.65845702,4.46321156418077
163900,163.9,0.163899999999999,2.78324134098849,-0.0072737281511294,0.01695641681248,299.021096178107,-4.76713733011139,163.861184801344,99.7633910780294,117.67662090071,1923700.60999981,4.46364321847324
164000,164,0.163999999999999,2.77469085858971,-0.0017611067175097,-0.0124598338547895,300.090029726093,-4.76728270706453,163.86182462202,99.7856842690789,117.662546433434,1923907.86190393,4.46316237499073
164100,164.1,0.164099999999999,2.77306876066345,0.00761448136671009,0.00916466206752432,300.429485259522,-4.76737342360263,163.867080137801,99.7855259464881,117.648471966157,1923736.37495695,4.46356023308579
164200,164.2,0.164199999999999,2.77423080276063,0.00491369294928147,0.00290105379804824,299.719813879225,-4.76747427360451,163.883613013205,99.7837429675902,117.63439749888,1923665.92889745,4.4637236919406
164300,164.3,0.164299999999999,2.76555763174755,-0.0185823110750875,0.00954494279189455,299.605885705788,-4.76781815494388,163.908796661111,99.7862187460386,117.620323031604,1923779.07110548,4.46346116930372
164400,164.4,0.164399999999999,2.75812115285391,0.0164457582791444,-0.00246184288406201,298.687231331542,-4.76808199283336,163.90175553885,99.7914354229047,117.606248564327,1923566.7964029,4.46395373337477
164500,164.5,0.164499999999999,2.74608257645713,-0.0195911196055652,-0.00580973855376999,299.067184317093,-4.76830311293581,163.935164117517,99.794362222229,117.59217409705,1923785.05526374,4.46344728518607
164600,164.6,0.164599999999999,2.76644936665952,0.00777596350638398,0.00526881753636942,299.300427529734,-4.76832464602684,163.916530627967,99.7958398228768,117.578099629773,1923364.63901092,4.46442292222557
164700,164.7,0.164699999999999,2.74827074740221,-0.00854701747680374,0.00240884002048738,300.729440467614,-4.7684432972986,163.9461039651,99.8014887798956,117.564025162497,1923590.25139396,4.46389930286658
164800,164.8,0.164799999999999,2.73110462876974,-0.00174478351429067,-0.00859296380762662,300.905112511143,-4.76854902462617,163.939214351498,99.8234600358061,117.54995069522,1923702.54653277,4.46363872505909
164900,164.9,0.164899999999999,2.720282314335,-0.00248141103808475,-2.10609782414336e-05,300.230566807709,-4.76867330138933,163.931008362601,99.8324186030653,117.535876227943,1923548.55028133,4.46399607690829
165000,165,0.164999999999999,2.73019517403138,0.0154671912040344,0.00416834321125393,299.854093035887,-4.76890459468534,163.919564018148,99.8405169939047,117.521801760666,1923339.95055633,4.46448022863289
165100,165.1,0.165099999999999,2.70871984908862,-0.01102830086487,-0.0107659284397192,299.197513615734,-4.76906512721414,163.935899369805,99.8620616363526,117.50772729339,1923716.2875967,4.46360684138402
165200,165.2,0.165199999999999,2.73511467756393,0.0114068041072541,0.000462824573707811,299.497508267885,-4.76923230583455,163.928260337485,99.8566858427258,117.493652826113,1923292.70420696,4.46458990013123
165300,165.3,0.165299999999999,2.73554832680155,-0.00132781836856942,0.0034771034783245,299.124150467009,-4.76926324225641,163.946196017291,99.8615843510025,117.479578358836,1923367.06709033,4.46441728628974
165400,165.4,0.165399999999999,2.73642022680782,0.00174970170666931,-0.0108156825238315,300.17146942063,-4.76948379089198,163.945445961877,99.8782561417435,117.46550389156,1923448.90682542,4.46422733233426
165500,165.5,0.165499999999999,2.73471206596989,-0.00662228105216201,0.00820655699849121,300.838615036412,-4.76964544332372,163.943584266171,99.8808363215962,117.451429424283,1923246.28641599,4.46469765356989
165600,165.6,0.165599999999999,2.73725362275805,0.00968936293154632,-0.0113309916487215,300.362650502279,-4.76966884940478,163.924771841004,99.9052037612337,117.437354957006,1923264.24957564,4.46465595359197
165700,165.7,0.165699999999999,2.71977729809558,-0.0142028328386625,0.00872169034465485,300.504177500951,-4.76978548972018,163.942426006419,99.9090181123996,117.423280489729,1923314.2861574,4.46453980194465
165800,165.8,0.165799999999999,2.7241755331099,-0.017381987455566,-0.0102620163665876,300.120384958923,-4.76979072765616,163.920551036816,99.9396194595353,117.409206022453,1923416.10409594,4.46430346710363
165900,165.9,0.165899999999999,2.72996139718752,0.0223419970042594,-0.000184626630726164,300.867385190077,-4.76992618138448,163.871501040636,99.9599707736695,117.395131555176,1923001.57137619,4.46526581673743
166000,166,0.165999999999999,2.71366585451531,-0.00486180930524107,-0.000337738524093892,299.90836800018,-4.76991903779709,163.927531529437,99.9548688821267,117.381057087899,1923330.28129297,4.46450267315815
166100,166.1,0.166099999999999,2.72322201343226,-0.0165687409709846,0.0163442372281583,300.288057332698,-4.77010684445402,163.948562315547,99.9433815073372,117.366982620622,1923125.34497751,4.46497842931756
166200,166.2,0.166199999999999,2.70143275103992,0.0200083782554195,-0.0158061253620664,299.79388029394,-4.77019006460343,163.903836709954,99.9876179883092,117.352908153346,1923221.02659871,4.46475629344819
166300,166.3,0.166299999999999,2.70412435943173,0.00216096556262542,-0.00368125950299978,299.192539577084,-4.77020584252664,163.935275045396,99.9796999284735,117.338833686069,1923206.90573562,4.46478907526285
166400,166.4,0.166399999999999,2.71705334454119,-0.0169914200786466,0.018765684882516,300.529767896648,-4.77038628266309,163.964523763272,99.9692709277815,117.324759218792,1923118.68891294,4.464993882958
166500,166.5,0.166499999999999,2.71723191594814,0.0198193914880914,-0.0170087134955749,300.017959468026,-4.77031701002308,163.919164371165,100.007167540135,117.310684751516,1923084.76962158,4.46507263633946
166600,166.6,0.166599999999999,2.702885534425,-0.0123081283241355,0.00244073225717558,300.635201863973,-4.77042083179151,163.951476482762,100.005429043802,117.296610284239,1923199.64993558,4.46480591990857
166700,166.7,0.166699999999999,2.69276193751628,0.00136020400997109,-0.00284010220881072,300.99903109464,-4.77059652510908,163.965228790761,100.00422842492,117.282535816962,1923107.09554027,4.46502079999146
166800,166.8,0.166799999999999,2.70558089847137,0.00341778823003614,0.003049311817651,300.072600444453,-4.77069606693885,163.953415621843,100.016107473669,117.268461349685,1922966.16968589,4.46534802200972
166900,166.9,0.166899999999999,2.70218597129161,0.000339996958990303,-0.013566638678105,299.443266580737,-4.77080636918539,163.957925823873,100.02949788735,117.254386882409,1923045.69727269,4.46516335746798
167000,167,0.166999999999999,2.69774750589887,-0.0061484849225024,0.0208286037846872,300.119800340794,-4.77095244131272,163.990793921322,100.012832489686,117.240312415132,1922879.91296011,4.46554832900614
167100,167.1,0.167099999999999,2.70797488888014,-0.00474177650317948,-0.0205125959760645,300.130500022055,-4.77091320267672,163.987592159271,100.036081636769,117.226237947855,1923058.47059836,4.4651336989908
167200,167.2,0.167199999999999,2.71812609936176,0.0123247344262007,0.0194693133873506,300.764213970749,-4.7709155120045,163.983751247855,100.033362642844,117.212163480578,1922730.28563907,4.46589583902272
167300,167.3,0.167299999999999,2.69826431456726,-0.00911177716855555,-0.0181312873447961,300.237803628132,-4.77088148685131,164.020175250886,100.0440987261,117.198089013302,1923132.81314854,4.46496109030576
167400,167.4,0.167399999999999,2.7033066667915,0.00135032661780848,0.0195418107872926,300.338522385586,-4.77107875063589,164.034154432107,100.02709515695,117.184014546025,1922738.90190574,4.46587582624332
167500,167.5,0.167499999999999,2.68758236220039,0.000295950171822514,-0.0121784459007121,299.131834078611,-4.77116226263307,164.045164568356,100.051017580826,117.169940078748,1923096.82745941,4.46504464028591
167600,167.6,0.167599999999999,2.70260769695248,-0.000159731233451323,-0.00165646927618195,299.74697350023,-4.77139603914067,164.023357739316,100.063084245218,117.155865611472,1922842.09132897,4.46563616477927
167700,167.7,0.167699999999999,2.70058813111243,0.0112591992983525,0.000505697692322917,299.660507620373,-4.77143638815971,164.019288499617,100.078928449581,117.141791144195,1922867.81651495,4.46557642103617
167800,167.8,0.167799999999999,2.70212205848327,-0.0222492973392286,-0.00603657718694872,299.684976633835,-4.77140998751814,164.068936718585,100.064881682202,117.127716676918,1922948.82612608,4.46538829610824
167900,167.9,0.167899999999999,2.71831025365735,0.0165642300454931,0.0268844941072287,300.468207163733,-4.77144987727634,164.04902142466,100.064551752626,117.113642209641,1922478.03269478,4.46648181990526
168000,168,0.167999999999999,2.6989403446187,-0.0101328255558403,-0.0334678993002441,300.101271529066,-4.77144335322165,164.046334485857,100.10942225939,117.099567742365,1923077.46058022,4.46508960674302
168100,168.1,0.168099999999999,2.72325612193749,0.017062969175138,0.0269235541327331,300.202739831007,-4.77165759457665,164.052162644761,100.080145862634,117.085493275088,1922352.29062978,4.46677397480844
168200,168.2,0.168199999999999,2.69446976675782,-0.0220580117370158,-0.0326912775808161,299.638991689745,-4.77178555472001,164.076821867105,100.115196185488,117.071418807811,1923083.40264317,4.46507581023086
168300,168.3,0.168299999999999,2.71980914627591,0.031549815735948,0.018001600853659,299.194407697585,-4.7717852170096,164.040208034976,100.109656739835,117.057344340534,1922316.75266742,4.46685655227397
168400,168.4,0.168399999999999,2.69395708607492,-0.0205857985961081,-0.0211473939644591,298.713966179717,-4.77165285053261,164.105953323548,100.12175802588,117.043269873258,1923088.40522904,4.46506419509913
168500,168.5,0.168499999999999,2.72126491236974,0.0178976564749299,0.0336815776981116,300.824227758739,-4.77176315296337,164.106819976574,100.093739949723,117.029195405981,1922329.21308415,4.46682759839148
168600,168.6,0.168599999999999,2.67458038989695,-0.0356393332823608,-0.0334846804262175,300.328771784981,-4.77169757876449,164.144555800351,100.139317933449,117.015120938704,1923415.43942588,4.46430500982227
168700,168.7,0.168699999999999,2.72862847433513,0.0358367694121077,0.0385602876552335,299.971017644593,-4.77191703663669,164.071835301339,100.122745029252,117.001046471428,1922013.92700948,4.46756033425772
168800,168.8,0.168799999999999,2.66589068389195,-0.034994524755427,-0.0393447957697462,299.064919033504,-4.77209491173465,164.118716682186,100.17188452593,116.986972004151,1923275.31160693,4.46463027439589
168900,168.9,0.168899999999999,2.70804252744447,0.0354685205615447,0.0430702513450195,299.21718760016,-4.77222766025915,164.083295273388,100.13855252335,116.972897536874,1921989.12848924,4.46761797708396
169000,169,0.168999999999999,2.66540586259938,-0.0371084514267568,-0.0382458369874185,299.675597055652,-4.77218255026514,164.144016254879,100.177384375125,116.958823069597,1923214.53687641,4.46477135938489
169100,169.1,0.169099999999999,2.7059742126946,0.0381537149686029,0.0272315847758174,300.412062562893,-4.77210412270516,164.106382444133,100.15881570024,116.944748602321,1922185.85629247,4.46716073479002
169200,169.2,0.169199999999999,2.67583591845632,-0.0306511570764441,-0.0172596726783892,300.607687431741,-4.77208166905636,164.150988745517,100.186007819809,116.930674135044,1922998.86464434,4.4652721018567
169300,169.3,0.169299999999999,2.70529701527204,0.0305935624247439,0.0150248653227795,300.428461686027,-4.77223184072611,164.100262918468,100.183750980852,116.916599667767,1922129.92904195,4.46729071352546
169400,169.4,0.169399999999999,2.66719712365331,-0.0321797510847349,-0.0230647409224825,299.148793494543,-4.77235800842119,164.174092876487,100.193271660593,116.902525200491,1922945.9434294,4.46539499019137
169500,169.5,0.169499999999999,2.71007690013839,0.0329758121614403,0.0346839424868485,300.014088992823,-4.77265849516528,164.137377795616,100.170781800486,116.888450733214,1921852.95907928,4.46793452206259
169600,169.6,0.169599999999999,2.67160637216208,-0.0381968397144256,-0.039195377719255,299.111091883629,-4.77256877345594,164.185218446615,100.213969514472,116.874376265937,1923010.37044488,4.46524538513641
169700,169.7,0.169699999999999,2.74573660742597,0.0428681675567486,0.0411856977276897,300.029360630949,-4.77257657233769,164.124613854121,100.191009491664,116.86030179866,1921628.68631927,4.4684559734824
169800,169.8,0.169799999999999,2.68410050361877,-0.0348698019700111,-0.044640779434364,301.07728693368,-4.7725825535859,164.202616547625,100.229475665375,116.846227331384,1923048.45096998,4.46515696360503
169900,169.9,0.169899999999999,2.72839582503447,0.0185511048495077,0.0412145199099454,301.685476881267,-4.77268540577175,164.197757317828,100.188647977579,116.832152864107,1921976.69138488,4.46764688702406
170000,170,0.169999999999999,2.69311404793681,-0.0239131460507753,-0.0261470225529674,299.656595141312,-4.77264275080578,164.216788570065,100.230729071236,116.81807839683,1922775.15688257,4.46579161971297
170100,170.1,0.170099999999999,2.73849381076306,0.0234964250530014,0.0228535009345552,298.913151165701,-4.77277689419786,164.166347056872,100.222912660136,116.804003929553,1921803.07882843,4.46805048695889
170200,170.2,0.170199999999999,2.71861733977518,-0.0168206816191608,-0.0185380678318523,299.509055303474,-4.7729160432128,164.188052345237,100.253334134393,116.789929462277,1922408.91668876,4.46664240248562
170300,170.3,0.170299999999999,2.74115725185741,0.0168717526546662,0.00872732923516564,300.9233413937,-4.77301570334547,164.178313308619,100.246450415957,116.775854995,1921931.25370359,4.46775250969656
170400,170.4,0.170399999999999,2.72142596673477,-0.015816077539158,-0.0108665120137434,300.674438515662,-4.77293093427505,164.221197810469,100.253390997612,116.761780527723,1922334.65710229,4.46681494841383
170500,170.5,0.170499999999999,2.74689206767238,0.00725954645453264,0.0179679751879786,299.694203194344,-4.77281843537331,164.218199669638,100.249159964217,116.747706060446,1921986.72975842,4.46762355288362
170600,170.6,0.170599999999999,2.7352158732017,-0.00411238876494635,-0.0168748050314234,300.150082673681,-4.77298502778244,164.22653604814,100.276091130521,116.73363159317,1922368.87247603,4.46673544559567
170700,170.7,0.170699999999999,2.74495788140509,0.00809927167129954,0.0053683882843209,300.138446386278,-4.77321462109664,164.236785884063,100.258884040387,116.719557125893,1921927.20634445,4.46776191827296
170800,170.8,0.170799999999999,2.74763947719901,-0.0152908860009343,0.017077230100335,298.702832366389,-4.7732222025047,164.26713454954,100.255748026316,116.705482658616,1921990.43575611,4.46761493837531
170900,170.9,0.170899999999999,2.74397755231327,0.0189207758824851,-0.0165104622300256,299.074784303731,-4.77328900428422,164.206910130769,100.299378114357,116.69140819134,1921890.10218031,4.46784817324215
171000,171,0.170999999999999,2.74973288714137,0.00605540520001803,-0.00640902297704394,299.986123929857,-4.77324998814769,164.23211922467,100.299212818599,116.677333724063,1921950.14393309,4.46770859759482
171100,171.1,0.171099999999999,2.75193517935425,-0.000111275060853199,0.0118249917490729,300.676256578799,-4.77322743587604,164.299444045176,100.265396230007,116.663259256786,1921857.90124879,4.46792303250879
171200,171.2,0.171199999999999,2.75806941343841,-0.0289177651121008,0.0156869731300319,300.347761043741,-4.77328474923957,164.327968946568,100.26476109715,116.649184789509,1921947.49386878,4.46771475786463
171300,171.3,0.171299999999999,2.76413401271719,0.0384238902587343,-0.0109805413425416,299.015262208509,-4.77337085494568,164.256878567885,100.305783112353,116.635110322233,1921670.1445965,4.46835957062831
171400,171.4,0.171399999999999,2.75815725186897,-0.0139495672996616,0.000513161282703767,299.97786193979,-4.77374667373267,164.292836103465,100.305868180266,116.621035854956,1921860.50755061,4.46791697340309
171500,171.5,0.171499999999999,2.7566836407595,0.00927254254128572,-7.60528736751304e-05,299.668513397681,-4.77377997301534,164.297065786923,100.306605673544,116.606961387679,1921692.16780776,4.46830836178829
171600,171.6,0.171599999999999,2.74927751685872,0.00155520700684494,-0.00685196505554697,299.878554751371,-4.77367745486553,164.313989929504,100.316519568127,116.592886920403,1921848.07674673,4.46794587256548
171700,171.7,0.171699999999999,2.78203506030761,-0.010553178824009,0.00769031665074358,300.576806497489,-4.77358296406813,164.340157983748,100.303844994746,116.578812453126,1921679.28438847,4.46833831844682
171800,171.8,0.171799999999999,2.77731119887889,0.00719402618138482,0.0085207062356379,301.223271758467,-4.77359738151689,164.331615944948,100.320845685648,116.564737985849,1921673.06184155,4.46835278732053
171900,171.9,0.171899999999999,2.7648305664425,0.00306942315413241,-0.0232296220644436,299.626016816124,-4.77357941648495,164.323120947065,100.351067206046,116.550663518572,1921920.50595141,4.46777749423501
172000,172,0.171999999999999,2.7827886772224,0.011687045463639,0.00925143895914698,299.635744856967,-4.77387666151325,164.343807725864,100.326769202493,116.536589051296,1921464.98399654,4.46883667082946
172100,172.1,0.172099999999999,2.76601067166183,-0.0335004690541405,-0.00151991352637638,298.30698856869,-4.77388735684647,164.383668239191,100.336724494097,116.522514584019,1921889.59308172,4.46784935675196
172200,172.2,0.172199999999999,2.78717633719654,0.0410175204235463,-0.00455060986821115,299.655354263467,-4.77398056488906,164.314871785797,100.363352098266,116.508440116742,1921362.97776031,4.46907392387034
172300,172.3,0.172299999999999,2.78013458082409,-0.0200251114101355,0.00251743193610736,300.142894535117,-4.77384926720631,164.370272133263,100.359478487163,116.494365649465,1921704.428152,4.46827985428325
172400,172.4,0.172399999999999,2.79199831104597,-0.00151775974133795,0.00911616715462237,301.053379540672,-4.77383334348754,164.369206947235,100.360400261661,116.480291182189,1921477.45029006,4.46880767760364
172500,172.5,0.172499999999999,2.78342400107589,0.0139057821553609,-0.025014245019171,299.938540470979,-4.77380106175587,164.353864561198,100.396444851368,116.466216714912,1921755.89842305,4.46816018061636
172600,172.6,0.172599999999999,2.80972806447487,-0.00163663573782879,0.01557567514293,301.308483886785,-4.77423343670006,164.379230692015,100.363173700043,116.452142247635,1921183.34035153,4.46949179802242
172700,172.7,0.172699999999999,2.79052220186755,-0.00629125872451374,-0.0174731248944255,298.652326819753,-4.77415726599678,164.406803770851,100.379528979191,116.438067780359,1921586.45926491,4.4685541682487
172800,172.8,0.172799999999999,2.80145072221162,0.0156306558359259,0.00276675889624247,298.508557013241,-4.77419266607795,164.396218050377,100.375648476477,116.423993313082,1921156.20479293,4.46955492779618
172900,172.9,0.172899999999999,2.79339389174621,-0.0106610382316427,-0.00442821437489174,299.205839004879,-4.77409479975148,164.446729393068,100.375718250057,116.409918845805,1921515.50334552,4.46871917881916
173000,173,0.172999999999999,2.80987530640614,0.00443636128772442,0.00983010171160439,301.201839883685,-4.77410623379371,164.445479988524,100.374531392195,116.395844378528,1921245.86917178,4.46934633405358
173100,173.1,0.173099999999999,2.81190049596259,0.00278947305080183,-0.00904826503779449,300.961964216118,-4.77403140983326,164.446638205495,100.396198763858,116.381769911252,1921441.76705211,4.46889066816336
173200,173.2,0.173199999999999,2.82600837684107,0.00781419579992156,-0.00128621066486123,301.016373620755,-4.7742663696458,164.425964537818,100.409035979834,116.367695443975,1921213.49793621,4.46942163972012
173300,173.3,0.173299999999999,2.82777874026929,-0.00605926166179649,-0.00530927107110578,298.787894416034,-4.7743062717293,164.446404825271,100.413293820373,116.353620976698,1921301.4027556,4.46921715139703
173400,173.4,0.173399999999999,2.85017941212259,0.0184111852968537,0.00486257003237419,299.026654542848,-4.77442765108525,164.459283913897,100.397768848701,116.339546509421,1920922.4095024,4.4700989169171
173500,173.5,0.173499999999999,2.84812873992511,-0.0179068197343713,-0.00373399713314754,298.628528535991,-4.77425275091081,164.485832670033,100.409898874133,116.325472042145,1921232.17380039,4.46937819348147
173600,173.6,0.173599999999999,2.86566270289065,0.0207496736387746,0.000586926962462448,300.493098091278,-4.77429162927807,164.461129633137,100.416049378989,116.311397574868,1920828.86878832,4.47031660223591
173700,173.7,0.173699999999999,2.83893739432782,-0.0263028164580097,-0.00938303129782691,300.660861095056,-4.77430364101493,164.50857869319,100.423192457208,116.297323107591,1921287.21189941,4.46925016156721
173800,173.8,0.173799999999999,2.87888868172898,0.0198743625439142,0.0149566878642298,300.038942027804,-4.77435861974574,164.492335368412,100.408909284818,116.283248640315,1920591.80871547,4.47086837673303
173900,173.9,0.173899999999999,2.87704660013674,-0.0199859340637957,-0.00453365333588098,299.763721313058,-4.77454431037961,164.522815205426,100.416716739865,116.269174173038,1920864.53177618,4.47023360583296
174000,174,0.173999999999999,2.89556831590847,0.0177820257179199,0.0054146737364039,299.991427192639,-4.77470265368603,164.487573143329,100.433033095581,116.255099705761,1920532.6053051,4.47100619821778
174100,174.1,0.174099999999999,2.88427112462971,-0.00740777309122745,-0.0146662941050628,299.57214105577,-4.77463804075706,164.502299087834,100.451073433492,116.241025238484,1920816.97826574,4.47034427504446
174200,174.2,0.174199999999999,2.90377506090061,0.0115309741102436,0.0120689601787342,301.555152916978,-4.77473162576847,164.531195879285,100.426452324464,116.226950771208,1920450.95078204,4.47119629829744
174300,174.3,0.174299999999999,2.88610776412678,-0.0433328775652335,0.00561635931989957,301.251955567892,-4.77463669080527,164.583631466666,100.430315885611,116.212876303931,1920904.25938808,4.47014115369489
174400,174.4,0.174399999999999,2.91403902263784,0.0420780584246513,-0.013390967062162,300.896010742846,-4.77462217505583,164.490361330878,100.471248741686,116.198801836654,1920365.54192352,4.47139515615222
174500,174.5,0.174499999999999,2.89147079845511,-0.0277954402550232,-0.0124580504699737,301.368582597891,-4.77481753102724,164.571031125248,100.458589506184,116.184727369377,1920832.56345014,4.47030800372068
174600,174.6,0.174599999999999,2.91015486933169,0.00153776745352691,0.0398047544261241,299.572719545448,-4.77473488070479,164.596853873165,100.426117690274,116.170652902101,1920280.33241709,4.47159356748201
174700,174.7,0.174699999999999,2.88676202909156,-0.0195412044403415,-0.0331011066026302,299.642737500764,-4.77478443446551,164.586329191237,100.478480650011,116.156578434824,1920925.97572483,4.4700906181241
174800,174.8,0.174799999999999,2.93229171525001,0.032073643049307,0.0198544259500547,300.096606726303,-4.77476187524535,164.579128245777,100.450790584037,116.142503967547,1920079.90167391,4.47206034223506
174900,174.9,0.174899999999999,2.90064020360139,-0.0456382930707967,-0.00957789943447756,300.222849792333,-4.77473622800959,164.662108058547,100.456641747243,116.128429500271,1920927.08227949,4.47008804311768
175000,175,0.174999999999999,2.93037480493355,0.0338165035959108,0.00812375400828086,299.591043762817,-4.77465696016722,164.575685684657,100.482796921907,116.114355032994,1920186.01560315,4.47181320581658
175100,175.1,0.175099999999999,2.90676535554468,-0.00292355124753565,-0.0178965547367026,300.168291658633,-4.77477894876294,164.605808859187,100.505526300174,116.100280565717,1920739.0613356,4.47052561956418
175200,175.2,0.175199999999999,2.93899871874551,0.00199538277429585,0.025598564244961,298.503579935448,-4.77467191907019,164.619749478821,100.481334358465,116.08620609844,1920206.55572673,4.47176537158978
175300,175.3,0.175299999999999,2.91772936427527,-0.000267599213173775,-0.0271073171706451,300.559773524968,-4.77500255436347,164.628397371378,100.509830086936,116.072131631164,1920619.12635739,4.4708047859983
175400,175.4,0.175399999999999,2.94623582872962,0.0140456794404408,0.0192307535603927,299.729715273251,-4.77493241979694,164.630767855015,100.492441951204,116.058057163887,1920081.66062302,4.47205624546839
175500,175.5,0.175499999999999,2.94821280166719,-0.0137604431895106,-0.0129018030786225,299.448248332955,-4.77483794849919,164.649433148878,100.515073557023,116.04398269661,1920498.88918159,4.47108469084179
175600,175.6,0.175599999999999,2.97619877548139,0.0207192341384767,0.0159568012405002,300.319634486868,-4.77488869467107,164.616228636414,100.511502821836,116.029908229333,1919810.50169117,4.47268789009874
175700,175.7,0.175699999999999,2.95327479977399,-0.0109519462862059,-0.0132316225809129,300.013427143285,-4.77487983033018,164.656702859578,100.527540597685,116.015833762057,1920355.96111707,4.47141746429324
175800,175.8,0.175799999999999,2.95280921284639,-0.000408367563603958,0.00434645509135121,300.198587237781,-4.77499091053144,164.657823757575,100.530856732518,116.00175929478,1920199.4043915,4.47178202563787
175900,175.9,0.175899999999999,2.95119155151865,0.00410988638930914,-0.0187728929618669,300.381414816329,-4.77505293891197,164.651358790462,100.551487080455,115.987684827503,1920285.03199469,4.47158262400195
176000,176,0.175999999999999,2.95550289551762,0.0198659343774467,0.00941381416725326,300.437260672032,-4.77503983760688,164.676770894094,100.535867856468,115.973610360227,1920050.05618632,4.47212985647559
176100,176.1,0.176099999999999,2.94602972547922,-0.0344984893280505,0.00232817711826854,300.862083205974,-4.77506521032644,164.741694254088,100.530221079243,115.95953589295,1920466.05046709,4.47116114346829
176200,176.2,0.176199999999999,2.97749987534972,0.0226535695870188,0.0153173094633045,300.849369801853,-4.77505663075333,164.679686970554,100.547228936032,115.945461425673,1919834.94327109,4.47263094793351
176300,176.3,0.176299999999999,2.96410632102462,0.000461662612396996,-0.0274873047480318,300.002613344542,-4.77502387406599,164.677116678558,100.586989871348,115.931386958396,1920331.02203403,4.47147553399588
176400,176.4,0.176399999999999,2.98714939653621,0.00154246204767554,0.019469911032815,299.234327942354,-4.77500895743703,164.700888569233,100.559912310707,115.91731249112,1919858.10589417,4.47257698672436
176500,176.5,0.176499999999999,2.97007529322465,-0.0261284567948946,0.00208701376730291,299.234825739899,-4.7750245086496,164.725457713868,100.575941390398,115.903238023843,1920217.38963861,4.4717401417839
176600,176.6,0.176599999999999,2.99222936029725,0.0415775574778972,-0.00913709210843554,300.324084469415,-4.77509681040262,164.659983836943,100.604554668709,115.889163556566,1919767.07807919,4.47278905875908
176700,176.7,0.176699999999999,2.98441960093168,-0.0189024394287811,-0.000880051865344969,299.305098193645,-4.77498911272666,164.737551480418,100.591048057787,115.875089089289,1920180.34905495,4.47182640236089
176800,176.8,0.176799999999999,3.00973742202095,0.00971608873791419,0.0202914152692036,300.231018623769,-4.77513539465445,164.738526094095,100.573947118271,115.861014622013,1919632.07629419,4.47310361617573
176900,176.9,0.176899999999999,2.97439303705316,-0.0237095417915526,-0.0178869767821999,299.258378707502,-4.77508698934755,164.747587025109,100.615037393843,115.846940154736,1920288.68402449,4.47157411988841
177000,177,0.176999999999999,3.02106335110959,0.0374161695672761,0.0218695574008084,299.784425528991,-4.77520925133297,164.695091564606,100.611244375955,115.832865687459,1919371.21484527,4.47371155500563
177100,177.1,0.177099999999999,2.99016117584099,-0.0284846956461115,-0.0320650019129209,300.160344643719,-4.77531788229085,164.762304466247,100.631774375091,115.818791220183,1920312.97352521,4.47151756020031
177200,177.2,0.177199999999999,3.03283936030828,0.021887566616285,0.0298372680799282,300.654257285507,-4.77536483344449,164.737786607027,100.606706786802,115.804716752906,1919315.66742247,4.47384102987599
177300,177.3,0.177299999999999,3.01371845759929,-0.023702613109826,-0.0279943207444742,300.578440897666,-4.77532346441297,164.769828455738,100.639673778599,115.790642285629,1920084.63743438,4.47204931219701
177400,177.4,0.177399999999999,3.04054248990358,0.0310371550512188,0.0179096487863902,299.820651338513,-4.77521798778462,164.770479552007,100.612201068567,115.776567818352,1919334.75081565,4.47379654776189
177500,177.5,0.177499999999999,2.9967150611955,-0.0406241055884917,-0.0123487197798443,301.59132657196,-4.77549263994738,164.848751842151,100.621533837891,115.762493351076,1920191.17217276,4.4718011970039
177600,177.6,0.177599999999999,3.04593441450687,0.0343556911532167,0.0283871463021996,299.800930861351,-4.77534458632586,164.778588728431,100.6176705666,115.748418883799,1919066.85605121,4.47442107351436
177700,177.7,0.177699999999999,3.00862089039844,-0.0260607381617169,-0.0356558374848918,299.778370888783,-4.77533392574318,164.815881307296,100.663351123602,115.734344416522,1920139.12572176,4.47192240769054
177800,177.8,0.177799999999999,3.04393701626669,0.0228642841317265,0.0304332998660252,299.948786452818,-4.77530407608111,164.795061181452,100.643124739831,115.720269949245,1919277.36835195,4.47393030511881
177900,177.9,0.177899999999999,3.01342115895729,-0.023133512655684,-0.0168407867738934,300.477822266965,-4.77532354302826,164.842249966917,100.663134783218,115.706195481969,1919975.10833633,4.47230442984176
178000,178,0.177999999999999,3.04644704751134,0.0283380635556625,0.0076227895610059,299.734039906974,-4.7752218295767,164.808987703525,100.664249070436,115.692121014692,1919375.43931795,4.47370170853585
178100,178.1,0.178099999999999,3.01036699589306,-0.0158547537606299,-0.0135099903024529,300.880388374537,-4.77543549382452,164.845696889654,100.68255614158,115.678046547415,1919918.50210472,4.4724362897619
178200,178.2,0.178199999999999,3.05072975159843,0.0156430129053992,0.0216812439432644,299.575797123273,-4.77540133741765,164.835386417402,100.667263068973,115.663972080139,1919273.26764582,4.47393986408769
178300,178.3,0.178299999999999,3.02414138206688,-0.0134048095784774,-0.018404044336545,300.804629536827,-4.77565726849227,164.886264827878,100.678734205253,115.649897612862,1919850.80112896,4.47259400425757
178400,178.4,0.178399999999999,3.05791245970053,-0.00642460568984453,0.020529472247209,300.086984903553,-4.77562021651505,164.893408656844,100.656144620661,115.635823145585,1919269.59748541,4.47394841946572
178500,178.5,0.178499999999999,3.04982025461728,0.0146488919537987,-0.0116899151008114,299.407990880936,-4.77548435427163,164.870679549317,100.69010707675,115.621748678308,1919418.88772239,4.47360044080196
178600,178.6,0.178599999999999,3.04044925843046,0.00497063779208163,0.00463426654524335,300.042789299026,-4.77542590434185,164.903334688133,100.689178744102,115.607674211032,1919547.66558181,4.47330031765367
178700,178.7,0.178699999999999,3.02957512655563,-0.00768619652730079,-0.00309909812167923,300.51662116181,-4.77542956367234,164.936841280091,100.6859209691,115.593599743755,1919641.84586281,4.47308085136009
178800,178.8,0.178799999999999,3.05973844748912,0.00624803717933211,0.00230122044231527,300.691292194526,-4.77554718110131,164.929828927392,100.686197936731,115.579525276478,1919331.78908036,4.47380345131092
178900,178.9,0.178899999999999,3.05839360953378,-0.00877784362066183,-0.00405694774855053,299.500157074171,-4.77564018210065,164.930899505956,100.705424206091,115.565450809201,1919476.9820749,4.47346504406449
179000,179,0.178999999999999,3.08050844178088,0.0397296304855078,0.00493891334991268,299.064827749333,-4.77573997705121,164.894943719051,100.708970638622,115.551376341925,1918892.38133741,4.47482790890743
179100,179.1,0.179099999999999,3.0419982209919,-0.0390618459792418,-0.011966426178095,299.293493789264,-4.7757849538673,164.993690319346,100.703248634145,115.537301874648,1919698.55711961,4.47294870871929
179200,179.2,0.179199999999999,3.09086337513794,0.0280701180388866,0.0309120677255887,300.287662566693,-4.77581617348901,164.94850154997,100.690613479416,115.523227407371,1918698.23003762,4.47528071260592
179300,179.3,0.179299999999999,3.052802329029,-0.0161589904593185,-0.0562294540113701,300.634371285409,-4.77577370118875,164.972686396724,100.745319272114,115.509152940095,1919788.22256857,4.47273979559574
179400,179.4,0.179399999999999,3.09699136960345,0.0216754697172593,0.0368943413521608,300.97314373832,-4.77579334771498,165.00144349483,100.68649129663,115.495078472818,1918767.83132473,4.47511837650006
179500,179.5,0.179499999999999,3.05440087048674,-0.0477707762952215,-0.00827708448394125,300.505196230032,-4.77584665201645,165.056473317412,100.710877101121,115.481004005541,1919638.67390841,4.47308824254713
179600,179.6,0.179599999999999,3.10072168725333,0.0496743642007981,0.00737346375170426,299.746857018237,-4.77590163073211,164.924995982908,100.749126257481,115.466929538264,1918604.18718005,4.47550007425927
179700,179.7,0.179699999999999,3.05552917959673,-0.024748380845387,-0.0311596728472851,299.304761505631,-4.77594611826026,165.000612103936,100.765089097835,115.452855070988,1919553.96357443,4.47328564090431
179800,179.8,0.179799999999999,3.08174947096584,0.0127951984404139,0.0325914621341892,301.159973783842,-4.77615949690758,165.014739645383,100.724985391051,115.438780603711,1918720.35207942,4.47522911449425
179900,179.9,0.179899999999999,3.06411906943964,-0.0119023495204746,-0.0296019169566965,299.421535839445,-4.77592076630367,165.013864459974,100.772079681157,115.424706136434,1919373.23353443,4.47370684980663
180000,180,0.179999999999999,3.08482878228404,0.0156024614133498,0.0204934473000269,301.71096986093,-4.77615797233483,165.011199946795,100.755278261044,115.410631669157,1918788.23639873,4.47507078650556
180100,180.1,0.180099999999999,3.06980748874948,-0.0265957968209105,-0.0133852096284552,300.625875551828,-4.77611580072695,165.04918196302,100.773163360161,115.396557201881,1919336.48912219,4.47379249592947
180200,180.2,0.180199999999999,3.09645707036107,0.01797098677863,0.0129768961701417,299.560477834332,-4.7761475315231,165.017932866049,100.773121084847,115.382482734604,1918738.24266336,4.47518738683158
180300,180.3,0.180299999999999,3.07536152984086,-0.0137855450942989,-0.0187843772478887,298.691819515292,-4.77614155382425,165.052940682309,100.794417110254,115.368408267327,1919316.71187246,4.47383859530999
180400,180.4,0.180399999999999,3.10805885077201,0.0176696890898748,0.0202327377291908,299.435469671252,-4.77620629449491,165.023919816757,100.789622511078,115.354333800051,1918653.86441161,4.47538419590433
180500,180.5,0.180499999999999,3.08056388894113,-0.00700138899321331,-0.0201809428263064,299.716787687399,-4.77614839167959,165.040234726278,100.823209486165,115.340259332774,1919248.78489919,4.47399693555076
180600,180.6,0.180599999999999,3.10677807888165,0.0196368606433736,0.014193676945022,299.647678613144,-4.77606922041045,165.052360765659,100.802125068023,115.326184865497,1918754.24464117,4.47515006477773
180700,180.7,0.180699999999999,3.07702281953444,-0.0285013200769001,-0.0059442874394619,299.655831815306,-4.77606389681081,165.117992470234,100.805990390609,115.31211039822,1919356.55864844,4.4737457162441
180800,180.8,0.180799999999999,3.11526371403647,0.029076788543907,0.00667644331884542,300.669019108927,-4.77626837657785,165.059628232295,100.815009301894,115.298035930944,1918615.57821389,4.47547350271812
180900,180.9,0.180899999999999,3.09585591796624,-0.0191299050140228,-0.0202769155671492,299.510220319775,-4.77627947306279,165.103452335745,100.832315574928,115.283961463667,1919220.11523344,4.47406376894608
181000,181,0.180999999999999,3.13782341574596,0.0207009245549435,0.0259453188144811,299.851468801792,-4.7764308417435,165.103259322662,100.801755743167,115.26988699639,1918401.96603206,4.47597184231355
181100,181.1,0.181099999999999,3.08415599487163,-0.0340125930416703,-0.0192950050683828,299.573471965736,-4.77637257066512,165.136765536662,100.842154344099,115.255812529113,1919325.90916278,4.47381715695384
181200,181.2,0.181199999999999,3.13106505111214,0.0287377394798372,0.0160217842332672,300.055594237141,-4.77626121302156,165.082818246883,100.842426320077,115.241738061837,1918469.77120545,4.47581364641629
181300,181.3,0.181299999999999,3.10572825937908,-0.0283878658083082,-0.0164964139234107,300.469554713526,-4.77617565129017,165.138525698335,100.859216571583,115.22766359456,1919202.27385623,4.47410536094525
181400,181.4,0.181399999999999,3.13806910859908,0.0243213334763101,0.0254488979689394,300.226528704739,-4.77616355072675,165.103354749672,100.854016898403,115.213589127283,1918460.24537678,4.47583587040246
181500,181.5,0.181499999999999,3.11333472152891,-0.0115062831427697,-0.0191401202230954,298.638323275468,-4.77615697759027,165.11651543461,100.88983064683,115.199514660007,1919060.0174892,4.47443701809436
181600,181.6,0.181599999999999,3.14971257296335,0.0201096979288165,0.0131081873155815,299.691436591466,-4.77645445456196,165.094901571068,100.879336595263,115.18544019273,1918374.82089025,4.47603517763732
181700,181.7,0.181699999999999,3.12175186357726,-0.0189792626814877,-0.0113820161563527,299.253380592623,-4.77648135666838,165.138323917294,100.895376594951,115.171365725453,1918949.98209152,4.47469358885506
181800,181.8,0.181799999999999,3.15485704716247,0.014726121095228,0.0301447728550871,299.191514422214,-4.77636996087414,165.112706127703,100.887411224443,115.157291258176,1918266.37566606,4.47628822103343
181900,181.9,0.181899999999999,3.1332507705857,-0.0155852576120341,-0.0309044363815043,300.276038869018,-4.77635829661479,165.128305411123,100.926950813115,115.1432167909,1918964.91737325,4.47465876236669
182000,182,0.181999999999999,3.17199394601271,0.0255176025009968,0.0242056198282681,300.309774589548,-4.77628395625414,165.115116284525,100.904309803383,115.129142323623,1918146.70527393,4.4765674901661
182100,182.1,0.182099999999999,3.14320736286026,-0.0201292882829617,-0.0168550338435022,300.399250288155,-4.77637216359983,165.167071355948,100.924510220439,115.115067856346,1918899.7776213,4.47481066095214
182200,182.2,0.182199999999999,3.17448740614694,0.0236293039215734,0.0205503486558119,299.089423657617,-4.77637086871591,165.135818631009,100.916278691793,115.10099338907,1918145.65787224,4.47656993459169
182300,182.3,0.182299999999999,3.15013709957369,-0.0203870472343438,-0.018593938918531,299.32357830623,-4.77656384885602,165.169904070237,100.936714296732,115.086918921793,1918695.43985213,4.47528722060247
182400,182.4,0.182399999999999,3.18282853335854,0.0108150403803441,0.0178530737210991,299.359836823305,-4.77659486600063,165.156832345514,100.925623852176,115.072844454516,1918098.19075483,4.4766807161313
182500,182.5,0.182499999999999,3.17268906948581,-0.0133759276423198,0.000557599078690869,299.364828795349,-4.77646971382126,165.176591742258,100.946447575201,115.058769987239,1918488.79846929,4.47576925601524
182600,182.6,0.182599999999999,3.19200597026193,0.0211879287451156,-0.00195843762062335,299.764043308719,-4.77636727187883,165.151555003472,100.960042621899,115.044695519963,1918221.6637559,4.47639255902552
182700,182.7,0.182699999999999,3.17887421908285,-0.0211680529800528,-0.0115957108498972,300.812700128664,-4.776460095467,165.205034827696,100.963126261146,115.030621052686,1918666.67830737,4.47535430686355
182800,182.8,0.182799999999999,3.20525128750788,0.00233687576634126,0.0211093923137906,299.318671088125,-4.77643561341494,165.18032829649,100.960242782818,115.016546585409,1918090.23704049,4.47669927951216
182900,182.9,0.182899999999999,3.19992197113734,0.00399589048777308,-0.0254905272721117,299.921997499499,-4.77671551004495,165.159235971526,100.997849240935,115.002472118132,1918324.91250021,4.47615162908308
183000,183,0.182999999999999,3.21028945228399,0.0015576633357475,0.0147421780456114,299.66911376688,-4.77679887413383,165.179642110598,100.985648143864,114.988397650856,1918095.38399679,4.47668726687935
183100,183.1,0.183099999999999,3.19203243604168,-0.010133013020687,-0.00631643896624645,299.87599236123,-4.77678453254656,165.195563013334,100.999977178124,114.974323183579,1918317.61962767,4.4761686460791
183200,183.2,0.183199999999999,3.21828394967295,0.00423914499469358,0.00466320648956649,300.128344929874,-4.7766305150605,165.194390481017,101.004195185575,114.960248716302,1918149.27972059,4.47656148193496
183300,183.3,0.183299999999999,3.21252023049012,-0.00893521741990717,-0.00343917846092231,301.388668784164,-4.77664780141141,165.214818146069,101.013266888917,114.946174249026,1918323.88777269,4.47615402014738
183400,183.4,0.183399999999999,3.23074301934522,0.0057733983874602,-0.00225078958808293,300.727953831885,-4.77661856667225,165.219198098955,101.016907818696,114.932099781749,1918208.98792808,4.47642213973424
183500,183.5,0.183499999999999,3.22244067265996,-0.00384178722270088,0.00428242772676527,300.301819372637,-4.77673610892994,165.231702286828,101.01904283182,114.918025314472,1918159.78277416,4.47653697012656
183600,183.6,0.183599999999999,3.23814949517177,0.00403740582368608,-0.00119586867433476,298.309631126408,-4.77661990173896,165.234979253546,101.023333590883,114.903950847195,1918044.36047474,4.47680635502776
183700,183.7,0.183699999999999,3.25112163456144,-0.00657983286193168,-0.0013629124117944,299.763118439593,-4.77681253013815,165.249269576198,101.024944545732,114.889876379919,1918005.86738019,4.47689620153617
183800,183.8,0.183799999999999,3.26404184002642,0.00890183224991578,0.00564115011182261,300.129954035703,-4.77677426194072,165.247776647012,101.027568289013,114.875801912642,1917803.38454417,4.47736887493261
183900,183.9,0.183899999999999,3.24628873042551,-0.00767765729235024,-0.0124369535182552,300.646734893844,-4.77672455474492,165.25791349779,101.051727466329,114.861727445365,1918144.63216322,4.47657232839354
184000,184,0.183999999999999,3.24672668199626,0.0116767408399406,0.00379481236701705,300.689199852695,-4.77665372305195,165.251943585029,101.057346179167,114.847652978088,1917946.94649468,4.47703373541793
184100,184.1,0.184099999999999,3.25516600759356,-0.0165879201945164,-0.00105107084909733,300.90759797267,-4.77673678866637,165.29052550008,101.054604168826,114.833578510812,1918107.5926544,4.47665877299179
184200,184.2,0.184199999999999,3.27364302950311,0.00380571223159828,0.012035267319532,299.727165115737,-4.77676610114945,165.288553455905,101.053152609439,114.819504043535,1917822.07173101,4.47732524761705
184300,184.3,0.184299999999999,3.26398455020903,0.00508392591138895,-0.0119004610935486,299.023515347438,-4.77680770391206,165.287158478095,101.073999491851,114.805429576258,1917966.39072083,4.47698834752331
184400,184.4,0.184399999999999,3.26351953777925,-0.00556694778968995,-0.00299233219167209,299.2885474119,-4.77680693662336,165.293452383901,101.082067993692,114.791355108982,1917957.37776869,4.47700938598962
184500,184.5,0.184499999999999,3.28155936926713,0.00377292544981625,-0.00391661532977211,299.818705670157,-4.77671117795564,165.296639024105,101.087212712335,114.777280641705,1917856.79699759,4.47724417987881
184600,184.6,0.184599999999999,3.28537889122852,-0.00983427498432205,0.00877600625660557,300.509445752489,-4.7766567590856,165.310341045489,101.09075532275,114.763206174428,1917847.78863607,4.47726521003273
184700,184.7,0.184699999999999,3.28555830769415,0.0146313544751668,-0.0266506670521559,300.655899377467,-4.77667262508404,165.29947357293,101.111635555797,114.749131707151,1917882.57747053,4.47718399607309
184800,184.8,0.184799999999999,3.29303162498338,-0.00417157301909075,0.0261391721796142,300.113751300867,-4.77678003786034,165.351666123266,101.076223289217,114.735057239875,1917581.00087324,4.47788811960913
184900,184.9,0.184899999999999,3.26943219221848,-0.0173612197415466,-0.00250966519654059,298.139274238462,-4.77671712626651,165.367320652254,101.097851233218,114.720982772598,1917937.60159504,4.47705554917813
185000,185,0.184999999999999,3.2952350303631,0.0268918778261007,-0.0109492715613501,300.123080178457,-4.77693356490307,165.302011151388,101.129493999783,114.706908305321,1917544.9185481,4.47797237975527
185100,185.1,0.185099999999999,3.28383388933657,-0.0139931011034339,-0.0124605536447031,300.136517831776,-4.77678267288654,165.38824885565,101.112251696194,114.692833838044,1917982.82666578,4.47694998245923
185200,185.2,0.185199999999999,3.31321427141513,-0.0151415711396425,0.04691394631318,300.116938311221,-4.77663186603855,165.424844205311,101.075938124704,114.678759370768,1917482.90674927,4.47811719831997
185300,185.3,0.185299999999999,3.30016922792642,0.0194506857216638,-0.0375088533541749,300.298514732684,-4.7766826750171,165.341042792759,101.160726587176,114.664684903491,1917883.81569522,4.4771811055123
185400,185.4,0.185399999999999,3.30623830464145,0.0209463436744526,0.00900890075415852,299.369490734186,-4.77676418338092,165.380059957219,101.132995883509,114.650610436214,1917575.13258501,4.47790182313381
185500,185.5,0.185499999999999,3.30205742395691,-0.0514395179345106,0.0193090425268441,299.392082085754,-4.77695063886706,165.476849121012,101.098866731882,114.636535968938,1917814.44092364,4.47734306248264
185600,185.6,0.185599999999999,3.31601639659499,0.0404641163273382,-0.0132079212934138,300.274562712823,-4.77709439329798,165.373281842529,101.151752880644,114.622461501661,1917381.30638211,4.47835448985402
185700,185.7,0.185699999999999,3.31375007405563,-0.00214172941638754,-0.0224006254585469,298.679283074907,-4.77678287852584,165.414305077009,101.158991808664,114.608387034384,1917758.68194085,4.4774732415803
185800,185.8,0.185799999999999,3.32854746579277,-0.0161184725190528,0.0363392132799569,299.698429328403,-4.77672248207678,165.47373082507,101.12250180448,114.594312567107,1917520.11351323,4.47803030679357
185900,185.9,0.185899999999999,3.32797668265918,0.013563122971085,-0.0241261744929203,301.212162404017,-4.77676671379511,165.424478696606,101.17133905847,114.580238099831,1917639.61678091,4.47775124536317
186000,186,0.185999999999999,3.32004233142967,0.00980798186163864,-0.0132514418831295,300.722070564735,-4.77676919678411,165.454980749016,101.163539809014,114.566163632554,1917609.76801318,4.47782094429729
186100,186.1,0.186099999999999,3.32671523065313,-0.0166577409038366,0.0211600107288464,300.328832962716,-4.77692728552462,165.528706796035,101.126355659578,114.552089165277,1917523.49016398,4.47802242123468
186200,186.2,0.186199999999999,3.32664192481519,0.00179314628375094,-0.0085006997198793,298.411864271062,-4.77688523038272,165.490346202607,101.164264127484,114.538014698,1917562.12225408,4.47793220493157
186300,186.3,0.186299999999999,3.34369361407507,0.0172186433213692,-0.0120444101053073,299.85674235725,-4.77704978153028,165.477814195642,101.174425845038,114.523940230724,1917373.8756166,4.47837184567726
186400,186.4,0.186399999999999,3.34133908093481,-0.0155190674972802,0.0168080813676713,300.454123363893,-4.77696997803988,165.546418192304,101.14844452173,114.509865763447,1917440.52859357,4.47821617106257
186500,186.5,0.186499999999999,3.3420916120428,-0.00388118737025572,0.00838711097315453,299.829135686921,-4.77676561867985,165.529877673548,101.17427575511,114.49579129617,1917502.86384112,4.47807059072531
186600,186.6,0.186599999999999,3.34414310251138,0.0171869564844625,-0.0200411194178858,300.989788706903,-4.77688842567262,165.462558135489,101.22681606026,114.481716828894,1917482.65944817,4.47811777587058
186700,186.7,0.186699999999999,3.34491422669012,0.0105755177677111,-0.0171820038282892,300.93335649071,-4.77700749887429,165.507838126239,101.213302770918,114.467642361617,1917515.57757484,4.47804089970338
186800,186.8,0.186799999999999,3.36530186807718,-0.0292834069574003,0.0370693507887281,299.285002087951,-4.77698584005181,165.584469880609,101.166512705547,114.45356789434,1917280.77433612,4.47858931103699
186900,186.9,0.186899999999999,3.34894926726954,0.00426479832573699,-0.0157779275147671,299.759968266388,-4.7771213804272,165.530942544189,101.220234618358,114.439493427063,1917442.96376447,4.47821048368521
187000,187,0.186999999999999,3.37935620323737,0.0243993012181392,0.00132600743005775,299.455818275357,-4.7769868677517,165.512796894134,101.22716676643,114.425418959787,1917128.26602349,4.47894558458994
187100,187.1,0.187099999999999,3.36053147467141,-0.0319048963130876,-0.00170082207239839,300.74623652268,-4.77698523542289,165.584384032593,101.219591155447,114.41134449251,1917578.02800786,4.47789506178222
187200,187.2,0.187199999999999,3.39151464421922,0.0216550250219802,0.0118521049337348,300.55744851595,-4.77685663457155,165.553073254068,101.222094532968,114.397270025233,1917026.99037932,4.47918220520172
187300,187.3,0.187299999999999,3.37023927140867,-0.0201534375265305,-0.0249331427397801,300.938406640419,-4.77693859930956,165.58264441332,101.24521888926,114.383195557956,1917571.48606399,4.47791033846857
187400,187.4,0.187399999999999,3.40180448476927,0.0207971413651912,0.0242026453383789,301.082971545901,-4.77707233652504,165.574798614906,101.224492030177,114.36912109068,1916852.18912714,4.47959067000806
187500,187.5,0.187499999999999,3.37638906840526,-0.0289438582665137,-0.0195206542116913,298.3552328169,-4.77687395400611,165.621427861196,101.245998882162,114.355046623403,1917563.38836542,4.47792924828316
187600,187.6,0.187599999999999,3.40750351826553,0.0318548441999056,0.0205445951772484,299.371447860705,-4.77700964366669,165.580491424291,101.247623071883,114.340972156126,1916884.22739274,4.47951579938541
187700,187.7,0.187699999999999,3.38046749977354,-0.0222422366102196,-0.0220622137674488,299.071034732884,-4.77689534346809,165.632454730024,101.268973434781,114.32689768885,1917654.06207351,4.47771751538643
187800,187.8,0.187799999999999,3.42345231900852,0.0251605399512581,0.0301442835158234,300.566896614393,-4.77698593082203,165.624586929203,101.241428700156,114.312823221573,1916805.39979586,4.47970001707684
187900,187.9,0.187899999999999,3.39813576001268,-0.0167686662630189,-0.0247574926739989,300.162907616776,-4.77694365545271,165.657261505732,101.271756662374,114.298748754296,1917521.74309047,4.47802650120634
188000,188,0.187999999999999,3.4264283498296,0.0166001174969625,0.0223114003584275,299.380094086036,-4.77691236524464,165.643693789645,101.2565998651,114.284674287019,1916841.66771658,4.47961525816961
188100,188.1,0.188099999999999,3.40645160584589,-0.0206644400658725,-0.0131210189818818,299.879264392487,-4.77699709025803,165.690146207179,101.272534730775,114.270599819743,1917444.79122502,4.47820621563376
188200,188.2,0.188199999999999,3.44014973640944,0.021340846041878,0.0202292014248807,298.639409036519,-4.77684618229592,165.657838489682,101.269057900973,114.256525352466,1916768.98181361,4.4797851299085
188300,188.3,0.188299999999999,3.42381610912105,-0.0100568781342257,-0.0190521523396142,300.002442287956,-4.77694802869581,165.670698893383,101.298460961757,114.242450885189,1917238.15402783,4.47868887032061
188400,188.4,0.188399999999999,3.44531966779906,-0.000777708897010104,0.00674339224862083,300.736802943567,-4.77698236095547,165.67885325675,101.289142625967,114.228376417912,1916919.95750676,4.47943230418801
188500,188.5,0.188499999999999,3.45901362303627,-0.00101314209032853,0.00254326217893234,300.960927448252,-4.77704756299423,165.698492473197,101.287754937097,114.214301950636,1916884.70465662,4.47951468408042
188600,188.6,0.188599999999999,3.45896696755293,0.00628404835785367,-0.00190364628062985,300.065646442896,-4.77703222117371,165.699269851115,101.293453151214,114.200227483359,1916765.30835881,4.47979371535615
188700,188.7,0.188699999999999,3.45231335103742,-0.00660507006841003,-0.0102759851950667,299.874886534984,-4.77703467219667,165.721849240876,101.305580402117,114.186153016082,1917019.72485182,4.47919918135542
188800,188.8,0.188799999999999,3.47893280415653,0.00406286811910256,0.0235963956544281,299.345714142723,-4.77698053589269,165.70970364231,101.302936518644,114.172078548806,1916592.93497901,4.48019661634227
188900,188.9,0.188899999999999,3.46529526046146,0.00180564279845379,-0.0199729106759534,300.668673278367,-4.77710781913825,165.68790812223,101.344342726888,114.158004081529,1916887.79530847,4.47950746163349
189000,189,0.188999999999999,3.47015939406152,0.000435688194743227,0.00481271685347702,300.395739761476,-4.77696703179866,165.715876163302,101.333279833895,114.143929614252,1916765.73358124,4.47979272154207
189100,189.1,0.189099999999999,3.47962289463052,-0.0112123953582706,0.0155552787864247,300.315882733961,-4.77684208318716,165.733442288857,101.332756601822,114.129855146975,1916722.64553858,4.47989342755728
189200,189.2,0.189199999999999,3.4795658140754,0.0123893136692563,-0.0216472613391757,301.269183261974,-4.77697274266479,165.683945519588,101.377252654105,114.115780679699,1916755.20526635,4.47981732805847
189300,189.3,0.189299999999999,3.47614780941274,0.00630037085317072,0.00262198844669894,300.429490554722,-4.77706697008322,165.715953638459,101.3674781214,114.101706212422,1916704.22889088,4.47993647260186
189400,189.4,0.189399999999999,3.49640362281383,-0.0219326212600753,0.0195448479871114,299.7298209505,-4.7770261372771,165.752017671498,101.353661351905,114.087631745145,1916623.5968675,4.48012494275477
189500,189.5,0.189499999999999,3.4840561332639,0.0176994401839668,-0.0198289857222249,300.444645419751,-4.77705307306389,165.696384119008,101.405686367729,114.073557277868,1916727.28411549,4.47988258598875
189600,189.6,0.189599999999999,3.49595569463088,0.0155527388231574,0.000298509174627824,300.472527372955,-4.77703243542894,165.728889147572,101.389352732345,114.059482810592,1916558.00544787,4.48027826853688
189700,189.7,0.189699999999999,3.48953866924659,-0.0234529975856091,0.0102764403632322,300.157783841686,-4.77698088850994,165.804811572185,101.367346220002,114.045408343315,1916783.2731356,4.47975172913095
189800,189.8,0.189799999999999,3.50222655071191,-0.00116844299756392,0.0116987061661858,300.154077553163,-4.77703885424869,165.770276831741,101.386708408774,114.031333876038,1916513.5354843,4.48038222700504
189900,189.9,0.189899999999999,3.50377583707277,0.0117856334833894,-0.0231507191189414,299.677206981696,-4.77701502110503,165.738578776645,101.42264780181,114.017259408762,1916589.71182058,4.4802041507579
190000,190,0.189999999999999,3.52070577094221,-0.00264324749971239,0.0152633501199862,300.046820400069,-4.7769940191399,165.788896766323,101.394590390686,114.003184941485,1916404.62897592,4.48063684065875
190100,190.1,0.190099999999999,3.50385575916371,-0.026021393386872,0.0114681020979908,301.001099588572,-4.77696419812728,165.815490455487,101.406112422938,113.989110474208,1916693.18223588,4.47996229223386
190200,190.2,0.190199999999999,3.5180729551778,0.0288490626674775,-0.0243339566096847,301.850093760569,-4.77697040582529,165.734630938117,101.459762585774,113.975036006931,1916535.39958648,4.48033111418196
190300,190.3,0.190299999999999,3.51945838865404,0.00442441387154125,-0.00266606931042975,300.775135636319,-4.77702404602633,165.798883926667,101.434099676443,113.960961539655,1916556.76353125,4.48028117172877
190400,190.4,0.190399999999999,3.52424139159094,-0.0353204369898425,0.0295002217317358,299.005867967411,-4.77691417302959,165.890693595155,101.38885218028,113.946887072378,1916525.90812038,4.48035330272149
190500,190.5,0.190499999999999,3.53669367630613,0.0211497315703304,0.00189860897421843,299.538803743952,-4.77698291390844,165.820312363328,101.435099425822,113.932812605101,1916349.89336547,4.48076481853665
190600,190.6,0.190599999999999,3.53346992178518,0.0143728730529947,-0.0272127672301564,299.778993613386,-4.77702330620613,165.797283996221,101.472210341116,113.918738137824,1916547.98913593,4.48030168348133
190700,190.7,0.190699999999999,3.53927713648415,-0.0087618154069455,0.0161049849873136,299.691097318522,-4.77707051718261,165.863683062166,101.438789244928,113.904663670548,1916447.24079669,4.48053721459552
190800,190.8,0.190799999999999,3.54563160108348,0.010142284417107,0.0137408361931981,299.566637435986,-4.77719396771918,165.841250777891,101.450485264763,113.890589203271,1916172.19085313,4.48118035695709
190900,190.9,0.190899999999999,3.52748384838774,-0.00765493687065253,-0.0153344655068714,299.811104628637,-4.77721141112058,165.836050722997,101.490907683672,113.876514735994,1916638.68774096,4.48008966797971
191000,191,0.190999999999999,3.54645609704039,0.0199290899520538,0.00828232211581392,300.189991635826,-4.77700598333374,165.84641447275,101.473970156599,113.862440268718,1916201.72319382,4.48111129338023
191100,191.1,0.191099999999999,3.55728059084235,-0.0281927429502173,0.00724109354334562,300.624682945691,-4.77688571901015,165.904266384837,101.468094780079,113.848365801441,1916522.23160319,4.4803618975062
191200,191.2,0.191199999999999,3.57712621639417,0.0215229662634468,0.00352769662378915,300.048055375279,-4.77692197477191,165.862977682286,101.48597062603,113.834291334164,1916145.90695813,4.48124182559241
191300,191.3,0.191299999999999,3.57336040500368,-0.00892597449653003,-0.015465842420502,299.816506593643,-4.77699780628552,165.879737780165,101.505852792535,113.820216866887,1916477.97784859,4.48046535438815
191400,191.4,0.191399999999999,3.59623489145364,0.00162024613439367,0.0114450115757437,299.912175326582,-4.77709511318058,165.88418343908,101.494927142438,113.806142399611,1916086.09008795,4.48138172215651
191500,191.5,0.191499999999999,3.58568609333428,-0.00204890409047776,-0.00661814453243642,299.635217175064,-4.77707523594447,165.895027077756,101.510299445638,113.792067932334,1916264.55455151,4.48096436465586
191600,191.6,0.191599999999999,3.58632726670726,0.00222731221732523,0.00487443288788856,301.249734750681,-4.77728697840417,165.907125424213,101.508827069275,113.777993465057,1916139.47785859,4.48125686121487
191700,191.7,0.191699999999999,3.56987229558039,-0.00799820828657069,-0.0042322316816331,298.617706985075,-4.77717488365399,165.92290609869,101.520151829883,113.76391899778,1916298.45175065,4.48088510135466
191800,191.8,0.191799999999999,3.6036154218957,0.0181306781811648,0.0119563026689038,299.500034306063,-4.77731016181709,165.911433674316,101.515948672377,113.749844530504,1915849.56802924,4.48193497312594
191900,191.9,0.191899999999999,3.56300292922848,-0.0289087376931862,-0.0165047508219639,300.857574070759,-4.77733401408324,165.977062223479,101.526566336339,113.735770063227,1916570.69874345,4.4802485960096
192000,192,0.191999999999999,3.57754214593666,0.0148157164550449,0.021084223925088,300.175942728758,-4.77715170996448,165.955197523622,101.525542239855,113.72169559595,1916061.75641272,4.4814386349815
192100,192.1,0.192099999999999,3.56559219250199,-0.0020016972623823,-0.0387230466416439,300.598806324007,-4.77719086250765,165.956552993395,101.565468610453,113.707621128674,1916593.6994773,4.48019482926416
192200,192.2,0.192199999999999,3.59009324782393,0.0193385013968726,0.0141813838334034,299.467307843956,-4.77705910656089,165.977915492808,101.53335182474,113.693546661397,1915997.08434432,4.48158990029829
192300,192.3,0.192299999999999,3.57953012095876,-0.0376313131568546,0.00230675818707215,299.494967831973,-4.777118358975,166.05136619735,101.521561346251,113.67947219412,1916385.11973378,4.48068245457432
192400,192.4,0.192399999999999,3.58987888219771,0.0178826508077002,0.00751184213230971,300.022807837911,-4.77719418286232,165.984262480229,101.555018029234,113.665397726843,1916004.72878618,4.48157201972997
192500,192.5,0.192499999999999,3.58407182768759,0.00565396480622659,-0.0301770915083087,300.276789962033,-4.77722865825627,165.980991699937,101.58809655313,113.651323259567,1916353.72307372,4.48075586401966
192600,192.6,0.192599999999999,3.61098523431783,0.00135316074745715,0.026804074476424,300.195438752498,-4.7772449265147,166.028855083855,101.546156008999,113.63724879229,1915877.65295196,4.48186927227226
192700,192.7,0.192699999999999,3.59512113196436,-0.0194772390275475,-0.00630587776796705,298.169205250927,-4.77708724373976,166.04476737561,101.571983264055,113.623174325013,1916311.22991771,4.48085522233631
192800,192.8,0.192799999999999,3.61755524847972,0.0380113655150462,-0.00474208093687239,298.612445812023,-4.77727760614672,165.988249827009,101.589737113744,113.609099857736,1915756.47081393,4.48215277516475
192900,192.9,0.192899999999999,3.592212596133,-0.0308695145551567,-0.00366293378586838,299.51501437006,-4.77745806518622,166.05710000045,101.583595849437,113.59502539046,1916197.83010183,4.4811203975438
193000,193,0.192999999999999,3.61824836554601,0.0244327571249808,0.00977880711353545,300.408178516601,-4.77726251887258,166.044403388534,101.579902013319,113.580950923183,1915744.25560336,4.48218135436565
193100,193.1,0.193099999999999,3.58639759801355,-0.0172076014441758,-0.0168203953842756,301.263038602276,-4.77722190951744,166.088094939604,101.600884988732,113.566876455906,1916406.67848578,4.48063204882125
193200,193.2,0.193199999999999,3.61023068523801,0.0231861501362703,0.0192978385008457,300.844060428933,-4.77723068626243,166.093545129575,101.576033438287,113.55280198863,1915763.34543596,4.48213669118115
193300,193.3,0.193299999999999,3.60522805940036,-0.0205882588045639,-0.0088918478097807,299.408823174331,-4.77718760280947,166.131176508069,101.589900947419,113.538727521353,1916221.46246137,4.48106513282077
193400,193.4,0.193399999999999,3.62507999651357,0.024981767592216,-0.000162652164724106,299.950770889951,-4.77725756730031,166.104842838831,101.595420962206,113.524653054076,1915784.30994302,4.48208764297368
193500,193.5,0.193499999999999,3.59758960875587,-0.0189639633779711,-0.00238465395709058,299.879477066797,-4.77727274790164,166.162385094458,101.594589701286,113.510578586799,1916194.70403402,4.48112770801501
193600,193.6,0.193599999999999,3.62594133734043,-0.00442901958187666,0.0125111835921029,299.307830789213,-4.77725331590405,166.167704775764,101.586196772502,113.496504119523,1915860.16337641,4.48191018652724
193700,193.7,0.193699999999999,3.61421450171908,0.01134555398413,0.00246203325897427,298.330110956134,-4.77730166797666,166.138146255432,101.616698953126,113.482429652246,1915856.90435339,4.48191781060836
193800,193.8,0.193799999999999,3.6150661046376,0.0126783818845356,-0.0213054121083141,298.911947343952,-4.77728285072458,166.151750462593,101.631113119024,113.468355184969,1916047.90351715,4.48147103547696
193900,193.9,0.193899999999999,3.62843876663217,-0.0216812086873413,0.0229031728749086,301.125737615521,-4.77732056168146,166.19804942128,101.61053381184,113.454280717693,1915956.04791714,4.48168588811481
194000,194,0.193999999999999,3.63612952017732,0.00734025928624968,-0.002103166674165,301.066522260329,-4.77722815796494,166.160041640233,101.642688822064,113.440206250416,1915886.35785501,4.48184890872754
194100,194.1,0.194099999999999,3.63378308455585,0.014887238057925,-0.0105588439039205,300.370713504591,-4.77719460629244,166.162783833252,101.651570587,113.426131783139,1915847.66581979,4.48193942315567
194200,194.2,0.194199999999999,3.65202355855848,-0.0131786608874373,0.00996859335740665,300.707418730339,-4.77729594610642,166.202084276912,101.633749874107,113.412057315862,1915727.10548313,4.48222148009592
194300,194.3,0.194299999999999,3.66063739569294,-0.00153127523078501,0.00936765948818501,300.678137873175,-4.77728280609289,166.182655675245,101.650478564171,113.397982848586,1915580.69583261,4.48256406053739
194400,194.4,0.194399999999999,3.66160833497838,0.00592734963325838,-0.0147842903079194,300.128134932345,-4.77720058787509,166.158827264991,101.688860655194,113.383908381309,1915791.4157272,4.48207101864432
194500,194.5,0.194499999999999,3.68471474592554,0.0159041930550327,0.0015974522203721,299.866486328202,-4.77715128677005,166.188240807515,101.666740797036,113.369833914032,1915475.94464985,4.48280919746456
194600,194.6,0.194599999999999,3.68578613586275,-0.0381223541423493,0.0187918641805756,300.562129669914,-4.77728014916556,166.259669529639,101.644949991103,113.355759446755,1915650.6458652,4.48240037959546
194700,194.7,0.194699999999999,3.6713310279685,0.0321991324592696,-0.0068300392833892,300.06592782909,-4.77739183358241,166.190099928849,101.68908033346,113.341684979479,1915442.56166113,4.48288732539795
194800,194.8,0.194799999999999,3.67401771057576,-0.0131702414201718,-0.0103229177898125,300.202111684032,-4.77739164547254,166.217629513397,101.697424831566,113.327610512202,1915679.1487295,4.4823336871904
194900,194.9,0.194899999999999,3.69254611378625,0.00495700250050699,0.0184661309924062,299.990002959622,-4.77727792583874,166.228593347724,101.682536338918,113.313536044925,1915287.14025548,4.48325110200086
195000,195,0.194999999999999,3.68149203449697,-0.00941159187284081,-0.0198587318024623,300.644445273503,-4.77727487205709,166.249128340788,101.704719091781,113.299461577649,1915703.65382957,4.48227635053745
195100,195.1,0.195099999999999,3.69661835824027,0.00670961872221408,0.0149216594407874,300.076895197987,-4.77716706157979,166.269121590863,101.688510746256,113.285387110372,1915390.73546315,4.48300862232278
195200,195.2,0.195199999999999,3.68058920447215,-0.0217998791542697,-0.00127639360654096,301.376197928622,-4.77740434214499,166.281131596979,101.709236511975,113.271312643095,1915681.47246486,4.48232825008751
195300,195.3,0.195299999999999,3.71009332256055,0.0305602651077408,-0.0106304936318232,299.081460309599,-4.77724826780488,166.213868002427,101.740860595813,113.257238175818,1915263.93142542,4.48330542924593
195400,195.4,0.195399999999999,3.69553002102767,-0.0109786361447701,-1.25960589980789e-05,299.729163357897,-4.77731371780748,166.273548024006,101.729786120112,113.243163708542,1915504.99744191,4.4827412059304
195500,195.5,0.195499999999999,3.71252086829833,-0.0056518426455512,0.0206904953682492,299.787799646601,-4.77721816944231,166.30632574512,101.710505352602,113.229089241265,1915281.41666492,4.4832644996632
195600,195.6,0.195599999999999,3.72291879663777,0.00286253603000673,-0.0199003616431965,301.488952980861,-4.77715707891873,166.279683529643,101.749480342148,113.215014773988,1915470.27444575,4.48282246754421
195700,195.7,0.195699999999999,3.74251293056477,-0.00400688853085204,0.00636490133690062,302.086792179207,-4.77716478590283,166.29316266247,101.742518363772,113.200940306711,1915256.34878355,4.48332317898448
195800,195.8,0.195799999999999,3.72753746254985,-0.00214695972483626,-0.00393036303521697,300.77752396344,-4.77715234272276,166.323899580129,101.743506232179,113.186865839435,1915390.78275429,4.48300851163696
195900,195.9,0.195899999999999,3.7308661609351,0.000135502274363099,0.0122530561848915,299.507171183157,-4.77705562569808,166.320067435751,101.754375753213,113.172791372158,1915313.07969623,4.48319038449855
196000,196,0.195999999999999,3.73391030754224,0.00735902333145031,-0.0120621967787327,299.270599338403,-4.77706434940659,166.325929149124,101.768185632887,113.158716904881,1915402.29928731,4.48298155713473
196100,196.1,0.196099999999999,3.75046455610492,-0.00419911934363609,0.0203051794211839,300.292130100414,-4.77722634438455,166.366580368791,101.739049133146,113.144642437605,1915083.69412324,4.48372737366428
196200,196.2,0.196199999999999,3.72956195387395,-0.00868608261925573,-0.00566935219855087,300.338082283166,-4.77732121389414,166.377004224259,101.759974314795,113.130567970328,1915359.30702768,4.48308218238363
196300,196.3,0.196299999999999,3.75154851751701,0.0104017857699162,-0.00219910988877471,299.089075165497,-4.7772733111771,166.360880069988,101.771864196203,113.116493503051,1915159.16385618,4.48355068563027
196400,196.4,0.196399999999999,3.75127676501131,-0.00119633950940662,-0.00569797125378539,298.893218890151,-4.77727813443937,166.389596838932,101.76986941771,113.102419035774,1915213.87970193,4.48342259483564
196500,196.5,0.196499999999999,3.77121947426897,-0.00489320778495771,0.0173375445307102,300.122782862615,-4.77719251186632,166.384345205055,101.774816496196,113.088344568498,1915008.19434025,4.48390414598551
196600,196.6,0.196599999999999,3.78197696842043,0.00928456881806365,-0.0108498425917601,300.461059594089,-4.77703945634037,166.386015330716,101.793673629001,113.074270101221,1915143.85868657,4.48358651662198
196700,196.7,0.196699999999999,3.78451021943134,-0.0181318069003702,0.0146963642662906,301.753863468016,-4.77722276606484,166.401650061772,101.790255406056,113.060195633944,1915021.10760313,4.48387391037467
196800,196.8,0.196799999999999,3.79718281981392,0.0197825647748531,-0.0149684448074175,300.187889748242,-4.77718850213202,166.358667684735,101.823168455713,113.046121166667,1914907.08486956,4.48414090168944
196900,196.9,0.196899999999999,3.77195042084498,-0.019638828801501,0.00272571502345794,300.494703426893,-4.77724945623416,166.431864757956,101.804391602646,113.032046699391,1915157.88813486,4.48355367220449
197000,197,0.196999999999999,3.7777516703741,-0.00110452390836901,0.0154571353719631,300.18180201574,-4.77720364765206,166.442664186265,101.799526631472,113.017972232114,1914952.15770162,4.48403535705272
197100,197.1,0.197099999999999,3.77842495761108,0.00300794458683742,-0.0161871737535399,299.777065771345,-4.77720941674326,166.424036896051,101.836867103206,113.003897764837,1915201.64540043,4.4834512349237
197200,197.2,0.197199999999999,3.80994183462978,-0.00149584238221611,0.00327919572890307,300.654093030467,-4.77735106211878,166.428798190634,101.827191651331,112.989823297561,1914835.9513079,4.4843074814495
197300,197.3,0.197299999999999,3.80154970057835,-0.00565534894419733,-0.00211340312687815,299.057835362581,-4.7772784240321,166.458945784692,101.823156753195,112.975748830284,1914868.37006781,4.4842315620339
197400,197.4,0.197399999999999,3.81026357879095,0.00291297633758306,0.0142958705523211,298.975424110474,-4.7772791190437,166.449576605363,101.832390618877,112.961674363007,1914695.67031535,4.48463602614418
197500,197.5,0.197499999999999,3.8124193522355,0.00801604504594742,-0.0232856262783129,300.170147793542,-4.77722675631361,166.43850138163,101.865834986688,112.94759989573,1914958.43947423,4.48402064775675
197600,197.6,0.197599999999999,3.81739448258369,0.00295785133015404,0.0138553189315604,300.663703234212,-4.77705608756684,166.474765727863,101.848737389254,112.933525428454,1914815.55808401,4.48435524035038
197700,197.7,0.197699999999999,3.82085367081898,-0.0186792593411387,0.00295068313959128,300.78371485214,-4.77710616969849,166.515747802289,101.844491551449,112.919450961177,1914968.41081167,4.48399729923427
197800,197.8,0.197799999999999,3.82145380235134,0.0158011096884249,0.00241839335112724,300.693585767299,-4.77717639986181,166.472585850029,101.871863802665,112.9053764939,1914747.89497864,4.48451370789691
197900,197.9,0.197899999999999,3.8123474666902,0.00410235532877488,-0.0159588792438615,299.734795315506,-4.77714229063753,166.482171563451,101.888176660897,112.891302026623,1914926.0380789,4.4840965193689
198000,198,0.197999999999999,3.83362393449342,-0.00753599227836759,0.0256066616678368,300.166484130459,-4.77728380165697,166.510591455727,101.86832766979,112.877227559347,1914641.08524362,4.48476387996546
198100,198.1,0.198099999999999,3.81906538204877,0.00305377729008855,-0.0211775234754598,300.343677027042,-4.77742271216334,166.490333249321,101.90296021175,112.86315309207,1914820.2067554,4.48434435353508
198200,198.2,0.198199999999999,3.82906401027993,-0.000199145690071398,0.00313928626178837,300.755992244277,-4.77745879827423,166.515620977772,101.890157375645,112.849078624793,1914631.64168811,4.48478600020819
198300,198.3,0.198299999999999,3.82802237513303,-0.0121794936317801,0.00103935233033527,299.948413269812,-4.77734851803933,166.555336482265,101.886845755322,112.835004157517,1914787.21410442,4.48442162081942
198400,198.4,0.198399999999999,3.82671075946903,-0.00219013657958417,-0.00652142063265466,300.171265495747,-4.77742380836284,166.549082122597,101.902841468056,112.82092969024,1914777.04256897,4.48444544262869
198500,198.5,0.198499999999999,3.83542374715999,0.00187255768462202,0.0147320644535501,298.976584410151,-4.77748670373356,166.522556103164,101.919150117739,112.806855222963,1914539.60371262,4.48500159805906
198600,198.6,0.198599999999999,3.82224370420961,0.0102657494844049,-0.0223033582586218,299.695619526753,-4.77755404972217,166.513443539793,101.951039347033,112.792780755686,1914794.90646063,4.48440360543387
198700,198.7,0.198699999999999,3.84652482305924,0.0047718911559834,0.0263449273620762,299.826242176514,-4.77736240642889,166.557058848909,101.918226180202,112.77870628841,1914441.09449893,4.48523237767516
198800,198.8,0.198799999999999,3.8313278757042,-0.0229064661996837,-0.0158819130997532,301.157431779953,-4.77737127766615,166.585541275498,101.941752026934,112.764631821133,1914971.45164018,4.48399017898879
198900,198.9,0.198899999999999,3.85318103267668,0.0321104394039933,-0.00188193107613388,301.478510464362,-4.77741563124435,166.516793120852,101.965640355097,112.750557353856,1914390.74821651,4.48535033414575
199000,199,0.198999999999999,3.81770624066746,-0.0214148488387248,-0.0127823612400588,300.834065550016,-4.77742997213851,166.573728333829,101.975284439011,112.736482886579,1914987.36796859,4.48395291051305
199100,199.1,0.199099999999999,3.82772431745014,0.00200419411177139,0.0275952337097317,299.92541412039,-4.7774229878417,166.602094609037,101.949139843824,112.722408419303,1914583.37088778,4.48489907139268
199200,199.2,0.199199999999999,3.82236633509392,-0.010938045575027,-0.0168866380281468,299.712930748914,-4.77745087408347,166.603031888836,101.982047892431,112.708333952026,1914973.01926552,4.48398650832787
199300,199.3,0.199299999999999,3.83525248445478,0.0199064477488751,0.0122107215053182,300.712724279341,-4.77759078131506,166.603053108572,101.967306465108,112.694259484749,1914457.35728485,4.48519427686624
199400,199.4,0.199399999999999,3.81925795069236,-0.0353698629425044,-0.00805256177548604,299.823422375342,-4.77758002404098,166.659636040383,101.974868878564,112.680185017473,1915010.3963191,4.48389899015861
199500,199.5,0.199499999999999,3.84960539326493,0.0347706774269204,0.00758721924061371,299.329039369724,-4.777696911809,166.588339279307,101.992772879403,112.666110550196,1914288.10064435,4.48559084670077
199600,199.6,0.199599999999999,3.82096333684981,-0.0190954425106482,-0.0266419118072306,299.22826628499,-4.77768280485632,166.627478337969,102.020856616822,112.652036082919,1915025.81760164,4.48386288230433
199700,199.7,0.199699999999999,3.85145733646568,0.0123006161332411,0.0325273518228658,299.923953852276,-4.7776489419772,166.631506397208,101.994876627478,112.637961615642,1914345.22784652,4.48545698931108
199800,199.8,0.199799999999999,3.82787261658644,-0.0219284230656248,-0.0330606728703747,300.565828352397,-4.77763280533595,166.65969578195,102.030009806781,112.623887148366,1915089.28248762,4.4837142898344
199900,199.9,0.199899999999999,3.86026133898721,0.0197112800915945,0.0190663267613069,300.008026799377,-4.77760650559764,166.628222006208,102.024426659264,112.609812681089,1914383.57365688,4.48536714395017
200000,200,0.199999999999999,3.84569601756849,-0.0149429980488104,-0.0263730089534368,300.293953095271,-4.7778126718472,166.677239416874,102.032111381932,112.595738213812,1914851.61420866,4.48427080118533
200100,200.1,0.200099999999999,3.87587133955676,-0.00388280407422487,0.0503228025525059,299.542323956847,-4.77772902452199,166.686435040199,102.000486434638,112.581663746535,1914124.41879477,4.48597442145641
200200,200.2,0.200199999999999,3.85416277975344,0.00674085844698059,-0.0529168546231987,299.992596635976,-4.77778751937794,166.640671994993,102.081542604779,112.567589279259,1914880.15348065,4.48420396785173
200300,200.3,0.200299999999999,3.8826851808958,0.0168857331936334,0.0241808586151991,300.110507824031,-4.77790458263356,166.659459556794,102.043097806972,112.553514811982,1914135.4441934,4.4859485822942
200400,200.4,0.200399999999999,3.87162945956705,-0.0402921393965722,0.0113635600088918,300.225492228091,-4.77803878699243,166.743881782351,102.026866826035,112.539440344705,1914561.00300253,4.4849514686303
200500,200.5,0.200499999999999,3.89555509651341,0.0316930210187571,-0.00684183683455036,300.646864627701,-4.77803751321063,166.66627033586,102.061178176726,112.525365877429,1914074.01771976,4.48609254538017
200600,200.6,0.200599999999999,3.87337394177694,-0.00762405194353943,-0.0135506989829602,299.745988039105,-4.77785608069268,166.708346645245,102.071329031521,112.511291410152,1914508.16780106,4.4850752410531
200700,200.7,0.200699999999999,3.88711712063436,-0.00665481027935978,0.0210010708280904,300.781850780098,-4.77791863169967,166.738198795893,102.053089417924,112.497216942875,1914269.32808606,4.48563483529442
200800,200.8,0.200799999999999,3.85918693984801,-0.00928651245669708,-0.0124268799319509,299.731124936137,-4.77792472995898,166.718304960193,102.095122636175,112.483142475598,1914589.71739983,4.48488420477884
200900,200.9,0.200899999999999,3.86730580527056,0.0181501557752479,-0.00397756086882249,299.645307224377,-4.77807274540846,166.698030885222,102.103907607902,112.469068008322,1914282.0600978,4.48560500105183
201000,201,0.200999999999999,3.85704395990565,-0.0269059022274666,0.0114719386514072,299.893971946866,-4.77809836669531,166.750373845267,102.099620893788,112.454993541045,1914563.12805607,4.48494649059542
201100,201.1,0.201099999999999,3.87943079822419,0.0240006309825666,0.00189706140489042,299.868985940189,-4.77811392301944,166.699902223354,102.12176405036,112.440919073768,1914159.13397326,4.48589306385142
201200,201.2,0.201199999999999,3.84612784692759,-0.0185499023384497,-0.0185121559875126,299.654107618404,-4.77823898021071,166.723053348252,102.151744090113,112.426844606491,1914747.28823537,4.48451512894527
201300,201.3,0.201299999999999,3.85938282268374,0.0150849254681482,0.0179594257029075,300.429046830756,-4.77840445873714,166.712163230423,102.139386508472,112.412770139215,1914150.94409973,4.48591225716371
201400,201.4,0.201399999999999,3.85321942508742,-0.0110353812559669,-0.0155976225569359,300.659129884974,-4.77838020540227,166.750450183095,102.149969451843,112.398695671938,1914549.18395107,4.48497915549916
201500,201.5,0.201499999999999,3.85709359004616,0.00505145903041002,0.00939537856880137,301.620328745225,-4.77845294105911,166.751873999579,102.145389924609,112.384621204661,1914239.96937061,4.48570363151583
201600,201.6,0.201599999999999,3.83814929230755,6.80964132581718e-05,-0.0136737185093153,300.023346072562,-4.77823894019681,166.755388232202,102.17596129528,112.370546737385,1914613.43510543,4.48482864726457
201700,201.7,0.201699999999999,3.85723768477721,0.0101139103471169,0.0108437864060626,300.772040488968,-4.77841746012397,166.741454526226,102.175085873314,112.356472270108,1914197.26747292,4.48580369855738
201800,201.8,0.201799999999999,3.85757168669443,-0.000191294267614733,-0.0240455230374274,299.574778933888,-4.77847036802852,166.759377241552,102.194232393819,112.342397802831,1914521.90460271,4.48504306038763
201900,201.9,0.201899999999999,3.89823010465758,0.00634437324177406,0.0157322038747259,299.662511119451,-4.77841290089142,166.769767006427,102.172024723577,112.328323335554,1913985.30140654,4.48630048302269
202000,202,0.201999999999999,3.86871650097925,-0.0126308006273003,-0.00867641351859367,301.294018042506,-4.7785019731754,166.799905093167,102.192379575829,112.314248868278,1914472.65742541,4.48515843195478
202100,202.1,0.202099999999999,3.89166712005069,0.0121698825811482,0.0108789527726388,300.72906314488,-4.7783312393825,166.77458263671,102.197659644574,112.300174401001,1914041.03186719,4.48616985698678
202200,202.2,0.202199999999999,3.86884790963894,-0.0146147698505365,-0.0285859047729463,302.054560891481,-4.77858738971931,166.803174377057,102.220135165943,112.286099933724,1914550.2073054,4.48497675821399
202300,202.3,0.202299999999999,3.89023213440892,0.0103553715029138,0.0302200053471728,299.821165336769,-4.77846152003236,166.812065765183,102.196183345536,112.272025466447,1913963.6927019,4.48635113348299
202400,202.4,0.202399999999999,3.85769010900954,-0.0180255022857711,-0.032649995651847,299.657244703316,-4.77846832266351,166.837065718481,102.233637378919,112.257950999171,1914712.03386327,4.48459769946358
202500,202.5,0.202499999999999,3.90741471396113,0.0226126702790911,0.0148736640966081,299.458369392138,-4.7784305423956,166.814849466004,102.216044705289,112.243876531894,1913887.63670785,4.48652941662176
202600,202.6,0.202599999999999,3.87508070107146,-0.0327111035056791,-0.0165144502220373,298.295011634411,-4.77833009901153,166.869747904626,102.233402094376,112.229802064617,1914602.49346842,4.48485427731952
202700,202.7,0.202699999999999,3.90587597516169,0.0320730188836908,0.0254730747887362,300.19824731373,-4.77865702894327,166.823296697281,102.228286633785,112.215727597341,1913733.72804364,4.48689023784749
202800,202.8,0.202799999999999,3.86505980597016,-0.0318165779687779,-0.0343013576469756,298.693921431384,-4.77853644778017,166.881880361903,102.259824296508,112.201653130064,1914756.1911096,4.48449427768789
202900,202.9,0.202899999999999,3.93222357679302,0.0348418824619877,0.0432478599371461,300.012982880045,-4.77856232594154,166.865253725331,102.221891264516,112.187578662787,1913615.14619428,4.48716827899035
203000,203,0.202999999999999,3.88169581244055,-0.0470247465540093,-0.0358349916192299,300.60677698541,-4.77834493675472,166.91164584041,102.272104102428,112.17350419551,1914847.17148599,4.48428120534282
203100,203.1,0.203099999999999,3.93950105746098,0.053774723840862,0.0298624296731709,301.211975798574,-4.77841918900066,166.819347645386,102.271395179424,112.159429728234,1913534.91804954,4.48735641100863
203200,203.2,0.203199999999999,3.89267400205808,-0.054148903225968,-0.020640001361793,299.675911287046,-4.77835871450836,166.909252844678,102.296620656537,112.145355260957,1914798.11493065,4.48439609128687
203300,203.3,0.203299999999999,3.94143687152006,0.0323056555853518,0.024622016386827,300.493547223297,-4.77853703069555,166.84600585327,102.286058193326,112.13128079368,1913634.71025676,4.4871224043832
203400,203.4,0.203399999999999,3.91180106659185,-0.0113853063973614,-0.0301648160240412,300.179139788957,-4.77859131991717,166.866290239067,102.326852689425,112.117206326403,1914390.34418616,4.48535128077488
203500,203.5,0.203499999999999,3.92828265539098,0.0154020545495656,0.00870327696638476,300.912789458093,-4.77870014422709,166.867517217223,102.309921910655,112.103131859127,1913847.38546222,4.48662377545046
203600,203.6,0.203599999999999,3.92849485756825,-0.018900180443881,-0.00686956558589339,300.290621651394,-4.77868031789079,166.90991710253,102.315173910786,112.08905739185,1914191.59616237,4.48581698896463
203700,203.7,0.203699999999999,3.92466789589752,0.00973863296278524,0.00319103691764608,298.833527128936,-4.77868770960729,166.883765507188,102.327066699697,112.074982924573,1913873.79773779,4.48656185812672
203800,203.8,0.203799999999999,3.92247445672834,0.0105356609096929,-0.0146582342873246,298.317475570661,-4.77864072851798,166.891604790788,102.345640476778,112.060908457297,1914070.71115344,4.48610029512652
203900,203.9,0.203899999999999,3.93593072792153,-0.0144287789115495,0.0190154074830691,299.793926266417,-4.77869894705662,166.935094528306,102.32465954809,112.04683399002,1913936.59038792,4.48641466249312
204000,204,0.203999999999999,3.92599206890295,-0.00943924597851223,-0.00919079036440615,300.225287106387,-4.77867165785319,166.916607924701,102.364550403481,112.032759522743,1914230.21526895,4.4857264887505
204100,204.1,0.204099999999999,3.94179787812838,0.0201880349217189,0.00469105706684394,299.620184027196,-4.77858430115632,166.875187324378,102.382445808924,112.018685055466,1913849.29603732,4.48661929650235
204200,204.2,0.204199999999999,3.92538622444733,-0.0212090654072452,-0.00618807615318512,298.855506806347,-4.77862221714449,166.929267556895,102.382920634425,112.00461058819,1914237.86481314,4.48570856320236
204300,204.3,0.204299999999999,3.93757598354999,0.0126290226758224,0.0106423856422292,299.280094763277,-4.77877989612085,166.924557223729,102.374426098019,111.990536120913,1913784.51732253,4.48677116178767
204400,204.4,0.204399999999999,3.92723209541357,-0.0168946928164349,-0.0187971698069282,299.760564457981,-4.7787543050159,166.965074920526,102.387986347172,111.976461653636,1914262.00172073,4.4856520029546
204500,204.5,0.204499999999999,3.95964923304773,0.00983736026584786,0.0167787362127913,299.999540056517,-4.77867948149688,166.966004316535,102.372321861381,111.962387186359,1913739.21933877,4.48687736313693
204600,204.6,0.204599999999999,3.93605199415948,-0.00972704443125752,-0.0243827296947041,299.98122747099,-4.77864773425782,166.966480636312,102.412620643874,111.948312719083,1914257.35690505,4.48566288708505
204700,204.7,0.204699999999999,3.96254487981353,0.0254209610305628,0.00443841284814198,300.495983917157,-4.77885154658552,166.935663618815,102.415737990566,111.934238251806,1913721.67085068,4.48691850700606
204800,204.8,0.204799999999999,3.93057655271603,-0.0307424958048052,-0.0136181216104533,300.098654101888,-4.7789056791765,167.000179382115,102.419255836988,111.920163784529,1914286.2975079,4.48559507184323
204900,204.9,0.204899999999999,3.97354361441422,0.0306517544340898,0.0183947787413546,300.826104190727,-4.77895792255629,166.942109435276,102.423027311287,111.906089317253,1913450.46610278,4.4875544647296
205000,205,0.204999999999999,3.93409445166609,-0.0271761476624079,-0.0418798959238676,300.289436602404,-4.77890988352706,166.975440315924,102.464478376732,111.892014849976,1914366.23261247,4.48540777408118
205100,205.1,0.205099999999999,3.96988589377301,0.0342192139544955,0.0432452326965304,300.452768991847,-4.77895671749419,166.976410156339,102.422280364502,111.877940382699,1913348.24951841,4.48779420283774
205200,205.2,0.205199999999999,3.92769525877017,-0.0449930070917197,-0.0309903934587779,299.623996858623,-4.77904443412772,167.031698923537,102.460361792475,111.863865915422,1914452.55369213,4.48520553076048
205300,205.3,0.205299999999999,3.97422844292255,0.0588674064460445,0.0227225578607354,298.814296339948,-4.77901366820946,166.942639934128,102.462745082482,111.849791448146,1913235.55226735,4.48805855192397
205400,205.4,0.205399999999999,3.92750118607664,-0.041242554662502,-0.0285864396087207,300.277766544363,-4.77906253464887,167.039549655507,102.478884207171,111.835716980869,1914406.78561999,4.48531275938703
205500,205.5,0.205499999999999,3.9876710612267,0.0119212867330097,0.0448754129346504,299.729083489271,-4.77883541736451,167.016443940281,102.448284042398,111.821642513592,1913329.59156891,4.48783796583497
205600,205.6,0.205599999999999,3.93380234468887,-0.0135794929272568,-0.0363198797914439,300.256077781584,-4.77885495829643,167.017573994346,102.513901597241,111.807568046316,1914327.0449001,4.48549959374709
205700,205.7,0.205699999999999,3.97409624011058,0.0254576615619415,0.0153705776199486,299.809812766379,-4.77888146373405,167.003426697119,102.494771639271,111.793493579039,1913566.77933582,4.48728169558778
205800,205.8,0.205799999999999,3.9341180878587,-0.0289747281033302,-0.0101449438368644,301.122131834656,-4.77910701979721,167.068674168881,102.502574647781,111.779419111762,1914219.1145466,4.48575250186671
205900,205.9,0.205899999999999,3.98481665292727,0.0401404397404769,0.00772418382255281,301.250274374669,-4.77911392711797,167.000037612652,102.510735781693,111.765344644485,1913344.09923863,4.48780393741793
206000,206,0.205999999999999,3.9438788564086,-0.0375129744619097,-0.0148730543960091,300.993935092116,-4.77914481970376,167.082741672786,102.515915105866,111.751270177209,1914147.29439816,4.48592081044541
206100,206.1,0.206099999999999,3.99181355617758,0.0161672322310384,0.0316562340914042,300.019693092183,-4.77910321153073,167.061642772973,102.495661845866,111.737195709932,1913286.46577907,4.48793912243667
206200,206.2,0.206199999999999,3.94676037492205,-0.0085300145696496,-0.047672094462227,299.449795972901,-4.77904062100043,167.0654275114,102.552793331987,111.723121242655,1914155.17015506,4.48590235320519
206300,206.3,0.206299999999999,3.99560710878813,0.0211151002492169,0.0339089800985161,300.73923739936,-4.77920087788618,167.078054682117,102.506234151634,111.709046775378,1913189.70314439,4.48816610714866
206400,206.4,0.206399999999999,3.94879917006165,-0.0453082607574601,-0.0227454277443832,299.598464633358,-4.77918341429489,167.139193824881,102.534316625552,111.694972308102,1914172.925269,4.48586074374225
206500,206.5,0.206499999999999,4.00516831673229,0.0525282796397231,0.0137548500273342,299.723895665911,-4.77922810474606,167.048864084686,102.541077845851,111.680897840825,1913023.48539473,4.48855607249729
206600,206.6,0.206599999999999,3.95795618623223,-0.030190285852177,-0.0169041153848768,298.645387896006,-4.77898989156919,167.124013208982,102.564102263231,111.666823373548,1914072.57535799,4.48609592590421
206700,206.7,0.206699999999999,4.0066881370179,0.0236463366938217,0.0287221051115551,300.243161795313,-4.77890208391085,167.096493484425,102.550794661101,111.652748906272,1913267.90504992,4.48798266020902
206800,206.8,0.206799999999999,3.97670363882699,-0.0221529524104732,-0.0269133322944972,300.6852708023,-4.77892075924077,167.113120616063,102.595275741568,111.638674438995,1914046.93646572,4.48615601770655
206900,206.9,0.206899999999999,4.01606287123425,0.0378599170183471,0.0238501927356244,300.516314896115,-4.77899000263487,167.068547512257,102.582111971799,111.624599971718,1913049.6807108,4.48849461087077
207000,207,0.206999999999999,3.97466925892963,-0.0451794686309709,-0.0268882339762432,299.596364089197,-4.77893869955287,167.156586843716,102.600660227988,111.610525504441,1914162.49711361,4.48588518223843
207100,207.1,0.207099999999999,4.02681342782392,0.0244201368675074,0.0408128625564478,299.899660626639,-4.77901203385733,167.102362444839,102.586152582169,111.596451037165,1913029.71338825,4.48854145970905
207200,207.2,0.207199999999999,3.9843712015965,-0.0211011650012771,-0.042871547928211,299.212593131744,-4.77901681359596,167.114560871385,102.642447638795,111.582376569888,1913977.81259866,4.48631803653985
207300,207.3,0.207299999999999,4.03564836122126,0.0178970493036868,0.0306030044836699,299.285246695323,-4.77906557421743,167.114775340328,102.605428889351,111.568302102611,1913048.64470154,4.48849704160979
207400,207.4,0.207399999999999,4.0057958139143,-0.0213703503296405,-0.0128218147133737,300.642299747591,-4.77919855786153,167.168423823565,102.620502247146,111.554227635334,1913702.46888334,4.48696352845742
207500,207.5,0.207499999999999,4.02821582191736,0.0126739315955337,0.011846024002813,300.575943891005,-4.77917074254177,167.125982497969,102.631792009624,111.540153168058,1913185.68164641,4.48817554123085
207600,207.6,0.207599999999999,4.00931394255044,0.00210947720677624,-0.0154393529228246,299.700542714581,-4.77904785841875,167.140345141216,102.656612082152,111.526078700781,1913571.32550371,4.48727103492638
207700,207.7,0.207699999999999,4.02046487846389,-0.00665473652375332,0.0150007332075727,300.191094116056,-4.7791093770175,167.167599423634,102.641161461113,111.512004233504,1913353.80878954,4.48778116350094
207800,207.8,0.207799999999999,4.02238249627283,0.00182171705923093,-0.00029068320175628,300.382286745482,-4.77917298601823,167.150693286273,102.661460275139,111.497929766228,1913297.14477749,4.4879140731677
207900,207.9,0.207899999999999,4.03308981507312,0.00755837329709355,-0.0167287051943202,299.412246627306,-4.77902734267963,167.144930623758,102.681330859252,111.483855298951,1913359.94131673,4.48776677967309
208000,208,0.207999999999999,4.03348806785089,-0.00896648677805885,0.0152777753149472,300.05827113812,-4.77911359141518,167.176665639169,102.665524298792,111.469780831674,1913187.06311496,4.4881723004221
208100,208.1,0.208099999999999,4.01398092707363,0.00562824280723084,-0.0217585674714422,301.006600450115,-4.77929750923786,167.165923230684,102.700248011519,111.455706364397,1913469.53556877,4.48750974216378
208200,208.2,0.208199999999999,4.03467703803924,0.00814385873253001,0.00528991309956499,300.196211044556,-4.77931240654718,167.155843499369,102.698724327662,111.441631897121,1913084.15864149,4.48841371845136
208300,208.3,0.208299999999999,4.0358162842934,-0.0196810552061744,0.00101393845235464,300.707262215921,-4.77942464116338,167.194170005457,102.696704599003,111.427557429844,1913243.50712266,4.48803989154108
208400,208.4,0.208399999999999,4.05442410711681,0.0220137614848126,0.00909489791921752,299.30222230142,-4.77921989128927,167.179882234799,102.703827787976,111.413482962567,1912971.04383459,4.48867912029982
208500,208.5,0.208499999999999,4.02680446074247,-0.0174180609375692,-0.0122318233811037,300.383582160909,-4.77929679861158,167.213465516273,102.721152933907,111.39940849529,1913436.34008128,4.4875875942827
208600,208.6,0.208599999999999,4.04936553769603,0.013475868126234,0.010193345398504,300.431406224763,-4.77925328313663,167.210025806197,102.712647533366,111.385334028014,1912996.82516266,4.48861862667667
208700,208.7,0.208699999999999,4.03273685259134,-0.0106808209068329,-0.00633762261790951,299.927854107131,-4.77924510068378,167.240544135776,102.723190328791,111.371259560737,1913300.57633276,4.48790602397491
208800,208.8,0.208799999999999,4.04560536337768,0.0189841754299526,0.0093922731560173,299.670832091998,-4.77937809907276,167.21873748166,102.729403468893,111.35718509346,1912925.03364284,4.48878708322749
208900,208.9,0.208899999999999,4.0253405738797,-0.00663382693758513,-0.0190357351683853,299.705488144254,-4.77939217116089,167.236152760412,102.752501823041,111.343110626184,1913312.56318785,4.48787790735654
209000,209,0.208999999999999,4.05428379706175,0.00753930554148301,0.0141716743945445,300.19054551469,-4.77936868034607,167.247906818731,102.736525594128,111.329036158907,1912907.69695265,4.48882776512295
209100,209.1,0.209099999999999,4.03345309308034,-0.0076622852975238,0.00414615731820907,299.95370017216,-4.7792921098946,167.278917535491,102.747090654878,111.31496169163,1913217.23315909,4.48810152520952
209200,209.2,0.209199999999999,4.04440329440183,-0.0044467010315576,0.00425470690176256,299.130726422606,-4.77932459856159,167.284681551007,102.751898453791,111.300887224353,1913130.76180999,4.48830438232811
209300,209.3,0.209299999999999,4.04766144245179,0.0160854116634568,-0.00582973578882669,299.670053486153,-4.77952690519941,167.275138929153,102.768619549038,111.286812757077,1913090.99095366,4.48839768876757
209400,209.4,0.209399999999999,4.05664723299569,-0.00518958327254209,-0.00557542636037936,298.578747406485,-4.77929873507463,167.310393263187,102.762705609865,111.2727382898,1913142.08710783,4.48827781274696
209500,209.5,0.209499999999999,4.05449475028304,-0.00373473218866337,0.0225373979608827,299.996633730805,-4.77927501543909,167.337901587633,102.750658356339,111.258663822523,1912990.31706957,4.48863389719196
209600,209.6,0.209599999999999,4.04390382548096,0.00760233932526007,-0.0290335610517994,300.812802202941,-4.77928200094634,167.310455019502,102.7960619396,111.244589355246,1913279.66167825,4.48795508267023
209700,209.7,0.209699999999999,4.05962686829184,-0.00106579311671706,0.00781029209079572,299.911455966751,-4.77939272960322,167.33698303319,102.777800543506,111.23051488797,1913001.02083663,4.48860878205028
209800,209.8,0.209799999999999,4.04916139328436,-0.0256967955554477,0.0131850568326565,300.467451370916,-4.77956586802514,167.361373214789,102.781741582411,111.216440420693,1913111.11056189,4.48835048565293
209900,209.9,0.209899999999999,4.06086079705715,0.0238551052079974,-0.033023246706079,300.604334669437,-4.77960195568862,167.281368137955,102.840238535539,111.202365953416,1913042.74726851,4.48851087852522
210000,210,0.209999999999999,4.06695447437254,0.00595362901230028,0.00881382430020331,298.499905776945,-4.77937697654581,167.333545690968,102.813739440282,111.18829148614,1912904.22190283,4.48883591968707
210100,210.1,0.210099999999999,4.06481784810647,-0.0261191570353722,0.0248920542121643,299.524823490138,-4.77947129426854,167.40146203171,102.791444802599,111.174217018863,1913023.46259384,4.48855612599538
210200,210.2,0.210199999999999,4.07641392095403,0.0121700965746775,-0.0103792902765215,300.510461898653,-4.77946828809886,167.330299857822,102.845176567643,111.160142551586,1912967.59143734,4.48868722117069
210300,210.3,0.210299999999999,4.08142942851426,0.0131171885378283,-0.0167790041844512,300.418429506626,-4.77930217226186,167.336170057613,102.853527376824,111.146068084309,1912947.79829278,4.488733665321
210400,210.4,0.210399999999999,4.09130080552608,-0.0148898235682262,0.0182202684010953,300.153825759859,-4.7793109028103,167.428201773876,102.809392115165,111.131993617033,1912936.30427732,4.48876063620027
210500,210.5,0.210499999999999,4.10536511670525,-0.00361246035445431,0.00402313358086026,298.946385725762,-4.77933407245971,167.390067265465,102.834999663297,111.117919149756,1912734.69177402,4.48923377566519
210600,210.6,0.210599999999999,4.11056249996014,0.0268711373903004,-0.0307114425370764,300.003775315563,-4.7794544106722,167.346275939881,102.878267159418,111.103844682479,1912796.55283045,4.4890885909912
210700,210.7,0.210699999999999,4.118029846232,-0.0173381281331132,0.0220265604857573,300.571429552536,-4.77948617382238,167.435248155923,102.830913143952,111.089770215202,1912690.28052693,4.48933801233773
210800,210.8,0.210799999999999,4.1212510250156,-0.0168462948917374,0.0100431617439954,299.520039110779,-4.77945389718076,167.440047258109,102.840869609205,111.075695747926,1912687.9440465,4.48934349637418
210900,210.9,0.210899999999999,4.11648759159968,0.0148243837052882,-0.0193260728512308,299.443099804124,-4.77961025702606,167.381928681682,102.89142897784,111.061621280649,1912721.65872471,4.48926436475007
211000,211,0.210999999999999,4.11711032437269,0.00400708357756585,-0.00902224141154677,300.150028342115,-4.77963024285438,167.410679534117,102.884673849675,111.047546813372,1912682.18706148,4.48935700885601
211100,211.1,0.211099999999999,4.12420831286628,-0.0232918810280629,0.0175027927629821,300.138611921821,-4.77950360236766,167.462835570319,102.861079607257,111.033472346096,1912596.86957523,4.48955727095042
211200,211.2,0.211199999999999,4.1485078444752,0.00591762204354623,0.000757627907256693,300.987032091409,-4.77949056901675,167.434742811854,102.886177694759,111.019397878819,1912500.15967567,4.48978429557603
211300,211.3,0.211299999999999,4.13808467394492,0.00857675831466315,-0.0109090076597611,300.259284795012,-4.77946004580903,167.431965719884,102.901324660419,111.005323411542,1912507.50490462,4.48976705198693
211400,211.4,0.211399999999999,4.14683909329468,-0.000777377955484765,0.00610892651807774,299.796476375952,-4.77963538640445,167.472902790238,102.884903753414,110.991248944265,1912427.33233775,4.48995527150413
211500,211.5,0.211499999999999,4.1601377914314,-0.00651932381624835,-0.000873075060106625,299.944332686532,-4.77962545348273,167.478404425798,102.895694132279,110.977174476989,1912448.19316173,4.48990629544982
211600,211.6,0.211599999999999,4.16200862202192,-0.000205103986028951,-0.00910351791065423,299.805809828017,-4.77955606825223,167.462566757888,102.919678426609,110.963100009712,1912470.50215955,4.48985392062383
211700,211.7,0.211699999999999,4.18834981603765,0.0103798171764216,0.00857796752990899,300.067525225958,-4.7794888560079,167.475064732393,102.912139798945,110.949025542435,1912230.56162651,4.49041729303541
211800,211.8,0.211799999999999,4.18143243394174,-0.024495999088214,-0.00119015277789395,301.044098575965,-4.77964259343107,167.513538122625,102.915512746281,110.934951075158,1912489.89846949,4.48980838490711
211900,211.9,0.211899999999999,4.21254827431618,0.0322631981924795,-0.00250959860910029,300.171347002176,-4.77970190482521,167.466541769933,102.929820058353,110.920876607882,1911976.53840242,4.49101388522958
212000,212,0.211999999999999,4.20144859258026,-0.0120561063446527,-0.0105194981636171,299.585982721175,-4.77967814529004,167.527183361178,102.923846808918,110.906802140605,1912315.21136256,4.49021852212338
212100,212.1,0.212099999999999,4.229933106772,-0.0156968710336761,0.0397046804903082,299.133301512154,-4.77952159086113,167.556805154121,102.895217223777,110.892727673328,1911878.65879432,4.49124380498784
212200,212.2,0.212199999999999,4.21800716711,0.013680141694274,-0.0307743404935368,300.341764839566,-4.77948762725255,167.504330564825,102.961349509471,110.878653206052,1912265.57944862,4.49033506353983
212300,212.3,0.212299999999999,4.25271681815384,0.0168224616597923,0.00249094599954721,300.990791160207,-4.77954144028087,167.512698210105,102.94657182159,110.864578738775,1911843.9194996,4.49132541345002
212400,212.4,0.212399999999999,4.22865794246297,-0.0379955646202261,0.010155410043315,299.998204285489,-4.77968512495124,167.579242025041,102.936326814201,110.850504271498,1912170.27024007,4.49055887743743
212500,212.5,0.212499999999999,4.25094876237096,0.0251771697014324,-0.00414800797836036,300.910310102864,-4.77978522575437,167.499550263532,102.971854394815,110.836429804221,1911677.84630943,4.49171558836416
212600,212.6,0.212599999999999,4.23915629093642,-0.00874936628835635,-0.0149139056264487,300.122456052392,-4.77962236641035,167.538703730167,102.982549233997,110.822355336945,1912080.46805853,4.4907697796407
212700,212.7,0.212699999999999,4.26076666533077,0.00125542088697986,0.0250301169135332,299.396077315419,-4.77948240911773,167.576530032834,102.952201410827,110.808280869668,1911705.75667036,4.49165001059267
212800,212.8,0.212799999999999,4.25837458686163,-0.0105186049210904,-0.00916300022914056,300.034784098615,-4.7796182375793,167.565648870775,102.989333096446,110.794206402391,1912028.18365726,4.4908925797182
212900,212.9,0.212899999999999,4.27155452950367,0.0283467740746909,-0.0040990190930113,298.969114305064,-4.77961608398774,167.540497723343,102.998126014748,110.780131935114,1911661.53809027,4.49175390680115
213000,213,0.212999999999999,4.27690834880373,-0.0229030330419761,0.00470816551331242,299.254459096365,-4.77966562469309,167.614935214783,102.974998630922,110.766057467838,1911838.51472924,4.49133811043374
213100,213.1,0.213099999999999,4.29614389472686,0.0099242293150676,0.0126587425791083,299.261913743562,-4.77952818149286,167.587183804227,102.99081286287,110.751983000561,1911572.61307893,4.49196286002866
213200,213.2,0.213199999999999,4.27671019685247,-0.000636048090026977,-0.0179976862137729,300.811735730964,-4.779414358927,167.578712754288,103.032695495618,110.737908533284,1912010.30565566,4.49093457122028
213300,213.3,0.213299999999999,4.29837845897835,-0.000353973057780103,0.00729373486978675,301.61395505364,-4.77936541216897,167.60176404962,103.015667906066,110.723834066008,1911714.27823754,4.49162998882594
213400,213.4,0.213399999999999,4.29703509155047,-0.0143032880992337,0.0111985385666279,300.896952491061,-4.77937373771747,167.616986876533,103.019927104223,110.709759598731,1911723.92515317,4.49160732322293
213500,213.5,0.213499999999999,4.30652884302581,0.0177064516697195,-0.0227360122811821,300.345712103281,-4.77945544916532,167.576921679903,103.055109656496,110.695685131454,1911676.62868171,4.49171844932783
213600,213.6,0.213599999999999,4.3013145401614,0.00450864747968047,0.0133817384822117,299.916145753048,-4.77953698438786,167.620223648345,103.033532304121,110.681610664177,1911527.16960733,4.49206964919174
213700,213.7,0.213699999999999,4.29238829786234,-0.0220314557422183,0.00421403686264825,299.714527225231,-4.7796029273849,167.673074203331,103.030867101853,110.667536196901,1911837.26778298,4.4913410397925
213800,213.8,0.213799999999999,4.31076787171265,0.00880124703453247,0.00670081753984878,299.933962359257,-4.77960244238493,167.630141740587,103.051783081273,110.653461729624,1911492.63069435,4.49215081675693
213900,213.9,0.213899999999999,4.3096612449224,0.00778768745046784,-0.0280687491826964,299.812810618453,-4.77944086309758,167.640704341477,103.073624456277,110.639387262347,1911775.03701939,4.49148723878405
214000,214,0.213999999999999,4.32938002871899,-0.0140300084261726,0.0346811868620168,301.006249590685,-4.77930828652589,167.691203498765,103.037611652125,110.62531279507,1911439.58921387,4.49227547166688
214100,214.1,0.214099999999999,4.31344474038973,-0.0066651592990948,-0.0231211198658685,300.884608959542,-4.7792533393231,167.664058482898,103.09097908792,110.611238327794,1911876.75590668,4.49124827511508
214200,214.2,0.214199999999999,4.33472589408638,0.0365920283819605,0.00594630545303629,301.16312371445,-4.77940810169681,167.63352816311,103.089969032748,110.597163860517,1911266.66384954,4.492681918547
214300,214.3,0.214299999999999,4.30954059528713,-0.0390179566113164,-0.00938992842111828,300.807065001584,-4.77939586715524,167.733955749176,103.081899549058,110.58308939324,1912018.63633963,4.49091500417427
214400,214.4,0.214399999999999,4.35166837768873,0.0298509491316328,0.0141565147119663,299.798634483643,-4.77937387013463,167.669944420721,103.086755161959,110.569014925964,1911135.72316491,4.49298973281634
214500,214.5,0.214499999999999,4.32803950273315,-0.00898877103299418,-0.0199471343903835,299.140586242303,-4.77937431708291,167.694411414151,103.119536947504,110.554940458687,1911779.05266576,4.49147780452207
214600,214.6,0.214599999999999,4.35279709728597,0.0192987103484184,0.0222790066482319,299.248008068193,-4.77935639597384,167.704942870481,103.095030161242,110.54086599141,1911201.40329227,4.49283532724854
214700,214.7,0.214699999999999,4.34185408427727,-0.0284244832725543,-0.00519682813658648,300.845149755565,-4.77945335461888,167.731614629975,103.118458321181,110.526791524133,1911696.31135962,4.49167220294081
214800,214.8,0.214799999999999,4.36872786087923,0.0339174687011069,-0.00121410893411378,301.391385692437,-4.77937000369634,167.670405464385,103.144530840715,110.512717056857,1911238.4588879,4.4927482189715
214900,214.9,0.214899999999999,4.36262018321979,-0.0237522651869953,-0.017614241765489,300.826829960536,-4.77929209155566,167.742239420472,103.137400434761,110.49864258958,1911681.6022441,4.49170676336406
215000,215,0.214999999999999,4.38928900914952,-0.00359444334175547,0.0408225342339504,300.771556332278,-4.77942797226263,167.759301349181,103.10615756573,110.484568122303,1911053.4484116,4.49318316519898
215100,215.1,0.215099999999999,4.35717862666513,0.00750909953910472,-0.0341453107590228,299.890515417305,-4.77940187128211,167.720435649403,103.175862766704,110.470493655026,1911658.82354958,4.49176028505684
215200,215.2,0.215199999999999,4.38941806857267,0.0197219443652641,0.0124613275046713,299.881768010401,-4.77937045421935,167.722723269033,103.155453009773,110.45641918775,1911063.22761148,4.49316017290043
215300,215.3,0.215299999999999,4.37829191012146,-0.0235254611886847,-0.00261542930430828,299.441502330155,-4.77926276530805,167.788170161042,103.154787076206,110.442344720473,1911552.99644156,4.49200895721071
215400,215.4,0.215399999999999,4.40509651170652,0.0171982140963387,0.0130465016731276,299.983788159207,-4.77923341393534,167.748263565362,103.167480568776,110.428270253196,1911089.94537633,4.493097356811
215500,215.5,0.215499999999999,4.39112349449429,-0.0153926211991869,-0.0156935429596388,299.581402208804,-4.77902860299246,167.768457322557,103.194121946891,110.41419578592,1911569.90592149,4.49196922152798
215600,215.6,0.215599999999999,4.42037351046064,0.0154590690319263,0.016821035620972,300.258276343354,-4.77910048009188,167.749333908256,103.187243200099,110.400121318643,1910980.98111302,4.4933535535227
215700,215.7,0.215699999999999,4.40851480023967,-0.0130242388414333,-0.0153860798437792,299.620861195078,-4.77915516279547,167.770478840777,103.21138412412,110.386046851366,1911425.28607332,4.49230908723529
215800,215.8,0.215799999999999,4.4504962660595,0.0171320745916709,0.00847442881995163,300.748774231826,-4.77934433769556,167.740749624585,103.208385715132,110.371972384089,1910787.39825965,4.49380877748057
215900,215.9,0.215899999999999,4.41337664213001,-0.0149790981705576,-0.0137544796939561,300.3739726134,-4.77925615015592,167.77943850274,103.229074254111,110.357897916813,1911367.46302389,4.4924449894181
216000,216,0.215999999999999,4.45257444362,0.0106128030535149,0.00907427433437041,300.368587648824,-4.7791708836092,167.77324897244,103.220928689767,110.343823449536,1910902.39749145,4.4935383374215
216100,216.1,0.216099999999999,4.44932315918634,-0.0168007995001165,-0.00937767756804171,300.583502661016,-4.77912140575954,167.803090677879,103.230326100012,110.329748982259,1911172.4879823,4.49290330213146
216200,216.2,0.216199999999999,4.44975779217687,0.012540261149626,0.00651658165606898,299.474843039354,-4.77904845951461,167.794652958857,103.236891040169,110.315674514982,1910954.11632808,4.49341672247891
216300,216.3,0.216299999999999,4.44433891922439,-0.00074983405126377,-0.0186756618858784,298.866843041499,-4.77905993032907,167.810529432202,103.25138044133,110.301600047706,1911159.29395281,4.49293431969178
216400,216.4,0.216399999999999,4.46695315681793,0.000171958263486581,0.0305400268716102,298.708072518814,-4.77904906363311,167.825870405161,103.232271963851,110.287525580429,1910736.4424632,4.49392861902451
216500,216.5,0.216499999999999,4.44490860837979,0.000296151379264104,-0.0229679753666167,299.430001937066,-4.77903148847934,167.816654437104,103.276896411,110.273451113152,1911213.49672623,4.49280689829101
216600,216.6,0.216599999999999,4.46910343775828,0.00973583157155334,0.00776010142628126,299.880654001056,-4.7788594905039,167.824973721779,103.267160398405,110.259376645876,1910884.13979425,4.49358127129729
216700,216.7,0.216699999999999,4.48197787444855,-0.012956843666853,0.00326310685405485,300.875012794897,-4.77883187878626,167.860226731388,103.263166676739,110.245302178599,1910967.65649634,4.49338488435841
216800,216.8,0.216799999999999,4.49956125852049,0.01946516450297,0.00255367796611965,299.40166899969,-4.7787904821881,167.821690001045,103.285783189864,110.231227711322,1910703.42310919,4.49400627975311
216900,216.9,0.216899999999999,4.49989059563474,-0.0105686119671796,-0.0135273916210562,298.854088047254,-4.77884941213838,167.849357738066,103.290525073628,110.217153244045,1910862.15205383,4.49363297764274
217000,217,0.216999999999999,4.50342960906836,0.00724304390703223,0.0254562767549162,300.735550016832,-4.77906678824938,167.858567663119,103.27728271307,110.203078776769,1910478.01127119,4.49453651470453
217100,217.1,0.217099999999999,4.50187520679177,-0.00049256059603032,-0.0331560923948498,299.353740466138,-4.77890324147068,167.847234670816,103.323178870317,110.189004309492,1910953.89268509,4.49341724835298
217200,217.2,0.217199999999999,4.53759760859695,0.0192396128619878,0.0260183726149238,299.683444215668,-4.77899580340417,167.842828611648,103.297747611412,110.174929842215,1910189.37250955,4.4952156606952
217300,217.3,0.217299999999999,4.4942915023697,-0.0260916306800736,-0.0194334575434134,299.223776591114,-4.77906300421751,167.902069880727,103.318834422331,110.160855374939,1911009.50724491,4.49328648007506
217400,217.4,0.217399999999999,4.52852908387965,0.0259076335219328,0.0268294642113513,300.3080208524,-4.77921833398854,167.866846251842,103.309153533192,110.146780907662,1910185.49836642,4.49522477766782
217500,217.5,0.217499999999999,4.47947160461603,-0.0238525080880309,-0.0368392715950319,299.717899871341,-4.77914837075364,167.928241015394,103.338416614853,110.132706440385,1911181.15151527,4.49288293545097
217600,217.6,0.217599999999999,4.5366950483494,0.0201878047747493,0.0390247070005393,299.032012747561,-4.77910060230216,167.91713004413,103.302193951062,110.118631973108,1910140.68778102,4.49533023254613
217700,217.7,0.217699999999999,4.49811054466979,-0.0316383021099377,-0.0209210199006024,299.20114250876,-4.77909888428836,167.968507944943,103.333365429677,110.104557505832,1911057.41195285,4.49317384631787
217800,217.8,0.217799999999999,4.53062199322185,0.0352654432765819,0.0214165573994726,299.936176987501,-4.77904290592564,167.926862506346,103.327510724482,110.090483038555,1910231.12876906,4.49511739855883
217900,217.9,0.217899999999999,4.49103544995635,-0.0217033859468754,-0.0246859788144013,299.987573140625,-4.77886691995411,167.982999373799,103.354685125123,110.076408571278,1911127.89335738,4.49300814039909
218000,218,0.217999999999999,4.53118517449699,0.00525810446123053,0.0137443699362398,301.327735317995,-4.77894831365601,167.984747786027,103.334911301142,110.062334104001,1910537.82969176,4.49439579198693
218100,218.1,0.218099999999999,4.51082134412824,-0.0110615154994011,-0.00475363777065565,299.853857172257,-4.77897750371369,167.990057006376,103.359488403709,110.048259636725,1910808.24815211,4.49375974303149
218200,218.2,0.218199999999999,4.52541948551542,0.0161301765517797,-0.010930614035974,300.00373691055,-4.77906730587506,167.972525449663,103.370917172327,110.034185169448,1910575.71500464,4.49430667142004
218300,218.3,0.218299999999999,4.51019227638865,-0.0109506147863579,0.00754352816438103,299.80946314048,-4.77901834460605,168.024990466091,103.359294542578,110.020110702171,1910713.1542589,4.49398339204345
218400,218.4,0.218399999999999,4.5225117526646,-0.00607255758833786,0.00335974615531244,300.05729637438,-4.77899588679531,168.033078827098,103.360941539177,110.006036234895,1910591.13377566,4.49427040165817
218500,218.5,0.218499999999999,4.53920550172548,0.0143950820913079,0.00292817180170523,300.582395517467,-4.77909726126329,168.001920969116,103.382184276571,109.991961767618,1910384.99948924,4.49475534224474
218600,218.6,0.218599999999999,4.5184250804155,-0.00869752337304966,-0.0150250126890069,300.157270952734,-4.77918216953456,168.028447637418,103.396097508962,109.977887300341,1910699.25850923,4.49401607498295
218700,218.7,0.218699999999999,4.52966624800239,0.00566458938472003,0.0157579056624338,300.684519528812,-4.77922827352172,168.047068736159,103.381734131377,109.963812833064,1910401.03242384,4.49471762026008
218800,218.8,0.218799999999999,4.51948775198699,-0.0099859713141957,-0.0101004200925988,300.046004377601,-4.77903383713696,168.059323890961,103.408854362952,109.949738365788,1910796.94834155,4.49378631761539
218900,218.9,0.218899999999999,4.52906931205169,0.00684709524162268,0.00616368603683613,300.599165537215,-4.7787851959088,168.053306742683,103.420701360731,109.935663898511,1910702.81970265,4.49400769897581
219000,219,0.218999999999999,4.5241222907924,-0.00209389512085319,-0.00212827483813519,302.086603237827,-4.77890919276188,168.077396612459,103.418456280851,109.921589431234,1910690.58185699,4.49403648279519
219100,219.1,0.219099999999999,4.51975423846235,-0.0119716804903386,-0.0018585320333042,301.327886542268,-4.7789408394552,168.102459559947,103.423595830071,109.907514963957,1910825.76919506,4.49371853814575
219200,219.2,0.219199999999999,4.53679200271768,0.0200631800062168,0.0071598963995769,300.585699045543,-4.77897378947188,168.068817610223,103.435060849652,109.893440496681,1910410.46879847,4.49469541883267
219300,219.3,0.219299999999999,4.50912935836349,-0.0132307864557917,-0.0122477536901792,300.603689048883,-4.77910647522321,168.107634372879,103.444810375513,109.879366029404,1910787.05149698,4.4938095930006
219400,219.4,0.219399999999999,4.54380109225821,0.00389927015334456,0.025681227420358,299.646412914059,-4.77905558080837,168.108897912989,103.434356445864,109.865291562127,1910363.58146563,4.49480573515266
219500,219.5,0.219499999999999,4.530188775352,-0.0104475837761637,-0.0183524257450932,300.382013393616,-4.77918210508897,168.114756373755,103.463268708122,109.851217094851,1910719.35782833,4.49396880134081
219600,219.6,0.219599999999999,4.56046951545464,0.0119199423465712,0.0114472861616444,298.878897781306,-4.77901815180679,168.116505839342,103.449716684966,109.837142627574,1910244.18782996,4.49508666844997
219700,219.7,0.219699999999999,4.54428484046285,-0.0132945430374274,0.00271434201181408,298.902475707351,-4.77914175308131,168.157062857834,103.450177440848,109.823068160297,1910468.69426711,4.49455843373162
219800,219.8,0.219799999999999,4.5446471885068,0.0118241317461293,0.00518989533806933,299.41501309668,-4.77926121244394,168.135693469441,103.466192890712,109.80899369302,1910276.79565939,4.49500993872174
219900,219.9,0.219899999999999,4.53268586433637,-0.00314387676951985,-0.00597809577219418,300.301319950298,-4.77919422356611,168.154160064141,103.482464931478,109.794919225744,1910542.15492852,4.4943856172175
220000,220,0.219999999999999,4.53677311373962,-0.00349768712568282,-0.00156945244894289,300.061565302947,-4.77886972978052,168.202113304055,103.472747439234,109.780844758467,1910662.57555783,4.49410235592831
220100,220.1,0.220099999999999,4.53877117407706,-0.0121875827135383,0.0171117092432542,300.026920285427,-4.77886225470062,168.221133198113,103.470387958877,109.76677029119,1910590.07626988,4.49427288922314
220200,220.2,0.220199999999999,4.55774574473709,0.0167034059461558,-0.0175965585897978,299.841078261703,-4.77895274407041,168.17234618396,103.506771139235,109.752695823913,1910462.60233179,4.49457276563177
220300,220.3,0.220299999999999,4.56155158076565,-0.00183964629845329,0.000618813567633431,299.18580829764,-4.77895204142052,168.21094490444,103.498071647813,109.738621356637,1910495.45334882,4.49449548134082
220400,220.4,0.220399999999999,4.5723626263163,-0.0130539735629093,0.0178578394176337,300.408952452655,-4.77910408037613,168.255876588352,103.47614836308,109.72454688936,1910355.93723715,4.49482372097473
220500,220.5,0.220499999999999,4.57900283298438,0.00131083320556237,-0.0137817399852384,300.34908384958,-4.77909793844693,168.238465263822,103.503514171859,109.710472422083,1910418.33853149,4.49467690348856
220600,220.6,0.220599999999999,4.60145157916273,0.00338244897496173,0.00256405526020553,298.708607399707,-4.77906130327513,168.228190489598,103.510383440207,109.696397954807,1910183.36225653,4.49522980456434
220700,220.7,0.220699999999999,4.59574954618936,0.0104578560070494,0.0040491684266128,299.521495632139,-4.77922431219142,168.254345809448,103.505417943177,109.68232348753,1910143.59065566,4.49532340092353
220800,220.8,0.220799999999999,4.57360057792604,-0.0208159422617887,-0.00523415471891653,300.347415917938,-4.77922179372859,168.310277955078,103.507384861789,109.668249020253,1910569.68665479,4.49432085213962
220900,220.9,0.220899999999999,4.60234520661554,0.0249805963702925,-0.000230033606151944,300.614831343117,-4.77916020314444,168.276690071786,103.515430089482,109.654174552976,1910091.71978323,4.49544547691823
221000,221,0.220999999999999,4.58499176303365,-0.0164528012308975,-0.000164992081984051,300.422971680797,-4.7791111083771,168.328754228423,103.515016163222,109.6401000857,1910429.81322729,4.4946499069196
221100,221.1,0.221099999999999,4.59470745490315,0.00918008568305107,0.00739268318662619,300.636359492734,-4.77913516080684,168.32511795188,103.518521056115,109.626025618423,1910207.98280442,4.49517186583637
221200,221.2,0.221199999999999,4.58747974270924,-0.00560942065666195,-0.0151154031808886,300.018558163556,-4.77907544161096,168.3498027547,103.532594544377,109.611951151146,1910502.53385898,4.49447882429883
221300,221.3,0.221299999999999,4.61846842984763,0.00193858675568293,0.022105228090767,301.372154792875,-4.77925721070516,168.357416128041,103.514254781121,109.597876683869,1910005.21056013,4.49564908761705
221400,221.4,0.221399999999999,4.59117352731676,-0.0193494695909704,-0.015555388151157,300.886618649007,-4.77927230109939,168.381029579664,103.541497189104,109.583802216593,1910530.46051878,4.49441312747606
221500,221.5,0.221499999999999,4.62156525378918,0.0177032576045913,0.0133415392725845,300.306164913655,-4.77920557141844,168.341204625631,103.546847463428,109.569727749316,1909931.95198741,4.49582152561165
221600,221.6,0.221599999999999,4.60166426087293,-0.00977458487830547,-0.0175046167940106,298.931120661683,-4.7790041074424,168.387760957018,103.557866292285,109.555653282039,1910418.03227153,4.4946776240322
221700,221.7,0.221699999999999,4.62595822128879,-0.0100090666756178,0.0260300843046038,300.630394608352,-4.77915555854493,168.404700173606,103.537442579851,109.541578814763,1909987.99739326,4.4956896032423
221800,221.8,0.221799999999999,4.62175118333958,0.0125403169698275,-0.0248598543697941,299.596590746589,-4.77901704322039,168.372002648356,103.583156039714,109.527504347486,1910214.81448977,4.49515578931997
221900,221.9,0.221899999999999,4.63192306373318,0.00255746721683949,0.00454196780774016,299.656381789021,-4.77919394131498,168.391671591289,103.570952883558,109.513429880209,1909967.42797419,4.49573801963
222000,222,0.221999999999999,4.62835950748151,-0.00761031154580398,-0.00416094887962707,300.235556002826,-4.77925224030169,168.425370740598,103.574493036098,109.499355412932,1910169.43203598,4.49526258675714
222100,222.1,0.222099999999999,4.64848000613251,0.000954919050846478,0.00284678629170448,299.914859931092,-4.77912591868236,168.424940667674,103.578868863116,109.485280945656,1909999.72247385,4.49566200516348
222200,222.2,0.222199999999999,4.63859997233008,0.00682471884439584,0.0054163670932461,300.420167000682,-4.77912269607366,168.411099299698,103.599843587975,109.471206478379,1909983.93723958,4.49569915996701
222300,222.3,0.222299999999999,4.63189434552984,-0.0034656943036647,-0.0189998946146324,299.037822085312,-4.77901924599117,168.411842777946,103.624467389938,109.457132011102,1910200.71788785,4.49518896197097
222400,222.4,0.222399999999999,4.63864072520162,0.00603069360369078,0.0246591707301183,299.551529589471,-4.77919360340541,168.428915051636,103.608263385158,109.443057543825,1909850.01787642,4.49601439999259
222500,222.5,0.222499999999999,4.61506751509392,-0.0150141784388318,-0.0211720491376625,298.523651587818,-4.77907495762986,168.452791644779,103.636446251946,109.428983076549,1910394.6285538,4.4947326870882
222600,222.6,0.222599999999999,4.64093918840188,0.0121541628767887,0.0146415639297911,301.265057534549,-4.77921492194225,168.434549839166,103.633934665499,109.414908609272,1909895.7813518,4.49590666990265
222700,222.7,0.222699999999999,4.62715719469697,-0.0120061842845825,-0.0187142694073252,300.849265793419,-4.77902351945273,168.464637292955,103.655637558328,109.400834141995,1910391.21272452,4.49474072378739
222800,222.8,0.222799999999999,4.64359748029477,0.0143602996486408,0.00510711819582522,299.42776587942,-4.77903490269043,168.458360453777,103.653557706573,109.386759674719,1910035.94407478,4.49557675018408
222900,222.9,0.222899999999999,4.62947748337116,-0.00811713523341456,0.000411868531853206,299.366259105476,-4.77917893095734,168.472559910826,103.666351758561,109.372685207442,1910186.90982296,4.49522145610051
223000,223,0.222999999999999,4.6328450665212,0.0132338783360746,-0.00276347502296755,299.133809421138,-4.77913248003584,168.456065127955,103.683176738695,109.358610740165,1910064.0537918,4.49551059041836
223100,223.1,0.223099999999999,4.64603243471385,0.00126650276176821,-0.00456244909517996,299.812387931403,-4.77917229779002,168.488120996795,103.675636393746,109.344536272888,1910042.73404077,4.49556076896403
223200,223.2,0.223199999999999,4.6367865848019,-0.0138200456759138,0.0259391480385454,300.995231567029,-4.77932113359521,168.529391771009,103.66463261752,109.330461805612,1910061.93103004,4.49551558653803
223300,223.3,0.223299999999999,4.64477987561949,0.00132496394252199,-0.0185436125976881,299.181955976671,-4.77916204922913,168.496187325929,103.702231508732,109.316387338335,1910132.3104864,4.49534994778028
223400,223.4,0.223399999999999,4.66515029680702,0.0173750370510674,0.0127032623692624,298.991033746336,-4.77921253821215,168.487705283982,103.699490620529,109.302312871058,1909739.76175461,4.49627397101963
223500,223.5,0.223499999999999,4.64630901584426,-0.0193363762604156,-0.0112964970957836,299.847914538725,-4.77933876554109,168.555759516821,103.698316433488,109.288238403781,1910243.48930147,4.49508831219125
223600,223.6,0.223599999999999,4.65947415990149,0.0046163486874748,0.0180261029267662,300.136203114315,-4.77935829984374,168.553746229857,103.690887271028,109.274163936505,1909837.83421087,4.4960430819753
223700,223.7,0.223699999999999,4.64380904517032,0.00164089567046675,-0.0257760527878412,299.010622080646,-4.77919023178555,168.546150858001,103.732835510554,109.260089469228,1910278.29007158,4.49500642227197
223800,223.8,0.223799999999999,4.66790193997172,0.00821910301036073,0.0174111510826106,300.807564677298,-4.77930809064928,168.560431385472,103.710460727381,109.246015001951,1909782.02627004,4.49617446603005
223900,223.9,0.223899999999999,4.64231785658974,-0.0223390917105581,-0.00124819808964678,300.603785472343,-4.77914265298164,168.596641244386,103.733573178155,109.231940534675,1910371.82904281,4.49478632989517
224000,224,0.223999999999999,4.66659282135856,0.0301777475368268,-0.00367679141515035,300.343128157701,-4.77907350644491,168.53246142569,103.7602242038,109.217866067398,1909889.10867259,4.49592237748632
224100,224.1,0.224099999999999,4.63792373842245,-0.0200398601765356,-0.0105539581241187,300.346677177173,-4.7792580098037,168.587102282277,103.760584442592,109.203791600121,1910268.75715156,4.49502885395157
224200,224.2,0.224199999999999,4.64470621249847,0.0028835369925864,0.0142075297164067,301.018106586759,-4.77936219544034,168.604853914443,103.748426782231,109.189717132844,1909999.85395483,4.49566169569013
224300,224.3,0.224299999999999,4.6446808018536,-0.00446442419657479,-0.00458327601996884,300.994548539794,-4.7793447638787,168.60207538089,103.77050329611,109.175642665568,1910128.55229087,4.49535879242273
224400,224.4,0.224399999999999,4.66015253990972,0.0202318669112087,-0.0157738610458378,300.178427429409,-4.77932411394498,168.561182169777,103.79776314241,109.161568198291,1909920.67055544,4.49584808132439
224500,224.5,0.224499999999999,4.62978323324803,-0.00425192182835393,-0.0048680077353499,299.264665691524,-4.77936621135786,168.625054879964,103.78862217267,109.147493731014,1910229.81116168,4.49512049912811
224600,224.6,0.224599999999999,4.64153682825391,-0.0048448822943768,0.0161732207298659,299.83240364306,-4.77938870399095,168.663123332768,103.767500539677,109.133419263737,1910025.90151681,4.49560038708348
224700,224.7,0.224699999999999,4.63805863302267,0.00646419346345988,0.00104516476645399,299.879088647655,-4.77926894280535,168.631869737299,103.805016415791,109.119344796461,1910116.0175389,4.49538829231015
224800,224.8,0.224799999999999,4.63193407074817,0.00714317534232991,-0.0232151322178712,300.339645374062,-4.77925479454186,168.617725063896,103.838270125917,109.105270329184,1910321.21960816,4.49490540860963
224900,224.9,0.224899999999999,4.65404040774595,-0.0210947068709921,0.0262773542425874,299.375315031187,-4.7791959712466,168.679041304635,103.798445786419,109.091195861907,1910036.54723756,4.49557533054392
225000,225,0.224999999999999,4.64948983392833,-0.00977275415071765,0.000211039897193323,299.843032924317,-4.77944260988599,168.667535214705,103.824054755881,109.077121394631,1910130.99825495,4.49535303601852
225100,225.1,0.225099999999999,4.67186128216922,0.0358732931645394,-0.0176158420167819,299.634328406444,-4.77937854401173,168.601574354012,103.861362427056,109.063046927354,1909823.65162785,4.49607647013878
225200,225.2,0.225199999999999,4.65234110481264,-0.0276564614296074,-0.00925358952528941,300.129891951427,-4.77931401382774,168.679959890409,103.852195776421,109.048972460077,1910296.3687609,4.49496388236773
225300,225.3,0.225299999999999,4.6765992417007,0.000788954962290754,0.0312477521197565,300.173733800839,-4.7791483874485,168.664544165815,103.849464310588,109.0348979928,1909825.02257902,4.49607324266965
225400,225.4,0.225399999999999,4.63629613413291,-0.00603216606803391,-0.0467352018167382,300.960726667914,-4.77919773797462,168.646690130764,103.913614843081,109.020823525524,1910555.8308774,4.49435344595772
225500,225.5,0.225499999999999,4.67501151390512,0.0291072144438745,0.0302938315983223,299.912386995472,-4.77932067479907,168.667532504527,103.865468217884,109.006749058247,1909660.04874872,4.49646165443154
225600,225.6,0.225599999999999,4.64102352111316,-0.049110185246549,-0.0129389407488081,299.205337680209,-4.77928129708617,168.784100408937,103.854058456304,108.99267459097,1910523.20104607,4.49443020503335
225700,225.7,0.225699999999999,4.68285964839401,0.0321445084510744,0.0246307501890899,300.070943385818,-4.77931940184531,168.704097378198,103.86739609047,108.978600123693,1909616.2412508,4.49656480538422
225800,225.8,0.225799999999999,4.63607809759017,-0.00509757703224654,-0.0441707951814982,299.852693289284,-4.77918314016643,168.717697277704,103.924329618541,108.964525656417,1910570.21804037,4.49431960213724
225900,225.9,0.225899999999999,4.69273889176574,0.0226071124927536,0.030004088823129,300.188852793561,-4.77912894761194,168.751922216708,103.86688879799,108.95045118914,1909654.86965464,4.49647384909472
226000,226,0.225999999999999,4.67279122964363,-0.0388133265921498,-0.0056389480896699,298.716934148737,-4.77907568976772,168.817445136674,103.877447133634,108.936376721863,1910343.73183602,4.49485243890942
226100,226.1,0.226099999999999,4.7063330877454,0.030077782623078,0.00763148934699318,299.762639319275,-4.77928944750788,168.734358511497,103.900498095455,108.922302254587,1909580.48003043,4.49664901374653
226200,226.2,0.226199999999999,4.68117163066017,-0.012009751030384,-0.0201128999984769,300.074501514938,-4.77932446030175,168.781601958008,103.915896580342,108.90822778731,1910151.37158191,4.495305089401
226300,226.3,0.226299999999999,4.69947609351819,0.00394546022818588,0.0224691046018435,300.665808523865,-4.7793485320978,168.807532915093,103.888115731694,108.894153320033,1909687.27678681,4.49639754454784
226400,226.4,0.226399999999999,4.68731989550653,-0.0130324977799602,-0.00894244397620024,299.976027178555,-4.77932465788794,168.808254361158,103.921115368752,108.880078852756,1910055.14060069,4.49553156852742
226500,226.5,0.226499999999999,4.71831346242332,0.0253884068594147,0.00575156920020037,299.225951457926,-4.7793532036529,168.77455916225,103.926848048066,108.86600438548,1909532.35717836,4.49676233551062
226600,226.6,0.226599999999999,4.70268714158362,-0.0163803986943956,-0.0162315904707843,299.199727695416,-4.77929507548396,168.83464753025,103.932742930467,108.851929918203,1910073.58206382,4.49548816486986
226700,226.7,0.226699999999999,4.72286601469273,0.00460525769124115,0.0254828798017147,300.765851776826,-4.77926440446188,168.846885915315,103.912599513096,108.837855450926,1909594.87522064,4.49661511644262
226800,226.8,0.226799999999999,4.70626132195738,-0.00779185922738071,-0.0212116619037156,300.831411669822,-4.77908153902905,168.846228727943,103.954904085998,108.823780983649,1910117.82736444,4.49538403295587
226900,226.9,0.226899999999999,4.72945037500551,0.00707589694785308,0.00567037944034984,301.172427102462,-4.77920288108175,168.837833458026,103.950712956606,108.809706516373,1909698.82928205,4.49637034412732
227000,227,0.226999999999999,4.72794983176297,-0.0123180825798337,-0.000148699971050627,300.308867970548,-4.77931042666673,168.879857951916,103.94199979497,108.795632049096,1909766.99173049,4.49620986192552
227100,227.1,0.227099999999999,4.73074873366812,0.00440984023315244,-0.00659066594073177,300.08900786402,-4.77930132663845,168.88962127025,103.946417314455,108.781557581819,1909711.48518846,4.4963405460962
227200,227.2,0.227199999999999,4.73286694798109,0.00214268827575876,0.00291135129399977,299.812470471981,-4.77926290549934,168.905911675593,103.948478376566,108.767483114543,1909686.4451912,4.49639950255748
227300,227.3,0.227299999999999,4.7412385576372,-0.00193923341522288,-0.00368953331713295,299.650112774058,-4.77926377784405,168.914368556203,103.955985155051,108.753408647266,1909672.83510941,4.49643154802824
227400,227.4,0.227399999999999,4.74585807985532,0.010045708237953,0.0104908686130031,299.218929589448,-4.77917992737796,168.927933572231,103.950714997294,108.739334179989,1909482.22450238,4.49688039616929
227500,227.5,0.227499999999999,4.73162809812032,-0.0249673084467625,-0.00324441323746708,301.340627273956,-4.77936467204727,168.974510291411,103.958140947555,108.725259712712,1909897.91565551,4.49590164574392
227600,227.6,0.227599999999999,4.76476923437717,0.0312238175534965,-0.00287494524710057,300.774975821386,-4.77923905992444,168.91379593491,103.98257538891,108.711185245436,1909413.20690162,4.49704294029266
227700,227.7,0.227699999999999,4.74028728243667,-0.00773247658497186,-0.0327848901960913,300.181624343079,-4.77924260601969,168.953025329161,103.997619051095,108.697110778159,1909885.66846698,4.4959304758231
227800,227.8,0.227799999999999,4.76543101809484,-0.00687934283892735,0.0433799476835949,299.286148023706,-4.77922420440625,169.007498582686,103.947624157193,108.683036310882,1909335.75047303,4.49722537278797
227900,227.9,0.227899999999999,4.75386402608829,-0.0124684913232586,-0.0132515668417579,299.473633546546,-4.77922396748522,168.999572336146,103.988248748473,108.668961843605,1909745.02826015,4.49626157164096
228000,228,0.227999999999999,4.76306657355702,0.0214437248406091,-0.0128787103579409,300.532849588547,-4.77921833571128,168.962596910223,104.010236362834,108.654887376329,1909483.56697453,4.49687723461461
228100,228.1,0.228099999999999,4.75680998695688,-0.0100332001347725,0.00143926976096259,301.049659020853,-4.77903898937846,169.032037172003,103.993557152173,108.640812909052,1909714.58928141,4.49633323764338
228200,228.2,0.228199999999999,4.77824724394667,-0.00710448154815393,0.0116173356926633,300.957591752958,-4.77900585686581,169.054724124871,103.981509840492,108.626738441775,1909502.23242371,4.4968332774869
228300,228.3,0.228299999999999,4.75485892716429,0.00277934012342033,-0.0100305026319053,300.941336172433,-4.77917593103385,169.04007469227,104.016362837359,108.612663974499,1909729.27434099,4.49629866262671
228400,228.4,0.228399999999999,4.767523961205,0.0084855359011266,-0.00256449957631955,300.478481146504,-4.77922489554018,169.039978786614,104.020535210483,108.598589507222,1909557.31491545,4.49670356324374
228500,228.5,0.228499999999999,4.76999149561131,-0.00240116221308769,0.00155658970729814,299.712937836993,-4.77921703247268,169.078743863036,104.010515784502,108.584515039945,1909563.73701051,4.49668844028285
228600,228.6,0.228599999999999,4.78152066354972,0.00504997451961956,-0.00466650645110787,300.117738645092,-4.77927878416706,169.087712326258,104.010446089601,108.570440572668,1909416.22051412,4.4970358426548
228700,228.7,0.228699999999999,4.76792075211482,-0.0098331614464369,0.0034977396535743,299.482197199432,-4.77920757207848,169.121701033857,104.013417114679,108.556366105392,1909607.00654719,4.49658655040461
228800,228.8,0.228799999999999,4.77924475106066,0.00742861933376122,0.000411915591530704,298.865984771513,-4.77921675864183,169.117236326714,104.020485918966,108.542291638115,1909438.77534347,4.4969827223991
228900,228.9,0.228899999999999,4.78305415802053,-0.00847959260679329,-0.00442158014296137,298.643844716082,-4.77928342285761,169.134472962416,104.02758775382,108.528217170838,1909516.12954944,4.49680055031772
229000,229,0.228999999999999,4.7897220184634,0.0029841325841473,-0.000156057030419254,299.410474975486,-4.77925971436948,169.14789914064,104.026696114658,108.514142703562,1909403.6891601,4.4970653565541
229100,229.1,0.229099999999999,4.78517605698781,-0.00613707989740887,-0.00583552693670457,300.332799825816,-4.77906548537042,169.182193986621,104.027150966813,108.500068236285,1909551.46829693,4.496717331142
229200,229.2,0.229199999999999,4.79131375498005,0.00156391391664287,0.00731871621627309,301.090733313134,-4.77910323246992,169.197313386901,104.025133188945,108.485993769008,1909437.35654769,4.49698606385467
229300,229.3,0.229299999999999,4.7984503100214,0.00824120293437813,-0.00926381428383603,300.881467577429,-4.77915810360099,169.18540879745,104.046137294515,108.471919301731,1909440.77049819,4.49697802354882
229400,229.4,0.229399999999999,4.80147651039237,-0.0038916198952641,0.00457610124131068,300.945345618315,-4.77924878077031,169.214828454113,104.037711558258,108.457844834455,1909370.37124456,4.49714382893745
229500,229.5,0.229499999999999,4.79801857698068,-0.0103627902384129,0.00829352862492448,299.599238368549,-4.77910925394137,169.23423002178,104.04044964699,108.443770367178,1909391.73780946,4.49709350478783
229600,229.6,0.229599999999999,4.80431457941758,0.00869036676087729,-0.0103691669202044,299.830758609151,-4.77914229836632,169.204716948826,104.071433847886,108.429695899901,1909379.44803695,4.49712245045192
229700,229.7,0.229699999999999,4.8250608829528,-0.00371322820399198,0.00070783191738521,300.660885424422,-4.77929789287982,169.220722860159,104.065680180421,108.415621432624,1909206.64187319,4.49752949412209
229800,229.8,0.229799999999999,4.83550118136861,-0.00141304395529822,4.68213288076639e-05,299.444808891761,-4.77931858970791,169.248048137383,104.060220117617,108.401546965348,1909166.86830891,4.49762319089706
229900,229.9,0.229899999999999,4.82878147248584,-0.00985298140474009,0.0022012540603059,298.410389506391,-4.77921903252311,169.275748787467,104.061365039695,108.387472498071,1909252.42601746,4.49742164272622
230000,230,0.229999999999999,4.84083852774549,0.00983668128814403,0.00949202564481558,299.810870697328,-4.77926146595189,169.26861633697,104.065479938848,108.373398030794,1908999.55185555,4.49801739023573
230100,230.1,0.230099999999999,4.83460884836665,-0.0157453880923457,-0.00158911622234844,299.529681888084,-4.77904336406566,169.279159878335,104.088171341737,108.359323563518,1909286.75155289,4.49734078718904
230200,230.2,0.230199999999999,4.85696551257899,0.0189555559226206,-0.0128281573376734,301.140760113049,-4.77907760901837,169.253870259529,104.102600891765,108.345249096241,1909018.16435577,4.49797353557199
230300,230.3,0.230299999999999,4.84727804714703,-0.0127578882640877,0.00838782036464674,300.477731278459,-4.7789856083109,169.308632051862,104.094772705312,108.331174628964,1909244.17482023,4.49744107927262
230400,230.4,0.230399999999999,4.85357937811642,0.00221204748982182,0.0076157766170645,300.794531639122,-4.77924926918236,169.29150485998,104.108700750321,108.317100161687,1909058.41198004,4.49787870727984
230500,230.5,0.230499999999999,4.85152236152375,0.00630279292156997,-0.0261789724351833,299.005028824516,-4.77904691433879,169.295873901322,104.128996123544,108.303025694411,1909231.73650198,4.49747037933212
230600,230.6,0.230599999999999,4.87355019659508,0.00126189459288261,0.0292780883428159,299.704892846775,-4.77906451812515,169.344275445458,104.087335469926,108.288951227134,1908765.42217036,4.49856911827067
230700,230.7,0.230699999999999,4.85899980890793,-0.0159534534012112,-0.0133564921500753,300.424569005561,-4.7790712843031,169.361775684423,104.116414783958,108.274876759857,1909247.81126448,4.49743251323229
230800,230.8,0.230799999999999,4.89324025074584,0.0308482475941896,0.000734571002952463,300.049698803661,-4.77903313710577,169.306230376527,104.132151899302,108.26080229258,1908661.98904135,4.49881290217933
230900,230.9,0.230899999999999,4.87968526620116,-0.0182188852084416,-0.00672939862710117,299.181401705119,-4.77904491752975,169.365921357762,104.133508216219,108.246727825304,1909111.55346514,4.49775350561004
231000,231,0.230999999999999,4.89206859252356,-0.00330978787414891,0.0179623582103591,299.637491517761,-4.77907776100992,169.390566923883,104.114241332746,108.232653358027,1908787.8670613,4.49851622088223
231100,231.1,0.231099999999999,4.88543393175479,0.000765286129152381,-0.0196654052150854,299.848039834998,-4.77889482163869,169.392792182054,104.140894638559,108.21857889075,1909053.31603866,4.49789071371572
231200,231.2,0.231199999999999,4.92041938399853,0.00582409239228993,0.0107081334652638,300.714468374205,-4.77872854556931,169.395941622638,104.13430667139,108.204504423474,1908719.76834936,4.49867671754882
231300,231.3,0.231299999999999,4.89014452301586,-0.0134617845029379,-0.0102277262154537,300.196133251415,-4.77864764180743,169.424316502862,104.153587117561,108.190429956197,1909144.58897145,4.49767567726473
231400,231.4,0.231399999999999,4.92911171160242,0.0260160843116479,0.0180410541720679,300.71452809676,-4.77879027332344,169.391987947314,104.151233318093,108.17635548892,1908488.85289993,4.49922102984832
231500,231.5,0.231499999999999,4.90043265529369,-0.0179152250593773,-0.0334214634987327,300.313578282414,-4.7788193277341,169.451089277936,104.167576389489,108.162281021643,1909205.87546166,4.49753129956305
231600,231.6,0.231599999999999,4.95639224124691,0.00247188465653323,0.052634567069627,300.601557523066,-4.77887793637129,169.466670383093,104.121699284518,108.148206554367,1908292.15879956,4.49968477971427
231700,231.7,0.231699999999999,4.91438570986365,-0.00828542549349318,-0.0471550743869866,299.949380451097,-4.7788317219903,169.464673174981,104.182217684241,108.13413208709,1909130.32037225,4.49770929232542
231800,231.8,0.231799999999999,4.97022997406419,0.0405023766467604,0.0241474177754123,301.301691048284,-4.77896355471278,169.426464803396,104.161531082398,108.120057619813,1908072.50107427,4.50020278441414
231900,231.9,0.231899999999999,4.92624664966969,-0.031684660765696,-0.0268395817754179,298.529567070341,-4.7787612599763,169.521869521537,104.175836842934,108.105983152536,1909160.59425334,4.49763797139165
232000,232,0.231999999999999,4.96879234317595,0.0194541867640633,0.0399551519494539,298.751082107037,-4.77888593715575,169.497278830131,104.152528848774,108.09190868526,1908208.10052889,4.49988299484659
232100,232.1,0.232099999999999,4.94556016589493,-0.0164350133551642,-0.0379952015685925,299.291740691769,-4.77878099149895,169.514176281862,104.196148745316,108.077834217983,1908948.99157629,4.49813652438567
232200,232.2,0.232199999999999,4.98350717701893,0.0221433877654882,0.0290260431242693,301.01917964049,-4.7787657587465,169.51644781955,104.166873773507,108.063759750706,1908189.69921304,4.49992638873364
232300,232.3,0.232299999999999,4.95736633314942,-0.0208737841424414,-0.0236837054777476,300.352793082185,-4.77861315402742,169.56526812915,104.190982772624,108.04968528343,1908932.36693656,4.49817569806223
232400,232.4,0.232399999999999,4.99168770447561,0.0282218132124246,0.0237697559667126,300.591077021358,-4.7786421217203,169.545237080259,104.17635226713,108.035610816153,1908190.24883106,4.49992509261517
232500,232.5,0.232499999999999,4.9641527090237,-0.0234677373466442,-0.0210682008602713,299.383106418212,-4.7785884345948,169.589473040754,104.199397108491,108.021536348876,1908861.62287727,4.498342404336
232600,232.6,0.232599999999999,5.00306059591767,0.0134148332732815,0.0220861066320502,299.923226221839,-4.77863034584116,169.574311291495,104.182787100641,108.007461881599,1908138.05907563,4.50004817070636
232700,232.7,0.232699999999999,4.98727066833616,-0.0212451779996722,-0.0132606942392802,299.731585634459,-4.77851330354239,169.595042234204,104.215205895972,107.993387414323,1908716.40913345,4.49868463492531
232800,232.8,0.232799999999999,4.99832486309813,0.0282753633793835,-0.00312060487930946,300.2150907751,-4.77849106656576,169.563294516912,104.226151038555,107.979312947046,1908310.79002143,4.49964084838719
232900,232.9,0.232899999999999,4.99811654411632,-0.00866264464844765,-0.00383866518908171,300.136392302222,-4.77845004659865,169.62103345027,104.218029272719,107.965238479769,1908563.04237277,4.49904613657575
233000,233,0.232999999999999,5.00783878486268,-0.00575099572328051,0.0129022261528183,300.254146413123,-4.77860421873165,169.633715381485,104.213670876616,107.951164012492,1908377.10588988,4.49948448642411
233100,233.1,0.233099999999999,5.01020836336402,-0.00895268109091794,-0.0154575313729304,300.018118545556,-4.77865307175817,169.618102215919,104.243359557428,107.937089545216,1908496.21317592,4.49920367822441
233200,233.2,0.233199999999999,5.01020496686879,0.00899207074147642,0.00626727474380721,299.969793228874,-4.77850620729626,169.624236424373,104.244276730809,107.923015077939,1908333.15615769,4.49958811148431
233300,233.3,0.233299999999999,4.99544916923146,-0.0301836962561163,0.00495124875550128,301.298532873222,-4.77843689577959,169.678332606885,104.241463699859,107.908940610662,1908641.30233693,4.49886166231704
233400,233.4,0.233399999999999,5.01731313239334,0.0228274740342554,-0.00266557704116026,300.939153453668,-4.77830439761096,169.627487953572,104.26826150247,107.894866143386,1908310.95573681,4.49964045764392
233500,233.5,0.233499999999999,5.01348542492086,0.00362162841712587,-0.0218107496287125,300.267214318498,-4.77825192721782,169.650520876478,104.280030496454,107.880791676109,1908536.50729075,4.49910868846187
233600,233.6,0.233599999999999,5.03444356170131,-0.01239824832458,0.0324134883972167,299.54304229125,-4.77823027947666,169.71257405347,104.23824414998,107.866717208832,1908220.55414107,4.49985362727818
233700,233.7,0.233699999999999,5.02961865568878,0.000475470876546064,-0.0123314449792813,299.964386481584,-4.77829567339173,169.694648416301,104.273692851206,107.852642741555,1908418.82526436,4.49938612453637
233800,233.8,0.233799999999999,5.03657945455055,0.0133145432919848,0.000188092604755457,300.652273674936,-4.77838289186864,169.684293127438,104.279093550018,107.838568274279,1908152.16432666,4.50001490590164
233900,233.9,0.233899999999999,5.03705502341484,-0.0203781008342662,0.00679870463188916,299.613505406941,-4.77829352529311,169.74853241205,104.265228907179,107.824493807002,1908371.65434695,4.49949733986008
234000,234,0.233999999999999,5.04109227727985,0.00283662617329995,0.00210967076327595,299.357710082486,-4.77846683641715,169.735816359876,104.277433103548,107.810419339725,1908202.94071725,4.49989516260305
234100,234.1,0.234099999999999,5.05618057868937,0.00811779757951778,-0.00465371332916237,300.283446409565,-4.77856329414468,169.6989888236,104.306247296247,107.796344872448,1908066.95584297,4.50021586292025
234200,234.2,0.234199999999999,5.04380928868881,-0.000520712134917397,-0.0191224636979486,300.130671791424,-4.77832805684761,169.730281813753,104.315632907647,107.782270405172,1908341.33518603,4.49956882653878
234300,234.3,0.234299999999999,5.06812226069797,-0.00197445830963186,0.0270517601190531,300.653924895083,-4.77820754800244,169.771281038134,104.289090738942,107.768195937895,1908067.43483973,4.50021473319665
234400,234.4,0.234399999999999,5.04874458324448,0.00270245207996633,-0.0247586343258788,299.799779412437,-4.77804570065618,169.77613823586,104.320910389201,107.754121470618,1908454.93660781,4.49930098819151
234500,234.5,0.234499999999999,5.07775315134529,0.0109048582836206,0.00999594427070895,300.525618528154,-4.77815225592534,169.771081066805,104.313952621255,107.740047003342,1908021.55509463,4.50032294408362
234600,234.6,0.234599999999999,5.07173820044431,-0.00947435693043395,-0.0106365701666511,299.105464574318,-4.778175406488,169.793266096308,104.328447039191,107.725972536065,1908286.72323796,4.49969759661097
234700,234.7,0.234699999999999,5.09910710595451,0.0124180049681594,0.0187568011676034,299.613856953997,-4.77819448950177,169.795301257555,104.317820265376,107.711898068788,1907865.9215156,4.50069005655137
234800,234.8,0.234799999999999,5.09581661043208,-0.0205463873811739,-0.0094277469901801,299.981487642175,-4.77809868285265,169.821277116146,104.338455790051,107.697823601511,1908285.86966665,4.499699609314
234900,234.9,0.234899999999999,5.11956574994088,0.0119661269356027,0.00931843007475346,300.365587212888,-4.77799389223279,169.792700467567,104.346860318072,107.683749134235,1907869.07886584,4.50068260831763
235000,235,0.234999999999999,5.0998574080447,0.000828522035638441,-0.0174730714882832,301.610858442264,-4.77802706900644,169.825801929842,104.359414843232,107.669674666958,1908221.17209979,4.49985217004469
235100,235.1,0.235099999999999,5.11327479079881,-0.00586672580193149,0.0143356445357917,301.125464522806,-4.7779954268837,169.85188796235,104.342633430774,107.655600199681,1907957.94811567,4.50047297461605
235200,235.2,0.235199999999999,5.11744166704981,0.000716618905795885,-0.00926944984627083,299.128431696746,-4.77789508665897,169.833759115385,104.373683177,107.641525732404,1908072.51881172,4.50020274258024
235300,235.3,0.235299999999999,5.13092807139332,0.0139074655406006,-0.00278651571257473,299.535263477441,-4.7779616842244,169.833111214251,104.375980527182,107.627451265128,1907857.74674801,4.50070934105791
235400,235.4,0.235399999999999,5.13125906553655,-0.0128683170053416,0.00332539169329242,300.165542629954,-4.77801400993234,169.878768926964,104.364168015608,107.613376797851,1907905.1474441,4.50059752378232
235500,235.5,0.235499999999999,5.12990768174318,0.000794004072309079,-0.00112639083250316,300.422619010364,-4.7779953348603,169.8725011773,104.381402265102,107.599302330574,1907900.24425208,4.5006090900547
235600,235.6,0.235599999999999,5.13419390758474,0.00568830212577279,0.0019617381531875,299.69015759604,-4.77786465973582,169.87160158097,104.393117053464,107.585227863298,1907854.67570532,4.50071658577666
235700,235.7,0.235699999999999,5.14954469455548,0.00756072018264592,0.00276884334682967,299.048802542145,-4.77779572048072,169.887837089159,104.391067659464,107.571153396021,1907749.95413513,4.50096364231926
235800,235.8,0.235799999999999,5.16654817329489,-0.0129557124841523,0.00261729010265343,298.405911576468,-4.77777259266789,169.902979770349,104.396462158578,107.557078928744,1907768.94917952,4.50091882766589
235900,235.9,0.235899999999999,5.18165731411147,0.0117083172754593,0.00320984946453574,298.749544296005,-4.7778464325385,169.887061084336,104.409578347298,107.543004461467,1907580.2206589,4.50136413095776
236000,236,0.235999999999999,5.15832162950832,-0.0110544763827815,-0.00709814439224203,300.058857336291,-4.77797621594578,169.925861598676,104.418208431749,107.528929994191,1907923.8738223,4.50055335016905
236100,236.1,0.236099999999999,5.18655203570117,0.00482110752015236,0.0179587139056256,301.251576383285,-4.77788635582131,169.924334789934,104.412431091843,107.514855526914,1907551.45635744,4.50143200781342
236200,236.2,0.236199999999999,5.17027440844638,-0.00926806221748084,-0.0253841840830866,301.513796763399,-4.77772981372947,169.939358560874,104.442696366909,107.500781059637,1908023.28186706,4.50031887126457
236300,236.3,0.236299999999999,5.20982772424993,0.0165123779191442,0.0199795748724335,300.378610727235,-4.77766533016949,169.953365422729,104.410559624544,107.48670659236,1907343.65380537,4.50192243283846
236400,236.4,0.236399999999999,5.18073755336244,-0.0378545080213936,-0.0131111089701221,300.123452421658,-4.77774850789002,170.007383001671,104.425804852783,107.472632125084,1907978.59739091,4.5004242678301
236500,236.5,0.236499999999999,5.23092756123255,0.0403892846595493,0.0235368391551536,299.646974297631,-4.77767087018784,169.938181895058,104.42950278228,107.458557657807,1907019.72368965,4.50268713822484
236600,236.6,0.236599999999999,5.19313081639686,-0.024632742178371,-0.0435787313390244,298.847620265802,-4.77759496519343,169.988575752308,104.468753225588,107.44448319053,1908052.27146989,4.50025049658812
236700,236.7,0.236699999999999,5.25153370644432,0.0314844845716981,0.0398142553384445,299.502807133607,-4.77775563617218,169.986335587568,104.417271971156,107.430408723254,1906837.05317777,4.50311848507905
236800,236.8,0.236799999999999,5.20677173485954,-0.0542306120882159,-0.0140703720753896,298.677111717233,-4.777716154385,170.055200032219,104.447740357261,107.416334255977,1907916.18726113,4.50057148187676
236900,236.9,0.236899999999999,5.26552773844647,0.0435852956920745,0.018852891724002,299.273096855442,-4.77780396297722,169.934026552143,104.474946597007,107.4022597887,1906803.4326338,4.50319788355843
237000,237,0.236999999999999,5.20862531634694,-0.018580510564952,-0.0404498187778034,299.484460783004,-4.77766768490218,170.010121999709,104.501441232851,107.388185321423,1907891.01467873,4.50063086210635
237100,237.1,0.237099999999999,5.27555394804054,0.0139982898678669,0.0470047578110499,301.139720082099,-4.77760536586151,170.03989455304,104.440362634734,107.374110854147,1906859.86792281,4.50306460723418
237200,237.2,0.237199999999999,5.23891543004647,-0.0272918671441139,-0.0357351408845162,301.158374021729,-4.77749261412227,170.046202475981,104.501512956668,107.36003638687,1907797.01849957,4.50085260587716
237300,237.3,0.237299999999999,5.28428250475333,0.0333636229117572,0.0177354984309447,301.103181535865,-4.7775196538751,170.015964539666,104.487898534815,107.345961919593,1906959.240048,4.50282995140596
237400,237.4,0.237399999999999,5.25608819125012,-0.0294814333959389,-0.00461032022170285,299.697150227139,-4.77748481227799,170.098246552498,104.484037450927,107.331887452316,1907561.50411416,4.50140829728372
237500,237.5,0.237499999999999,5.29969354303065,0.0177913177285611,0.0167366797117386,299.159569575465,-4.77740720270553,170.063443910133,104.485367267267,107.31781298504,1906945.39320701,4.50286264765964
237600,237.6,0.237599999999999,5.28139932696032,-0.0114178211088645,-0.0150982639711234,299.965907429696,-4.77740429142767,170.08841148652,104.508428704816,107.303738517763,1907396.12736838,4.50179858236658
237700,237.7,0.237699999999999,5.30864600621716,0.0098975825100825,0.0123706163843375,300.143020058697,-4.77727871427869,170.092548473522,104.496542876541,107.289664050486,1906975.42440403,4.50279173622911
237800,237.8,0.237799999999999,5.30766192492342,-0.00146673424935315,-0.00378376441879364,300.49371263014,-4.7771040750613,170.107056961553,104.511241894258,107.27558958321,1907156.13535722,4.50236507803812
237900,237.9,0.237899999999999,5.31242544992006,0.00965957425885601,-0.00235573742841705,301.473966648768,-4.77706898593034,170.113132439282,104.521263174187,107.261515115933,1907156.87859593,4.50236332341998
238000,238,0.237999999999999,5.30852903945633,-0.0173164521218524,0.015722317651564,300.632030445526,-4.77713645169082,170.153265216977,104.513353515043,107.247440648656,1907212.16285849,4.50223281364192
238100,238.1,0.238099999999999,5.30133539621882,0.012343482617207,-0.00738782439098836,299.790792489521,-4.77714764838366,170.113831528963,104.549913698183,107.233366181379,1907186.85306832,4.50229256162499
238200,238.2,0.238199999999999,5.30706876418554,0.0192475029578273,-0.0118220695697363,299.634591447081,-4.77719153747009,170.106636624737,104.564827731841,107.219291714103,1907127.89280537,4.50243175331439
238300,238.3,0.238299999999999,5.30474669159724,-0.000938234856939085,0.0114665380751709,299.047304312946,-4.77717180589397,170.189757057911,104.526625375815,107.205217246826,1907112.30841373,4.50246854593508
238400,238.4,0.238399999999999,5.2978256784557,-0.0236469719111666,0.015654270758279,300.870102168113,-4.77736021765303,170.216121649629,104.528736842928,107.191142779549,1907195.85529148,4.50227131019333
238500,238.5,0.238499999999999,5.31109649948191,0.0228476941214262,-0.00748409594819984,299.518994393727,-4.77714705085273,170.148895615992,104.575233302764,107.177068312272,1907040.20901722,4.50263877059183
238600,238.6,0.238599999999999,5.28543302149378,-0.00989319676035674,-0.0144171409230795,299.976810612216,-4.77723078428264,170.200625806654,104.577005166898,107.162993844996,1907401.81364762,4.50178516176289
238700,238.7,0.238699999999999,5.31467406001484,-0.00572366039063202,0.0309890312492574,299.393665994201,-4.77720555034756,170.223000401185,104.550487596931,107.148919377719,1906918.35599039,4.50292649143798
238800,238.8,0.238799999999999,5.29735633395031,-0.00791033415806398,-0.0204588422031173,300.615061866183,-4.77725027521194,170.201130850502,104.60175717636,107.134844910442,1907357.78699111,4.50188907438502
238900,238.9,0.238899999999999,5.33404897277538,0.0343184911218299,-0.0006075516717749,300.092866513477,-4.77697950633862,170.179959092096,104.599965480524,107.120770443166,1906837.32223663,4.5031178496793
239000,239,0.238999999999999,5.32491092301526,-0.0295426457251028,0.00464809337395697,300.840718263012,-4.77690301004236,170.261906870263,104.587514545784,107.106695975889,1907277.81778281,4.50207783162939
239100,239.1,0.239099999999999,5.32976989604183,0.00849690777292711,0.00412639019474006,300.40734696675,-4.77698951954314,170.234931731472,104.601706827905,107.092621508612,1906983.7916766,4.50277197933031
239200,239.2,0.239199999999999,5.33427144778707,0.00351655514116966,-0.00821177499787817,299.456279654883,-4.77696991848433,170.235638796274,104.621747177907,107.078547041335,1907106.39631575,4.50248250374847
239300,239.3,0.239299999999999,5.34426982337962,-0.00581303514270154,0.0121355251421184,300.457010488045,-4.77710196650243,170.248237499173,104.616498760052,107.064472574059,1906901.18089371,4.50296704844145
239400,239.4,0.239399999999999,5.34579649340804,-0.00243063936356584,-0.0106032435560394,299.082976045119,-4.77697973198988,170.247851497601,104.636425615502,107.050398106782,1907009.34974589,4.5027116324011
239500,239.5,0.239499999999999,5.36087868796233,0.0100664869562582,0.00787355940823283,300.220151812942,-4.77715059511188,170.255211945307,104.628264484458,107.036323639505,1906692.33736314,4.50346026673263
239600,239.6,0.239599999999999,5.34811586705972,-0.0180762394413726,-0.0143140293449586,298.931722311144,-4.77713015525216,170.304676115228,104.631244972731,107.022249172228,1907049.82290136,4.5026160717368
239700,239.7,0.239699999999999,5.35143076765805,0.00182202514172526,0.0228379209075115,299.159663437391,-4.77714917799959,170.294686014868,104.632458332516,107.008174704952,1906709.28510823,4.50342023782146
239800,239.8,0.239799999999999,5.32809460839856,0.00923090088119673,-0.026047481757269,299.775020912957,-4.77706986971912,170.285164730012,104.672730658961,106.994100237675,1907085.65195974,4.50253147957707
239900,239.9,0.239899999999999,5.34787958610085,-0.000867314691197134,0.0180816203917158,300.708879498516,-4.77690450810322,170.320420148757,104.655876148251,106.980025770398,1906922.46793915,4.50291678165517
240000,240,0.239999999999999,5.34752554901352,-0.00677042407868405,-0.00832148708221093,301.674610246389,-4.77669521465934,170.325682354725,104.67547326733,106.965951303122,1907087.53933584,4.50252702358324
240100,240.1,0.240099999999999,5.36181447888541,0.0118263419828134,0.00866367728473008,302.316252427354,-4.77691495209812,170.305728974848,104.679182013486,106.951876835845,1906680.77694299,4.5034875717191
240200,240.2,0.240199999999999,5.3274314512976,-0.00799065988139065,-0.0192614229347355,301.218352750979,-4.77695863333345,170.352835446289,104.690656130284,106.937802368568,1907166.20813294,4.50234129861426
240300,240.3,0.240299999999999,5.35132988976511,0.00234411450703786,0.0189044365043851,300.412985239173,-4.77700523598744,170.362020155614,104.673594964169,106.923727901291,1906707.23020834,4.50342509125548
240400,240.4,0.240399999999999,5.33791575171932,-0.00619879918907852,-0.00995056545996839,300.190295343661,-4.77709244873427,170.36177770873,104.701461154024,106.909653434015,1906961.07127032,4.50282562741485
240500,240.5,0.240499999999999,5.35204524801385,0.0104528596103168,0.000111038522995746,299.61500878125,-4.77709653367589,170.343820234938,104.717404025178,106.895578966738,1906799.3447097,4.50320753781555
240600,240.6,0.240599999999999,5.33570071118558,-0.00467828681284468,-0.000777851465822561,299.679756384821,-4.77710562919564,170.381726785993,104.717612804947,106.881504499461,1906976.35043112,4.50278954967493
240700,240.7,0.240699999999999,5.34239141918206,0.000397479973306654,0.00448195609624395,298.719706030509,-4.77694271620178,170.396096521921,104.719128830103,106.867430032184,1906913.65105363,4.50293760152907
240800,240.8,0.240799999999999,5.34027551293529,-0.00386065420792827,-0.00326639668347538,299.534696763652,-4.77705689860779,170.387932207776,104.741205153877,106.853355564908,1906973.08779939,4.50279725347744
240900,240.9,0.240899999999999,5.32585926798024,0.00810951136381211,-0.00749004949097715,299.539013992832,-4.77706106695011,170.395256804497,104.752877080702,106.839281097631,1907016.35794206,4.50269508514585
241000,241,0.240999999999999,5.32352306743651,-0.00894997720936433,0.0120388889009343,299.021133628448,-4.77700135453619,170.433558595403,104.746186804042,106.825206630354,1907071.93657618,4.50256386112757
241100,241.1,0.241099999999999,5.31679342705803,0.00276819537012929,0.00421038200264767,299.986453410865,-4.77703678290072,170.425509358932,104.763545580709,106.811132163078,1907046.60786201,4.50262366257794
241200,241.2,0.241199999999999,5.3165503395166,-6.86313562099973e-05,-0.0098286300820763,299.468125396067,-4.77674660608191,170.416218751192,104.789874779337,106.797057695801,1907170.55969186,4.50233102569799
241300,241.3,0.241299999999999,5.32600672810423,0.00197677995007761,0.0087360758452496,301.503661614625,-4.77681512155029,170.443368833906,104.779539162082,106.782983228524,1907034.90977328,4.50265128246619
241400,241.4,0.241399999999999,5.32062024295296,-0.00730971767034998,-0.00094872944620678,300.816164864191,-4.7768492236222,170.480578975863,104.780356856908,106.768908761247,1907214.71506945,4.50222678881008
241500,241.5,0.241499999999999,5.32782150764439,0.0101395583452353,0.0129442831692914,299.448760771593,-4.77677837752682,170.454828970424,104.795834838827,106.754834293971,1906956.91891129,4.50283543222401
241600,241.6,0.241599999999999,5.31366925557354,0.00416194957351593,-0.0289454695038149,299.975075136268,-4.77686368760251,170.471830300163,104.819293901342,106.740759826694,1907322.55194209,4.5019722403299
241700,241.7,0.241699999999999,5.33697397250478,0.000525015736419858,0.0323917745283172,300.931023842874,-4.77705838574894,170.513019734781,104.776153696234,106.726685359417,1906746.76790779,4.5033317096535
241800,241.8,0.241799999999999,5.3056828139657,-0.023920736289641,-0.029542563114288,300.280919525305,-4.77699611409912,170.534062492572,104.817271992944,106.712610892141,1907478.87178505,4.50160329910385
241900,241.9,0.241899999999999,5.34690530116141,0.0342057041363806,0.0232647883958556,300.367424940774,-4.77696964277684,170.486420234611,104.812965636901,106.698536424864,1906616.13261018,4.50364026367655
242000,242,0.241999999999999,5.3139261268454,-0.040585573627244,-0.0278718800736955,299.599149822202,-4.7770036741393,170.555366220143,104.830282968149,106.684461957587,1907450.6808193,4.50166983007406
242100,242.1,0.242099999999999,5.36349376749436,0.0333458176159932,0.0307163402905464,299.758914913471,-4.77709556850822,170.513187843924,104.813116980154,106.67038749031,1906415.16040514,4.50411503251667
242200,242.2,0.242199999999999,5.31289472848098,-0.0263654242795613,-0.0369567003355934,299.84806952391,-4.77702865715454,170.567418367599,104.852383685738,106.656313023034,1907484.20675468,4.50159070874175
242300,242.3,0.242299999999999,5.35148077367184,0.018728680593677,0.0292931304247825,300.51637455688,-4.77690403571149,170.565327359264,104.822577710216,106.642238555757,1906666.95748569,4.50352021284394
242400,242.4,0.242399999999999,5.32675151425465,-0.0160165011179901,-0.0195826525796213,300.78245825965,-4.77666302651307,170.599511027187,104.857911729752,106.62816408848,1907440.14190248,4.50169470253157
242500,242.5,0.242499999999999,5.35816140925985,0.0152519451140774,0.00685596623346739,301.155198359369,-4.77676487668765,170.591804904808,104.844918617453,106.614089621203,1906865.90646957,4.50305034720359
242600,242.6,0.242599999999999,5.3503668398229,-0.0145072439381509,0.00792335136141099,300.358838671932,-4.77676551372457,170.62805644318,104.84855226945,106.600015153927,1907085.43155156,4.50253199994954
242700,242.7,0.242699999999999,5.34794784352528,0.00444999522553405,-0.0117147649769701,301.983259566375,-4.77706218664346,170.605694074645,104.871836603466,106.58594068665,1907007.13610777,4.50271685911154
242800,242.8,0.242799999999999,5.35518019082179,0.00082738685425017,-0.00762555969729926,300.122277290859,-4.77692119072197,170.622466210979,104.87586688314,106.571866219373,1907016.05620744,4.50269579757771
242900,242.9,0.242899999999999,5.35181349368122,-0.00898286992259254,0.00297180044221424,299.843498783316,-4.77689727267423,170.650435361371,104.868243113262,106.557791752097,1906938.13830731,4.5028797786909
243000,243,0.242999999999999,5.35767263696352,-0.000224701751553192,0.0021251451578364,299.08610036458,-4.77675557918995,170.648380797996,104.881901538349,106.54371728482,1906911.6393829,4.50294235184239
243100,243.1,0.243099999999999,5.36924919258595,0.0209228908174974,-0.0131118950993549,299.521522680069,-4.7767280147207,170.646080370425,104.894983174584,106.529642817543,1906871.84216196,4.50303633015164
243200,243.2,0.243199999999999,5.35651231782337,-0.0204600692367422,0.0196051759482917,300.243449208739,-4.77680987205489,170.718335217666,104.872021027952,106.515568350266,1907009.66270091,4.50271089347133
243300,243.3,0.243299999999999,5.36544698581874,0.0085802508487946,-0.00262892244140464,298.865064304233,-4.77671273898793,170.683540938112,104.899583595242,106.50149388299,1906870.09493397,4.50304045619625
243400,243.4,0.243399999999999,5.37557624362084,0.00635323571660343,-0.0143778515408478,299.14298436557,-4.7767450238887,170.667429155062,104.923525583286,106.487419415713,1906873.24043845,4.50303302815456
243500,243.5,0.243499999999999,5.37823776419891,-0.00935725794998147,0.0184048958867429,298.985732134484,-4.77672536820363,170.724055549323,104.897792844887,106.473344948436,1906786.05521438,4.50323892327452
243600,243.6,0.243599999999999,5.37376882404868,0.00304606181851202,0.000450228552876661,299.774624120561,-4.77680088836164,170.707695970802,104.928032669488,106.459270481159,1906900.86945813,4.50296778386728
243700,243.7,0.243699999999999,5.37759814668426,0.0168806491373715,-0.017320947564544,299.696779293389,-4.77675108224107,170.685220876565,104.954117723902,106.445196013883,1906871.67053086,4.50303673545478
243800,243.8,0.243799999999999,5.37136493921692,-0.0129132398364234,0.0180829729004529,299.962980946281,-4.77679771305236,170.753807392983,104.92554257117,106.431121546606,1906866.36555017,4.50304926308826
243900,243.9,0.243899999999999,5.36786509673119,-0.0053298756209227,0.00196171616515118,299.816144484832,-4.77680580204022,170.743379514867,104.946505303205,106.417047079329,1906878.65793787,4.50302023490277
244000,244,0.243999999999999,5.37469994538293,0.0206055171552666,-0.0265936847833922,299.089187237945,-4.77678709574544,170.72192883569,104.971880339797,106.402972612053,1906847.87276291,4.50309293407704
244100,244.1,0.244099999999999,5.37274370010896,-0.00732964714387274,0.0205265745252468,299.84077578734,-4.77695242028291,170.790290793821,104.940705650985,106.388898144776,1906792.64975694,4.50322334905844
244200,244.2,0.244199999999999,5.35993667930855,-0.0144694529070697,0.00528472604824939,299.927022143091,-4.77706750089568,170.796154664282,104.959525756007,106.374823677499,1906947.78521363,4.50285699943091
244300,244.3,0.244299999999999,5.35558496620535,0.0191736033423356,-0.0237562142667172,299.817598194985,-4.77700623638122,170.756133867846,104.998497978699,106.360749210222,1906956.50535878,4.50283640873232
244400,244.4,0.244399999999999,5.36443351540943,-0.000660747453601823,0.0127586125731075,300.986004959383,-4.77691452614099,170.806894800206,104.97449943568,106.346674742946,1906835.04368736,4.50312323062505
244500,244.5,0.244499999999999,5.35658888405119,-0.0046639961251075,-0.00794332724192816,300.953339063376,-4.77670535719274,170.843301443502,104.982498200718,106.332600275669,1907134.369223,4.50241646355355
244600,244.6,0.244599999999999,5.36055561762565,0.0109960322908859,0.0029387958078908,301.27236029113,-4.77684392711551,170.841631777196,104.982872010225,106.318525808392,1906870.08943502,4.50304046918195
244700,244.7,0.244699999999999,5.35454960298739,-0.00151580537676865,-0.012296451500742,301.062525365521,-4.77694433747089,170.863654788731,104.991534667997,106.304451341115,1907020.78240199,4.50268463848783
244800,244.8,0.244799999999999,5.36653186031214,-0.00463255265899491,0.0185696301967999,300.687281139617,-4.77697934312511,170.860807364076,104.997981880218,106.290376873839,1906853.60801805,4.50307939009716
244900,244.9,0.244899999999999,5.36273993976944,0.0161614981211808,-0.0306660280812945,299.608426810525,-4.77692720860071,170.826076846699,105.037279515914,106.276302406562,1906927.00000414,4.50290607987607
245000,245,0.244999999999999,5.38176506574498,-1.66442124093813e-05,0.00998845498810036,300.115934276571,-4.77700653176212,170.882020389549,105.004259981916,106.262227939285,1906699.2951903,4.50344383294141
245100,245.1,0.245099999999999,5.36064547756764,-0.017573440767912,0.00247665059078931,300.725359718727,-4.77705912253191,170.937191355327,105.003642205199,106.248153472009,1907051.04768557,4.50261317997724
245200,245.2,0.245199999999999,5.3811737320252,0.00660682645017841,0.0145105150162737,298.842935118534,-4.77696879278485,170.885558851302,105.026826622091,106.234079004732,1906643.35278548,4.50357596750009
245300,245.3,0.245299999999999,5.37033974061778,0.0119574046507658,-0.0267174947087867,298.564353196083,-4.7769626327816,170.872084303531,105.064621426329,106.220004537455,1906926.40591198,4.50290748273103
245400,245.4,0.245399999999999,5.3882246365842,-0.00706218992906525,0.0278608220935038,299.609855315518,-4.77689117443087,170.934025146081,105.026813036903,106.205930070178,1906678.51715975,4.50349290922391
245500,245.5,0.245499999999999,5.39551463215163,-0.00106633412444529,-0.00253192546813997,301.015138653433,-4.77692557650481,170.944470211002,105.040704737228,106.191855602902,1906794.51161162,4.50321895196825
245600,245.6,0.245599999999999,5.38977601814348,-0.0100651217373417,0.00315733864936945,300.084939370462,-4.77675556333016,170.94401592764,105.057586354577,106.177781135625,1906843.1311218,4.5031041316686
245700,245.7,0.245699999999999,5.40065569262111,0.00900824179264914,-0.0105376381939334,300.355915938253,-4.77681474940594,170.946049618677,105.064941974363,106.163706668348,1906746.54236487,4.50333224233814
245800,245.8,0.245799999999999,5.40471228387249,-0.00836668956229299,0.0140016140251002,301.085232958704,-4.77696141339262,170.986743909442,105.046553913603,106.149632201071,1906613.85952138,4.50364563297259
245900,245.9,0.245899999999999,5.38860325093021,-0.0166673984513962,0.00827560181977683,299.858086753775,-4.77682356592762,170.993459709894,105.068632864506,106.135557733795,1906836.63518517,4.5031194721957
246000,246,0.245999999999999,5.3962585308165,0.0297222510746442,-0.00948532158930008,299.922956727791,-4.77675789890517,170.95654060911,105.094792503232,106.121483266518,1906646.71559104,4.50356802441857
246100,246.1,0.246099999999999,5.3880606151576,-0.0282629842558432,0.00359234840255509,300.755953856726,-4.77684599743381,171.041897416954,105.072293843533,106.107408799241,1906937.36317038,4.50288160903337
246200,246.2,0.246199999999999,5.41472574139405,0.00640479581464507,0.00667871133146624,299.900400740496,-4.77683988718793,171.042548581091,105.063012333569,106.093334331965,1906523.25230969,4.50385966800876
246300,246.3,0.246299999999999,5.38953240219481,3.99690590838742e-05,-0.0155338388067734,299.37634320762,-4.77678770685323,171.050451775488,105.089945518225,106.079259864688,1906847.11191824,4.50309473084103
246400,246.4,0.246399999999999,5.3938727411544,0.00888006676523856,0.010092087935116,300.323892048287,-4.77681482655848,171.066782433383,105.085069330301,106.065185397411,1906687.66687864,4.50347129808388
246500,246.5,0.246499999999999,5.38150917035165,-0.012636289289501,-0.00156051038508346,300.418854909511,-4.77668732859161,171.106934822988,105.092725586571,106.051110930134,1907021.06117266,4.50268398027987
246600,246.6,0.246599999999999,5.40056865897078,-0.000271742753478437,0.00881593510329209,300.848600158905,-4.77644781129807,171.113578696186,105.09207487036,106.037036462858,1906830.20340734,4.50313466131109
246700,246.7,0.246699999999999,5.39114179256436,0.00770672953116977,-0.0137643221255599,302.056248333027,-4.77662259195424,171.117878968331,105.107862395702,106.022961995581,1906911.44511281,4.50294281058789
246800,246.8,0.246799999999999,5.40265913763012,-0.00573202727983116,0.0134461828074857,300.324683885328,-4.77657690231846,171.146210382334,105.095190079382,106.008887528304,1906744.06902203,4.50333808385864
246900,246.9,0.246899999999999,5.39458693876756,0.00712295226245492,0.00067969834612281,299.341359028904,-4.77658034443454,171.150441787632,105.113925612732,105.994813061027,1906877.93494379,4.50302194222598
247000,247,0.246999999999999,5.39066418164073,0.000155885205505436,-0.0114389902990957,300.47979329847,-4.77677717553189,171.156246920974,105.126362489604,105.980738593751,1906914.99642358,4.50293442460878
247100,247.1,0.247099999999999,5.39795740136883,-0.00414488098141828,0.0193939250094903,299.489448218061,-4.77666701541308,171.18624250223,105.110722558425,105.966664126474,1906712.19263425,4.50341337060177
247200,247.2,0.247199999999999,5.40210081235234,0.00314785474176886,-0.00175886436515096,299.040818328205,-4.77658796806335,171.195015557191,105.122591991417,105.952589659197,1906771.94128594,4.50327225625501
247300,247.3,0.247299999999999,5.39757213568344,-0.0134502880733329,0.008978972696674,299.805396261161,-4.77668634465952,171.223639226951,105.125263492863,105.938515191921,1906885.87788048,4.50300318535195
247400,247.4,0.247399999999999,5.39885027982742,-0.0020054431953424,-0.000548387910989935,300.04652056409,-4.77680281942717,171.217263326769,105.136686411229,105.924440724644,1906768.70777746,4.50327989292796
247500,247.5,0.247499999999999,5.39309902205973,0.00972437190827653,-0.0147702994960688,299.719872814428,-4.77677193592354,171.21227882975,105.158433390551,105.910366257367,1906854.18890797,4.50307801831244
247600,247.6,0.247599999999999,5.40076340972232,-0.00048322810163261,0.00749014826192694,300.520024661359,-4.77670158248247,171.253155991273,105.144402465289,105.89629179009,1906801.53798603,4.50320235805336
247700,247.7,0.247699999999999,5.39407685949406,-0.013884767441786,0.000354239900947599,301.924755427004,-4.77659135001672,171.289432881407,105.148294500798,105.882217322814,1907022.5644812,4.50268043080782
247800,247.8,0.247799999999999,5.40916459937311,0.00660134527561116,0.00217669532508997,300.494885874416,-4.77641459746112,171.26990905346,105.163121596014,105.868142855537,1906820.58106088,4.50315738537979
247900,247.9,0.247899999999999,5.40527529271298,0.0106092314137334,-0.0105161592219562,300.595868690359,-4.77651979453066,171.287104674894,105.171224867369,105.85406838826,1906905.42656683,4.50295702270768
248000,248,0.247999999999999,5.38479734464403,-0.0105256310065072,0.0062459184124471,300.188100791501,-4.7765220610882,171.342697961981,105.155652692136,105.839993920983,1906988.30920398,4.50276131256554
248100,248.1,0.248099999999999,5.38064796676737,0.00445151090764196,0.00981907695272045,299.831202852495,-4.77657836512354,171.351281068583,105.160576888438,105.825919453707,1906919.52726036,4.50292372564607
248200,248.2,0.248199999999999,5.38318329438904,0.00477343898900241,-0.00562663994056496,299.939693268212,-4.77664197282689,171.35352217713,105.175192793677,105.81184498643,1906955.85552504,4.50283794316481
248300,248.3,0.248299999999999,5.39092926033845,-0.00707416941780937,-0.00264328583805837,300.08189292771,-4.77663584271734,171.366500194455,105.183823289576,105.797770519153,1907003.0863752,4.50272642113022
248400,248.4,0.248399999999999,5.38735564251673,0.0114550602107486,0.00363432906119086,300.161504213927,-4.77662226992692,171.363001192707,105.192067424455,105.783696051877,1906859.90669854,4.50306451566501
248500,248.5,0.248499999999999,5.37638547925005,-0.0135146052115022,-0.00641691373443983,299.818368026574,-4.77673233848212,171.387404113888,105.202620104426,105.7696215846,1907069.00446714,4.50257078379695
248600,248.6,0.248599999999999,5.38027394787778,0.0118792265993078,0.00113212116394614,298.822742768734,-4.77660525230489,171.365005939503,105.217397131448,105.755547117323,1906833.84051411,4.50312607200394
248700,248.7,0.248699999999999,5.36656409550687,-0.00360902408177225,-0.017768938165464,300.000869433022,-4.77656854919064,171.397280137829,105.227541377435,105.741472650046,1907122.99964925,4.5024433053231
248800,248.8,0.248799999999999,5.37207538211072,-0.00499075736509913,0.0184071392724183,300.313591281492,-4.77638880372133,171.430000316442,105.211714317753,105.72739818277,1906946.31972089,4.50286045988714
248900,248.9,0.248899999999999,5.35863214125252,0.00572271217791897,-0.0154229091810846,300.489844079515,-4.77631391019685,171.415484283507,105.245883360243,105.713323715493,1907150.1888158,4.5023791165237
249000,249,0.248999999999999,5.36565395316476,0.00308576568758771,-0.000153264100631908,300.299215000659,-4.77649697925525,171.414172741393,105.254843176194,105.699249248216,1907044.02147394,4.50262976916592
249100,249.1,0.249099999999999,5.35282402636309,-0.00379377359822648,-0.00221310012509893,300.392858416632,-4.77659533834457,171.438496138178,105.261849582575,105.685174780939,1907187.60360425,4.50229078983688
249200,249.2,0.249199999999999,5.3640720562931,-0.00434676853826148,0.00692993562796428,300.725249231055,-4.77662013405177,171.436381738415,105.26793990824,105.671100313663,1907020.42950771,4.50268547170997
249300,249.3,0.249299999999999,5.36193731993017,0.00302298718710762,-0.00168466078714383,300.360889364899,-4.77653448233399,171.439114750691,105.283616440822,105.657025846386,1907080.78916894,4.50254296040618
249400,249.4,0.249399999999999,5.34648668071474,-0.00173862111972919,0.00339298646675733,300.404319538703,-4.77651271099969,171.465584415124,105.285559319227,105.642951379109,1907156.35048825,4.50236457016236
249500,249.5,0.249499999999999,5.34361050558001,0.0024499120277146,-0.00377791720049456,299.372780906028,-4.77644425401593,171.473237049934,105.299672884509,105.628876911833,1907243.00499956,4.50216000776496
249600,249.6,0.249599999999999,5.33637404350137,0.00171897929747911,-0.00935542464939945,299.317830759648,-4.77647620809979,171.48690657799,105.305405721059,105.614802444556,1907244.72755296,4.50215594157935
249700,249.7,0.249699999999999,5.34512097957752,-0.000204647871080207,0.0109387732450393,299.688817644671,-4.77650897518662,171.491677128712,105.309300155794,105.600727977279,1907114.14073056,4.50246422005405
249800,249.8,0.249799999999999,5.34981006317407,-0.00155482576452586,-0.0200197987310819,299.910781479416,-4.7764691626162,171.49506743008,105.329367623471,105.586653510002,1907261.03163035,4.50211745523812
249900,249.9,0.249899999999999,5.35606067133746,0.0030294795460861,0.00601592604249548,300.236235188099,-4.77635785868744,171.524748037308,105.31547435118,105.572579042726,1907085.2594495,4.50253240627382
250000,250,0.249999999999999,5.33882488127013,-0.0151826611200981,-0.00423986870013255,301.604163576782,-4.7763842324328,171.556558133616,105.324330086839,105.558504575449,1907345.0171368,4.50191921495586
